CREATE DATABASE  IF NOT EXISTS `smart_office` /*!40100 DEFAULT CHARACTER SET latin1 */;
USE `smart_office`;
-- MySQL dump 10.13  Distrib 5.7.27, for Linux (x86_64)
--
-- Host: 210.18.156.75    Database: smart_office
-- ------------------------------------------------------
-- Server version	5.5.5-10.3.16-MariaDB-1:10.3.16+maria~bionic-log

/*!40101 SET @OLD_CHARACTER_SET_CLIENT=@@CHARACTER_SET_CLIENT */;
/*!40101 SET @OLD_CHARACTER_SET_RESULTS=@@CHARACTER_SET_RESULTS */;
/*!40101 SET @OLD_COLLATION_CONNECTION=@@COLLATION_CONNECTION */;
/*!40101 SET NAMES utf8 */;
/*!40103 SET @OLD_TIME_ZONE=@@TIME_ZONE */;
/*!40103 SET TIME_ZONE='+00:00' */;
/*!40014 SET @OLD_UNIQUE_CHECKS=@@UNIQUE_CHECKS, UNIQUE_CHECKS=0 */;
/*!40014 SET @OLD_FOREIGN_KEY_CHECKS=@@FOREIGN_KEY_CHECKS, FOREIGN_KEY_CHECKS=0 */;
/*!40101 SET @OLD_SQL_MODE=@@SQL_MODE, SQL_MODE='NO_AUTO_VALUE_ON_ZERO' */;
/*!40111 SET @OLD_SQL_NOTES=@@SQL_NOTES, SQL_NOTES=0 */;

--
-- Table structure for table `BATCH_JOB_EXECUTION`
--

DROP TABLE IF EXISTS `BATCH_JOB_EXECUTION`;
/*!40101 SET @saved_cs_client     = @@character_set_client */;
/*!40101 SET character_set_client = utf8 */;
CREATE TABLE `BATCH_JOB_EXECUTION` (
  `JOB_EXECUTION_ID` bigint(20) NOT NULL,
  `VERSION` bigint(20) DEFAULT NULL,
  `JOB_INSTANCE_ID` bigint(20) NOT NULL,
  `CREATE_TIME` datetime NOT NULL,
  `START_TIME` datetime DEFAULT NULL,
  `END_TIME` datetime DEFAULT NULL,
  `STATUS` varchar(10) DEFAULT NULL,
  `EXIT_CODE` varchar(20) DEFAULT NULL,
  `EXIT_MESSAGE` varchar(2500) DEFAULT NULL,
  `LAST_UPDATED` datetime DEFAULT NULL,
  `JOB_CONFIGURATION_LOCATION` varchar(2500) DEFAULT NULL,
  PRIMARY KEY (`JOB_EXECUTION_ID`),
  KEY `JOB_INSTANCE_EXECUTION_FK` (`JOB_INSTANCE_ID`),
  CONSTRAINT `JOB_INSTANCE_EXECUTION_FK` FOREIGN KEY (`JOB_INSTANCE_ID`) REFERENCES `BATCH_JOB_INSTANCE` (`JOB_INSTANCE_ID`)
) ENGINE=InnoDB DEFAULT CHARSET=latin1;
/*!40101 SET character_set_client = @saved_cs_client */;

--
-- Dumping data for table `BATCH_JOB_EXECUTION`
--

LOCK TABLES `BATCH_JOB_EXECUTION` WRITE;
/*!40000 ALTER TABLE `BATCH_JOB_EXECUTION` DISABLE KEYS */;
INSERT INTO `BATCH_JOB_EXECUTION` VALUES (339,2,319,'2018-12-06 18:46:29','2018-12-06 18:46:29','2018-12-06 18:46:31','COMPLETED','COMPLETED','','2018-12-06 18:46:31',NULL),(340,2,320,'2018-12-06 19:01:28','2018-12-06 19:01:28','2018-12-06 19:01:28','COMPLETED','COMPLETED','','2018-12-06 19:01:28',NULL),(341,2,321,'2018-12-07 15:33:44','2018-12-07 15:33:44','2018-12-07 15:33:45','COMPLETED','COMPLETED','','2018-12-07 15:33:45',NULL),(342,2,322,'2018-12-07 15:38:53','2018-12-07 15:38:53','2018-12-07 15:38:53','COMPLETED','COMPLETED','','2018-12-07 15:38:53',NULL),(343,2,323,'2018-12-08 10:33:13','2018-12-08 10:33:13','2018-12-08 10:33:14','COMPLETED','COMPLETED','','2018-12-08 10:33:14',NULL),(344,2,324,'2018-12-08 10:52:19','2018-12-08 10:52:19','2018-12-08 10:52:19','COMPLETED','COMPLETED','','2018-12-08 10:52:19',NULL),(345,2,325,'2018-12-08 10:59:32','2018-12-08 10:59:32','2018-12-08 10:59:32','COMPLETED','COMPLETED','','2018-12-08 10:59:32',NULL),(346,2,326,'2018-12-08 11:11:04','2018-12-08 11:11:04','2018-12-08 11:11:04','COMPLETED','COMPLETED','','2018-12-08 11:11:04',NULL),(347,2,327,'2018-12-08 11:12:29','2018-12-08 11:12:29','2018-12-08 11:12:29','COMPLETED','COMPLETED','','2018-12-08 11:12:29',NULL),(348,2,328,'2018-12-08 11:28:04','2018-12-08 11:28:04','2018-12-08 11:28:04','COMPLETED','COMPLETED','','2018-12-08 11:28:04',NULL),(349,2,329,'2018-12-08 11:42:42','2018-12-08 11:42:42','2018-12-08 11:42:44','COMPLETED','COMPLETED','','2018-12-08 11:42:44',NULL),(350,2,330,'2018-12-08 11:47:29','2018-12-08 11:47:29','2018-12-08 11:47:29','COMPLETED','COMPLETED','','2018-12-08 11:47:29',NULL),(351,2,331,'2018-12-08 11:50:53','2018-12-08 11:50:53','2018-12-08 11:50:53','COMPLETED','COMPLETED','','2018-12-08 11:50:53',NULL),(352,2,332,'2018-12-08 11:54:49','2018-12-08 11:54:49','2018-12-08 11:54:49','COMPLETED','COMPLETED','','2018-12-08 11:54:49',NULL),(353,2,333,'2018-12-08 12:14:08','2018-12-08 12:14:08','2018-12-08 12:14:08','COMPLETED','COMPLETED','','2018-12-08 12:14:08',NULL),(354,2,334,'2018-12-08 12:17:53','2018-12-08 12:17:53','2018-12-08 12:17:53','COMPLETED','COMPLETED','','2018-12-08 12:17:53',NULL),(355,2,335,'2018-12-08 12:18:53','2018-12-08 12:18:53','2018-12-08 12:18:53','COMPLETED','COMPLETED','','2018-12-08 12:18:53',NULL),(356,2,336,'2018-12-08 13:02:18','2018-12-08 13:02:18','2018-12-08 13:02:20','COMPLETED','COMPLETED','','2018-12-08 13:02:20',NULL),(357,2,337,'2018-12-08 13:04:22','2018-12-08 13:04:22','2018-12-08 13:04:23','COMPLETED','COMPLETED','','2018-12-08 13:04:23',NULL),(358,2,338,'2018-12-08 13:28:18','2018-12-08 13:28:18','2018-12-08 13:28:20','COMPLETED','COMPLETED','','2018-12-08 13:28:20',NULL),(359,2,339,'2018-12-08 13:29:13','2018-12-08 13:29:13','2018-12-08 13:29:13','COMPLETED','COMPLETED','','2018-12-08 13:29:13',NULL),(360,2,340,'2018-12-08 13:30:53','2018-12-08 13:30:53','2018-12-08 13:30:53','COMPLETED','COMPLETED','','2018-12-08 13:30:53',NULL),(361,2,341,'2018-12-08 13:47:23','2018-12-08 13:47:23','2018-12-08 13:47:24','COMPLETED','COMPLETED','','2018-12-08 13:47:24',NULL),(362,2,342,'2018-12-08 14:01:25','2018-12-08 14:01:25','2018-12-08 14:01:25','COMPLETED','COMPLETED','','2018-12-08 14:01:25',NULL),(363,2,343,'2018-12-08 14:09:28','2018-12-08 14:09:28','2018-12-08 14:09:28','COMPLETED','COMPLETED','','2018-12-08 14:09:28',NULL),(364,2,344,'2018-12-08 14:22:06','2018-12-08 14:22:06','2018-12-08 14:22:06','COMPLETED','COMPLETED','','2018-12-08 14:22:06',NULL),(365,2,345,'2018-12-08 14:29:43','2018-12-08 14:29:43','2018-12-08 14:29:43','COMPLETED','COMPLETED','','2018-12-08 14:29:43',NULL),(366,2,346,'2018-12-08 15:09:27','2018-12-08 15:09:27','2018-12-08 15:09:29','COMPLETED','COMPLETED','','2018-12-08 15:09:29',NULL),(367,2,347,'2018-12-08 15:21:29','2018-12-08 15:21:29','2018-12-08 15:21:29','COMPLETED','COMPLETED','','2018-12-08 15:21:29',NULL),(368,2,348,'2018-12-08 15:33:10','2018-12-08 15:33:10','2018-12-08 15:33:10','COMPLETED','COMPLETED','','2018-12-08 15:33:10',NULL),(369,2,349,'2018-12-08 15:52:15','2018-12-08 15:52:15','2018-12-08 15:52:15','COMPLETED','COMPLETED','','2018-12-08 15:52:15',NULL),(370,2,350,'2018-12-08 15:57:03','2018-12-08 15:57:03','2018-12-08 15:57:03','COMPLETED','COMPLETED','','2018-12-08 15:57:03',NULL),(371,2,351,'2018-12-08 16:12:41','2018-12-08 16:12:41','2018-12-08 16:12:42','COMPLETED','COMPLETED','','2018-12-08 16:12:42',NULL),(372,2,352,'2018-12-08 16:28:14','2018-12-08 16:28:14','2018-12-08 16:28:14','COMPLETED','COMPLETED','','2018-12-08 16:28:14',NULL),(373,2,353,'2019-03-12 15:43:03','2019-03-12 15:43:03','2019-03-12 15:43:04','COMPLETED','COMPLETED','','2019-03-12 15:43:04',NULL),(374,2,354,'2019-03-13 13:08:02','2019-03-13 13:08:03','2019-03-13 13:08:03','COMPLETED','COMPLETED','','2019-03-13 13:08:03',NULL),(375,2,355,'2019-03-13 16:27:04','2019-03-13 16:27:04','2019-03-13 16:27:06','COMPLETED','COMPLETED','','2019-03-13 16:27:06',NULL),(376,2,356,'2019-03-13 16:30:02','2019-03-13 16:30:02','2019-03-13 16:30:02','COMPLETED','COMPLETED','','2019-03-13 16:30:02',NULL),(377,2,357,'2019-03-13 16:33:23','2019-03-13 16:33:23','2019-03-13 16:33:23','COMPLETED','COMPLETED','','2019-03-13 16:33:23',NULL),(378,2,358,'2019-03-13 16:44:10','2019-03-13 16:44:10','2019-03-13 16:44:10','COMPLETED','COMPLETED','','2019-03-13 16:44:10',NULL),(379,2,359,'2019-03-13 16:50:22','2019-03-13 16:50:22','2019-03-13 16:50:22','COMPLETED','COMPLETED','','2019-03-13 16:50:22',NULL),(380,2,360,'2019-03-13 18:44:13','2019-03-13 18:44:13','2019-03-13 18:44:15','COMPLETED','COMPLETED','','2019-03-13 18:44:15',NULL),(381,2,361,'2019-03-13 18:57:49','2019-03-13 18:57:49','2019-03-13 18:57:50','COMPLETED','COMPLETED','','2019-03-13 18:57:50',NULL),(382,2,362,'2019-03-14 11:07:29','2019-03-14 11:07:29','2019-03-14 11:07:30','COMPLETED','COMPLETED','','2019-03-14 11:07:30',NULL),(383,2,363,'2019-03-14 11:16:14','2019-03-14 11:16:14','2019-03-14 11:16:15','COMPLETED','COMPLETED','','2019-03-14 11:16:15',NULL),(384,2,364,'2019-03-14 11:18:34','2019-03-14 11:18:34','2019-03-14 11:18:34','COMPLETED','COMPLETED','','2019-03-14 11:18:34',NULL),(385,2,365,'2019-03-14 11:29:42','2019-03-14 11:29:42','2019-03-14 11:29:45','COMPLETED','COMPLETED','','2019-03-14 11:29:45',NULL),(386,2,366,'2019-03-14 11:39:30','2019-03-14 11:39:30','2019-03-14 11:39:32','COMPLETED','COMPLETED','','2019-03-14 11:39:32',NULL),(387,2,367,'2019-03-14 11:47:57','2019-03-14 11:47:57','2019-03-14 11:47:57','COMPLETED','COMPLETED','','2019-03-14 11:47:57',NULL),(388,2,368,'2019-03-14 12:03:32','2019-03-14 12:03:33','2019-03-14 12:03:35','COMPLETED','COMPLETED','','2019-03-14 12:03:35',NULL),(389,2,369,'2019-03-14 12:12:22','2019-03-14 12:12:22','2019-03-14 12:12:23','COMPLETED','COMPLETED','','2019-03-14 12:12:23',NULL),(390,2,370,'2019-03-14 12:17:09','2019-03-14 12:17:09','2019-03-14 12:17:09','COMPLETED','COMPLETED','','2019-03-14 12:17:09',NULL),(391,2,371,'2019-03-14 12:23:50','2019-03-14 12:23:50','2019-03-14 12:23:51','COMPLETED','COMPLETED','','2019-03-14 12:23:51',NULL),(392,2,372,'2019-03-14 12:31:35','2019-03-14 12:31:35','2019-03-14 12:31:36','COMPLETED','COMPLETED','','2019-03-14 12:31:36',NULL),(393,2,373,'2019-03-14 12:38:55','2019-03-14 12:38:55','2019-03-14 12:38:56','COMPLETED','COMPLETED','','2019-03-14 12:38:56',NULL),(394,2,374,'2019-03-14 13:47:19','2019-03-14 13:47:19','2019-03-14 13:47:20','COMPLETED','COMPLETED','','2019-03-14 13:47:20',NULL),(395,2,375,'2019-03-14 13:51:22','2019-03-14 13:51:22','2019-03-14 13:51:23','COMPLETED','COMPLETED','','2019-03-14 13:51:23',NULL),(396,2,376,'2019-03-14 13:55:51','2019-03-14 13:55:51','2019-03-14 13:55:53','COMPLETED','COMPLETED','','2019-03-14 13:55:53',NULL),(397,2,377,'2019-03-14 16:02:16','2019-03-14 16:02:16','2019-03-14 16:02:16','COMPLETED','COMPLETED','','2019-03-14 16:02:16',NULL),(398,2,378,'2019-03-14 17:09:13','2019-03-14 17:09:13','2019-03-14 17:09:15','COMPLETED','COMPLETED','','2019-03-14 17:09:15',NULL),(399,2,379,'2019-03-14 17:59:58','2019-03-14 17:59:58','2019-03-14 17:59:58','COMPLETED','COMPLETED','','2019-03-14 17:59:58',NULL),(400,2,380,'2019-03-14 18:03:12','2019-03-14 18:03:12','2019-03-14 18:03:12','COMPLETED','COMPLETED','','2019-03-14 18:03:12',NULL),(401,2,381,'2019-03-14 18:05:03','2019-03-14 18:05:03','2019-03-14 18:05:03','COMPLETED','COMPLETED','','2019-03-14 18:05:03',NULL),(402,2,382,'2019-03-14 18:11:18','2019-03-14 18:11:18','2019-03-14 18:11:18','COMPLETED','COMPLETED','','2019-03-14 18:11:18',NULL),(403,2,383,'2019-03-14 18:17:08','2019-03-14 18:17:08','2019-03-14 18:17:08','COMPLETED','COMPLETED','','2019-03-14 18:17:08',NULL),(404,2,384,'2019-03-14 18:19:50','2019-03-14 18:19:50','2019-03-14 18:19:50','COMPLETED','COMPLETED','','2019-03-14 18:19:50',NULL),(405,2,385,'2019-03-14 18:23:45','2019-03-14 18:23:45','2019-03-14 18:23:45','COMPLETED','COMPLETED','','2019-03-14 18:23:45',NULL),(406,2,386,'2019-03-15 11:05:18','2019-03-15 11:05:18','2019-03-15 11:05:18','COMPLETED','COMPLETED','','2019-03-15 11:05:18',NULL),(407,2,387,'2019-03-15 11:19:38','2019-03-15 11:19:38','2019-03-15 11:19:39','COMPLETED','COMPLETED','','2019-03-15 11:19:39',NULL),(408,2,388,'2019-03-15 11:33:50','2019-03-15 11:33:50','2019-03-15 11:33:50','COMPLETED','COMPLETED','','2019-03-15 11:33:50',NULL),(409,2,389,'2019-03-15 11:52:51','2019-03-15 11:52:51','2019-03-15 11:52:52','COMPLETED','COMPLETED','','2019-03-15 11:52:52',NULL),(410,2,390,'2019-03-15 12:32:55','2019-03-15 12:32:55','2019-03-15 12:32:55','COMPLETED','COMPLETED','','2019-03-15 12:32:55',NULL),(411,2,391,'2019-03-15 12:38:04','2019-03-15 12:38:05','2019-03-15 12:38:09','COMPLETED','COMPLETED','','2019-03-15 12:38:09',NULL),(412,2,392,'2019-03-15 13:00:42','2019-03-15 13:00:42','2019-03-15 13:00:44','COMPLETED','COMPLETED','','2019-03-15 13:00:44',NULL),(413,2,393,'2019-03-15 13:25:12','2019-03-15 13:25:12','2019-03-15 13:25:12','COMPLETED','COMPLETED','','2019-03-15 13:25:12',NULL),(414,2,394,'2019-03-15 13:49:49','2019-03-15 13:49:49','2019-03-15 13:49:50','COMPLETED','COMPLETED','','2019-03-15 13:49:50',NULL),(415,2,395,'2019-03-15 15:25:33','2019-03-15 15:25:33','2019-03-15 15:25:34','COMPLETED','COMPLETED','','2019-03-15 15:25:34',NULL),(416,2,396,'2019-03-15 15:40:51','2019-03-15 15:40:51','2019-03-15 15:40:51','COMPLETED','COMPLETED','','2019-03-15 15:40:51',NULL),(417,2,397,'2019-03-16 11:13:59','2019-03-16 11:13:59','2019-03-16 11:14:02','COMPLETED','COMPLETED','','2019-03-16 11:14:02',NULL),(418,2,398,'2019-03-16 15:15:44','2019-03-16 15:15:48','2019-03-16 15:16:07','COMPLETED','COMPLETED','','2019-03-16 15:16:08',NULL),(419,2,399,'2019-03-16 15:21:46','2019-03-16 15:21:49','2019-03-16 15:22:08','COMPLETED','COMPLETED','','2019-03-16 15:22:08',NULL),(420,2,400,'2019-03-16 15:25:46','2019-03-16 15:25:50','2019-03-16 15:26:09','COMPLETED','COMPLETED','','2019-03-16 15:26:09',NULL),(421,2,401,'2019-03-16 16:22:33','2019-03-16 16:22:33','2019-03-16 16:22:34','COMPLETED','COMPLETED','','2019-03-16 16:22:34',NULL),(422,2,402,'2019-03-16 16:24:18','2019-03-16 16:24:18','2019-03-16 16:24:18','COMPLETED','COMPLETED','','2019-03-16 16:24:18',NULL),(423,2,403,'2019-03-16 16:27:22','2019-03-16 16:27:26','2019-03-16 16:27:44','COMPLETED','COMPLETED','','2019-03-16 16:27:44',NULL),(424,2,404,'2019-03-16 16:34:57','2019-03-16 16:35:00','2019-03-16 16:35:20','COMPLETED','COMPLETED','','2019-03-16 16:35:20',NULL),(425,2,405,'2019-03-16 16:40:27','2019-03-16 16:40:31','2019-03-16 16:40:50','COMPLETED','COMPLETED','','2019-03-16 16:40:50',NULL),(426,2,406,'2019-03-20 12:47:14','2019-03-20 12:47:18','2019-03-20 12:47:38','COMPLETED','COMPLETED','','2019-03-20 12:47:38',NULL),(427,2,407,'2019-03-22 17:01:38','2019-03-22 17:01:38','2019-03-22 17:01:42','COMPLETED','COMPLETED','','2019-03-22 17:01:42',NULL),(428,2,408,'2019-03-22 17:09:57','2019-03-22 17:09:57','2019-03-22 17:09:58','COMPLETED','COMPLETED','','2019-03-22 17:09:58',NULL),(429,2,409,'2019-03-22 17:46:53','2019-03-22 17:46:53','2019-03-22 17:46:53','COMPLETED','COMPLETED','','2019-03-22 17:46:53',NULL),(430,2,410,'2019-03-25 11:28:20','2019-03-25 11:28:20','2019-03-25 11:28:20','COMPLETED','COMPLETED','','2019-03-25 11:28:20',NULL),(431,2,411,'2019-03-25 11:30:35','2019-03-25 11:30:35','2019-03-25 11:30:35','COMPLETED','COMPLETED','','2019-03-25 11:30:35',NULL),(432,2,412,'2019-03-25 11:53:29','2019-03-25 11:53:29','2019-03-25 11:53:29','COMPLETED','COMPLETED','','2019-03-25 11:53:29',NULL),(433,2,413,'2019-03-25 12:00:16','2019-03-25 12:00:16','2019-03-25 12:00:16','COMPLETED','COMPLETED','','2019-03-25 12:00:16',NULL),(434,2,414,'2019-03-25 12:10:59','2019-03-25 12:10:59','2019-03-25 12:10:59','COMPLETED','COMPLETED','','2019-03-25 12:10:59',NULL),(435,2,415,'2019-03-25 12:20:39','2019-03-25 12:20:39','2019-03-25 12:20:39','COMPLETED','COMPLETED','','2019-03-25 12:20:39',NULL),(436,2,416,'2019-03-25 12:24:15','2019-03-25 12:24:15','2019-03-25 12:24:15','COMPLETED','COMPLETED','','2019-03-25 12:24:15',NULL),(437,2,417,'2019-03-25 12:25:09','2019-03-25 12:25:09','2019-03-25 12:25:09','COMPLETED','COMPLETED','','2019-03-25 12:25:09',NULL),(438,2,418,'2019-03-25 12:29:12','2019-03-25 12:29:12','2019-03-25 12:29:12','COMPLETED','COMPLETED','','2019-03-25 12:29:12',NULL),(439,2,419,'2019-03-25 12:39:12','2019-03-25 12:39:12','2019-03-25 12:39:12','COMPLETED','COMPLETED','','2019-03-25 12:39:12',NULL),(440,2,420,'2019-03-25 12:45:54','2019-03-25 12:45:54','2019-03-25 12:45:55','COMPLETED','COMPLETED','','2019-03-25 12:45:55',NULL),(441,2,421,'2019-03-25 12:49:20','2019-03-25 12:49:20','2019-03-25 12:49:20','COMPLETED','COMPLETED','','2019-03-25 12:49:20',NULL),(442,2,422,'2019-03-25 13:02:51','2019-03-25 13:02:51','2019-03-25 13:02:51','COMPLETED','COMPLETED','','2019-03-25 13:02:51',NULL),(443,2,423,'2019-03-25 13:08:11','2019-03-25 13:08:11','2019-03-25 13:08:11','COMPLETED','COMPLETED','','2019-03-25 13:08:11',NULL),(444,2,424,'2019-03-25 13:24:48','2019-03-25 13:24:48','2019-03-25 13:24:48','COMPLETED','COMPLETED','','2019-03-25 13:24:48',NULL),(445,2,425,'2019-03-25 13:26:33','2019-03-25 13:26:33','2019-03-25 13:26:33','COMPLETED','COMPLETED','','2019-03-25 13:26:33',NULL),(446,2,426,'2019-03-25 13:30:16','2019-03-25 13:30:16','2019-03-25 13:30:16','COMPLETED','COMPLETED','','2019-03-25 13:30:16',NULL),(447,2,427,'2019-03-25 13:32:35','2019-03-25 13:32:35','2019-03-25 13:32:35','COMPLETED','COMPLETED','','2019-03-25 13:32:35',NULL),(448,2,428,'2019-03-25 13:33:59','2019-03-25 13:33:59','2019-03-25 13:33:59','COMPLETED','COMPLETED','','2019-03-25 13:33:59',NULL),(449,2,429,'2019-03-25 13:39:14','2019-03-25 13:39:14','2019-03-25 13:39:15','COMPLETED','COMPLETED','','2019-03-25 13:39:15',NULL),(450,2,430,'2019-03-25 13:43:38','2019-03-25 13:43:38','2019-03-25 13:43:38','COMPLETED','COMPLETED','','2019-03-25 13:43:38',NULL),(451,2,431,'2019-03-25 13:45:27','2019-03-25 13:45:27','2019-03-25 13:45:27','COMPLETED','COMPLETED','','2019-03-25 13:45:27',NULL),(452,2,432,'2019-03-25 13:54:05','2019-03-25 13:54:05','2019-03-25 13:54:05','COMPLETED','COMPLETED','','2019-03-25 13:54:05',NULL),(453,2,433,'2019-03-25 14:01:04','2019-03-25 14:01:04','2019-03-25 14:01:04','COMPLETED','COMPLETED','','2019-03-25 14:01:04',NULL),(454,2,434,'2019-03-25 14:02:05','2019-03-25 14:02:05','2019-03-25 14:02:05','COMPLETED','COMPLETED','','2019-03-25 14:02:05',NULL),(455,2,435,'2019-03-25 14:04:20','2019-03-25 14:04:20','2019-03-25 14:04:20','COMPLETED','COMPLETED','','2019-03-25 14:04:20',NULL),(456,2,436,'2019-03-25 14:46:30','2019-03-25 14:46:30','2019-03-25 14:46:31','COMPLETED','COMPLETED','','2019-03-25 14:46:31',NULL),(457,2,437,'2019-03-25 14:48:20','2019-03-25 14:48:20','2019-03-25 14:48:20','COMPLETED','COMPLETED','','2019-03-25 14:48:20',NULL),(458,2,438,'2019-03-25 14:52:40','2019-03-25 14:52:40','2019-03-25 14:52:40','COMPLETED','COMPLETED','','2019-03-25 14:52:40',NULL),(459,2,439,'2019-03-25 14:56:10','2019-03-25 14:56:10','2019-03-25 14:56:10','COMPLETED','COMPLETED','','2019-03-25 14:56:10',NULL),(460,2,440,'2019-03-25 15:01:14','2019-03-25 15:01:14','2019-03-25 15:01:14','COMPLETED','COMPLETED','','2019-03-25 15:01:14',NULL),(461,2,441,'2019-03-25 15:08:32','2019-03-25 15:08:32','2019-03-25 15:08:33','COMPLETED','COMPLETED','','2019-03-25 15:08:33',NULL),(462,2,442,'2019-03-25 15:13:57','2019-03-25 15:13:57','2019-03-25 15:13:57','COMPLETED','COMPLETED','','2019-03-25 15:13:57',NULL),(463,2,443,'2019-03-25 15:38:30','2019-03-25 15:38:30','2019-03-25 15:38:30','COMPLETED','COMPLETED','','2019-03-25 15:38:30',NULL),(464,2,444,'2019-03-25 15:56:03','2019-03-25 15:56:03','2019-03-25 15:56:03','COMPLETED','COMPLETED','','2019-03-25 15:56:03',NULL),(465,2,445,'2019-03-25 16:03:07','2019-03-25 16:03:07','2019-03-25 16:03:07','COMPLETED','COMPLETED','','2019-03-25 16:03:07',NULL),(466,2,446,'2019-03-25 16:03:31','2019-03-25 16:03:31','2019-03-25 16:03:31','COMPLETED','COMPLETED','','2019-03-25 16:03:31',NULL),(467,2,447,'2019-03-25 16:07:52','2019-03-25 16:07:52','2019-03-25 16:07:52','COMPLETED','COMPLETED','','2019-03-25 16:07:52',NULL),(468,2,448,'2019-03-25 17:02:12','2019-03-25 17:02:12','2019-03-25 17:02:13','COMPLETED','COMPLETED','','2019-03-25 17:02:13',NULL),(469,2,449,'2019-03-25 17:29:16','2019-03-25 17:29:16','2019-03-25 17:29:16','COMPLETED','COMPLETED','','2019-03-25 17:29:16',NULL),(470,2,450,'2019-03-25 17:35:29','2019-03-25 17:35:29','2019-03-25 17:35:29','COMPLETED','COMPLETED','','2019-03-25 17:35:29',NULL),(471,2,451,'2019-03-26 12:35:38','2019-03-26 12:35:38','2019-03-26 12:35:39','COMPLETED','COMPLETED','','2019-03-26 12:35:39',NULL),(472,2,452,'2019-03-26 13:57:12','2019-03-26 13:57:12','2019-03-26 13:57:12','COMPLETED','COMPLETED','','2019-03-26 13:57:12',NULL),(473,2,453,'2019-03-26 14:03:33','2019-03-26 14:03:33','2019-03-26 14:03:33','COMPLETED','COMPLETED','','2019-03-26 14:03:33',NULL),(474,2,454,'2019-07-17 15:36:58','2019-07-17 15:36:58','2019-07-17 15:37:00','COMPLETED','COMPLETED','','2019-07-17 15:37:00',NULL),(475,2,455,'2019-07-22 15:13:59','2019-07-22 15:13:59','2019-07-22 15:14:01','COMPLETED','COMPLETED','','2019-07-22 15:14:01',NULL),(476,2,456,'2019-09-12 18:09:29','2019-09-12 18:09:29','2019-09-12 18:09:29','COMPLETED','COMPLETED','','2019-09-12 18:09:29',NULL),(477,2,457,'2019-09-12 18:14:23','2019-09-12 18:14:24','2019-09-12 18:14:24','COMPLETED','COMPLETED','','2019-09-12 18:14:24',NULL),(478,2,458,'2019-09-12 18:15:24','2019-09-12 18:15:24','2019-09-12 18:15:24','COMPLETED','COMPLETED','','2019-09-12 18:15:24',NULL),(479,2,459,'2019-09-12 18:18:28','2019-09-12 18:18:28','2019-09-12 18:18:28','COMPLETED','COMPLETED','','2019-09-12 18:18:28',NULL),(480,2,460,'2019-09-12 18:19:49','2019-09-12 18:19:49','2019-09-12 18:19:49','COMPLETED','COMPLETED','','2019-09-12 18:19:49',NULL),(481,2,461,'2019-09-12 18:27:48','2019-09-12 18:27:48','2019-09-12 18:27:48','COMPLETED','COMPLETED','','2019-09-12 18:27:48',NULL),(482,2,462,'2019-09-12 18:36:28','2019-09-12 18:36:28','2019-09-12 18:36:28','COMPLETED','COMPLETED','','2019-09-12 18:36:28',NULL),(483,2,463,'2019-09-13 11:06:13','2019-09-13 11:06:13','2019-09-13 11:06:16','FAILED','FAILED','org.springframework.batch.item.ItemStreamException: Failed to initialize the reader\n	at org.springframework.batch.item.support.AbstractItemCountingItemStreamItemReader.open(AbstractItemCountingItemStreamItemReader.java:149)\n	at org.springframework.batch.item.support.AbstractItemCountingItemStreamItemReader$$FastClassBySpringCGLIB$$ebb633d0.invoke(<generated>)\n	at org.springframework.cglib.proxy.MethodProxy.invoke(MethodProxy.java:204)\n	at org.springframework.aop.framework.CglibAopProxy$CglibMethodInvocation.invokeJoinpoint(CglibAopProxy.java:747)\n	at org.springframework.aop.framework.ReflectiveMethodInvocation.proceed(ReflectiveMethodInvocation.java:163)\n	at org.springframework.aop.support.DelegatingIntroductionInterceptor.doProceed(DelegatingIntroductionInterceptor.java:136)\n	at org.springframework.aop.support.DelegatingIntroductionInterceptor.invoke(DelegatingIntroductionInterceptor.java:124)\n	at org.springframework.aop.framework.ReflectiveMethodInvocation.proceed(ReflectiveMethodInvocation.java:185)\n	at org.springframework.aop.framework.CglibAopProxy$DynamicAdvisedInterceptor.intercept(CglibAopProxy.java:689)\n	at org.springframework.batch.item.file.FlatFileItemReader$$EnhancerBySpringCGLIB$$4c595bde.open(<generated>)\n	at org.springframework.batch.item.support.CompositeItemStream.open(CompositeItemStream.java:103)\n	at org.springframework.batch.core.step.tasklet.TaskletStep.open(TaskletStep.java:310)\n	at org.springframework.batch.core.step.AbstractStep.execute(AbstractStep.java:197)\n	at org.springframework.batch.core.job.SimpleStepHandler.handleStep(SimpleStepHandler.java:148)\n	at org.springframework.batch.core.job.AbstractJob.handleStep(AbstractJob.java:394)\n	at org.springframework.batch.core.job.SimpleJob.doExecute(SimpleJob.java:135)\n	at org.springframework.batch.core.job.AbstractJob.execute(AbstractJob.java:308)\n	at org.springframework.batch.core.launch.support.SimpleJobLauncher$1.run(SimpleJobLauncher.java:141)\n	at org.springframework.core.task.SyncTaskExecutor.execute(SyncTaskExecutor.java:50)\n	at org.springframework.batch.core.launch.support.SimpleJobLauncher.run(SimpleJobLauncher.java:134)\n	at sun.reflect.NativeMethodAccessorImpl.invoke0(Native Method)\n	at sun.reflect.NativeMethodAccessorImpl.invoke(NativeMethodAccessorImpl.java:62)\n	at sun.reflect.DelegatingMethodAccessorImpl.invoke(DelegatingMethodAccessorImpl.java:43)\n	at java.lang.reflect.Method.invoke(Method.java:498)\n	at org.springframework.aop.support.AopUtils.invokeJoinpointUsingReflection','2019-09-13 11:06:16',NULL),(484,2,464,'2019-09-13 11:07:01','2019-09-13 11:07:02','2019-09-13 11:07:03','FAILED','FAILED','org.springframework.batch.item.ItemStreamException: Failed to initialize the reader\n	at org.springframework.batch.item.support.AbstractItemCountingItemStreamItemReader.open(AbstractItemCountingItemStreamItemReader.java:149)\n	at org.springframework.batch.item.support.AbstractItemCountingItemStreamItemReader$$FastClassBySpringCGLIB$$ebb633d0.invoke(<generated>)\n	at org.springframework.cglib.proxy.MethodProxy.invoke(MethodProxy.java:204)\n	at org.springframework.aop.framework.CglibAopProxy$CglibMethodInvocation.invokeJoinpoint(CglibAopProxy.java:747)\n	at org.springframework.aop.framework.ReflectiveMethodInvocation.proceed(ReflectiveMethodInvocation.java:163)\n	at org.springframework.aop.support.DelegatingIntroductionInterceptor.doProceed(DelegatingIntroductionInterceptor.java:136)\n	at org.springframework.aop.support.DelegatingIntroductionInterceptor.invoke(DelegatingIntroductionInterceptor.java:124)\n	at org.springframework.aop.framework.ReflectiveMethodInvocation.proceed(ReflectiveMethodInvocation.java:185)\n	at org.springframework.aop.framework.CglibAopProxy$DynamicAdvisedInterceptor.intercept(CglibAopProxy.java:689)\n	at org.springframework.batch.item.file.FlatFileItemReader$$EnhancerBySpringCGLIB$$4c595bde.open(<generated>)\n	at org.springframework.batch.item.support.CompositeItemStream.open(CompositeItemStream.java:103)\n	at org.springframework.batch.core.step.tasklet.TaskletStep.open(TaskletStep.java:310)\n	at org.springframework.batch.core.step.AbstractStep.execute(AbstractStep.java:197)\n	at org.springframework.batch.core.job.SimpleStepHandler.handleStep(SimpleStepHandler.java:148)\n	at org.springframework.batch.core.job.AbstractJob.handleStep(AbstractJob.java:394)\n	at org.springframework.batch.core.job.SimpleJob.doExecute(SimpleJob.java:135)\n	at org.springframework.batch.core.job.AbstractJob.execute(AbstractJob.java:308)\n	at org.springframework.batch.core.launch.support.SimpleJobLauncher$1.run(SimpleJobLauncher.java:141)\n	at org.springframework.core.task.SyncTaskExecutor.execute(SyncTaskExecutor.java:50)\n	at org.springframework.batch.core.launch.support.SimpleJobLauncher.run(SimpleJobLauncher.java:134)\n	at sun.reflect.NativeMethodAccessorImpl.invoke0(Native Method)\n	at sun.reflect.NativeMethodAccessorImpl.invoke(NativeMethodAccessorImpl.java:62)\n	at sun.reflect.DelegatingMethodAccessorImpl.invoke(DelegatingMethodAccessorImpl.java:43)\n	at java.lang.reflect.Method.invoke(Method.java:498)\n	at org.springframework.aop.support.AopUtils.invokeJoinpointUsingReflection','2019-09-13 11:07:03',NULL),(485,2,465,'2019-09-13 12:33:53','2019-09-13 12:33:53','2019-09-13 12:33:54','FAILED','FAILED','org.springframework.batch.item.ItemStreamException: Failed to initialize the reader\n	at org.springframework.batch.item.support.AbstractItemCountingItemStreamItemReader.open(AbstractItemCountingItemStreamItemReader.java:149)\n	at org.springframework.batch.item.support.AbstractItemCountingItemStreamItemReader$$FastClassBySpringCGLIB$$ebb633d0.invoke(<generated>)\n	at org.springframework.cglib.proxy.MethodProxy.invoke(MethodProxy.java:204)\n	at org.springframework.aop.framework.CglibAopProxy$CglibMethodInvocation.invokeJoinpoint(CglibAopProxy.java:747)\n	at org.springframework.aop.framework.ReflectiveMethodInvocation.proceed(ReflectiveMethodInvocation.java:163)\n	at org.springframework.aop.support.DelegatingIntroductionInterceptor.doProceed(DelegatingIntroductionInterceptor.java:136)\n	at org.springframework.aop.support.DelegatingIntroductionInterceptor.invoke(DelegatingIntroductionInterceptor.java:124)\n	at org.springframework.aop.framework.ReflectiveMethodInvocation.proceed(ReflectiveMethodInvocation.java:185)\n	at org.springframework.aop.framework.CglibAopProxy$DynamicAdvisedInterceptor.intercept(CglibAopProxy.java:689)\n	at org.springframework.batch.item.file.FlatFileItemReader$$EnhancerBySpringCGLIB$$4c595bde.open(<generated>)\n	at org.springframework.batch.item.support.CompositeItemStream.open(CompositeItemStream.java:103)\n	at org.springframework.batch.core.step.tasklet.TaskletStep.open(TaskletStep.java:310)\n	at org.springframework.batch.core.step.AbstractStep.execute(AbstractStep.java:197)\n	at org.springframework.batch.core.job.SimpleStepHandler.handleStep(SimpleStepHandler.java:148)\n	at org.springframework.batch.core.job.AbstractJob.handleStep(AbstractJob.java:394)\n	at org.springframework.batch.core.job.SimpleJob.doExecute(SimpleJob.java:135)\n	at org.springframework.batch.core.job.AbstractJob.execute(AbstractJob.java:308)\n	at org.springframework.batch.core.launch.support.SimpleJobLauncher$1.run(SimpleJobLauncher.java:141)\n	at org.springframework.core.task.SyncTaskExecutor.execute(SyncTaskExecutor.java:50)\n	at org.springframework.batch.core.launch.support.SimpleJobLauncher.run(SimpleJobLauncher.java:134)\n	at sun.reflect.NativeMethodAccessorImpl.invoke0(Native Method)\n	at sun.reflect.NativeMethodAccessorImpl.invoke(NativeMethodAccessorImpl.java:62)\n	at sun.reflect.DelegatingMethodAccessorImpl.invoke(DelegatingMethodAccessorImpl.java:43)\n	at java.lang.reflect.Method.invoke(Method.java:498)\n	at org.springframework.aop.support.AopUtils.invokeJoinpointUsingReflection','2019-09-13 12:33:54',NULL),(486,2,466,'2019-09-13 12:40:33','2019-09-13 12:40:33','2019-09-13 12:40:34','FAILED','FAILED','org.springframework.batch.item.ItemStreamException: Failed to initialize the reader\n	at org.springframework.batch.item.support.AbstractItemCountingItemStreamItemReader.open(AbstractItemCountingItemStreamItemReader.java:149)\n	at org.springframework.batch.item.support.AbstractItemCountingItemStreamItemReader$$FastClassBySpringCGLIB$$ebb633d0.invoke(<generated>)\n	at org.springframework.cglib.proxy.MethodProxy.invoke(MethodProxy.java:204)\n	at org.springframework.aop.framework.CglibAopProxy$CglibMethodInvocation.invokeJoinpoint(CglibAopProxy.java:747)\n	at org.springframework.aop.framework.ReflectiveMethodInvocation.proceed(ReflectiveMethodInvocation.java:163)\n	at org.springframework.aop.support.DelegatingIntroductionInterceptor.doProceed(DelegatingIntroductionInterceptor.java:136)\n	at org.springframework.aop.support.DelegatingIntroductionInterceptor.invoke(DelegatingIntroductionInterceptor.java:124)\n	at org.springframework.aop.framework.ReflectiveMethodInvocation.proceed(ReflectiveMethodInvocation.java:185)\n	at org.springframework.aop.framework.CglibAopProxy$DynamicAdvisedInterceptor.intercept(CglibAopProxy.java:689)\n	at org.springframework.batch.item.file.FlatFileItemReader$$EnhancerBySpringCGLIB$$4c595bde.open(<generated>)\n	at org.springframework.batch.item.support.CompositeItemStream.open(CompositeItemStream.java:103)\n	at org.springframework.batch.core.step.tasklet.TaskletStep.open(TaskletStep.java:310)\n	at org.springframework.batch.core.step.AbstractStep.execute(AbstractStep.java:197)\n	at org.springframework.batch.core.job.SimpleStepHandler.handleStep(SimpleStepHandler.java:148)\n	at org.springframework.batch.core.job.AbstractJob.handleStep(AbstractJob.java:394)\n	at org.springframework.batch.core.job.SimpleJob.doExecute(SimpleJob.java:135)\n	at org.springframework.batch.core.job.AbstractJob.execute(AbstractJob.java:308)\n	at org.springframework.batch.core.launch.support.SimpleJobLauncher$1.run(SimpleJobLauncher.java:141)\n	at org.springframework.core.task.SyncTaskExecutor.execute(SyncTaskExecutor.java:50)\n	at org.springframework.batch.core.launch.support.SimpleJobLauncher.run(SimpleJobLauncher.java:134)\n	at sun.reflect.NativeMethodAccessorImpl.invoke0(Native Method)\n	at sun.reflect.NativeMethodAccessorImpl.invoke(NativeMethodAccessorImpl.java:62)\n	at sun.reflect.DelegatingMethodAccessorImpl.invoke(DelegatingMethodAccessorImpl.java:43)\n	at java.lang.reflect.Method.invoke(Method.java:498)\n	at org.springframework.aop.support.AopUtils.invokeJoinpointUsingReflection','2019-09-13 12:40:34',NULL),(487,2,467,'2019-09-13 12:47:04','2019-09-13 12:47:04','2019-09-13 12:47:05','FAILED','FAILED','org.springframework.batch.item.ItemStreamException: Failed to initialize the reader\n	at org.springframework.batch.item.support.AbstractItemCountingItemStreamItemReader.open(AbstractItemCountingItemStreamItemReader.java:149)\n	at org.springframework.batch.item.support.AbstractItemCountingItemStreamItemReader$$FastClassBySpringCGLIB$$ebb633d0.invoke(<generated>)\n	at org.springframework.cglib.proxy.MethodProxy.invoke(MethodProxy.java:204)\n	at org.springframework.aop.framework.CglibAopProxy$CglibMethodInvocation.invokeJoinpoint(CglibAopProxy.java:747)\n	at org.springframework.aop.framework.ReflectiveMethodInvocation.proceed(ReflectiveMethodInvocation.java:163)\n	at org.springframework.aop.support.DelegatingIntroductionInterceptor.doProceed(DelegatingIntroductionInterceptor.java:136)\n	at org.springframework.aop.support.DelegatingIntroductionInterceptor.invoke(DelegatingIntroductionInterceptor.java:124)\n	at org.springframework.aop.framework.ReflectiveMethodInvocation.proceed(ReflectiveMethodInvocation.java:185)\n	at org.springframework.aop.framework.CglibAopProxy$DynamicAdvisedInterceptor.intercept(CglibAopProxy.java:689)\n	at org.springframework.batch.item.file.FlatFileItemReader$$EnhancerBySpringCGLIB$$4c595bde.open(<generated>)\n	at org.springframework.batch.item.support.CompositeItemStream.open(CompositeItemStream.java:103)\n	at org.springframework.batch.core.step.tasklet.TaskletStep.open(TaskletStep.java:310)\n	at org.springframework.batch.core.step.AbstractStep.execute(AbstractStep.java:197)\n	at org.springframework.batch.core.job.SimpleStepHandler.handleStep(SimpleStepHandler.java:148)\n	at org.springframework.batch.core.job.AbstractJob.handleStep(AbstractJob.java:394)\n	at org.springframework.batch.core.job.SimpleJob.doExecute(SimpleJob.java:135)\n	at org.springframework.batch.core.job.AbstractJob.execute(AbstractJob.java:308)\n	at org.springframework.batch.core.launch.support.SimpleJobLauncher$1.run(SimpleJobLauncher.java:141)\n	at org.springframework.core.task.SyncTaskExecutor.execute(SyncTaskExecutor.java:50)\n	at org.springframework.batch.core.launch.support.SimpleJobLauncher.run(SimpleJobLauncher.java:134)\n	at sun.reflect.NativeMethodAccessorImpl.invoke0(Native Method)\n	at sun.reflect.NativeMethodAccessorImpl.invoke(NativeMethodAccessorImpl.java:62)\n	at sun.reflect.DelegatingMethodAccessorImpl.invoke(DelegatingMethodAccessorImpl.java:43)\n	at java.lang.reflect.Method.invoke(Method.java:498)\n	at org.springframework.aop.support.AopUtils.invokeJoinpointUsingReflection','2019-09-13 12:47:05',NULL),(488,2,468,'2019-09-13 12:55:05','2019-09-13 12:55:05','2019-09-13 12:55:06','COMPLETED','COMPLETED','','2019-09-13 12:55:06',NULL),(489,2,469,'2019-09-13 13:11:22','2019-09-13 13:11:22','2019-09-13 13:11:22','COMPLETED','COMPLETED','','2019-09-13 13:11:22',NULL),(490,2,470,'2019-09-13 13:19:45','2019-09-13 13:19:46','2019-09-13 13:19:46','COMPLETED','COMPLETED','','2019-09-13 13:19:46',NULL),(491,2,471,'2019-09-13 14:45:32','2019-09-13 14:45:32','2019-09-13 14:45:33','COMPLETED','COMPLETED','','2019-09-13 14:45:33',NULL),(492,2,472,'2019-09-13 14:45:50','2019-09-13 14:45:50','2019-09-13 14:45:50','FAILED','FAILED','org.springframework.dao.DataIntegrityViolationException: could not execute statement; SQL [n/a]; nested exception is org.hibernate.exception.DataException: could not execute statement\n	at org.springframework.orm.jpa.vendor.HibernateJpaDialect.convertHibernateAccessException(HibernateJpaDialect.java:263)\n	at org.springframework.orm.jpa.vendor.HibernateJpaDialect.translateExceptionIfPossible(HibernateJpaDialect.java:225)\n	at org.springframework.orm.jpa.AbstractEntityManagerFactoryBean.translateExceptionIfPossible(AbstractEntityManagerFactoryBean.java:507)\n	at org.springframework.dao.support.ChainedPersistenceExceptionTranslator.translateExceptionIfPossible(ChainedPersistenceExceptionTranslator.java:61)\n	at org.springframework.dao.support.DataAccessUtils.translateIfNecessary(DataAccessUtils.java:242)\n	at org.springframework.dao.support.PersistenceExceptionTranslationInterceptor.invoke(PersistenceExceptionTranslationInterceptor.java:153)\n	at org.springframework.aop.framework.ReflectiveMethodInvocation.proceed(ReflectiveMethodInvocation.java:185)\n	at org.springframework.data.jpa.repository.support.CrudMethodMetadataPostProcessor$CrudMethodMetadataPopulatingMethodInterceptor.invoke(CrudMethodMetadataPostProcessor.java:135)\n	at org.springframework.aop.framework.ReflectiveMethodInvocation.proceed(ReflectiveMethodInvocation.java:185)\n	at org.springframework.aop.interceptor.ExposeInvocationInterceptor.invoke(ExposeInvocationInterceptor.java:92)\n	at org.springframework.aop.framework.ReflectiveMethodInvocation.proceed(ReflectiveMethodInvocation.java:185)\n	at org.springframework.data.repository.core.support.SurroundingTransactionDetectorMethodInterceptor.invoke(SurroundingTransactionDetectorMethodInterceptor.java:61)\n	at org.springframework.aop.framework.ReflectiveMethodInvocation.proceed(ReflectiveMethodInvocation.java:185)\n	at org.springframework.aop.framework.JdkDynamicAopProxy.invoke(JdkDynamicAopProxy.java:212)\n	at com.sun.proxy.$Proxy206.saveAll(Unknown Source)\n	at com.ss.smartoffice.soservice.batch.DBWriter.write(DBWriter.java:20)\n	at org.springframework.batch.core.step.item.SimpleChunkProcessor.writeItems(SimpleChunkProcessor.java:185)\n	at org.springframework.batch.core.step.item.SimpleChunkProcessor.doWrite(SimpleChunkProcessor.java:151)\n	at org.springframework.batch.core.step.item.SimpleChunkProcessor.write(SimpleChunkProcessor.java:284)\n	at org.springframework.batch.core.step.item.SimpleChunkProcessor.process(SimpleChunkProcessor.java:209)\n	at org.springfram','2019-09-13 14:45:50',NULL),(493,2,473,'2019-09-13 15:00:57','2019-09-13 15:00:57','2019-09-13 15:00:57','COMPLETED','COMPLETED','','2019-09-13 15:00:57',NULL),(494,2,474,'2019-09-13 15:09:35','2019-09-13 15:09:35','2019-09-13 15:09:36','COMPLETED','COMPLETED','','2019-09-13 15:09:36',NULL),(495,2,475,'2019-09-13 15:17:19','2019-09-13 15:17:19','2019-09-13 15:17:19','COMPLETED','COMPLETED','','2019-09-13 15:17:19',NULL),(496,2,476,'2019-09-13 15:22:59','2019-09-13 15:22:59','2019-09-13 15:22:59','COMPLETED','COMPLETED','','2019-09-13 15:22:59',NULL),(497,2,477,'2019-09-13 15:26:44','2019-09-13 15:26:44','2019-09-13 15:26:44','COMPLETED','COMPLETED','','2019-09-13 15:26:44',NULL),(498,2,478,'2019-09-13 15:42:38','2019-09-13 15:42:38','2019-09-13 15:42:38','COMPLETED','COMPLETED','','2019-09-13 15:42:38',NULL),(499,2,479,'2019-09-13 15:45:29','2019-09-13 15:45:29','2019-09-13 15:45:29','COMPLETED','COMPLETED','','2019-09-13 15:45:29',NULL),(500,2,480,'2019-09-13 15:51:29','2019-09-13 15:51:29','2019-09-13 15:51:29','COMPLETED','COMPLETED','','2019-09-13 15:51:29',NULL),(501,2,481,'2019-09-13 16:01:07','2019-09-13 16:01:07','2019-09-13 16:01:07','COMPLETED','COMPLETED','','2019-09-13 16:01:07',NULL),(502,2,482,'2019-09-13 16:06:53','2019-09-13 16:06:53','2019-09-13 16:06:54','COMPLETED','COMPLETED','','2019-09-13 16:06:54',NULL),(503,2,483,'2019-09-13 17:41:33','2019-09-13 17:41:33','2019-09-13 17:41:34','COMPLETED','COMPLETED','','2019-09-13 17:41:34',NULL),(504,2,484,'2019-09-13 18:02:43','2019-09-13 18:02:43','2019-09-13 18:02:45','FAILED','FAILED','org.springframework.batch.item.ItemStreamException: Failed to initialize the reader\n	at org.springframework.batch.item.support.AbstractItemCountingItemStreamItemReader.open(AbstractItemCountingItemStreamItemReader.java:149)\n	at org.springframework.batch.item.support.AbstractItemCountingItemStreamItemReader$$FastClassBySpringCGLIB$$ebb633d0.invoke(<generated>)\n	at org.springframework.cglib.proxy.MethodProxy.invoke(MethodProxy.java:204)\n	at org.springframework.aop.framework.CglibAopProxy$CglibMethodInvocation.invokeJoinpoint(CglibAopProxy.java:747)\n	at org.springframework.aop.framework.ReflectiveMethodInvocation.proceed(ReflectiveMethodInvocation.java:163)\n	at org.springframework.aop.support.DelegatingIntroductionInterceptor.doProceed(DelegatingIntroductionInterceptor.java:136)\n	at org.springframework.aop.support.DelegatingIntroductionInterceptor.invoke(DelegatingIntroductionInterceptor.java:124)\n	at org.springframework.aop.framework.ReflectiveMethodInvocation.proceed(ReflectiveMethodInvocation.java:185)\n	at org.springframework.aop.framework.CglibAopProxy$DynamicAdvisedInterceptor.intercept(CglibAopProxy.java:689)\n	at org.springframework.batch.item.file.FlatFileItemReader$$EnhancerBySpringCGLIB$$5b17440a.open(<generated>)\n	at org.springframework.batch.item.support.CompositeItemStream.open(CompositeItemStream.java:103)\n	at org.springframework.batch.core.step.tasklet.TaskletStep.open(TaskletStep.java:310)\n	at org.springframework.batch.core.step.AbstractStep.execute(AbstractStep.java:197)\n	at org.springframework.batch.core.job.SimpleStepHandler.handleStep(SimpleStepHandler.java:148)\n	at org.springframework.batch.core.job.AbstractJob.handleStep(AbstractJob.java:394)\n	at org.springframework.batch.core.job.SimpleJob.doExecute(SimpleJob.java:135)\n	at org.springframework.batch.core.job.AbstractJob.execute(AbstractJob.java:308)\n	at org.springframework.batch.core.launch.support.SimpleJobLauncher$1.run(SimpleJobLauncher.java:141)\n	at org.springframework.core.task.SyncTaskExecutor.execute(SyncTaskExecutor.java:50)\n	at org.springframework.batch.core.launch.support.SimpleJobLauncher.run(SimpleJobLauncher.java:134)\n	at sun.reflect.NativeMethodAccessorImpl.invoke0(Native Method)\n	at sun.reflect.NativeMethodAccessorImpl.invoke(NativeMethodAccessorImpl.java:62)\n	at sun.reflect.DelegatingMethodAccessorImpl.invoke(DelegatingMethodAccessorImpl.java:43)\n	at java.lang.reflect.Method.invoke(Method.java:498)\n	at org.springframework.aop.support.AopUtils.invokeJoinpointUsingReflection','2019-09-13 18:02:45',NULL),(505,2,485,'2019-09-13 18:05:22','2019-09-13 18:05:22','2019-09-13 18:05:22','COMPLETED','COMPLETED','','2019-09-13 18:05:22',NULL),(506,2,486,'2019-09-13 18:11:21','2019-09-13 18:11:21','2019-09-13 18:11:21','COMPLETED','COMPLETED','','2019-09-13 18:11:21',NULL),(507,2,487,'2019-09-13 18:15:25','2019-09-13 18:15:25','2019-09-13 18:15:25','COMPLETED','COMPLETED','','2019-09-13 18:15:25',NULL),(508,2,488,'2019-09-13 18:30:58','2019-09-13 18:30:58','2019-09-13 18:30:58','COMPLETED','COMPLETED','','2019-09-13 18:30:58',NULL),(509,2,489,'2019-09-13 18:53:05','2019-09-13 18:53:05','2019-09-13 18:53:05','COMPLETED','COMPLETED','','2019-09-13 18:53:05',NULL),(510,2,490,'2019-09-13 18:58:07','2019-09-13 18:58:08','2019-09-13 18:58:11','FAILED','FAILED','org.springframework.batch.item.ItemStreamException: Failed to initialize the reader\n	at org.springframework.batch.item.support.AbstractItemCountingItemStreamItemReader.open(AbstractItemCountingItemStreamItemReader.java:149)\n	at org.springframework.batch.item.support.AbstractItemCountingItemStreamItemReader$$FastClassBySpringCGLIB$$ebb633d0.invoke(<generated>)\n	at org.springframework.cglib.proxy.MethodProxy.invoke(MethodProxy.java:204)\n	at org.springframework.aop.framework.CglibAopProxy$CglibMethodInvocation.invokeJoinpoint(CglibAopProxy.java:747)\n	at org.springframework.aop.framework.ReflectiveMethodInvocation.proceed(ReflectiveMethodInvocation.java:163)\n	at org.springframework.aop.support.DelegatingIntroductionInterceptor.doProceed(DelegatingIntroductionInterceptor.java:136)\n	at org.springframework.aop.support.DelegatingIntroductionInterceptor.invoke(DelegatingIntroductionInterceptor.java:124)\n	at org.springframework.aop.framework.ReflectiveMethodInvocation.proceed(ReflectiveMethodInvocation.java:185)\n	at org.springframework.aop.framework.CglibAopProxy$DynamicAdvisedInterceptor.intercept(CglibAopProxy.java:689)\n	at org.springframework.batch.item.file.FlatFileItemReader$$EnhancerBySpringCGLIB$$a633b8f9.open(<generated>)\n	at org.springframework.batch.item.support.CompositeItemStream.open(CompositeItemStream.java:103)\n	at org.springframework.batch.core.step.tasklet.TaskletStep.open(TaskletStep.java:310)\n	at org.springframework.batch.core.step.AbstractStep.execute(AbstractStep.java:197)\n	at org.springframework.batch.core.job.SimpleStepHandler.handleStep(SimpleStepHandler.java:148)\n	at org.springframework.batch.core.job.AbstractJob.handleStep(AbstractJob.java:394)\n	at org.springframework.batch.core.job.SimpleJob.doExecute(SimpleJob.java:135)\n	at org.springframework.batch.core.job.AbstractJob.execute(AbstractJob.java:308)\n	at org.springframework.batch.core.launch.support.SimpleJobLauncher$1.run(SimpleJobLauncher.java:141)\n	at org.springframework.core.task.SyncTaskExecutor.execute(SyncTaskExecutor.java:50)\n	at org.springframework.batch.core.launch.support.SimpleJobLauncher.run(SimpleJobLauncher.java:134)\n	at sun.reflect.NativeMethodAccessorImpl.invoke0(Native Method)\n	at sun.reflect.NativeMethodAccessorImpl.invoke(NativeMethodAccessorImpl.java:62)\n	at sun.reflect.DelegatingMethodAccessorImpl.invoke(DelegatingMethodAccessorImpl.java:43)\n	at java.lang.reflect.Method.invoke(Method.java:498)\n	at org.springframework.aop.support.AopUtils.invokeJoinpointUsingReflection','2019-09-13 18:58:11',NULL),(511,2,491,'2019-09-13 18:59:13','2019-09-13 18:59:13','2019-09-13 18:59:13','COMPLETED','COMPLETED','','2019-09-13 18:59:13',NULL),(512,2,492,'2019-09-13 19:08:11','2019-09-13 19:08:11','2019-09-13 19:08:11','COMPLETED','COMPLETED','','2019-09-13 19:08:11',NULL),(513,2,493,'2019-09-16 11:29:55','2019-09-16 11:29:55','2019-09-16 11:29:55','COMPLETED','COMPLETED','','2019-09-16 11:29:55',NULL),(514,2,494,'2019-09-16 12:04:54','2019-09-16 12:04:54','2019-09-16 12:04:55','COMPLETED','COMPLETED','','2019-09-16 12:04:55',NULL),(515,2,495,'2019-09-16 13:14:55','2019-09-16 13:14:55','2019-09-16 13:14:55','COMPLETED','COMPLETED','','2019-09-16 13:14:55',NULL),(516,2,496,'2019-09-16 13:40:31','2019-09-16 13:40:31','2019-09-16 13:40:31','COMPLETED','COMPLETED','','2019-09-16 13:40:31',NULL),(517,2,497,'2019-09-16 14:11:51','2019-09-16 14:11:51','2019-09-16 14:11:51','COMPLETED','COMPLETED','','2019-09-16 14:11:51',NULL),(518,2,498,'2019-09-16 14:24:06','2019-09-16 14:24:06','2019-09-16 14:24:06','COMPLETED','COMPLETED','','2019-09-16 14:24:06',NULL),(519,2,499,'2019-09-16 14:43:09','2019-09-16 14:43:09','2019-09-16 14:43:09','COMPLETED','COMPLETED','','2019-09-16 14:43:09',NULL),(520,2,500,'2019-09-16 14:48:06','2019-09-16 14:48:06','2019-09-16 14:48:06','COMPLETED','COMPLETED','','2019-09-16 14:48:06',NULL),(521,2,501,'2019-09-16 14:57:20','2019-09-16 14:57:20','2019-09-16 14:57:20','COMPLETED','COMPLETED','','2019-09-16 14:57:20',NULL),(522,2,502,'2019-09-16 15:39:05','2019-09-16 15:39:05','2019-09-16 15:39:05','COMPLETED','COMPLETED','','2019-09-16 15:39:05',NULL),(523,2,503,'2019-09-16 15:49:55','2019-09-16 15:49:55','2019-09-16 15:49:55','COMPLETED','COMPLETED','','2019-09-16 15:49:55',NULL),(524,2,504,'2019-09-16 15:58:34','2019-09-16 15:58:34','2019-09-16 15:58:35','COMPLETED','COMPLETED','','2019-09-16 15:58:35',NULL),(525,2,505,'2019-09-16 16:10:29','2019-09-16 16:10:29','2019-09-16 16:10:29','COMPLETED','COMPLETED','','2019-09-16 16:10:29',NULL),(526,2,506,'2019-09-16 16:17:42','2019-09-16 16:17:42','2019-09-16 16:17:43','COMPLETED','COMPLETED','','2019-09-16 16:17:43',NULL),(527,2,507,'2019-09-16 16:22:53','2019-09-16 16:22:53','2019-09-16 16:22:53','COMPLETED','COMPLETED','','2019-09-16 16:22:53',NULL),(528,2,508,'2019-09-16 16:52:22','2019-09-16 16:52:22','2019-09-16 16:52:23','COMPLETED','COMPLETED','','2019-09-16 16:52:23',NULL),(529,2,509,'2019-09-16 17:40:46','2019-09-16 17:40:46','2019-09-16 17:40:46','COMPLETED','COMPLETED','','2019-09-16 17:40:46',NULL),(530,2,510,'2019-09-16 18:14:23','2019-09-16 18:14:23','2019-09-16 18:14:23','COMPLETED','COMPLETED','','2019-09-16 18:14:23',NULL),(531,2,511,'2019-09-16 19:04:43','2019-09-16 19:04:43','2019-09-16 19:04:43','COMPLETED','COMPLETED','','2019-09-16 19:04:43',NULL),(532,2,512,'2019-09-16 19:10:51','2019-09-16 19:10:52','2019-09-16 19:10:52','COMPLETED','COMPLETED','','2019-09-16 19:10:52',NULL),(533,2,513,'2019-09-16 19:28:19','2019-09-16 19:28:19','2019-09-16 19:28:19','COMPLETED','COMPLETED','','2019-09-16 19:28:19',NULL),(534,2,514,'2019-09-16 19:45:30','2019-09-16 19:45:30','2019-09-16 19:45:30','COMPLETED','COMPLETED','','2019-09-16 19:45:30',NULL),(535,2,515,'2019-09-17 09:53:27','2019-09-17 09:53:27','2019-09-17 09:53:27','COMPLETED','COMPLETED','','2019-09-17 09:53:27',NULL),(536,2,516,'2019-09-17 09:59:28','2019-09-17 09:59:28','2019-09-17 09:59:29','COMPLETED','COMPLETED','','2019-09-17 09:59:29',NULL),(537,2,517,'2019-09-17 10:04:43','2019-09-17 10:04:44','2019-09-17 10:04:44','COMPLETED','COMPLETED','','2019-09-17 10:04:44',NULL),(538,2,518,'2019-09-17 10:06:41','2019-09-17 10:06:41','2019-09-17 10:06:41','COMPLETED','COMPLETED','','2019-09-17 10:06:41',NULL),(539,2,519,'2019-09-17 10:12:35','2019-09-17 10:12:35','2019-09-17 10:12:35','COMPLETED','COMPLETED','','2019-09-17 10:12:35',NULL),(540,2,520,'2019-09-17 10:17:34','2019-09-17 10:17:34','2019-09-17 10:17:34','COMPLETED','COMPLETED','','2019-09-17 10:17:34',NULL),(541,2,521,'2019-09-17 10:24:32','2019-09-17 10:24:32','2019-09-17 10:24:33','COMPLETED','COMPLETED','','2019-09-17 10:24:33',NULL),(542,2,522,'2019-09-17 10:25:50','2019-09-17 10:25:50','2019-09-17 10:25:50','COMPLETED','COMPLETED','','2019-09-17 10:25:50',NULL),(543,2,523,'2019-09-17 10:30:13','2019-09-17 10:30:13','2019-09-17 10:30:13','COMPLETED','COMPLETED','','2019-09-17 10:30:13',NULL),(544,2,524,'2019-09-17 10:40:14','2019-09-17 10:40:14','2019-09-17 10:40:14','COMPLETED','COMPLETED','','2019-09-17 10:40:14',NULL),(545,2,525,'2019-09-17 10:43:43','2019-09-17 10:43:43','2019-09-17 10:43:43','COMPLETED','COMPLETED','','2019-09-17 10:43:43',NULL),(546,2,526,'2019-09-17 10:45:06','2019-09-17 10:45:06','2019-09-17 10:45:06','COMPLETED','COMPLETED','','2019-09-17 10:45:06',NULL),(547,2,527,'2019-09-17 10:52:12','2019-09-17 10:52:12','2019-09-17 10:52:12','COMPLETED','COMPLETED','','2019-09-17 10:52:12',NULL),(548,2,528,'2019-09-17 10:58:41','2019-09-17 10:58:41','2019-09-17 10:58:41','COMPLETED','COMPLETED','','2019-09-17 10:58:41',NULL),(549,2,529,'2019-09-17 11:07:35','2019-09-17 11:07:35','2019-09-17 11:07:36','FAILED','FAILED','org.springframework.batch.item.ItemStreamException: Failed to initialize the reader\n	at org.springframework.batch.item.support.AbstractItemCountingItemStreamItemReader.open(AbstractItemCountingItemStreamItemReader.java:149)\n	at org.springframework.batch.item.support.AbstractItemCountingItemStreamItemReader$$FastClassBySpringCGLIB$$ebb633d0.invoke(<generated>)\n	at org.springframework.cglib.proxy.MethodProxy.invoke(MethodProxy.java:204)\n	at org.springframework.aop.framework.CglibAopProxy$CglibMethodInvocation.invokeJoinpoint(CglibAopProxy.java:747)\n	at org.springframework.aop.framework.ReflectiveMethodInvocation.proceed(ReflectiveMethodInvocation.java:163)\n	at org.springframework.aop.support.DelegatingIntroductionInterceptor.doProceed(DelegatingIntroductionInterceptor.java:136)\n	at org.springframework.aop.support.DelegatingIntroductionInterceptor.invoke(DelegatingIntroductionInterceptor.java:124)\n	at org.springframework.aop.framework.ReflectiveMethodInvocation.proceed(ReflectiveMethodInvocation.java:185)\n	at org.springframework.aop.framework.CglibAopProxy$DynamicAdvisedInterceptor.intercept(CglibAopProxy.java:689)\n	at org.springframework.batch.item.file.FlatFileItemReader$$EnhancerBySpringCGLIB$$f9bd30ce.open(<generated>)\n	at org.springframework.batch.item.support.CompositeItemStream.open(CompositeItemStream.java:103)\n	at org.springframework.batch.core.step.tasklet.TaskletStep.open(TaskletStep.java:310)\n	at org.springframework.batch.core.step.AbstractStep.execute(AbstractStep.java:197)\n	at org.springframework.batch.core.job.SimpleStepHandler.handleStep(SimpleStepHandler.java:148)\n	at org.springframework.batch.core.job.AbstractJob.handleStep(AbstractJob.java:394)\n	at org.springframework.batch.core.job.SimpleJob.doExecute(SimpleJob.java:135)\n	at org.springframework.batch.core.job.AbstractJob.execute(AbstractJob.java:308)\n	at org.springframework.batch.core.launch.support.SimpleJobLauncher$1.run(SimpleJobLauncher.java:141)\n	at org.springframework.core.task.SyncTaskExecutor.execute(SyncTaskExecutor.java:50)\n	at org.springframework.batch.core.launch.support.SimpleJobLauncher.run(SimpleJobLauncher.java:134)\n	at sun.reflect.NativeMethodAccessorImpl.invoke0(Native Method)\n	at sun.reflect.NativeMethodAccessorImpl.invoke(NativeMethodAccessorImpl.java:62)\n	at sun.reflect.DelegatingMethodAccessorImpl.invoke(DelegatingMethodAccessorImpl.java:43)\n	at java.lang.reflect.Method.invoke(Method.java:498)\n	at org.springframework.aop.support.AopUtils.invokeJoinpointUsingReflection','2019-09-17 11:07:36',NULL),(550,2,530,'2019-09-17 11:08:15','2019-09-17 11:08:15','2019-09-17 11:08:15','COMPLETED','COMPLETED','','2019-09-17 11:08:15',NULL),(551,2,531,'2019-09-17 11:12:00','2019-09-17 11:12:00','2019-09-17 11:12:00','COMPLETED','COMPLETED','','2019-09-17 11:12:00',NULL),(552,2,532,'2019-09-17 11:22:52','2019-09-17 11:22:52','2019-09-17 11:22:52','COMPLETED','COMPLETED','','2019-09-17 11:22:52',NULL),(553,2,533,'2019-09-17 11:45:01','2019-09-17 11:45:01','2019-09-17 11:45:01','COMPLETED','COMPLETED','','2019-09-17 11:45:01',NULL),(554,2,534,'2019-09-17 11:50:34','2019-09-17 11:50:34','2019-09-17 11:50:34','COMPLETED','COMPLETED','','2019-09-17 11:50:34',NULL),(555,2,535,'2019-09-17 11:51:16','2019-09-17 11:51:16','2019-09-17 11:51:16','COMPLETED','COMPLETED','','2019-09-17 11:51:16',NULL),(556,2,536,'2019-09-17 11:55:11','2019-09-17 11:55:11','2019-09-17 11:55:12','COMPLETED','COMPLETED','','2019-09-17 11:55:12',NULL),(557,2,537,'2019-09-17 12:04:40','2019-09-17 12:04:40','2019-09-17 12:04:40','COMPLETED','COMPLETED','','2019-09-17 12:04:40',NULL),(558,2,538,'2019-09-17 12:13:13','2019-09-17 12:13:13','2019-09-17 12:13:13','COMPLETED','COMPLETED','','2019-09-17 12:13:13',NULL),(559,2,539,'2019-09-17 12:23:36','2019-09-17 12:23:36','2019-09-17 12:23:36','COMPLETED','COMPLETED','','2019-09-17 12:23:36',NULL),(560,2,540,'2019-09-17 12:34:52','2019-09-17 12:34:52','2019-09-17 12:34:53','COMPLETED','COMPLETED','','2019-09-17 12:34:53',NULL),(561,2,541,'2019-09-17 12:49:42','2019-09-17 12:49:42','2019-09-17 12:49:42','COMPLETED','COMPLETED','','2019-09-17 12:49:42',NULL),(562,2,542,'2019-09-17 12:51:47','2019-09-17 12:51:47','2019-09-17 12:51:47','COMPLETED','COMPLETED','','2019-09-17 12:51:47',NULL),(563,2,543,'2019-09-17 13:14:17','2019-09-17 13:14:17','2019-09-17 13:14:17','COMPLETED','COMPLETED','','2019-09-17 13:14:17',NULL),(564,2,544,'2019-09-17 13:29:09','2019-09-17 13:29:09','2019-09-17 13:29:09','COMPLETED','COMPLETED','','2019-09-17 13:29:09',NULL),(565,2,545,'2019-09-17 13:30:20','2019-09-17 13:30:20','2019-09-17 13:30:20','COMPLETED','COMPLETED','','2019-09-17 13:30:20',NULL),(566,2,546,'2019-09-17 13:34:26','2019-09-17 13:34:26','2019-09-17 13:34:26','COMPLETED','COMPLETED','','2019-09-17 13:34:26',NULL),(567,2,547,'2019-09-17 13:47:12','2019-09-17 13:47:12','2019-09-17 13:47:12','COMPLETED','COMPLETED','','2019-09-17 13:47:12',NULL),(568,2,548,'2019-09-17 13:51:17','2019-09-17 13:51:17','2019-09-17 13:51:18','COMPLETED','COMPLETED','','2019-09-17 13:51:18',NULL),(569,2,549,'2019-09-17 13:59:35','2019-09-17 13:59:35','2019-09-17 13:59:35','COMPLETED','COMPLETED','','2019-09-17 13:59:35',NULL),(570,2,550,'2019-09-17 14:11:12','2019-09-17 14:11:12','2019-09-17 14:11:13','COMPLETED','COMPLETED','','2019-09-17 14:11:13',NULL),(571,2,551,'2019-09-17 15:08:21','2019-09-17 15:08:21','2019-09-17 15:08:22','COMPLETED','COMPLETED','','2019-09-17 15:08:22',NULL),(572,2,552,'2019-09-17 15:11:04','2019-09-17 15:11:04','2019-09-17 15:11:04','COMPLETED','COMPLETED','','2019-09-17 15:11:04',NULL),(573,2,553,'2019-09-17 15:23:41','2019-09-17 15:23:41','2019-09-17 15:23:42','COMPLETED','COMPLETED','','2019-09-17 15:23:42',NULL),(574,2,554,'2019-09-17 15:26:18','2019-09-17 15:26:18','2019-09-17 15:26:18','COMPLETED','COMPLETED','','2019-09-17 15:26:18',NULL),(575,2,555,'2019-09-17 15:39:35','2019-09-17 15:39:35','2019-09-17 15:39:35','COMPLETED','COMPLETED','','2019-09-17 15:39:35',NULL),(576,2,556,'2019-09-17 15:41:39','2019-09-17 15:41:39','2019-09-17 15:41:39','COMPLETED','COMPLETED','','2019-09-17 15:41:39',NULL),(577,2,557,'2019-09-17 15:42:17','2019-09-17 15:42:17','2019-09-17 15:42:17','COMPLETED','COMPLETED','','2019-09-17 15:42:17',NULL),(578,2,558,'2019-09-17 15:45:00','2019-09-17 15:45:00','2019-09-17 15:45:00','COMPLETED','COMPLETED','','2019-09-17 15:45:00',NULL),(579,2,559,'2019-09-17 15:46:45','2019-09-17 15:46:45','2019-09-17 15:46:45','COMPLETED','COMPLETED','','2019-09-17 15:46:45',NULL),(580,2,560,'2019-09-17 15:50:43','2019-09-17 15:50:43','2019-09-17 15:50:43','COMPLETED','COMPLETED','','2019-09-17 15:50:43',NULL),(581,2,561,'2019-09-17 15:52:20','2019-09-17 15:52:20','2019-09-17 15:52:20','COMPLETED','COMPLETED','','2019-09-17 15:52:20',NULL),(582,2,562,'2019-09-17 15:55:44','2019-09-17 15:55:44','2019-09-17 15:55:44','COMPLETED','COMPLETED','','2019-09-17 15:55:44',NULL),(583,2,563,'2019-09-17 16:01:30','2019-09-17 16:01:30','2019-09-17 16:01:30','COMPLETED','COMPLETED','','2019-09-17 16:01:30',NULL),(584,2,564,'2019-09-17 16:05:05','2019-09-17 16:05:05','2019-09-17 16:05:06','COMPLETED','COMPLETED','','2019-09-17 16:05:06',NULL),(585,2,565,'2019-09-17 16:06:22','2019-09-17 16:06:22','2019-09-17 16:06:22','COMPLETED','COMPLETED','','2019-09-17 16:06:22',NULL),(586,2,566,'2019-09-17 16:08:23','2019-09-17 16:08:23','2019-09-17 16:08:23','COMPLETED','COMPLETED','','2019-09-17 16:08:23',NULL),(587,2,567,'2019-09-17 16:09:34','2019-09-17 16:09:34','2019-09-17 16:09:34','COMPLETED','COMPLETED','','2019-09-17 16:09:34',NULL),(588,2,568,'2019-09-17 16:21:25','2019-09-17 16:21:25','2019-09-17 16:21:25','COMPLETED','COMPLETED','','2019-09-17 16:21:25',NULL);
/*!40000 ALTER TABLE `BATCH_JOB_EXECUTION` ENABLE KEYS */;
UNLOCK TABLES;

--
-- Table structure for table `BATCH_JOB_EXECUTION_CONTEXT`
--

DROP TABLE IF EXISTS `BATCH_JOB_EXECUTION_CONTEXT`;
/*!40101 SET @saved_cs_client     = @@character_set_client */;
/*!40101 SET character_set_client = utf8 */;
CREATE TABLE `BATCH_JOB_EXECUTION_CONTEXT` (
  `JOB_EXECUTION_ID` bigint(20) NOT NULL,
  `SHORT_CONTEXT` varchar(2500) NOT NULL,
  `SERIALIZED_CONTEXT` varchar(2500) DEFAULT NULL,
  PRIMARY KEY (`JOB_EXECUTION_ID`)
) ENGINE=InnoDB DEFAULT CHARSET=latin1;
/*!40101 SET character_set_client = @saved_cs_client */;

--
-- Dumping data for table `BATCH_JOB_EXECUTION_CONTEXT`
--

LOCK TABLES `BATCH_JOB_EXECUTION_CONTEXT` WRITE;
/*!40000 ALTER TABLE `BATCH_JOB_EXECUTION_CONTEXT` DISABLE KEYS */;
INSERT INTO `BATCH_JOB_EXECUTION_CONTEXT` VALUES (4,'{}',NULL),(5,'{}',NULL),(6,'{}',NULL),(7,'{}',NULL),(8,'{}',NULL),(9,'{}',NULL),(10,'{}',NULL),(11,'{}',NULL),(12,'{}',NULL),(13,'{}',NULL),(14,'{}',NULL),(15,'{}',NULL),(16,'{}',NULL),(17,'{}',NULL),(18,'{}',NULL),(19,'{}',NULL),(20,'{}',NULL),(21,'{}',NULL),(22,'{}',NULL),(23,'{}',NULL),(24,'{}',NULL),(25,'{}',NULL),(26,'{}',NULL),(27,'{}',NULL),(28,'{}',NULL),(29,'{}',NULL),(30,'{}',NULL),(31,'{}',NULL),(32,'{}',NULL),(33,'{}',NULL),(34,'{}',NULL),(35,'{}',NULL),(36,'{}',NULL),(37,'{}',NULL),(38,'{}',NULL),(39,'{}',NULL),(40,'{}',NULL),(41,'{}',NULL),(42,'{}',NULL),(43,'{}',NULL),(44,'{}',NULL),(45,'{}',NULL),(46,'{}',NULL),(47,'{}',NULL),(48,'{}',NULL),(49,'{}',NULL),(50,'{}',NULL),(51,'{}',NULL),(52,'{}',NULL),(53,'{}',NULL),(54,'{}',NULL),(55,'{}',NULL),(56,'{}',NULL),(57,'{}',NULL),(58,'{}',NULL),(59,'{}',NULL),(60,'{}',NULL),(61,'{}',NULL),(62,'{}',NULL),(63,'{}',NULL),(64,'{}',NULL),(65,'{}',NULL),(66,'{}',NULL),(67,'{}',NULL),(68,'{}',NULL),(69,'{}',NULL),(70,'{}',NULL),(71,'{}',NULL),(72,'{}',NULL),(73,'{}',NULL),(74,'{}',NULL),(75,'{}',NULL),(76,'{}',NULL),(77,'{}',NULL),(78,'{}',NULL),(79,'{}',NULL),(80,'{}',NULL),(81,'{}',NULL),(82,'{}',NULL),(83,'{}',NULL),(84,'{}',NULL),(85,'{}',NULL),(86,'{}',NULL),(87,'{}',NULL),(88,'{}',NULL),(89,'{}',NULL),(90,'{}',NULL),(91,'{}',NULL),(92,'{}',NULL),(93,'{}',NULL),(94,'{}',NULL),(95,'{}',NULL),(96,'{}',NULL),(97,'{}',NULL),(98,'{}',NULL),(99,'{}',NULL),(100,'{}',NULL),(101,'{}',NULL),(102,'{}',NULL),(103,'{}',NULL),(104,'{}',NULL),(105,'{}',NULL),(106,'{}',NULL),(107,'{}',NULL),(108,'{}',NULL),(109,'{}',NULL),(110,'{}',NULL),(111,'{}',NULL),(112,'{}',NULL),(113,'{}',NULL),(114,'{}',NULL),(115,'{}',NULL),(116,'{}',NULL),(117,'{}',NULL),(118,'{}',NULL),(119,'{}',NULL),(120,'{}',NULL),(121,'{}',NULL),(122,'{}',NULL),(123,'{}',NULL),(124,'{}',NULL),(125,'{}',NULL),(126,'{}',NULL),(127,'{}',NULL),(128,'{}',NULL),(129,'{}',NULL),(130,'{}',NULL),(131,'{}',NULL),(132,'{}',NULL),(133,'{}',NULL),(134,'{}',NULL),(135,'{}',NULL),(136,'{}',NULL),(137,'{}',NULL),(138,'{}',NULL),(139,'{}',NULL),(140,'{}',NULL),(141,'{}',NULL),(142,'{}',NULL),(143,'{}',NULL),(144,'{}',NULL),(145,'{}',NULL),(146,'{}',NULL),(147,'{}',NULL),(148,'{}',NULL),(149,'{}',NULL),(150,'{}',NULL),(151,'{}',NULL),(152,'{}',NULL),(153,'{}',NULL),(154,'{}',NULL),(155,'{}',NULL),(156,'{}',NULL),(157,'{}',NULL),(158,'{}',NULL),(159,'{}',NULL),(160,'{}',NULL),(161,'{}',NULL),(162,'{}',NULL),(163,'{}',NULL),(164,'{}',NULL),(165,'{}',NULL),(166,'{}',NULL),(167,'{}',NULL),(168,'{}',NULL),(169,'{}',NULL),(170,'{}',NULL),(171,'{}',NULL),(172,'{}',NULL),(173,'{}',NULL),(174,'{}',NULL),(175,'{}',NULL),(176,'{}',NULL),(177,'{}',NULL),(178,'{}',NULL),(179,'{}',NULL),(180,'{}',NULL),(181,'{}',NULL),(182,'{}',NULL),(183,'{}',NULL),(184,'{}',NULL),(185,'{}',NULL),(186,'{}',NULL),(187,'{}',NULL),(188,'{}',NULL),(189,'{}',NULL),(190,'{}',NULL),(191,'{}',NULL),(192,'{}',NULL),(193,'{}',NULL),(194,'{}',NULL),(195,'{}',NULL),(196,'{}',NULL),(197,'{}',NULL),(198,'{}',NULL),(199,'{}',NULL),(200,'{}',NULL),(201,'{}',NULL),(202,'{}',NULL),(203,'{}',NULL),(204,'{}',NULL),(205,'{}',NULL),(206,'{}',NULL),(207,'{}',NULL),(208,'{}',NULL),(209,'{}',NULL),(210,'{}',NULL),(211,'{}',NULL),(212,'{}',NULL),(213,'{}',NULL),(214,'{}',NULL),(215,'{}',NULL),(216,'{}',NULL),(217,'{}',NULL),(218,'{}',NULL),(219,'{}',NULL),(220,'{}',NULL),(221,'{}',NULL),(222,'{}',NULL),(223,'{}',NULL),(224,'{}',NULL),(225,'{}',NULL),(226,'{}',NULL),(227,'{}',NULL),(228,'{}',NULL),(229,'{}',NULL),(230,'{}',NULL),(231,'{}',NULL),(232,'{}',NULL),(233,'{}',NULL),(234,'{}',NULL),(235,'{}',NULL),(236,'{}',NULL),(237,'{}',NULL),(238,'{}',NULL),(239,'{}',NULL),(240,'{}',NULL),(241,'{}',NULL),(242,'{}',NULL),(243,'{}',NULL),(244,'{}',NULL),(245,'{}',NULL),(246,'{}',NULL),(247,'{}',NULL),(248,'{}',NULL),(249,'{}',NULL),(250,'{}',NULL),(251,'{}',NULL),(252,'{}',NULL),(253,'{}',NULL),(254,'{}',NULL),(255,'{}',NULL),(256,'{}',NULL),(257,'{}',NULL),(258,'{}',NULL),(259,'{}',NULL),(260,'{}',NULL),(261,'{}',NULL),(262,'{}',NULL),(263,'{}',NULL),(264,'{}',NULL),(265,'{}',NULL),(266,'{}',NULL),(267,'{}',NULL),(268,'{}',NULL),(269,'{}',NULL),(270,'{}',NULL),(271,'{}',NULL),(272,'{}',NULL),(273,'{}',NULL),(274,'{}',NULL),(275,'{}',NULL),(276,'{}',NULL),(277,'{}',NULL),(278,'{}',NULL),(279,'{}',NULL),(280,'{}',NULL),(281,'{}',NULL),(282,'{}',NULL),(283,'{}',NULL),(284,'{}',NULL),(285,'{}',NULL),(286,'{}',NULL),(287,'{}',NULL),(288,'{}',NULL),(289,'{}',NULL),(290,'{}',NULL),(291,'{}',NULL),(292,'{}',NULL),(293,'{}',NULL),(294,'{}',NULL),(295,'{}',NULL),(296,'{}',NULL),(297,'{}',NULL),(298,'{}',NULL),(299,'{}',NULL),(300,'{}',NULL),(301,'{}',NULL),(302,'{}',NULL),(303,'{}',NULL),(304,'{}',NULL),(305,'{}',NULL),(306,'{}',NULL),(307,'{}',NULL),(308,'{}',NULL),(309,'{}',NULL),(310,'{}',NULL),(311,'{}',NULL),(312,'{}',NULL),(313,'{}',NULL),(314,'{}',NULL),(315,'{}',NULL),(316,'{}',NULL),(317,'{}',NULL),(318,'{}',NULL),(319,'{}',NULL),(320,'{}',NULL),(321,'{}',NULL),(322,'{}',NULL),(323,'{}',NULL),(324,'{}',NULL),(325,'{}',NULL),(326,'{}',NULL),(327,'{}',NULL),(328,'{}',NULL),(329,'{}',NULL),(330,'{}',NULL),(331,'{}',NULL),(332,'{}',NULL),(333,'{}',NULL),(334,'{}',NULL),(335,'{}',NULL),(336,'{}',NULL),(337,'{}',NULL),(338,'{}',NULL),(339,'{}',NULL),(340,'{}',NULL),(341,'{}',NULL),(342,'{}',NULL),(343,'{}',NULL),(344,'{}',NULL),(345,'{}',NULL),(346,'{}',NULL),(347,'{}',NULL),(348,'{}',NULL),(349,'{}',NULL),(350,'{}',NULL),(351,'{}',NULL),(352,'{}',NULL),(353,'{}',NULL),(354,'{}',NULL),(355,'{}',NULL),(356,'{}',NULL),(357,'{}',NULL),(358,'{}',NULL),(359,'{}',NULL),(360,'{}',NULL),(361,'{}',NULL),(362,'{}',NULL),(363,'{}',NULL),(364,'{}',NULL),(365,'{}',NULL),(366,'{}',NULL),(367,'{}',NULL),(368,'{}',NULL),(369,'{}',NULL),(370,'{}',NULL),(371,'{}',NULL),(372,'{}',NULL),(373,'{}',NULL),(374,'{}',NULL),(375,'{}',NULL),(376,'{}',NULL),(377,'{}',NULL),(378,'{}',NULL),(379,'{}',NULL),(380,'{}',NULL),(381,'{}',NULL),(382,'{}',NULL),(383,'{}',NULL),(384,'{}',NULL),(385,'{}',NULL),(386,'{}',NULL),(387,'{}',NULL),(388,'{}',NULL),(389,'{}',NULL),(390,'{}',NULL),(391,'{}',NULL),(392,'{}',NULL),(393,'{}',NULL),(394,'{}',NULL),(395,'{}',NULL),(396,'{}',NULL),(397,'{}',NULL),(398,'{}',NULL),(399,'{}',NULL),(400,'{}',NULL),(401,'{}',NULL),(402,'{}',NULL),(403,'{}',NULL),(404,'{}',NULL),(405,'{}',NULL),(406,'{}',NULL),(407,'{}',NULL),(408,'{}',NULL),(409,'{}',NULL),(410,'{}',NULL),(411,'{}',NULL),(412,'{}',NULL),(413,'{}',NULL),(414,'{}',NULL),(415,'{}',NULL),(416,'{}',NULL),(417,'{}',NULL),(418,'{}',NULL),(419,'{}',NULL),(420,'{}',NULL),(421,'{}',NULL),(422,'{}',NULL),(423,'{}',NULL),(424,'{}',NULL),(425,'{}',NULL),(426,'{}',NULL),(427,'{}',NULL),(428,'{}',NULL),(429,'{}',NULL),(430,'{}',NULL),(431,'{}',NULL),(432,'{}',NULL),(433,'{}',NULL),(434,'{}',NULL),(435,'{}',NULL),(436,'{}',NULL),(437,'{}',NULL),(438,'{}',NULL),(439,'{}',NULL),(440,'{}',NULL),(441,'{}',NULL),(442,'{}',NULL),(443,'{}',NULL),(444,'{}',NULL),(445,'{}',NULL),(446,'{}',NULL),(447,'{}',NULL),(448,'{}',NULL),(449,'{}',NULL),(450,'{}',NULL),(451,'{}',NULL),(452,'{}',NULL),(453,'{}',NULL),(454,'{}',NULL),(455,'{}',NULL),(456,'{}',NULL),(457,'{}',NULL),(458,'{}',NULL),(459,'{}',NULL),(460,'{}',NULL),(461,'{}',NULL),(462,'{}',NULL),(463,'{}',NULL),(464,'{}',NULL),(465,'{}',NULL),(466,'{}',NULL),(467,'{}',NULL),(468,'{}',NULL),(469,'{}',NULL),(470,'{}',NULL),(471,'{}',NULL),(472,'{}',NULL),(473,'{}',NULL),(474,'{}',NULL),(475,'{}',NULL),(476,'{}',NULL),(477,'{}',NULL),(478,'{}',NULL),(479,'{}',NULL),(480,'{}',NULL),(481,'{}',NULL),(482,'{}',NULL),(483,'{}',NULL),(484,'{}',NULL),(485,'{}',NULL),(486,'{}',NULL),(487,'{}',NULL),(488,'{}',NULL),(489,'{}',NULL),(490,'{}',NULL),(491,'{}',NULL),(492,'{}',NULL),(493,'{}',NULL),(494,'{}',NULL),(495,'{}',NULL),(496,'{}',NULL),(497,'{}',NULL),(498,'{}',NULL),(499,'{}',NULL),(500,'{}',NULL),(501,'{}',NULL),(502,'{}',NULL),(503,'{}',NULL),(504,'{}',NULL),(505,'{}',NULL),(506,'{}',NULL),(507,'{}',NULL),(508,'{}',NULL),(509,'{}',NULL),(510,'{}',NULL),(511,'{}',NULL),(512,'{}',NULL),(513,'{}',NULL),(514,'{}',NULL),(515,'{}',NULL),(516,'{}',NULL),(517,'{}',NULL),(518,'{}',NULL),(519,'{}',NULL),(520,'{}',NULL),(521,'{}',NULL),(522,'{}',NULL),(523,'{}',NULL),(524,'{}',NULL),(525,'{}',NULL),(526,'{}',NULL),(527,'{}',NULL),(528,'{}',NULL),(529,'{}',NULL),(530,'{}',NULL),(531,'{}',NULL),(532,'{}',NULL),(533,'{}',NULL),(534,'{}',NULL),(535,'{}',NULL),(536,'{}',NULL),(537,'{}',NULL),(538,'{}',NULL),(539,'{}',NULL),(540,'{}',NULL),(541,'{}',NULL),(542,'{}',NULL),(543,'{}',NULL),(544,'{}',NULL),(545,'{}',NULL),(546,'{}',NULL),(547,'{}',NULL),(548,'{}',NULL),(549,'{}',NULL),(550,'{}',NULL),(551,'{}',NULL),(552,'{}',NULL),(553,'{}',NULL),(554,'{}',NULL),(555,'{}',NULL),(556,'{}',NULL),(557,'{}',NULL),(558,'{}',NULL),(559,'{}',NULL),(560,'{}',NULL),(561,'{}',NULL),(562,'{}',NULL),(563,'{}',NULL),(564,'{}',NULL),(565,'{}',NULL),(566,'{}',NULL),(567,'{}',NULL),(568,'{}',NULL),(569,'{}',NULL),(570,'{}',NULL),(571,'{}',NULL),(572,'{}',NULL),(573,'{}',NULL),(574,'{}',NULL),(575,'{}',NULL),(576,'{}',NULL),(577,'{}',NULL),(578,'{}',NULL),(579,'{}',NULL),(580,'{}',NULL),(581,'{}',NULL),(582,'{}',NULL),(583,'{}',NULL),(584,'{}',NULL),(585,'{}',NULL),(586,'{}',NULL),(587,'{}',NULL),(588,'{}',NULL);
/*!40000 ALTER TABLE `BATCH_JOB_EXECUTION_CONTEXT` ENABLE KEYS */;
UNLOCK TABLES;

--
-- Table structure for table `BATCH_JOB_EXECUTION_PARAMS`
--

DROP TABLE IF EXISTS `BATCH_JOB_EXECUTION_PARAMS`;
/*!40101 SET @saved_cs_client     = @@character_set_client */;
/*!40101 SET character_set_client = utf8 */;
CREATE TABLE `BATCH_JOB_EXECUTION_PARAMS` (
  `JOB_EXECUTION_ID` bigint(20) NOT NULL,
  `TYPE_CD` varchar(6) NOT NULL,
  `KEY_NAME` varchar(100) NOT NULL,
  `STRING_VAL` varchar(250) DEFAULT NULL,
  `DATE_VAL` datetime DEFAULT NULL,
  `LONG_VAL` bigint(20) DEFAULT NULL,
  `DOUBLE_VAL` double DEFAULT NULL,
  `IDENTIFYING` char(1) NOT NULL,
  KEY `JOB_EXEC_PARAMS_FK` (`JOB_EXECUTION_ID`),
  CONSTRAINT `JOB_EXEC_PARAMS_FK` FOREIGN KEY (`JOB_EXECUTION_ID`) REFERENCES `BATCH_JOB_EXECUTION` (`JOB_EXECUTION_ID`)
) ENGINE=InnoDB DEFAULT CHARSET=latin1;
/*!40101 SET character_set_client = @saved_cs_client */;

--
-- Dumping data for table `BATCH_JOB_EXECUTION_PARAMS`
--

LOCK TABLES `BATCH_JOB_EXECUTION_PARAMS` WRITE;
/*!40000 ALTER TABLE `BATCH_JOB_EXECUTION_PARAMS` DISABLE KEYS */;
INSERT INTO `BATCH_JOB_EXECUTION_PARAMS` VALUES (339,'STRING','file.name','file:/opt/so/data/docs/2018-12-06T18:46:27.837-298e1f2e-9b67-462e-9f6d-35d0ddefb239','1970-01-01 05:30:00',0,0,'Y'),(339,'LONG','time','','1970-01-01 05:30:00',1544102189256,0,'Y'),(340,'STRING','file.name','file:/opt/so/data/docs/2018-12-06T19:01:26.626-5bfeb69d-7550-4df7-a12d-38bdea0ce341','1970-01-01 05:30:00',0,0,'Y'),(340,'LONG','time','','1970-01-01 05:30:00',1544103088358,0,'Y'),(341,'STRING','file.name','file:/opt/so/data/docs/other/12-2018/2018-12-07T15:33:22.679-2cc17f0c-def1-4233-9234-5961dcda196b','1970-01-01 05:30:00',0,0,'Y'),(341,'LONG','time','','1970-01-01 05:30:00',1544177024518,0,'Y'),(342,'STRING','file.name','file:/opt/so/data/docs/other/12-2018/2018-12-07T15:38:46.816-01f6e3fb-5b18-4751-b2a9-0f38c36298f1','1970-01-01 05:30:00',0,0,'Y'),(342,'LONG','time','','1970-01-01 05:30:00',1544177333807,0,'Y'),(343,'STRING','file.name','file:/opt/so/data/docs/other/12-2018/2018-12-08T10:33:08.255-919cbf32-24b1-43c4-ab35-f503987836c5','1970-01-01 05:30:00',0,0,'Y'),(343,'LONG','time','','1970-01-01 05:30:00',1544245393707,0,'Y'),(344,'STRING','file.name','file:/opt/so/data/docs/other/12-2018/2018-12-08T10:52:17.871-478713aa-3175-48e6-9922-0224e57775e6','1970-01-01 05:30:00',0,0,'Y'),(344,'LONG','time','','1970-01-01 05:30:00',1544246539553,0,'Y'),(345,'STRING','file.name','file:/opt/so/data/docs/other/12-2018/2018-12-08T10:59:31.017-c423c415-db57-40c6-b2f3-3dc587266e01','1970-01-01 05:30:00',0,0,'Y'),(345,'LONG','time','','1970-01-01 05:30:00',1544246972811,0,'Y'),(346,'STRING','file.name','file:/opt/so/data/docs/other/12-2018/2018-12-08T11:11:03.025-e72a1d07-e073-46c0-b332-1c3747560578','1970-01-01 05:30:00',0,0,'Y'),(346,'LONG','time','','1970-01-01 05:30:00',1544247664831,0,'Y'),(347,'STRING','file.name','file:/opt/so/data/docs/other/12-2018/2018-12-08T11:12:28.280-9b94821a-840b-4cf8-a621-a458a78d8e41','1970-01-01 05:30:00',0,0,'Y'),(347,'LONG','time','','1970-01-01 05:30:00',1544247749561,0,'Y'),(348,'STRING','file.name','file:/opt/so/data/docs/other/12-2018/2018-12-08T11:28:00.723-fcc190f7-dad7-4b16-8b5c-f5b2ddb215f7','1970-01-01 05:30:00',0,0,'Y'),(348,'LONG','time','','1970-01-01 05:30:00',1544248684244,0,'Y'),(349,'STRING','file.name','file:/opt/so/data/docs/other/12-2018/2018-12-08T11:42:39.736-46468b0f-14c1-464e-a671-f19206fd0d07','1970-01-01 05:30:00',0,0,'Y'),(349,'LONG','time','','1970-01-01 05:30:00',1544249562410,0,'Y'),(350,'STRING','file.name','file:/opt/so/data/docs/other/12-2018/2018-12-08T11:47:27.869-91057ee5-480b-4fb1-a335-a974179320ac','1970-01-01 05:30:00',0,0,'Y'),(350,'LONG','time','','1970-01-01 05:30:00',1544249849436,0,'Y'),(351,'STRING','file.name','file:/opt/so/data/docs/other/12-2018/2018-12-08T11:50:51.658-fae15535-8744-46ab-98af-d9a73d031fe2','1970-01-01 05:30:00',0,0,'Y'),(351,'LONG','time','','1970-01-01 05:30:00',1544250053380,0,'Y'),(352,'STRING','file.name','file:/opt/so/data/docs/other/12-2018/2018-12-08T11:54:47.628-71569016-ec9c-4002-8d39-b98e88d3b327','1970-01-01 05:30:00',0,0,'Y'),(352,'LONG','time','','1970-01-01 05:30:00',1544250289348,0,'Y'),(353,'STRING','file.name','file:/opt/so/data/docs/other/12-2018/2018-12-08T12:14:06.709-1feece6d-e974-4a86-a589-834a621a9989','1970-01-01 05:30:00',0,0,'Y'),(353,'LONG','time','','1970-01-01 05:30:00',1544251448035,0,'Y'),(354,'STRING','file.name','file:/opt/so/data/docs/other/12-2018/2018-12-08T12:17:51.627-71e2c76f-13e4-4614-a780-32a6291dcb8c','1970-01-01 05:30:00',0,0,'Y'),(354,'LONG','time','','1970-01-01 05:30:00',1544251673096,0,'Y'),(355,'STRING','file.name','file:/opt/so/data/docs/other/12-2018/2018-12-08T12:18:52.574-ea723213-7ccc-4bb1-9813-7d5288f74454','1970-01-01 05:30:00',0,0,'Y'),(355,'LONG','time','','1970-01-01 05:30:00',1544251733891,0,'Y'),(356,'STRING','file.name','file:/opt/so/data/docs/other/12-2018/2018-12-08T13:02:12.685-13bd834b-4e66-4bf6-966e-23ac9554a8c4','1970-01-01 05:30:00',0,0,'Y'),(356,'LONG','time','','1970-01-01 05:30:00',1544254338263,0,'Y'),(357,'STRING','file.name','file:/opt/so/data/docs/other/12-2018/2018-12-08T13:04:21.458-ee9fdcb4-d67c-4dd8-9533-8917eb94e91e','1970-01-01 05:30:00',0,0,'Y'),(357,'LONG','time','','1970-01-01 05:30:00',1544254462951,0,'Y'),(358,'STRING','file.name','file:/opt/so/data/docs/other/12-2018/2018-12-08T13:28:15.562-40610421-2f8e-47a6-97e7-cb943c209a87','1970-01-01 05:30:00',0,0,'Y'),(358,'LONG','time','','1970-01-01 05:30:00',1544255898280,0,'Y'),(359,'STRING','file.name','file:/opt/so/data/docs/other/12-2018/2018-12-08T13:29:11.567-b0457c2e-012a-4c71-87df-6566930f455f','1970-01-01 05:30:00',0,0,'Y'),(359,'LONG','time','','1970-01-01 05:30:00',1544255952987,0,'Y'),(360,'STRING','file.name','file:/opt/so/data/docs/other/12-2018/2018-12-08T13:30:51.937-ce564f57-b9ec-448b-8c98-073e5430d6f5','1970-01-01 05:30:00',0,0,'Y'),(360,'LONG','time','','1970-01-01 05:30:00',1544256053286,0,'Y'),(361,'STRING','file.name','file:/opt/so/data/docs/other/12-2018/2018-12-08T13:47:22.148-2fdcbbad-0805-4a5a-919f-b449b8b018cb','1970-01-01 05:30:00',0,0,'Y'),(361,'LONG','time','','1970-01-01 05:30:00',1544257043953,0,'Y'),(362,'STRING','file.name','file:/opt/so/data/docs/other/12-2018/2018-12-08T14:01:20.483-d520409c-9da7-4fde-838f-4d6894a38271','1970-01-01 05:30:00',0,0,'Y'),(362,'LONG','time','','1970-01-01 05:30:00',1544257885492,0,'Y'),(363,'STRING','file.name','file:/opt/so/data/docs/other/12-2018/2018-12-08T14:09:27.494-36d41d54-2101-41c8-9d36-d9bc53a7b47d','1970-01-01 05:30:00',0,0,'Y'),(363,'LONG','time','','1970-01-01 05:30:00',1544258368798,0,'Y'),(364,'STRING','file.name','file:/opt/so/data/docs/other/12-2018/2018-12-08T14:22:05.032-e66ef6ab-ba41-4e55-adf9-4ef9243477e9','1970-01-01 05:30:00',0,0,'Y'),(364,'LONG','time','','1970-01-01 05:30:00',1544259126320,0,'Y'),(365,'STRING','file.name','file:/opt/so/data/docs/other/12-2018/2018-12-08T14:29:41.232-e8a845ff-f860-45ed-8869-a975b9b6371e','1970-01-01 05:30:00',0,0,'Y'),(365,'LONG','time','','1970-01-01 05:30:00',1544259583204,0,'Y'),(366,'STRING','file.name','file:/opt/so/data/docs/other/12-2018/2018-12-08T15:09:24.369-0965d4e1-119b-4dd5-b7d8-577a1991650a','1970-01-01 05:30:00',0,0,'Y'),(366,'LONG','time','','1970-01-01 05:30:00',1544261967253,0,'Y'),(367,'STRING','file.name','file:/opt/so/data/docs/other/12-2018/2018-12-08T15:21:27.745-370df15e-c962-4000-923c-251c4292d60d','1970-01-01 05:30:00',0,0,'Y'),(367,'LONG','time','','1970-01-01 05:30:00',1544262689068,0,'Y'),(368,'STRING','file.name','file:/opt/so/data/docs/other/12-2018/2018-12-08T15:33:08.064-140cc55d-7736-4414-8339-6908cc7783b0','1970-01-01 05:30:00',0,0,'Y'),(368,'LONG','time','','1970-01-01 05:30:00',1544263390277,0,'Y'),(369,'STRING','file.name','file:/opt/so/data/docs/other/12-2018/2018-12-08T15:52:13.681-add3e8a1-88e4-4b91-aca7-a0251b9c1ce1','1970-01-01 05:30:00',0,0,'Y'),(369,'LONG','time','','1970-01-01 05:30:00',1544264535779,0,'Y'),(370,'STRING','file.name','file:/opt/so/data/docs/other/12-2018/2018-12-08T15:57:01.960-afa27e59-6642-4eb2-9f43-b5c2afc74eb2','1970-01-01 05:30:00',0,0,'Y'),(370,'LONG','time','','1970-01-01 05:30:00',1544264823194,0,'Y'),(371,'STRING','file.name','file:/opt/so/data/docs/other/12-2018/2018-12-08T16:12:39.803-90d77d86-8f20-4260-b993-672c848600f7','1970-01-01 05:30:00',0,0,'Y'),(371,'LONG','time','','1970-01-01 05:30:00',1544265761377,0,'Y'),(372,'STRING','file.name','file:/opt/so/data/docs/other/12-2018/2018-12-08T16:28:12.078-51cc8afb-7be2-4f82-8ca1-231ea55ea684','1970-01-01 05:30:00',0,0,'Y'),(372,'LONG','time','','1970-01-01 05:30:00',1544266694750,0,'Y'),(373,'STRING','file.name','file:/opt/so/data/docs/other/03-2019/2019-03-12T15:42:45.801-72ec8f47-4025-4e4e-a15a-9d78468286c4','1970-01-01 05:30:00',0,0,'Y'),(373,'LONG','time','','1970-01-01 05:30:00',1552385583396,0,'Y'),(374,'STRING','file.name','file:/opt/so/data/docs/other/03-2019/2019-03-13T13:07:35.918-7b96854f-cac5-4a38-bfd6-20d75268f5e3','1970-01-01 05:30:00',0,0,'Y'),(374,'LONG','time','','1970-01-01 05:30:00',1552462682971,0,'Y'),(375,'STRING','file.name','file:/opt/so/data/docs/other/03-2019/2019-03-13T16:27:00.963-2c9c29fe-3c2a-4682-b064-6111178ed661','1970-01-01 05:30:00',0,0,'Y'),(375,'LONG','time','','1970-01-01 05:30:00',1552474624319,0,'Y'),(376,'STRING','file.name','file:/opt/so/data/docs/other/03-2019/2019-03-13T16:30:00.389-e03907f4-469f-4791-93f7-6f9fed604f6b','1970-01-01 05:30:00',0,0,'Y'),(376,'LONG','time','','1970-01-01 05:30:00',1552474802490,0,'Y'),(377,'STRING','file.name','file:/opt/so/data/docs/other/03-2019/2019-03-13T16:33:21.710-de96b301-2dd6-47bd-9e9a-d9606f6035e6','1970-01-01 05:30:00',0,0,'Y'),(377,'LONG','time','','1970-01-01 05:30:00',1552475003577,0,'Y'),(378,'STRING','file.name','file:/opt/so/data/docs/other/03-2019/2019-03-13T16:44:08.331-3bd5a929-0943-40ef-bbd2-1ecd6cdc8822','1970-01-01 05:30:00',0,0,'Y'),(378,'LONG','time','','1970-01-01 05:30:00',1552475650004,0,'Y'),(379,'STRING','file.name','file:/opt/so/data/docs/other/03-2019/2019-03-13T16:50:20.275-865121e8-3e3d-4faf-970b-2cc703543932','1970-01-01 05:30:00',0,0,'Y'),(379,'LONG','time','','1970-01-01 05:30:00',1552476022354,0,'Y'),(380,'STRING','file.name','file:/opt/so/data/docs/other/03-2019/2019-03-13T18:44:09.005-9c64fe50-3cae-433d-bbe5-55f5198a9297','1970-01-01 05:30:00',0,0,'Y'),(380,'LONG','time','','1970-01-01 05:30:00',1552482853794,0,'Y'),(381,'STRING','file.name','file:/opt/so/data/docs/other/03-2019/2019-03-13T18:57:45.209-0fcbc222-d388-443a-bdcb-35e2e3c59983','1970-01-01 05:30:00',0,0,'Y'),(381,'LONG','time','','1970-01-01 05:30:00',1552483668990,0,'Y'),(382,'STRING','file.name','file:/opt/so/data/docs/other/03-2019/2019-03-14T11:07:25.891-307bd9fe-fb1d-4087-a61b-ea0032d34c74','1970-01-01 05:30:00',0,0,'Y'),(382,'LONG','time','','1970-01-01 05:30:00',1552541849196,0,'Y'),(383,'STRING','file.name','file:/opt/so/data/docs/other/03-2019/2019-03-14T11:16:11.226-5a353aa5-e7c6-4b7e-bbcb-38b42e122169','1970-01-01 05:30:00',0,0,'Y'),(383,'LONG','time','','1970-01-01 05:30:00',1552542374634,0,'Y'),(384,'STRING','file.name','file:/opt/so/data/docs/other/03-2019/2019-03-14T11:18:31.280-7c388f1c-0bf8-432b-b359-cb00304bf433','1970-01-01 05:30:00',0,0,'Y'),(384,'LONG','time','','1970-01-01 05:30:00',1552542514882,0,'Y'),(385,'STRING','file.name','file:/opt/so/data/docs/other/03-2019/2019-03-14T11:29:40.691-87452523-b290-44da-a7ee-7a7166b1e055','1970-01-01 05:30:00',0,0,'Y'),(385,'LONG','time','','1970-01-01 05:30:00',1552543182909,0,'Y'),(386,'STRING','file.name','file:/opt/so/data/docs/other/03-2019/2019-03-14T11:39:26.251-b1affb00-d30e-4135-82b6-8ea06ead6861','1970-01-01 05:30:00',0,0,'Y'),(386,'LONG','time','','1970-01-01 05:30:00',1552543770956,0,'Y'),(387,'STRING','file.name','file:/opt/so/data/docs/other/03-2019/2019-03-14T11:47:56.262-f5277264-48aa-4c44-b1de-63c895b2b996','1970-01-01 05:30:00',0,0,'Y'),(387,'LONG','time','','1970-01-01 05:30:00',1552544277770,0,'Y'),(388,'STRING','file.name','file:/opt/so/data/docs/other/03-2019/2019-03-14T12:03:29.762-48c6e9f6-4391-48c6-b919-78d8b93d3a2f','1970-01-01 05:30:00',0,0,'Y'),(388,'LONG','time','','1970-01-01 05:30:00',1552545212951,0,'Y'),(389,'STRING','file.name','file:/opt/so/data/docs/other/03-2019/2019-03-14T12:12:18.698-6d57b6be-11ba-4ca9-9dea-d6ac6655f608','1970-01-01 05:30:00',0,0,'Y'),(389,'LONG','time','','1970-01-01 05:30:00',1552545742878,0,'Y'),(390,'STRING','file.name','file:/opt/so/data/docs/other/03-2019/2019-03-14T12:17:07.813-e13e2c77-c9ac-4ce8-bd64-3052758466d2','1970-01-01 05:30:00',0,0,'Y'),(390,'LONG','time','','1970-01-01 05:30:00',1552546029540,0,'Y'),(391,'STRING','file.name','file:/opt/so/data/docs/other/03-2019/2019-03-14T12:23:46.923-8daa8b4d-dba0-4b2c-a352-ce7df5fab0dd','1970-01-01 05:30:00',0,0,'Y'),(391,'LONG','time','','1970-01-01 05:30:00',1552546430348,0,'Y'),(392,'STRING','file.name','file:/opt/so/data/docs/other/03-2019/2019-03-14T12:31:31.638-602ebc3d-482b-4bce-aed6-b08df1cf1310','1970-01-01 05:30:00',0,0,'Y'),(392,'LONG','time','','1970-01-01 05:30:00',1552546895760,0,'Y'),(393,'STRING','file.name','file:/opt/so/data/docs/other/03-2019/2019-03-14T12:38:50.595-2f85e4b0-ac63-4d42-aae2-d3f66eff17b1','1970-01-01 05:30:00',0,0,'Y'),(393,'LONG','time','','1970-01-01 05:30:00',1552547335116,0,'Y'),(394,'STRING','file.name','file:/opt/so/data/docs/other/03-2019/2019-03-14T13:47:15.515-dc6b57ca-5e6f-48a0-b5f8-121ef5bea501','1970-01-01 05:30:00',0,0,'Y'),(394,'LONG','time','','1970-01-01 05:30:00',1552551439144,0,'Y'),(395,'STRING','file.name','file:/opt/so/data/docs/other/03-2019/2019-03-14T13:51:18.153-a3098140-919c-4c5b-b4da-f51e99d78b95','1970-01-01 05:30:00',0,0,'Y'),(395,'LONG','time','','1970-01-01 05:30:00',1552551682303,0,'Y'),(396,'STRING','file.name','file:/opt/so/data/docs/other/03-2019/2019-03-14T13:55:48.167-fbe4defa-46ee-4073-8506-8e8e7fa1b2b6','1970-01-01 05:30:00',0,0,'Y'),(396,'LONG','time','','1970-01-01 05:30:00',1552551951362,0,'Y'),(397,'STRING','file.name','file:/opt/so/data/docs/other/03-2019/2019-03-14T16:01:52.639-85828db0-09f2-4cdc-8c33-53fdcdc9593e','1970-01-01 05:30:00',0,0,'Y'),(397,'LONG','time','','1970-01-01 05:30:00',1552559536242,0,'Y'),(398,'STRING','file.name','file:/opt/so/data/docs/other/03-2019/2019-03-14T17:09:08.656-82d549aa-348f-4ba2-a863-7f255a067895','1970-01-01 05:30:00',0,0,'Y'),(398,'LONG','time','','1970-01-01 05:30:00',1552563553067,0,'Y'),(399,'STRING','file.name','file:/opt/so/data/docs/other/03-2019/2019-03-14T17:59:54.579-b57ed0e3-0377-498b-93ff-95eca9b7ad52','1970-01-01 05:30:00',0,0,'Y'),(399,'LONG','time','','1970-01-01 05:30:00',1552566598279,0,'Y'),(400,'STRING','file.name','file:/opt/so/data/docs/other/03-2019/2019-03-14T18:03:10.458-d0fba42e-5361-4f7d-93c2-035757ab867c','1970-01-01 05:30:00',0,0,'Y'),(400,'LONG','time','','1970-01-01 05:30:00',1552566792504,0,'Y'),(401,'STRING','file.name','file:/opt/so/data/docs/other/03-2019/2019-03-14T18:05:01.475-6a472d17-9992-4e25-ac0a-8893dd854c6e','1970-01-01 05:30:00',0,0,'Y'),(401,'LONG','time','','1970-01-01 05:30:00',1552566903487,0,'Y'),(402,'STRING','file.name','file:/opt/so/data/docs/other/03-2019/2019-03-14T18:11:16.313-218a1795-18b8-4722-87f6-70b1c0eb9cd4','1970-01-01 05:30:00',0,0,'Y'),(402,'LONG','time','','1970-01-01 05:30:00',1552567278221,0,'Y'),(403,'STRING','file.name','file:/opt/so/data/docs/other/03-2019/2019-03-14T18:17:05.315-899d3edc-e0e9-4458-abd6-b60aacffb122','1970-01-01 05:30:00',0,0,'Y'),(403,'LONG','time','','1970-01-01 05:30:00',1552567628378,0,'Y'),(404,'STRING','file.name','file:/opt/so/data/docs/other/03-2019/2019-03-14T18:19:48.145-02628022-a2ad-4868-8851-c2f071e85dc9','1970-01-01 05:30:00',0,0,'Y'),(404,'LONG','time','','1970-01-01 05:30:00',1552567790170,0,'Y'),(405,'STRING','file.name','file:/opt/so/data/docs/other/03-2019/2019-03-14T18:23:43.878-76c39a1b-64ac-440a-b932-4d4ca2f1d7da','1970-01-01 05:30:00',0,0,'Y'),(405,'LONG','time','','1970-01-01 05:30:00',1552568025714,0,'Y'),(406,'STRING','file.name','file:/opt/so/data/docs/other/03-2019/2019-03-15T11:05:16.073-19382948-6832-405e-b2c2-25da9c4e4076','1970-01-01 05:30:00',0,0,'Y'),(406,'LONG','time','','1970-01-01 05:30:00',1552628118286,0,'Y'),(407,'STRING','file.name','file:/opt/so/data/docs/other/03-2019/2019-03-15T11:19:31.934-b39722d2-80ac-45f9-9d4a-be4896afd7fe','1970-01-01 05:30:00',0,0,'Y'),(407,'LONG','time','','1970-01-01 05:30:00',1552628978267,0,'Y'),(408,'STRING','file.name','file:/opt/so/data/docs/other/03-2019/2019-03-15T11:33:48.992-e36daeea-1f73-4dd4-834f-3d089c8a883b','1970-01-01 05:30:00',0,0,'Y'),(408,'LONG','time','','1970-01-01 05:30:00',1552629830571,0,'Y'),(409,'STRING','file.name','file:/opt/so/data/docs/other/03-2019/2019-03-15T11:52:49.568-76dc1c39-43e4-4604-8974-d6154c3e3799','1970-01-01 05:30:00',0,0,'Y'),(409,'LONG','time','','1970-01-01 05:30:00',1552630971966,0,'Y'),(410,'STRING','file.name','file:/opt/so/data/docs/other/03-2019/2019-03-15T12:32:53.248-96007409-0adb-4538-a256-771367c2bd30','1970-01-01 05:30:00',0,0,'Y'),(410,'LONG','time','','1970-01-01 05:30:00',1552633375541,0,'Y'),(411,'STRING','file.name','file:/opt/so/data/docs/other/03-2019/2019-03-15T12:37:57.551-f180409f-22e0-4d01-aff1-99e7882648a6','1970-01-01 05:30:00',0,0,'Y'),(411,'LONG','time','','1970-01-01 05:30:00',1552633684792,0,'Y'),(412,'STRING','file.name','file:/opt/so/data/docs/other/03-2019/2019-03-15T13:00:38.936-cd3e2743-a971-456e-ae06-0a6472ee883f','1970-01-01 05:30:00',0,0,'Y'),(412,'LONG','time','','1970-01-01 05:30:00',1552635042419,0,'Y'),(413,'STRING','file.name','file:/opt/so/data/docs/other/03-2019/2019-03-15T13:25:00.710-67d84580-7f53-4ef3-b3b6-e61f24f00acc','1970-01-01 05:30:00',0,0,'Y'),(413,'LONG','time','','1970-01-01 05:30:00',1552636512305,0,'Y'),(414,'STRING','file.name','file:/opt/so/data/docs/other/03-2019/2019-03-15T13:49:47.803-cb94ce85-7d76-46bd-b9c0-291517398cce','1970-01-01 05:30:00',0,0,'Y'),(414,'LONG','time','','1970-01-01 05:30:00',1552637989933,0,'Y'),(415,'STRING','file.name','file:/opt/so/data/docs/other/03-2019/2019-03-15T15:25:29.270-66dc2940-899f-4417-ad7b-4e674cb910da','1970-01-01 05:30:00',0,0,'Y'),(415,'LONG','time','','1970-01-01 05:30:00',1552643733093,0,'Y'),(416,'STRING','file.name','file:/opt/so/data/docs/other/03-2019/2019-03-15T11:52:49.568-76dc1c39-43e4-4604-8974-d6154c3e3799','1970-01-01 05:30:00',0,0,'Y'),(416,'LONG','time','','1970-01-01 05:30:00',1552644651464,0,'Y'),(417,'STRING','file.name','file:/opt/so/data/docs/other/03-2019/2019-03-16T11:13:56.417-bea5c7d0-f3ad-4c5c-96df-59124c474383','1970-01-01 05:30:00',0,0,'Y'),(417,'LONG','time','','1970-01-01 05:30:00',1552715039526,0,'Y'),(418,'STRING','file.name','file:/opt/so/data/docs/other/03-2019/2019-03-16T11:13:56.417-bea5c7d0-f3ad-4c5c-96df-59124c474383','1970-01-01 05:30:00',0,0,'Y'),(418,'LONG','time','','1970-01-01 05:30:00',1552729540276,0,'Y'),(419,'STRING','file.name','file:/opt/so/data/docs/other/03-2019/2019-03-16T11:13:56.417-bea5c7d0-f3ad-4c5c-96df-59124c474383','1970-01-01 05:30:00',0,0,'Y'),(419,'LONG','time','','1970-01-01 05:30:00',1552729901824,0,'Y'),(420,'STRING','file.name','file:/opt/so/data/docs/other/03-2019/2019-03-16T11:13:56.417-bea5c7d0-f3ad-4c5c-96df-59124c474383','1970-01-01 05:30:00',0,0,'Y'),(420,'LONG','time','','1970-01-01 05:30:00',1552730142667,0,'Y'),(421,'STRING','file.name','file:/opt/so/data/docs/other/03-2019/2019-03-16T16:22:30.493-c0d65d96-4874-4022-848c-e08fe3eef1e4','1970-01-01 05:30:00',0,0,'Y'),(421,'LONG','time','','1970-01-01 05:30:00',1552733553455,0,'Y'),(422,'STRING','file.name','file:/opt/so/data/docs/other/03-2019/2019-03-16T16:24:16.423-4aef3ea0-f792-419e-a079-819531382681','1970-01-01 05:30:00',0,0,'Y'),(422,'LONG','time','','1970-01-01 05:30:00',1552733658552,0,'Y'),(423,'STRING','file.name','file:/opt/so/data/docs/other/03-2019/2019-03-16T16:24:16.423-4aef3ea0-f792-419e-a079-819531382681','1970-01-01 05:30:00',0,0,'Y'),(423,'LONG','time','','1970-01-01 05:30:00',1552733838436,0,'Y'),(424,'STRING','file.name','file:/opt/so/data/docs/other/03-2019/2019-03-16T16:24:16.423-4aef3ea0-f792-419e-a079-819531382681','1970-01-01 05:30:00',0,0,'Y'),(424,'LONG','time','','1970-01-01 05:30:00',1552734293183,0,'Y'),(425,'STRING','file.name','file:/opt/so/data/docs/other/03-2019/2019-03-16T16:24:16.423-4aef3ea0-f792-419e-a079-819531382681','1970-01-01 05:30:00',0,0,'Y'),(425,'LONG','time','','1970-01-01 05:30:00',1552734623427,0,'Y'),(426,'STRING','file.name','file:/opt/so/data/docs/other/03-2019/2019-03-16T16:24:16.423-4aef3ea0-f792-419e-a079-819531382681','1970-01-01 05:30:00',0,0,'Y'),(426,'LONG','time','','1970-01-01 05:30:00',1553066230140,0,'Y'),(427,'STRING','file.name','file:/opt/so/data/docs/other/03-2019/2019-03-22T17:01:33.619-9ee17ab5-7add-4a82-a705-2bf51cc6ec24','1970-01-01 05:30:00',0,0,'Y'),(427,'LONG','time','','1970-01-01 05:30:00',1553254298665,0,'Y'),(428,'STRING','file.name','file:/opt/so/data/docs/other/03-2019/2019-03-22T17:09:56.089-741994a2-09c4-42ac-acc7-6236bf676978','1970-01-01 05:30:00',0,0,'Y'),(428,'LONG','time','','1970-01-01 05:30:00',1553254797872,0,'Y'),(429,'STRING','file.name','file:/opt/so/data/docs/other/03-2019/2019-03-22T17:46:51.447-8567240c-ffc3-490f-98a2-e0646dffc15e','1970-01-01 05:30:00',0,0,'Y'),(429,'LONG','time','','1970-01-01 05:30:00',1553257013112,0,'Y'),(430,'STRING','file.name','file:/opt/so/data/docs/other/03-2019/2019-03-25T11:28:12.539-063ba62f-7f4c-4abd-b61d-444abb263b34','1970-01-01 05:30:00',0,0,'Y'),(430,'LONG','time','','1970-01-01 05:30:00',1553493500330,0,'Y'),(431,'STRING','file.name','file:/opt/so/data/docs/other/03-2019/2019-03-25T11:30:33.460-91a2cfb2-f21c-46fe-8087-b26fca1479a6','1970-01-01 05:30:00',0,0,'Y'),(431,'LONG','time','','1970-01-01 05:30:00',1553493635523,0,'Y'),(432,'STRING','file.name','file:/opt/so/data/docs/other/03-2019/2019-03-25T11:53:27.802-2918f490-1d55-4ab5-aa3d-b8fbefc4a823','1970-01-01 05:30:00',0,0,'Y'),(432,'LONG','time','','1970-01-01 05:30:00',1553495009522,0,'Y'),(433,'STRING','file.name','file:/opt/so/data/docs/other/03-2019/2019-03-25T12:00:15.065-ce946b62-0d99-4c81-9d91-9a2446c63eaf','1970-01-01 05:30:00',0,0,'Y'),(433,'LONG','time','','1970-01-01 05:30:00',1553495416537,0,'Y'),(434,'STRING','file.name','file:/opt/so/data/docs/other/03-2019/2019-03-25T12:10:57.928-7aa16a5c-7952-40d5-ad39-8a30382920b6','1970-01-01 05:30:00',0,0,'Y'),(434,'LONG','time','','1970-01-01 05:30:00',1553496059370,0,'Y'),(435,'STRING','file.name','file:/opt/so/data/docs/other/03-2019/2019-03-25T12:20:37.819-03da9c40-9374-4db2-bd3b-74a442446e4d','1970-01-01 05:30:00',0,0,'Y'),(435,'LONG','time','','1970-01-01 05:30:00',1553496639086,0,'Y'),(436,'STRING','file.name','file:/opt/so/data/docs/other/03-2019/2019-03-25T12:24:13.688-772b74a3-5a5c-4cf5-b372-9ca139098211','1970-01-01 05:30:00',0,0,'Y'),(436,'LONG','time','','1970-01-01 05:30:00',1553496855403,0,'Y'),(437,'STRING','file.name','file:/opt/so/data/docs/other/03-2019/2019-03-25T12:25:07.147-f71d0761-3d75-4822-8f06-bb5cac6d9ceb','1970-01-01 05:30:00',0,0,'Y'),(437,'LONG','time','','1970-01-01 05:30:00',1553496909351,0,'Y'),(438,'STRING','file.name','file:/opt/so/data/docs/other/03-2019/2019-03-25T12:29:11.384-c0955456-7c4d-4a23-9b6e-c89e93268630','1970-01-01 05:30:00',0,0,'Y'),(438,'LONG','time','','1970-01-01 05:30:00',1553497152511,0,'Y'),(439,'STRING','file.name','file:/opt/so/data/docs/other/03-2019/2019-03-25T12:39:10.258-69feffac-0372-47b5-92c1-b82c30afc419','1970-01-01 05:30:00',0,0,'Y'),(439,'LONG','time','','1970-01-01 05:30:00',1553497752298,0,'Y'),(440,'STRING','file.name','file:/opt/so/data/docs/other/03-2019/2019-03-25T12:45:53.169-80389aa0-2fc9-4f03-bc5d-b6641c9aae6b','1970-01-01 05:30:00',0,0,'Y'),(440,'LONG','time','','1970-01-01 05:30:00',1553498154502,0,'Y'),(441,'STRING','file.name','file:/opt/so/data/docs/other/03-2019/2019-03-25T12:49:19.584-1b089271-452c-44c4-8310-94512095707d','1970-01-01 05:30:00',0,0,'Y'),(441,'LONG','time','','1970-01-01 05:30:00',1553498360748,0,'Y'),(442,'STRING','file.name','file:/opt/so/data/docs/other/03-2019/2019-03-25T13:02:49.463-c78e6068-bdbc-47ab-9daa-e042d91a5abf','1970-01-01 05:30:00',0,0,'Y'),(442,'LONG','time','','1970-01-01 05:30:00',1553499171252,0,'Y'),(443,'STRING','file.name','file:/opt/so/data/docs/other/03-2019/2019-03-25T13:08:10.406-1dd6f955-284f-46bf-b9ed-cec8778add61','1970-01-01 05:30:00',0,0,'Y'),(443,'LONG','time','','1970-01-01 05:30:00',1553499491791,0,'Y'),(444,'STRING','file.name','file:/opt/so/data/docs/other/03-2019/2019-03-25T13:24:47.373-2ce54eb5-fdf6-4ac5-a161-a2bf22535c8d','1970-01-01 05:30:00',0,0,'Y'),(444,'LONG','time','','1970-01-01 05:30:00',1553500488580,0,'Y'),(445,'STRING','file.name','file:/opt/so/data/docs/other/03-2019/2019-03-25T13:26:31.482-391ab54c-1289-42c2-a062-fe40bd189173','1970-01-01 05:30:00',0,0,'Y'),(445,'LONG','time','','1970-01-01 05:30:00',1553500593135,0,'Y'),(446,'STRING','file.name','file:/opt/so/data/docs/other/03-2019/2019-03-25T13:30:14.856-ec44a323-0382-48cf-9235-77f3ae437e61','1970-01-01 05:30:00',0,0,'Y'),(446,'LONG','time','','1970-01-01 05:30:00',1553500816453,0,'Y'),(447,'STRING','file.name','file:/opt/so/data/docs/other/03-2019/2019-03-25T13:32:33.545-26cd6834-3c57-4e20-9f8d-e628c8e2f0e0','1970-01-01 05:30:00',0,0,'Y'),(447,'LONG','time','','1970-01-01 05:30:00',1553500954993,0,'Y'),(448,'STRING','file.name','file:/opt/so/data/docs/other/03-2019/2019-03-25T13:33:58.456-d48cd527-f0d8-4049-bfeb-ce8e8350d580','1970-01-01 05:30:00',0,0,'Y'),(448,'LONG','time','','1970-01-01 05:30:00',1553501039620,0,'Y'),(449,'STRING','file.name','file:/opt/so/data/docs/other/03-2019/2019-03-25T13:39:13.193-3224d367-96d3-4b45-9a07-42ae2596d112','1970-01-01 05:30:00',0,0,'Y'),(449,'LONG','time','','1970-01-01 05:30:00',1553501354961,0,'Y'),(450,'STRING','file.name','file:/opt/so/data/docs/other/03-2019/2019-03-25T13:43:37.480-86dee2f2-89e2-4e64-b8ff-dd68504f5d44','1970-01-01 05:30:00',0,0,'Y'),(450,'LONG','time','','1970-01-01 05:30:00',1553501618518,0,'Y'),(451,'STRING','file.name','file:/opt/so/data/docs/other/03-2019/2019-03-25T13:45:26.290-8600bfca-41ca-46fa-aa9c-a8b007f3a587','1970-01-01 05:30:00',0,0,'Y'),(451,'LONG','time','','1970-01-01 05:30:00',1553501727564,0,'Y'),(452,'STRING','file.name','file:/opt/so/data/docs/other/03-2019/2019-03-25T13:54:03.048-b621eb98-cd0e-40e9-a19e-bb64d15a39db','1970-01-01 05:30:00',0,0,'Y'),(452,'LONG','time','','1970-01-01 05:30:00',1553502245196,0,'Y'),(453,'STRING','file.name','file:/opt/so/data/docs/other/03-2019/2019-03-25T14:01:03.201-68c020a3-5212-4440-9823-53d0d7e2904d','1970-01-01 05:30:00',0,0,'Y'),(453,'LONG','time','','1970-01-01 05:30:00',1553502664303,0,'Y'),(454,'STRING','file.name','file:/opt/so/data/docs/other/03-2019/2019-03-25T14:02:04.341-66307872-5292-4303-8cec-815e8b677ab6','1970-01-01 05:30:00',0,0,'Y'),(454,'LONG','time','','1970-01-01 05:30:00',1553502725672,0,'Y'),(455,'STRING','file.name','file:/opt/so/data/docs/other/03-2019/2019-03-25T14:04:18.583-f13d9995-df02-4682-aa9f-ff57ff984bc1','1970-01-01 05:30:00',0,0,'Y'),(455,'LONG','time','','1970-01-01 05:30:00',1553502860228,0,'Y'),(456,'STRING','file.name','file:/opt/so/data/docs/other/03-2019/2019-03-25T14:46:29.718-5e0c9bb5-ad8f-4bed-8a51-d2ac9e9b9ec9','1970-01-01 05:30:00',0,0,'Y'),(456,'LONG','time','','1970-01-01 05:30:00',1553505390947,0,'Y'),(457,'STRING','file.name','file:/opt/so/data/docs/other/03-2019/2019-03-25T14:48:19.259-7672676a-a9f9-410c-803a-9e8043ca658b','1970-01-01 05:30:00',0,0,'Y'),(457,'LONG','time','','1970-01-01 05:30:00',1553505500708,0,'Y'),(458,'STRING','file.name','file:/opt/so/data/docs/other/03-2019/2019-03-25T14:52:39.724-fe2b098a-317d-4aff-8f3c-e1ca7dcd101a','1970-01-01 05:30:00',0,0,'Y'),(458,'LONG','time','','1970-01-01 05:30:00',1553505760873,0,'Y'),(459,'STRING','file.name','file:/opt/so/data/docs/other/03-2019/2019-03-25T14:56:09.193-3c0a4e39-3f64-4886-8614-301b33980dce','1970-01-01 05:30:00',0,0,'Y'),(459,'LONG','time','','1970-01-01 05:30:00',1553505970798,0,'Y'),(460,'STRING','file.name','file:/opt/so/data/docs/other/03-2019/2019-03-25T15:01:12.636-5b6493d9-9b51-4235-897d-513a1f0d1f9e','1970-01-01 05:30:00',0,0,'Y'),(460,'LONG','time','','1970-01-01 05:30:00',1553506274452,0,'Y'),(461,'STRING','file.name','file:/opt/so/data/docs/other/03-2019/2019-03-25T15:08:31.431-89317c35-e6ad-40b7-9e31-61d78fe0de67','1970-01-01 05:30:00',0,0,'Y'),(461,'LONG','time','','1970-01-01 05:30:00',1553506712975,0,'Y'),(462,'STRING','file.name','file:/opt/so/data/docs/other/03-2019/2019-03-25T15:13:56.045-2d6c28ce-41ee-49af-84f9-e648bbb66be6','1970-01-01 05:30:00',0,0,'Y'),(462,'LONG','time','','1970-01-01 05:30:00',1553507037634,0,'Y'),(463,'STRING','file.name','file:/opt/so/data/docs/other/03-2019/2019-03-25T15:38:28.893-d21cba02-2d71-44d3-8081-69bc8215d131','1970-01-01 05:30:00',0,0,'Y'),(463,'LONG','time','','1970-01-01 05:30:00',1553508510899,0,'Y'),(464,'STRING','file.name','file:/opt/so/data/docs/other/03-2019/2019-03-25T15:56:02.468-d793b5cc-fc2a-4971-80b5-01dfd1d5a3ef','1970-01-01 05:30:00',0,0,'Y'),(464,'LONG','time','','1970-01-01 05:30:00',1553509563709,0,'Y'),(465,'STRING','file.name','file:/opt/so/data/docs/other/03-2019/2019-03-25T16:03:06.300-131dd00e-b36b-4800-a44c-58363813af9e','1970-01-01 05:30:00',0,0,'Y'),(465,'LONG','time','','1970-01-01 05:30:00',1553509987236,0,'Y'),(466,'STRING','file.name','file:/opt/so/data/docs/other/03-2019/2019-03-25T16:03:30.070-7e4c5d59-f204-4bce-9ea3-0d05d29393ed','1970-01-01 05:30:00',0,0,'Y'),(466,'LONG','time','','1970-01-01 05:30:00',1553510011245,0,'Y'),(467,'STRING','file.name','file:/opt/so/data/docs/other/03-2019/2019-03-25T16:07:51.078-4f9a1350-c8c1-4b0c-8cdf-75637c72e3d7','1970-01-01 05:30:00',0,0,'Y'),(467,'LONG','time','','1970-01-01 05:30:00',1553510272181,0,'Y'),(468,'STRING','file.name','file:/opt/so/data/docs/other/03-2019/2019-03-25T17:02:11.291-ff795103-88ff-41b3-9937-ca03b523b246','1970-01-01 05:30:00',0,0,'Y'),(468,'LONG','time','','1970-01-01 05:30:00',1553513532944,0,'Y'),(469,'STRING','file.name','file:/opt/so/data/docs/other/03-2019/2019-03-25T17:29:14.707-c32c5a4c-f359-459f-904f-05bfe327e1f6','1970-01-01 05:30:00',0,0,'Y'),(469,'LONG','time','','1970-01-01 05:30:00',1553515156255,0,'Y'),(470,'STRING','file.name','file:/opt/so/data/docs/other/03-2019/2019-03-25T17:35:28.055-f805cff5-4bf6-443b-b10a-d36e947d1d21','1970-01-01 05:30:00',0,0,'Y'),(470,'LONG','time','','1970-01-01 05:30:00',1553515529865,0,'Y'),(471,'STRING','file.name','file:/opt/so/data/docs/other/03-2019/2019-03-26T12:35:30.446-db1a0b51-9dd6-44c9-8194-890ac25de328','1970-01-01 05:30:00',0,0,'Y'),(471,'LONG','time','','1970-01-01 05:30:00',1553583938725,0,'Y'),(472,'STRING','file.name','file:/opt/so/data/docs/other/03-2019/2019-03-26T13:57:11.628-7caba1ad-c023-48f5-a5bc-f1507dd7109e','1970-01-01 05:30:00',0,0,'Y'),(472,'LONG','time','','1970-01-01 05:30:00',1553588832825,0,'Y'),(473,'STRING','file.name','file:/opt/so/data/docs/other/03-2019/2019-03-26T14:03:31.791-db5c5959-d638-402f-824e-0c9afff28834','1970-01-01 05:30:00',0,0,'Y'),(473,'LONG','time','','1970-01-01 05:30:00',1553589213801,0,'Y'),(474,'STRING','file.name','file:/opt/so/data/docs/other/07-2019/2019-07-17T15:36:49.488-7d557749-ccaa-4a60-a1c1-d8cc96f26746','1970-01-01 05:30:00',0,0,'Y'),(474,'LONG','time','','1970-01-01 05:30:00',1563358017818,0,'Y'),(475,'STRING','file.name','file:/opt/so/data/docs/other/07-2019/2019-07-22T15:13:54.098-fd7c45ce-ff4f-4658-874c-dd499dd2d66b','1970-01-01 05:30:00',0,0,'Y'),(475,'LONG','time','','1970-01-01 05:30:00',1563788639576,0,'Y'),(476,'STRING','file.name','file:/opt/so/data/docs/other/09-2019/2019-09-12T18:09:23.246-c21e0022-ac7c-4a13-a090-b23604bddd4c','1970-01-01 05:30:00',0,0,'Y'),(476,'LONG','time','','1970-01-01 05:30:00',1568291969526,0,'Y'),(477,'STRING','file.name','file:/opt/so/data/docs/other/09-2019/2019-09-12T18:14:21.286-6b596bfb-eb09-4c76-a752-247bfe3408c6','1970-01-01 05:30:00',0,0,'Y'),(477,'LONG','time','','1970-01-01 05:30:00',1568292263982,0,'Y'),(478,'STRING','file.name','file:/opt/so/data/docs/other/09-2019/2019-09-12T18:15:22.315-866b145e-8383-42e1-addd-e8f76d8862ff','1970-01-01 05:30:00',0,0,'Y'),(478,'LONG','time','','1970-01-01 05:30:00',1568292324615,0,'Y'),(479,'STRING','file.name','file:/opt/so/data/docs/other/09-2019/2019-09-12T18:18:24.733-07018d10-09d5-4460-bc74-a4c75cd4a57e','1970-01-01 05:30:00',0,0,'Y'),(479,'LONG','time','','1970-01-01 05:30:00',1568292508518,0,'Y'),(480,'STRING','file.name','file:/opt/so/data/docs/other/09-2019/2019-09-12T18:19:38.707-0d46b5e1-d621-475b-9400-99eb5fff0bed','1970-01-01 05:30:00',0,0,'Y'),(480,'LONG','time','','1970-01-01 05:30:00',1568292589018,0,'Y'),(481,'STRING','file.name','file:/opt/so/data/docs/other/09-2019/2019-09-12T18:27:45.647-fd524bbb-db0f-4c89-a753-956f02e20d63','1970-01-01 05:30:00',0,0,'Y'),(481,'LONG','time','','1970-01-01 05:30:00',1568293068468,0,'Y'),(482,'STRING','file.name','file:/opt/so/data/docs/other/09-2019/2019-09-12T18:36:26.766-6ce20bc0-3988-45b0-bfe9-907328252deb','1970-01-01 05:30:00',0,0,'Y'),(482,'LONG','time','','1970-01-01 05:30:00',1568293588727,0,'Y'),(483,'STRING','file.name','file:/opt/so/data/docs/other/09-2019/2019-09-13T11:05:54.043-ecc99d6c-b361-4535-8836-fb3538a7e003','1970-01-01 05:30:00',0,0,'Y'),(483,'LONG','time','','1970-01-01 05:30:00',1568352972718,0,'Y'),(484,'STRING','file.name','file:/opt/so/data/docs/other/09-2019/2019-09-13T11:06:58.595-62427bae-912e-4ce5-8542-9663209fb6ae','1970-01-01 05:30:00',0,0,'Y'),(484,'LONG','time','','1970-01-01 05:30:00',1568353020891,0,'Y'),(485,'STRING','file.name','file:/opt/so/data/docs/other/09-2019/2019-09-13T12:33:40.190-f398f115-cb67-4d6d-a768-09a66a238cd7','1970-01-01 05:30:00',0,0,'Y'),(485,'LONG','time','','1970-01-01 05:30:00',1568358232942,0,'Y'),(486,'STRING','file.name','file:/opt/so/data/docs/other/09-2019/2019-09-13T12:40:20.674-6aab7848-2100-4efe-a200-8d8bed4b330c','1970-01-01 05:30:00',0,0,'Y'),(486,'LONG','time','','1970-01-01 05:30:00',1568358633184,0,'Y'),(487,'STRING','file.name','file:/opt/so/data/docs/other/09-2019/2019-09-13T12:46:53.878-a2e5697d-094e-4c0e-b496-090eafa95212','1970-01-01 05:30:00',0,0,'Y'),(487,'LONG','time','','1970-01-01 05:30:00',1568359023764,0,'Y'),(488,'STRING','file.name','file:/opt/so/data/docs/other/09-2019/2019-09-13T12:55:02.266-3af704bd-0cf0-4bd4-a883-721aa47f635d','1970-01-01 05:30:00',0,0,'Y'),(488,'LONG','time','','1970-01-01 05:30:00',1568359505880,0,'Y'),(489,'STRING','file.name','file:/opt/so/data/docs/other/09-2019/2019-09-13T13:11:13.999-899a34bf-a8e5-4906-a4a1-387180b60576','1970-01-01 05:30:00',0,0,'Y'),(489,'LONG','time','','1970-01-01 05:30:00',1568360482671,0,'Y'),(490,'STRING','file.name','file:/opt/so/data/docs/other/09-2019/2019-09-13T13:19:33.475-85b790fa-0631-4da7-b8c6-a60660fd37fb','1970-01-01 05:30:00',0,0,'Y'),(490,'LONG','time','','1970-01-01 05:30:00',1568360985969,0,'Y'),(491,'STRING','file.name','file:/opt/so/data/docs/other/09-2019/2019-09-13T14:45:29.261-16c8462a-02f4-4264-b538-b4fbee72e2d8','1970-01-01 05:30:00',0,0,'Y'),(491,'LONG','time','','1970-01-01 05:30:00',1568366132785,0,'Y'),(492,'STRING','file.name','file:/opt/so/data/docs/other/09-2019/2019-09-13T14:45:45.157-2dd951ff-484e-4f1d-aab8-d01535b83a6e','1970-01-01 05:30:00',0,0,'Y'),(492,'LONG','time','','1970-01-01 05:30:00',1568366150290,0,'Y'),(493,'STRING','file.name','file:/opt/so/data/docs/other/09-2019/2019-09-13T15:00:50.894-5182fe28-d275-4a41-b209-8a2920c331e9','1970-01-01 05:30:00',0,0,'Y'),(493,'LONG','time','','1970-01-01 05:30:00',1568367056986,0,'Y'),(494,'STRING','file.name','file:/opt/so/data/docs/other/09-2019/2019-09-13T15:09:32.317-2766ba4c-74b8-4f7e-824c-2e9738530971','1970-01-01 05:30:00',0,0,'Y'),(494,'LONG','time','','1970-01-01 05:30:00',1568367575394,0,'Y'),(495,'STRING','file.name','file:/opt/so/data/docs/other/09-2019/2019-09-13T15:17:14.962-f6c53310-4201-46b3-bc06-7ce2e39513c1','1970-01-01 05:30:00',0,0,'Y'),(495,'LONG','time','','1970-01-01 05:30:00',1568368039388,0,'Y'),(496,'STRING','file.name','file:/opt/so/data/docs/other/09-2019/2019-09-13T15:22:55.547-57e1ec10-cdf3-4c86-8d29-57768360b1b5','1970-01-01 05:30:00',0,0,'Y'),(496,'LONG','time','','1970-01-01 05:30:00',1568368379174,0,'Y'),(497,'STRING','file.name','file:/opt/so/data/docs/other/09-2019/2019-09-13T15:26:41.494-c4097a2b-ba7d-4eda-aac6-ff28b1836847','1970-01-01 05:30:00',0,0,'Y'),(497,'LONG','time','','1970-01-01 05:30:00',1568368604019,0,'Y'),(498,'STRING','file.name','file:/opt/so/data/docs/other/09-2019/2019-09-13T15:42:34.008-ad60440f-54c5-400a-8dfe-9d7f6c763b05','1970-01-01 05:30:00',0,0,'Y'),(498,'LONG','time','','1970-01-01 05:30:00',1568369558356,0,'Y'),(499,'STRING','file.name','file:/opt/so/data/docs/other/09-2019/2019-09-13T15:45:27.839-bee37a60-a835-421e-9235-bdc2c47a9dda','1970-01-01 05:30:00',0,0,'Y'),(499,'LONG','time','','1970-01-01 05:30:00',1568369729294,0,'Y'),(500,'STRING','file.name','file:/opt/so/data/docs/other/09-2019/2019-09-13T15:51:26.997-40886741-3e99-4562-a519-7dffaa76ac16','1970-01-01 05:30:00',0,0,'Y'),(500,'LONG','time','','1970-01-01 05:30:00',1568370089153,0,'Y'),(501,'STRING','file.name','file:/opt/so/data/docs/other/09-2019/2019-09-13T16:01:05.185-18381587-8879-4f54-b7e6-64df47bed4f0','1970-01-01 05:30:00',0,0,'Y'),(501,'LONG','time','','1970-01-01 05:30:00',1568370667362,0,'Y'),(502,'STRING','file.name','file:/opt/so/data/docs/other/09-2019/2019-09-13T16:06:52.085-7f674cfa-9e2e-4455-900b-8068a0b07df8','1970-01-01 05:30:00',0,0,'Y'),(502,'LONG','time','','1970-01-01 05:30:00',1568371013946,0,'Y'),(503,'STRING','file.name','file:/opt/so/data/docs/other/09-2019/2019-09-13T17:41:29.258-fb38a0c1-3ed2-4431-9a09-ba78ec65e343','1970-01-01 05:30:00',0,0,'Y'),(503,'LONG','time','','1970-01-01 05:30:00',1568376693921,0,'Y'),(504,'STRING','file.name','file:/opt/so/data/docs/other/09-2019/2019-09-13T18:02:27.140-cf061a73-1039-40f0-b210-e736c13fffaa','1970-01-01 05:30:00',0,0,'Y'),(504,'LONG','time','','1970-01-01 05:30:00',1568377962926,0,'Y'),(505,'STRING','file.name','file:/opt/so/data/docs/other/09-2019/2019-09-13T18:05:19.321-9784ad83-06be-4703-83aa-1e59ed78679e','1970-01-01 05:30:00',0,0,'Y'),(505,'LONG','time','','1970-01-01 05:30:00',1568378122093,0,'Y'),(506,'STRING','file.name','file:/opt/so/data/docs/other/09-2019/2019-09-13T18:11:15.425-98dbdaaa-0e48-4cc3-bf85-25de2c629371','1970-01-01 05:30:00',0,0,'Y'),(506,'LONG','time','','1970-01-01 05:30:00',1568378481122,0,'Y'),(507,'STRING','file.name','file:/opt/so/data/docs/other/09-2019/2019-09-13T18:15:21.794-80b96dbc-8c6e-41f4-adac-7eba1534cb06','1970-01-01 05:30:00',0,0,'Y'),(507,'LONG','time','','1970-01-01 05:30:00',1568378725175,0,'Y'),(508,'STRING','file.name','file:/opt/so/data/docs/other/09-2019/2019-09-13T18:30:56.612-f8fe592f-dd99-437d-a5f8-3271642622a7','1970-01-01 05:30:00',0,0,'Y'),(508,'LONG','time','','1970-01-01 05:30:00',1568379658256,0,'Y'),(509,'STRING','file.name','file:/opt/so/data/docs/other/09-2019/2019-09-13T18:52:49.887-8f612898-78b6-4c96-abef-c8c2eefab835','1970-01-01 05:30:00',0,0,'Y'),(509,'LONG','time','','1970-01-01 05:30:00',1568380985842,0,'Y'),(510,'STRING','file.name','file:/opt/so/data/docs/other/09-2019/2019-09-13T18:58:03.573-be1b6c02-0813-450b-bdd3-bd0fe689f254','1970-01-01 05:30:00',0,0,'Y'),(510,'LONG','time','','1970-01-01 05:30:00',1568381286197,0,'Y'),(511,'STRING','file.name','file:/opt/so/data/docs/other/09-2019/2019-09-13T18:59:09.826-2b90f91f-b3b9-4b47-ae84-d89f956e5857','1970-01-01 05:30:00',0,0,'Y'),(511,'LONG','time','','1970-01-01 05:30:00',1568381353653,0,'Y'),(512,'STRING','file.name','file:/opt/so/data/docs/other/09-2019/2019-09-13T19:08:10.397-86f99ad8-0cee-47c7-a0b3-671ad90dfa6a','1970-01-01 05:30:00',0,0,'Y'),(512,'LONG','time','','1970-01-01 05:30:00',1568381891762,0,'Y'),(513,'STRING','file.name','file:/opt/so/data/docs/other/09-2019/2019-09-16T11:29:47.796-1fa2da72-f754-4fcc-ad16-c85623b40bc5','1970-01-01 05:30:00',0,0,'Y'),(513,'LONG','time','','1970-01-01 05:30:00',1568613595538,0,'Y'),(514,'STRING','file.name','file:/opt/so/data/docs/other/09-2019/2019-09-16T12:04:46.037-e7ab940c-4061-4b10-9935-b5390fd363fa','1970-01-01 05:30:00',0,0,'Y'),(514,'LONG','time','','1970-01-01 05:30:00',1568615694766,0,'Y'),(515,'STRING','file.name','file:/opt/so/data/docs/other/09-2019/2019-09-16T13:14:49.303-33ec6f54-9211-4047-bebf-95ca1d53f093','1970-01-01 05:30:00',0,0,'Y'),(515,'LONG','time','','1970-01-01 05:30:00',1568619895257,0,'Y'),(516,'STRING','file.name','file:/opt/so/data/docs/other/09-2019/2019-09-16T13:40:04.041-20cbf090-989c-4d3f-8356-a218274755d6','1970-01-01 05:30:00',0,0,'Y'),(516,'LONG','time','','1970-01-01 05:30:00',1568621431642,0,'Y'),(517,'STRING','file.name','file:/opt/so/data/docs/other/09-2019/2019-09-16T14:11:49.446-0454507b-3eb6-46ac-86ef-51937c7fd7e3','1970-01-01 05:30:00',0,0,'Y'),(517,'LONG','time','','1970-01-01 05:30:00',1568623311316,0,'Y'),(518,'STRING','file.name','file:/opt/so/data/docs/other/09-2019/2019-09-16T14:24:04.345-e870e0e5-24c2-4268-bbd7-2067d6f4c91f','1970-01-01 05:30:00',0,0,'Y'),(518,'LONG','time','','1970-01-01 05:30:00',1568624046776,0,'Y'),(519,'STRING','file.name','file:/opt/so/data/docs/other/09-2019/2019-09-16T14:42:57.825-e05a2d80-234d-4048-9082-07dc737467a8','1970-01-01 05:30:00',0,0,'Y'),(519,'LONG','time','','1970-01-01 05:30:00',1568625189035,0,'Y'),(520,'STRING','file.name','file:/opt/so/data/docs/other/09-2019/2019-09-16T14:48:03.165-edd8f025-9ec6-4d80-a971-3662edb08280','1970-01-01 05:30:00',0,0,'Y'),(520,'LONG','time','','1970-01-01 05:30:00',1568625486238,0,'Y'),(521,'STRING','file.name','file:/opt/so/data/docs/other/09-2019/2019-09-16T14:57:17.713-331443cf-e2e4-4aea-b422-beae140e1fbc','1970-01-01 05:30:00',0,0,'Y'),(521,'LONG','time','','1970-01-01 05:30:00',1568626040163,0,'Y'),(522,'STRING','file.name','file:/opt/so/data/docs/other/09-2019/2019-09-16T15:39:00.782-5d58c2c1-99d5-464d-ab2f-d0db40012c29','1970-01-01 05:30:00',0,0,'Y'),(522,'LONG','time','','1970-01-01 05:30:00',1568628545567,0,'Y'),(523,'STRING','file.name','file:/opt/so/data/docs/other/09-2019/2019-09-16T15:48:09.855-008c71ef-d5cd-469b-864c-7bf2d6043886','1970-01-01 05:30:00',0,0,'Y'),(523,'LONG','time','','1970-01-01 05:30:00',1568629195382,0,'Y'),(524,'STRING','file.name','file:/opt/so/data/docs/other/09-2019/2019-09-16T15:58:33.563-f47b35af-b500-441d-accd-ee5f0e2ed01e','1970-01-01 05:30:00',0,0,'Y'),(524,'LONG','time','','1970-01-01 05:30:00',1568629714960,0,'Y'),(525,'STRING','file.name','file:/opt/so/data/docs/other/09-2019/2019-09-16T16:10:21.964-7b636bfb-31c8-4183-a8a6-5523f7bfbefa','1970-01-01 05:30:00',0,0,'Y'),(525,'LONG','time','','1970-01-01 05:30:00',1568630429404,0,'Y'),(526,'STRING','file.name','file:/opt/so/data/docs/other/09-2019/2019-09-16T16:17:38.608-b0efcdc4-803e-4caf-8b20-2169c44e639d','1970-01-01 05:30:00',0,0,'Y'),(526,'LONG','time','','1970-01-01 05:30:00',1568630862648,0,'Y'),(527,'STRING','file.name','file:/opt/so/data/docs/other/09-2019/2019-09-16T16:22:48.780-92bb938c-5860-4acd-bbb6-8b70082704c8','1970-01-01 05:30:00',0,0,'Y'),(527,'LONG','time','','1970-01-01 05:30:00',1568631173610,0,'Y'),(528,'STRING','file.name','file:/opt/so/data/docs/other/09-2019/2019-09-16T16:52:17.765-399a0698-6da0-46e1-9d59-e9f47fd1a715','1970-01-01 05:30:00',0,0,'Y'),(528,'LONG','time','','1970-01-01 05:30:00',1568632942521,0,'Y'),(529,'STRING','file.name','file:/opt/so/data/docs/other/09-2019/2019-09-16T17:40:44.602-be6df680-cdb6-4ac3-adb9-b8f7acd2092a','1970-01-01 05:30:00',0,0,'Y'),(529,'LONG','time','','1970-01-01 05:30:00',1568635846707,0,'Y'),(530,'STRING','file.name','file:/opt/so/data/docs/other/09-2019/2019-09-16T18:14:19.642-52f15825-0ec7-47c6-96d6-3ab4ece686a0','1970-01-01 05:30:00',0,0,'Y'),(530,'LONG','time','','1970-01-01 05:30:00',1568637863256,0,'Y'),(531,'STRING','file.name','file:/opt/so/data/docs/other/09-2019/2019-09-16T19:04:39.697-e0fe5de3-1d52-448f-a428-c1aa86d1a8a6','1970-01-01 05:30:00',0,0,'Y'),(531,'LONG','time','','1970-01-01 05:30:00',1568640883352,0,'Y'),(532,'STRING','file.name','file:/opt/so/data/docs/other/09-2019/2019-09-16T19:10:49.761-7fd5b145-d357-449f-be41-f2c6c9f44b0c','1970-01-01 05:30:00',0,0,'Y'),(532,'LONG','time','','1970-01-01 05:30:00',1568641251979,0,'Y'),(533,'STRING','file.name','file:/opt/so/data/docs/other/09-2019/2019-09-16T19:28:17.977-02dc02ca-9ff2-405a-a7f6-f40f96c2ce9c','1970-01-01 05:30:00',0,0,'Y'),(533,'LONG','time','','1970-01-01 05:30:00',1568642299525,0,'Y'),(534,'STRING','file.name','file:/opt/so/data/docs/other/09-2019/2019-09-16T19:45:26.645-8ac8ed1f-4ef1-4047-b240-0e87c2d35d7a','1970-01-01 05:30:00',0,0,'Y'),(534,'LONG','time','','1970-01-01 05:30:00',1568643330270,0,'Y'),(535,'STRING','file.name','file:/opt/so/data/docs/other/09-2019/2019-09-17T09:53:25.718-ee060af4-073a-4e92-86a8-0cd7a099a29d','1970-01-01 05:30:00',0,0,'Y'),(535,'LONG','time','','1970-01-01 05:30:00',1568694207572,0,'Y'),(536,'STRING','file.name','file:/opt/so/data/docs/other/09-2019/2019-09-17T09:59:22.855-e541c784-24a2-4995-be36-890f696c1dd3','1970-01-01 05:30:00',0,0,'Y'),(536,'LONG','time','','1970-01-01 05:30:00',1568694568855,0,'Y'),(537,'STRING','file.name','file:/opt/so/data/docs/other/09-2019/2019-09-17T10:04:41.324-3cbc2661-2099-4b64-a979-c82959d629bd','1970-01-01 05:30:00',0,0,'Y'),(537,'LONG','time','','1970-01-01 05:30:00',1568694883986,0,'Y'),(538,'STRING','file.name','file:/opt/so/data/docs/other/09-2019/2019-09-17T10:06:36.225-320aba1b-4cc2-47fc-a3ec-72e64f556c3e','1970-01-01 05:30:00',0,0,'Y'),(538,'LONG','time','','1970-01-01 05:30:00',1568695001416,0,'Y'),(539,'STRING','file.name','file:/opt/so/data/docs/other/09-2019/2019-09-17T10:12:33.580-5dcff174-1553-4ad3-852c-9753c05fabae','1970-01-01 05:30:00',0,0,'Y'),(539,'LONG','time','','1970-01-01 05:30:00',1568695355306,0,'Y'),(540,'STRING','file.name','file:/opt/so/data/docs/other/09-2019/2019-09-17T10:17:31.901-f94299c5-c82a-48a4-9202-306f5a6826de','1970-01-01 05:30:00',0,0,'Y'),(540,'LONG','time','','1970-01-01 05:30:00',1568695654100,0,'Y'),(541,'STRING','file.name','file:/opt/so/data/docs/other/09-2019/2019-09-17T10:24:31.033-accac6d0-0651-4cd5-9947-0bb08b7c1e10','1970-01-01 05:30:00',0,0,'Y'),(541,'LONG','time','','1970-01-01 05:30:00',1568696072956,0,'Y'),(542,'STRING','file.name','file:/opt/so/data/docs/other/09-2019/2019-09-17T10:25:45.043-0eed83ea-f15f-41ec-ab23-08593ff22067','1970-01-01 05:30:00',0,0,'Y'),(542,'LONG','time','','1970-01-01 05:30:00',1568696150034,0,'Y'),(543,'STRING','file.name','file:/opt/so/data/docs/other/09-2019/2019-09-17T10:30:11.790-5f727317-f2a2-4719-9e39-ef1bd60629d3','1970-01-01 05:30:00',0,0,'Y'),(543,'LONG','time','','1970-01-01 05:30:00',1568696413121,0,'Y'),(544,'STRING','file.name','file:/opt/so/data/docs/other/09-2019/2019-09-17T10:40:12.015-09f83031-e268-4945-ac89-13404a6f5d0d','1970-01-01 05:30:00',0,0,'Y'),(544,'LONG','time','','1970-01-01 05:30:00',1568697014002,0,'Y'),(545,'STRING','file.name','file:/opt/so/data/docs/other/09-2019/2019-09-17T10:43:41.803-69a43eb3-6870-4bbb-8741-23a6fb982cad','1970-01-01 05:30:00',0,0,'Y'),(545,'LONG','time','','1970-01-01 05:30:00',1568697223101,0,'Y'),(546,'STRING','file.name','file:/opt/so/data/docs/other/09-2019/2019-09-17T10:45:04.093-292fa972-0599-4a68-a2d2-42b9e7480c1f','1970-01-01 05:30:00',0,0,'Y'),(546,'LONG','time','','1970-01-01 05:30:00',1568697306360,0,'Y'),(547,'STRING','file.name','file:/opt/so/data/docs/other/09-2019/2019-09-17T10:52:11.282-c1ef8230-8bb7-417e-9eef-592ac434754d','1970-01-01 05:30:00',0,0,'Y'),(547,'LONG','time','','1970-01-01 05:30:00',1568697732747,0,'Y'),(548,'STRING','file.name','file:/opt/so/data/docs/other/09-2019/2019-09-17T10:58:39.844-930a04f3-335b-48e4-a641-1924c15384f1','1970-01-01 05:30:00',0,0,'Y'),(548,'LONG','time','','1970-01-01 05:30:00',1568698121290,0,'Y'),(549,'STRING','file.name','file:/opt/so/data/docs/other/09-2019/2019-09-17T11:07:32.462-4da7d267-1050-4204-b376-d3ed2f654d48','1970-01-01 05:30:00',0,0,'Y'),(549,'LONG','time','','1970-01-01 05:30:00',1568698655104,0,'Y'),(550,'STRING','file.name','file:/opt/so/data/docs/other/09-2019/2019-09-17T11:08:13.721-52b529c8-7c83-4a7a-a9f8-e2a444e0a305','1970-01-01 05:30:00',0,0,'Y'),(550,'LONG','time','','1970-01-01 05:30:00',1568698695137,0,'Y'),(551,'STRING','file.name','file:/opt/so/data/docs/other/09-2019/2019-09-17T11:11:59.481-c3365e38-9354-4c1b-8709-56d0a73db162','1970-01-01 05:30:00',0,0,'Y'),(551,'LONG','time','','1970-01-01 05:30:00',1568698920663,0,'Y'),(552,'STRING','file.name','file:/opt/so/data/docs/other/09-2019/2019-09-17T11:22:51.110-4b51c740-3d93-41df-8199-5cbf91c93270','1970-01-01 05:30:00',0,0,'Y'),(552,'LONG','time','','1970-01-01 05:30:00',1568699572683,0,'Y'),(553,'STRING','file.name','file:/opt/so/data/docs/other/09-2019/2019-09-17T11:44:58.830-57ca855b-e2f4-41c9-8a16-fea1ccfc2439','1970-01-01 05:30:00',0,0,'Y'),(553,'LONG','time','','1970-01-01 05:30:00',1568700901381,0,'Y'),(554,'STRING','file.name','file:/opt/so/data/docs/other/09-2019/2019-09-17T11:50:32.470-5944aaa8-63af-4dfc-8a56-8e4016c3c672','1970-01-01 05:30:00',0,0,'Y'),(554,'LONG','time','','1970-01-01 05:30:00',1568701234010,0,'Y'),(555,'STRING','file.name','file:/opt/so/data/docs/other/09-2019/2019-09-17T11:51:14.364-d94a001c-b42e-43f9-a1a1-67811a5e9e3c','1970-01-01 05:30:00',0,0,'Y'),(555,'LONG','time','','1970-01-01 05:30:00',1568701276315,0,'Y'),(556,'STRING','file.name','file:/opt/so/data/docs/other/09-2019/2019-09-17T11:55:10.365-3fc22474-f741-4004-8b7c-3f11331e9ddb','1970-01-01 05:30:00',0,0,'Y'),(556,'LONG','time','','1970-01-01 05:30:00',1568701511759,0,'Y'),(557,'STRING','file.name','file:/opt/so/data/docs/other/09-2019/2019-09-17T12:04:38.557-96b594e3-eb6d-4973-8e2d-c8d490eab0cc','1970-01-01 05:30:00',0,0,'Y'),(557,'LONG','time','','1970-01-01 05:30:00',1568702080057,0,'Y'),(558,'STRING','file.name','file:/opt/so/data/docs/other/09-2019/2019-09-17T12:13:12.172-ff47da4d-ab3c-4f5b-921a-87edc09f8eb5','1970-01-01 05:30:00',0,0,'Y'),(558,'LONG','time','','1970-01-01 05:30:00',1568702593363,0,'Y'),(559,'STRING','file.name','file:/opt/so/data/docs/other/09-2019/2019-09-17T12:23:34.415-1f325506-b125-4c2d-a826-e45c599c1ad7','1970-01-01 05:30:00',0,0,'Y'),(559,'LONG','time','','1970-01-01 05:30:00',1568703215988,0,'Y'),(560,'STRING','file.name','file:/opt/so/data/docs/other/09-2019/2019-09-17T12:34:51.089-1c4e110e-6227-4720-8ce6-5e2e6b6e2f91','1970-01-01 05:30:00',0,0,'Y'),(560,'LONG','time','','1970-01-01 05:30:00',1568703892956,0,'Y'),(561,'STRING','file.name','file:/opt/so/data/docs/other/09-2019/2019-09-17T12:49:41.118-a9db4ce6-c168-493e-837a-cabbdaba7390','1970-01-01 05:30:00',0,0,'Y'),(561,'LONG','time','','1970-01-01 05:30:00',1568704782518,0,'Y'),(562,'STRING','file.name','file:/opt/so/data/docs/other/09-2019/2019-09-17T12:51:46.329-72ce8338-85e0-4dba-aba1-4a0b37410bb5','1970-01-01 05:30:00',0,0,'Y'),(562,'LONG','time','','1970-01-01 05:30:00',1568704907543,0,'Y'),(563,'STRING','file.name','file:/opt/so/data/docs/other/09-2019/2019-09-17T13:14:14.288-69108662-42bb-4f8f-86c1-73b1f91e3925','1970-01-01 05:30:00',0,0,'Y'),(563,'LONG','time','','1970-01-01 05:30:00',1568706257274,0,'Y'),(564,'STRING','file.name','file:/opt/so/data/docs/other/09-2019/2019-09-17T13:29:06.659-356b243d-1bef-46a3-94b2-7aaba02b4911','1970-01-01 05:30:00',0,0,'Y'),(564,'LONG','time','','1970-01-01 05:30:00',1568707149272,0,'Y'),(565,'STRING','file.name','file:/opt/so/data/docs/other/09-2019/2019-09-17T13:30:16.722-84686b25-f50b-45e2-9025-852cd8eefccd','1970-01-01 05:30:00',0,0,'Y'),(565,'LONG','time','','1970-01-01 05:30:00',1568707220772,0,'Y'),(566,'STRING','file.name','file:/opt/so/data/docs/other/09-2019/2019-09-17T13:34:25.367-4704d82c-c32c-4725-9587-ed965f0e1d29','1970-01-01 05:30:00',0,0,'Y'),(566,'LONG','time','','1970-01-01 05:30:00',1568707466632,0,'Y'),(567,'STRING','file.name','file:/opt/so/data/docs/other/09-2019/2019-09-17T13:47:10.987-97b3902e-154e-4162-a886-121929750df0','1970-01-01 05:30:00',0,0,'Y'),(567,'LONG','time','','1970-01-01 05:30:00',1568708232710,0,'Y'),(568,'STRING','file.name','file:/opt/so/data/docs/other/09-2019/2019-09-17T13:51:16.765-f7865829-7fbb-4fdd-a878-d73a43ac3383','1970-01-01 05:30:00',0,0,'Y'),(568,'LONG','time','','1970-01-01 05:30:00',1568708477922,0,'Y'),(569,'STRING','file.name','file:/opt/so/data/docs/other/09-2019/2019-09-17T13:59:33.393-bc1d5048-64b4-48d0-936f-8e0d5784f16a','1970-01-01 05:30:00',0,0,'Y'),(569,'LONG','time','','1970-01-01 05:30:00',1568708975007,0,'Y'),(570,'STRING','file.name','file:/opt/so/data/docs/other/09-2019/2019-09-17T14:11:10.582-5988d353-d61d-4f98-8e18-9f62a2996e2e','1970-01-01 05:30:00',0,0,'Y'),(570,'LONG','time','','1970-01-01 05:30:00',1568709672942,0,'Y'),(571,'STRING','file.name','file:/opt/so/data/docs/other/09-2019/2019-09-17T15:08:20.452-cf6c9827-8f0c-46a7-bc26-a118bea211df','1970-01-01 05:30:00',0,0,'Y'),(571,'LONG','time','','1970-01-01 05:30:00',1568713101779,0,'Y'),(572,'STRING','file.name','file:/opt/so/data/docs/other/09-2019/2019-09-17T15:11:03.026-c4557931-48a8-4c79-86a0-58e70b3e97b0','1970-01-01 05:30:00',0,0,'Y'),(572,'LONG','time','','1970-01-01 05:30:00',1568713264190,0,'Y'),(573,'STRING','file.name','file:/opt/so/data/docs/other/09-2019/2019-09-17T15:23:38.833-ad619999-923a-4d6d-90e8-005999e37964','1970-01-01 05:30:00',0,0,'Y'),(573,'LONG','time','','1970-01-01 05:30:00',1568714021001,0,'Y'),(574,'STRING','file.name','file:/opt/so/data/docs/other/09-2019/2019-09-17T15:26:17.108-72891b66-76df-4f8b-a72e-d15275f417d2','1970-01-01 05:30:00',0,0,'Y'),(574,'LONG','time','','1970-01-01 05:30:00',1568714178204,0,'Y'),(575,'STRING','file.name','file:/opt/so/data/docs/other/09-2019/2019-09-17T15:39:34.056-b5987d20-572b-4073-a804-e163c9284bfc','1970-01-01 05:30:00',0,0,'Y'),(575,'LONG','time','','1970-01-01 05:30:00',1568714975572,0,'Y'),(576,'STRING','file.name','file:/opt/so/data/docs/other/09-2019/2019-09-17T15:41:38.717-16553705-e93a-4505-9344-b56754fce91c','1970-01-01 05:30:00',0,0,'Y'),(576,'LONG','time','','1970-01-01 05:30:00',1568715099891,0,'Y'),(577,'STRING','file.name','file:/opt/so/data/docs/other/09-2019/2019-09-17T15:42:16.295-1a8007dd-5670-405b-8d1a-7cf31409a723','1970-01-01 05:30:00',0,0,'Y'),(577,'LONG','time','','1970-01-01 05:30:00',1568715137702,0,'Y'),(578,'STRING','file.name','file:/opt/so/data/docs/other/09-2019/2019-09-17T15:44:58.591-633c6489-95a8-4426-becf-dc9b71572141','1970-01-01 05:30:00',0,0,'Y'),(578,'LONG','time','','1970-01-01 05:30:00',1568715300021,0,'Y'),(579,'STRING','file.name','file:/opt/so/data/docs/other/09-2019/2019-09-17T15:46:34.850-2b6e5950-42d6-4ba0-88a9-8b21f83da379','1970-01-01 05:30:00',0,0,'Y'),(579,'LONG','time','','1970-01-01 05:30:00',1568715405693,0,'Y'),(580,'STRING','file.name','file:/opt/so/data/docs/other/09-2019/2019-09-17T15:50:39.275-e15310fc-9f33-47f8-a3b7-6086c40b69cc','1970-01-01 05:30:00',0,0,'Y'),(580,'LONG','time','','1970-01-01 05:30:00',1568715643545,0,'Y'),(581,'STRING','file.name','file:/opt/so/data/docs/other/09-2019/2019-09-17T15:52:19.319-b3444b58-6b79-42df-8ec1-b6e1ae45e755','1970-01-01 05:30:00',0,0,'Y'),(581,'LONG','time','','1970-01-01 05:30:00',1568715740503,0,'Y'),(582,'STRING','file.name','file:/opt/so/data/docs/other/09-2019/2019-09-17T15:55:42.516-b1d2b476-389f-43d8-bf12-e4dde5ac7141','1970-01-01 05:30:00',0,0,'Y'),(582,'LONG','time','','1970-01-01 05:30:00',1568715944091,0,'Y'),(583,'STRING','file.name','file:/opt/so/data/docs/other/09-2019/2019-09-17T16:01:28.286-82504719-a99e-4330-a31e-bf0524e23c43','1970-01-01 05:30:00',0,0,'Y'),(583,'LONG','time','','1970-01-01 05:30:00',1568716290485,0,'Y'),(584,'STRING','file.name','file:/opt/so/data/docs/other/09-2019/2019-09-17T16:05:02.587-e8e0c6cb-4367-4092-be9a-15e14171959f','1970-01-01 05:30:00',0,0,'Y'),(584,'LONG','time','','1970-01-01 05:30:00',1568716505500,0,'Y'),(585,'STRING','file.name','file:/opt/so/data/docs/other/09-2019/2019-09-17T16:06:19.515-a5d1b814-98fd-42e5-bb12-a4d3de3ffebf','1970-01-01 05:30:00',0,0,'Y'),(585,'LONG','time','','1970-01-01 05:30:00',1568716582538,0,'Y'),(586,'STRING','file.name','file:/opt/so/data/docs/other/09-2019/2019-09-17T16:08:21.903-85f5897b-0866-4037-bbb2-f0026b3c571a','1970-01-01 05:30:00',0,0,'Y'),(586,'LONG','time','','1970-01-01 05:30:00',1568716703404,0,'Y'),(587,'STRING','file.name','file:/opt/so/data/docs/other/09-2019/2019-09-17T16:09:33.481-dd7a12fc-75f1-44a6-9efd-8f8b7aefe03b','1970-01-01 05:30:00',0,0,'Y'),(587,'LONG','time','','1970-01-01 05:30:00',1568716774776,0,'Y'),(588,'STRING','file.name','file:/opt/so/data/docs/other/09-2019/2019-09-17T16:21:24.033-36fdd6b3-dc96-48a7-a77e-f21e35ae52b8','1970-01-01 05:30:00',0,0,'Y'),(588,'LONG','time','','1970-01-01 05:30:00',1568717485896,0,'Y');
/*!40000 ALTER TABLE `BATCH_JOB_EXECUTION_PARAMS` ENABLE KEYS */;
UNLOCK TABLES;

--
-- Table structure for table `BATCH_JOB_EXECUTION_SEQ`
--

DROP TABLE IF EXISTS `BATCH_JOB_EXECUTION_SEQ`;
/*!40101 SET @saved_cs_client     = @@character_set_client */;
/*!40101 SET character_set_client = utf8 */;
CREATE TABLE `BATCH_JOB_EXECUTION_SEQ` (
  `ID` bigint(20) NOT NULL
) ENGINE=InnoDB DEFAULT CHARSET=latin1;
/*!40101 SET character_set_client = @saved_cs_client */;

--
-- Dumping data for table `BATCH_JOB_EXECUTION_SEQ`
--

LOCK TABLES `BATCH_JOB_EXECUTION_SEQ` WRITE;
/*!40000 ALTER TABLE `BATCH_JOB_EXECUTION_SEQ` DISABLE KEYS */;
INSERT INTO `BATCH_JOB_EXECUTION_SEQ` VALUES (588);
/*!40000 ALTER TABLE `BATCH_JOB_EXECUTION_SEQ` ENABLE KEYS */;
UNLOCK TABLES;

--
-- Table structure for table `BATCH_JOB_INSTANCE`
--

DROP TABLE IF EXISTS `BATCH_JOB_INSTANCE`;
/*!40101 SET @saved_cs_client     = @@character_set_client */;
/*!40101 SET character_set_client = utf8 */;
CREATE TABLE `BATCH_JOB_INSTANCE` (
  `JOB_INSTANCE_ID` bigint(20) NOT NULL,
  `VERSION` bigint(20) DEFAULT NULL,
  `JOB_NAME` varchar(100) NOT NULL,
  `JOB_KEY` varchar(2500) DEFAULT NULL,
  PRIMARY KEY (`JOB_INSTANCE_ID`)
) ENGINE=InnoDB DEFAULT CHARSET=latin1;
/*!40101 SET character_set_client = @saved_cs_client */;

--
-- Dumping data for table `BATCH_JOB_INSTANCE`
--

LOCK TABLES `BATCH_JOB_INSTANCE` WRITE;
/*!40000 ALTER TABLE `BATCH_JOB_INSTANCE` DISABLE KEYS */;
INSERT INTO `BATCH_JOB_INSTANCE` VALUES (5,0,'ETL-Load','f3c44757aecd1bffcfcd0721a5b38751'),(6,0,'ETL-Load','d44e7570cb9dae0b123f0d8849a076f7'),(7,0,'ETL-Load','9c10040a34758af0e68b06d41fdd908d'),(8,0,'ETL-Load','2dbcf9d3674659c60a995e3e5093489d'),(9,0,'ETL-Load','6f6dd42db424b0d13e1b174d1617981b'),(10,0,'ETL-Load','28351908b3527c7e27efb92c4c0ce008'),(11,0,'ETL-Load','1a141a130c867eb2977e6c9aa9677b5d'),(12,0,'ETL-Load','81348a5b08649ce289830aa7961de35b'),(13,0,'ETL-Load','ac535bdd862577522761add6b7fa6633'),(14,0,'ETL-Load','d1ac94044b88894ae048026304d2a847'),(15,0,'ETL-Load','2641e36c5be5750660ebaa9cb11f17ac'),(16,0,'ETL-Load','65bcba18931e871fc497fb1cf645338d'),(17,0,'ETL-Load','f55cf406cdc57e5cfb0493dc12eb5652'),(18,0,'ETL-Load','b227f16ab5c38aafabbb9cf7c637332c'),(19,0,'ETL-Load','f0ddd447744376bf5cfe59e1c2bb4e0a'),(20,0,'ETL-Load','a27baf2a7828f5dbfdb555468768f316'),(21,0,'ETL-Load','0667d3518147b82e522d6cc18cae771f'),(22,0,'ETL-Load','e799fd24d6f77a1b76bea85b3e17ff3c'),(23,0,'ETL-Load','26282be728b5cba399102a4c67dba6e9'),(24,0,'ETL-Load','444cfdd7a9f7fa3aa9db60b47290a451'),(25,0,'ETL-Load','4473b70b8c6e7253b587cf7395462fd8'),(26,0,'ETL-Load','113e479586ab7a7c570bb6adb8f6b96e'),(27,0,'ETL-Load','9ca591b7f529de81e829903d36097da8'),(28,0,'ETL-Load','25e4e821fdb87a4afe2ab79a74613f03'),(29,0,'ETL-Load','b6f6ab265cbd94281530535e6b6057ba'),(30,0,'ETL-Load','9973ecbb63389bdce3780ae5988d277f'),(31,0,'ETL-Load','5bfe0b39f1326bda502959be1583ae6a'),(32,0,'ETL-Load','e88a46daa9c5eb3ef2d5b94536d76bea'),(33,0,'ETL-Load','45b6decf641fc493e098d13e5398e16d'),(34,0,'ETL-Load','9a7bbd86d055ceb2c3df454d665f41ec'),(35,0,'ETL-Load','5acbd5e80dd31e1e015c5d52f57d0b54'),(36,0,'ETL-Load','c35605784bfdd2e72ffda00f649adecd'),(37,0,'ETL-Load','d663aa2c9cb187645f33c31ed88151b2'),(38,0,'ETL-Load','d3c7130dde4ce21b84997dcc0e15db92'),(39,0,'ETL-Load','bcac9e775da9eb7ad3bed5cf6daa0a22'),(40,0,'ETL-Load','361d71aece24e2f4a04aea2e400961c8'),(41,0,'ETL-Load','8bedb669ac9005b61c5c2ac6fe5a83cc'),(42,0,'ETL-Load','33ace09abd2e66bf6e023a2da7fe9b8d'),(43,0,'ETL-Load','750f0f18990ac25ee8b47d5e078c43e9'),(44,0,'ETL-Load','a7a0acd651e66ca143a428df5de58db5'),(45,0,'ETL-Load','a1a2ba3efa40ecd71786638689304be4'),(46,0,'ETL-Load','84f7872ce0fde01c57a10e2a75d640d1'),(47,0,'ETL-Load','0578723c73cf39be36ebab91c3b73cc5'),(48,0,'ETL-Load','99974a212a13d0c0f344e3aa36e191b2'),(49,0,'ETL-Load','2eb3bad39673e6b8aac18e099c09cff3'),(50,0,'ETL-Load','96c7ccad988b259522b8fdef10d466a0'),(51,0,'ETL-Load','7391147d5c7f36d41b7d676d57766ba0'),(52,0,'ETL-Load','44e395f59aae3e2f56ec423412eeeee3'),(53,0,'ETL-Load','6c03d5d9d6143e6914092f8b11706485'),(54,0,'ETL-Load','eec7355fc6e4c65c7d1e6ae18c7ba5af'),(55,0,'ETL-Load','f0d71e8bad8baff9093a8f75da39deed'),(56,0,'ETL-Load','6c2195541a8f4828777db9da21040540'),(57,0,'ETL-Load','932e9cfd36c47ebfaf811289832c9970'),(58,0,'ETL-Load','54728608302272094c48bcb5cfb5b433'),(59,0,'ETL-Load','7187a270ddb0c94475202ed1c8cfe1d6'),(60,0,'ETL-Load','ece046ebcc14698dfaa5d75f7d71e8fb'),(61,0,'ETL-Load','c986aff4d0a09b5286c667ddb9316e65'),(62,0,'ETL-Load','373a4ea6410163f83519a2019f3063e5'),(63,0,'ETL-Load','a1dea56c1585e6d1cc69f904b99f9790'),(64,0,'ETL-Load','680c7ac0e35b731fe6418871d7ca1aec'),(65,0,'ETL-Load','9778c797d4fd637de7c4931809b15f10'),(66,0,'ETL-Load','92903e4779bcaab96e2354e13d32b6fc'),(67,0,'ETL-Load','407dac41e329cc84f2aac273ee4faea2'),(68,0,'ETL-Load','c27de2fab0e6eedf5511cb94e9d60c6a'),(69,0,'ETL-Load','c2255cc613e89aee231255aa27077557'),(70,0,'ETL-Load','35a1999218128544aab2b0b746b6b8d2'),(71,0,'ETL-Load','2315d46c8bdbc100bcad53b6e31daccd'),(72,0,'ETL-Load','81ecd08056a804ef40f5804deee90f67'),(73,0,'ETL-Load','ed218a70a7f55cc16a2369182102723c'),(74,0,'ETL-Load','12ead366013206ebfda781332140c41b'),(75,0,'ETL-Load','e9885e29a22771da9d9872bfba0c941a'),(76,0,'ETL-Load','341d4617ce4c4cbd39eeca7edfe15473'),(77,0,'ETL-Load','01600046c4ab709f9eab6274366799a9'),(78,0,'ETL-Load','1154c684c3d8a4713eea97ae4568aba7'),(79,0,'ETL-Load','67eaf4385934ce45fdcc619c031814e0'),(80,0,'ETL-Load','7c03b325769e1821a0c171329102f7a5'),(81,0,'ETL-Load','0e149d77cc76ac98189e5b9a6705c5fc'),(82,0,'ETL-Load','9b3cdbb7c0308d1aa6bbe1877c924a02'),(83,0,'ETL-Load','effc4c88fa15c5d13224a1f88f8bf063'),(84,0,'ETL-Load','83b45d0db293a55ff96143e0cddfff5f'),(85,0,'ETL-Load','16d8be2e81bc08a4e4a0eab4e2acccc3'),(86,0,'ETL-Load','81ed32b25419b487a83ae9f157c321e1'),(87,0,'ETL-Load','a5cb2f5f3f698d79e51cd75015d672e8'),(88,0,'ETL-Load','a1c9ae4a62e25405d3978c6f098e296b'),(89,0,'ETL-Load','bff95755b02024c595186df3659f8bac'),(90,0,'ETL-Load','f8ead381373b907712368c41b2442927'),(91,0,'ETL-Load','93e13e5106cff944ae509de1f185d56d'),(92,0,'ETL-Load','c90c0ad4ab954d9d784f3874d15a664f'),(93,0,'ETL-Load','801d51c86d36bcf075feec6031242222'),(94,0,'ETL-Load','cbecb5b48f38dee759b801f8b1bf0014'),(95,0,'ETL-Load','fd4d1b1538780f88ebf0fa77a5786c03'),(96,0,'ETL-Load','0338215d0eb7d5c80e85f6ee5fc2080a'),(97,0,'ETL-Load','a50c69b5c5936f4ee108d92bed708a6a'),(98,0,'ETL-Load','4e0be3978641a8477d01466f3e3d8366'),(99,0,'ETL-Load','13d1d1618db3c24c94b717f5a97216d5'),(100,0,'ETL-Load','43885d53e717d92dc1f29458d0603769'),(101,0,'ETL-Load','917950f40af3e8b391c3f6bd723fb5cb'),(102,0,'ETL-Load','3e4c07da5e0d50d72eff862328974d76'),(103,0,'ETL-Load','8819c976cbb966a1f60e064fc8dd47ff'),(104,0,'ETL-Load','752c3893046aaa8ac3701dfd2f94ce5c'),(105,0,'ETL-Load','bc58436293e0d5ef5c96ae6c23c561af'),(106,0,'ETL-Load','43720cddea1619904a04b5893c071dea'),(107,0,'ETL-Load','68602e7c4536d99688b6ed49d169d154'),(108,0,'ETL-Load','110123e19ce8e5f474c5d6b66c6be852'),(109,0,'ETL-Load','69b338b159bf154fcfcef5d479b3b5b0'),(110,0,'ETL-Load','6a856481eacbda5e3fea6b0a32860e9e'),(111,0,'ETL-Load','70abcc9c3947f9b96068721670c32213'),(112,0,'ETL-Load','1a8764a7b3904b2ad903fa750b11e3f2'),(113,0,'ETL-Load','19854458250cb20dc351d27816594b66'),(114,0,'ETL-Load','8f08bbdb72046258805a8da2d973f3f7'),(115,0,'ETL-Load','afbaad74e255e2fb4972de86a2c032f9'),(116,0,'ETL-Load','0a1bbdfa76aa94882658895c3aca33b3'),(117,0,'ETL-Load','683d195b08276e1c2b44178188d559b7'),(118,0,'ETL-Load','728a83083069329f82e51932845d13df'),(119,0,'ETL-Load','2fe22c6d434037d131f2499d521b1bc1'),(120,0,'ETL-Load','6254f70048a355d3c883eab200a0894b'),(121,0,'ETL-Load','f9e66cc6e888870e5dde252c38373f17'),(122,0,'ETL-Load','c0dea8a93ddd6f148cccf03eeed6d686'),(123,0,'ETL-Load','d574636db92eecaf3daadb5173e8f8ee'),(124,0,'ETL-Load','2a383f3d1454c350985614b14d000c63'),(125,0,'ETL-Load','22342af6abecc815e31eb8142dfeaef6'),(126,0,'ETL-Load','da90adef09ace65c37345553e11fb072'),(127,0,'ETL-Load','1629b6a23007e54480971e32ad743b03'),(128,0,'ETL-Load','f63d4430fa537477c33f3cd9a18202ec'),(129,0,'ETL-Load','71579145f36869ae13ddf6664f3f1d18'),(130,0,'ETL-Load','1f5417371dcd7909b7a1e3ea4c237603'),(131,0,'ETL-Load','167bca0dc05cdd7d4e3017c811818cd0'),(132,0,'ETL-Load','4ae2498e49a58224ecf063cc88ac8fa3'),(133,0,'ETL-Load','ebb7a51f170472a9321143c7ba92451c'),(134,0,'ETL-Load','ce38bf5264338f5c0d6ef0e2ea897f11'),(135,0,'ETL-Load','6c630e5b0c11ff04a7b1b3b090ee8d70'),(136,0,'ETL-Load','e2f7510cb6b94a2572059b12668e09d2'),(137,0,'ETL-Load','4343456d2a043049bf43a2a6fda1af2c'),(138,0,'ETL-Load','bf0e396794a78c8fbc9f9aae3c0503d8'),(139,0,'ETL-Load','0924fb222e7e53953fa6e91ad28cabf7'),(140,0,'ETL-Load','fa0a2d0a807956e5a34f224a644a52ad'),(141,0,'ETL-Load','bbeb300abde670011e6ba67d1500b366'),(142,0,'ETL-Load','9ee461d15c72e2d691a18696ca2c9668'),(143,0,'ETL-Load','97c407e6dd98e9ee898daad47f41fe09'),(144,0,'ETL-Load','b0ffc3fc3bd265f98c4b47a16d201bf8'),(145,0,'ETL-Load','ffb4d8f9ecf5ee1cbe3fce900a0c606b'),(146,0,'ETL-Load','905f496f7a6d8db5a7c1396a1307b4c4'),(147,0,'ETL-Load','2012fb60c3839e8e580a9914606b556c'),(148,0,'ETL-Load','2f69006449f6a6983cc52fe6acb8d711'),(149,0,'ETL-Load','9176bc55452b660c199c31151f5167ab'),(150,0,'ETL-Load','a517853014e4d51eaba7c942c068e577'),(151,0,'ETL-Load','84bb6befcde592583882949080d6d827'),(152,0,'ETL-Load','aada233eb5db91a071bd951862bf8757'),(153,0,'ETL-Load','99ea69eee65d769782eeab44b0cd4ee2'),(154,0,'ETL-Load','3c17e96a1972abc1c69ca5645e841cdb'),(155,0,'ETL-Load','295ae6658e659bcb9cd4128393954950'),(156,0,'ETL-Load','612ac7c9c451584aeb2716ae091224c9'),(157,0,'ETL-Load','b6b7fd4206485652063bb55ecc2bebd3'),(158,0,'ETL-Load','a67362585b56e924760195b1a0581f18'),(159,0,'ETL-Load','674681add592c4a61ff6a6e46f742d7d'),(160,0,'ETL-Load','07c557e3a097afdd11a4d3d0833f7c95'),(161,0,'ETL-Load','a7288401c7bac5a04953a702c8711810'),(162,0,'ETL-Load','969105b2d093487a03195df1fd48751c'),(163,0,'ETL-Load','95a3c77f287adf93a735b4e7d7a96bfb'),(164,0,'ETL-Load','076886e565916c279040cede1cdf7fc3'),(165,0,'ETL-Load','48434a4409d759ac430d37ac01b3c11d'),(166,0,'ETL-Load','babaeb65b427550730f0769c084d6edf'),(167,0,'ETL-Load','6654f495c012c46fca9145c9e06b76a6'),(168,0,'ETL-Load','f9798acc5148eca382cfa322e8dfa2c4'),(169,0,'ETL-Load','dba01f2d69409df70b0287f731a54887'),(170,0,'ETL-Load','d5090cf601e81ddbce920fa68194034b'),(171,0,'ETL-Load','f891606963261ba0f305fa44c4d76ab1'),(172,0,'ETL-Load','c59846fc53112539b175e2a6a966d9ab'),(173,0,'ETL-Load','f448174aa596a637b2cddc2192587a13'),(174,0,'ETL-Load','b1bb88fcd20a8daf940940b649024fbe'),(175,0,'ETL-Load','5a409d3b261b9cb73aafba2a55d8f8fa'),(176,0,'ETL-Load','1d6e9e4c3942a5de382793da767ae54c'),(177,0,'ETL-Load','3a30e16ac07fc97d8134f2ccd256beaf'),(178,0,'ETL-Load','3374dcd413569874e80ce1d0b0893fbe'),(179,0,'ETL-Load','0a74f9949910ef291d9b41a11d510b8b'),(180,0,'ETL-Load','5963fd2860dd1b7c78b534f6589e60f9'),(181,0,'ETL-Load','a851bf5d4530fda7d0281cd328e1ae56'),(182,0,'ETL-Load','7a4ff0c5930cdee7ea78278122ab24dc'),(183,0,'ETL-Load','24adc0947be130b093846cf45a61d002'),(184,0,'ETL-Load','e6da78c22ee660496c2f9ea9f9111502'),(185,0,'ETL-Load','9538187d4f78e78876641fd2dc9834a1'),(186,0,'ETL-Load','65ed0177734e5e7cdd9e1306e8257e41'),(187,0,'ETL-Load','9014e533e1b3d81ab95a0d7e8090d194'),(188,0,'ETL-Load','6acdd98d0362a5c86372d125dcf2549c'),(189,0,'ETL-Load','06de26cdfed8af53646b244aac7ad4ba'),(190,0,'ETL-Load','7a5d12b9a0030faea07e45ec295632d8'),(191,0,'ETL-Loa\nd','bdf0c9bca29d482d81ac32151f3555dc'),(192,0,'ETL-Load','d822323f14e5e697e3f3e80c718fbb07'),(193,0,'ETL-Load','be163f86286859706bf3621af48b8d4e'),(194,0,'ETL-Load','6be6fa611b0431ecc98446b87c8b5d5a'),(195,0,'ETL-Load','5d42758fc6751db2a5d3e0d2ec9b9664'),(196,0,'ETL-Load','f845d66c82e22c7f79fa1b834942ef1d'),(197,0,'ETL-Load','de424e31c1b079b8b3cf3e7cf3e53784'),(198,0,'ETL-Load','3683713dbb078b99a663391e86595c38'),(199,0,'ETL-Load','757c1c784a822a940033cc47f35066a3'),(200,0,'ETL-Load','189b15a1bac25ac0de097a25426075c8'),(201,0,'ETL-Load','d8bb730f6d84981713e857554a11f6d9'),(202,0,'ETL-Load','1ad070a9dacd0bcbad8cb2ddcba2cd36'),(203,0,'ETL-Load','bf5b2babfea856dcb478abccf0eb66a2'),(204,0,'ETL-Load','3ebc943b312ab55f90be85f5d4b2e601'),(205,0,'ETL-Load','fb433ba84768b2480be3e64187968672'),(206,0,'ETL-Load','7292d755062ae188818011462e14ff2b'),(207,0,'ETL-Load','f28cb780b4f92b2b9b5ae60409641d96'),(208,0,'ETL-Load','42030354e6a7d5bfc577f038e581d354'),(209,0,'ETL-Load','de5c73a460d8edf1e9c211f1b116d6b3'),(210,0,'ETL-Load','b019618620a7f98e284da185182ebd77'),(211,0,'ETL-Load','9edee27436260b84338da54667c5f283'),(212,0,'ETL-Load','37e993a5918bca6cd4fab8f16488ab8e'),(213,0,'ETL-Load','3308f78024ab7d37d68944858bd7efce'),(214,0,'ETL-Load','ba0c5a4b43394534fc05ec26516e925d'),(215,0,'ETL-Load','b261f4ea0313373f37085c62a013e481'),(216,0,'ETL-Load','3d127bef503f058a9f363dc6a651dbc8'),(217,0,'ETL-Load','0b56551017a4713c1b8e2cafd3e141b1'),(218,0,'ETL-Load','054386e8a20984fec757105134254786'),(219,0,'ETL-Load','c1a17d5472400b020f131aed85a52e2e'),(220,0,'ETL-Load','bc91cd0b4cf44161167fe981d2076d95'),(221,0,'ETL-Load','ba77a55d82f3f692fb71fddc30d92642'),(222,0,'ETL-Load','cfd96f1d257d6d60bdf55c7fdd24a50d'),(223,0,'ETL-Load','2029ae0b82e5400a3224e27b5a7728fd'),(224,0,'ETL-Load','2fc1b704776685cd3f9cb826e5dd6f7a'),(225,0,'ETL-Load','c6cf1d37fb1f4b49c673d014a8387bc7'),(226,0,'ETL-Load','6e917ff012cd18cb7adad9099be8abe5'),(227,0,'ETL-Load','a7cbd1a0e5389fd3f122292f981848e0'),(228,0,'ETL-Load','5bb99e6efc5d69776471eeec1a838094'),(229,0,'ETL-Load','47a3703699f4936eb61c1a8d3376fe8c'),(230,0,'ETL-Load','f62edf812adcddb5b6b7d2f8af68e5e4'),(231,0,'ETL-Load','60041a2d3e11f4e4765d3b4d9be55e85'),(232,0,'ETL-Load','b4c088352563fcf1ae6297e74095bc9d'),(233,0,'ETL-Load','630e87fa1cf12b55689413c87a5dbb47'),(234,0,'ETL-Load','22dbb68129d68d0cf1812d9391de04eb'),(235,0,'ETL-Load','9ce8d9edf24fd5ad52a42ac7d58654df'),(236,0,'ETL-Load','2809ed4b3c53b4df46242958adc97fbd'),(237,0,'ETL-Load','f88612ed24a88d8ab5092b1f63cbeb91'),(238,0,'ETL-Load','09929236d33c4aae01de8c251617a096'),(239,0,'ETL-Load','ce330ce14344237dda7c6012b9ad5358'),(240,0,'ETL-Load','1326b70fb80a259dff3d5441cbb968de'),(241,0,'ETL-Load','d8f452c96197ea5621e2111074a1a9f8'),(242,0,'ETL-Load','04143ad44cdf5c1d27ce8ecf344e2b3c'),(243,0,'ETL-Load','4811295c08da74335dda136766e0c1b4'),(244,0,'ETL-Load','6243036bea3089861f8e73c711527bd4'),(245,0,'ETL-Load','3433e09c98a6ff68dc97418c2d565d5a'),(246,0,'ETL-Load','bb805b151e2c31a36d6b2b7165966136'),(247,0,'ETL-Load','125e0d3eca531cc5e300b6013ab9c1a8'),(248,0,'ETL-Load','944d9dd24f9735ccc91826feb4cc1345'),(249,0,'ETL-Load','5c99a3d122ae368caabab5563d080a2f'),(250,0,'ETL-Load','9450e51176c3cc80eec32ce5cf98e13d'),(251,0,'ETL-Load','e2cc5281d2a229c863908ab441369b39'),(252,0,'ETL-Load','e5a117fcdf23e35760ebdaec670116d5'),(253,0,'ETL-Load','3673617429a9a7cae5d988cbac078c70'),(254,0,'ETL-Load','a9d0bc8fccf0f46a38cce2e5b2e9a12a'),(255,0,'ETL-Load','65f5f86ecb3b04230e870afab5f91e3d'),(256,0,'ETL-Load','fdeb61ef47b1d3759c8f3749cffd0cbd'),(257,0,'ETL-Load','891cfb72e7474d431dbc6d5d618059b2'),(258,0,'ETL-Load','9152554708e857344eb31045495e3822'),(259,0,'ETL-Load','960877fbbc9d62c04f12e932517f581b'),(260,0,'ETL-Load','3428488f03e261b7390b3391398efd82'),(261,0,'ETL-Load','bff629215a43383ea5b5d22986613793'),(262,0,'ETL-Load','c4263ce02707932ace59d87ee5019c19'),(263,0,'ETL-Load','b0f63597a342080f74681aaf9b8b2011'),(264,0,'ETL-Load','1a3294bd75454da325c3e623054a6a3a'),(265,0,'ETL-Load','99b4ca21711236573657c026664d50c1'),(266,0,'ETL-Load','d20dcc9f48b9cc00a830d2846c22c983'),(267,0,'ETL-Load','f6a2735f24a04384674dcbd11d46dca1'),(268,0,'ETL-Load','505eecb475ac0dc5f11c8cbf092a1176'),(269,0,'ETL-Load','418eb2e64f0f927b8954434242457184'),(270,0,'ETL-Load','0e7cc06bd3f8601b80195cfc1ca0c210'),(271,0,'ETL-Load','883175d37fe922edcea406160db45456'),(272,0,'ETL-Load','7cbb9014e0dc8fb8cc8916c0a1a68e9f'),(273,0,'ETL-Load','0bc09dbf1eb006e3ed835ece706c82e0'),(274,0,'ETL-Load','6831b0aa8a26482daf99072e94942b09'),(275,0,'ETL-Load','2fefcb26d48c9cf00169c10b86755967'),(276,0,'ETL-Load','e5316c999d471e9cc2ea8f6d8b9cfdf8'),(277,0,'ETL-Load','d95c02fa305e1b0d8afc3567c9d64c58'),(278,0,'ETL-Load','db1d4e1945547b437d3e100454106498'),(279,0,'ETL-Load','f90045c638c49658c3a16dfc7fe27a48'),(280,0,'ETL-Load','f8d02a97226abacb5c093eed58aef3e3'),(281,0,'ETL-Load','33bd804fe111468aeb60173c0189e161'),(282,0,'ETL-Load','0b6194a53490413c387d9bb307c25417'),(283,0,'ETL-Load','162ba413f31e3729c10d11a569f4ea60'),(284,0,'ETL-Load','358c6bbb4ec13566122afe2efa138465'),(285,0,'ETL-Load','f62c41273ba8d525e251d2bcab2ae926'),(286,0,'ETL-Load','3de7690f1966a01ae73679907292fc8e'),(287,0,'ETL-Load','ef8f1ff5ef3cc6a28232d31416a2df4b'),(288,0,'ETL-Load','60099caf524aa86d9df569abd03187b6'),(289,0,'ETL-Load','8bb9c694bd180cda21b6641fe397e40b'),(290,0,'ETL-Load','59f36ab4f7bc79bb0539ab3a1ef036dc'),(291,0,'ETL-Load','189bbe8191599209ddc0d98381c1b8d4'),(292,0,'ETL-Load','54273748dff99c8b10457198fe317867'),(293,0,'ETL-Load','1d663f3a5434be6f5491903de763c279'),(294,0,'ETL-Load','37f16c039c010ec4c72557c9cc293dd9'),(295,0,'ETL-Load','85cd1d22cc36fe18b1b6ab118c962b28'),(296,0,'ETL-Load','683a49499efb7c4e5f3b3404da443ab6'),(297,0,'ETL-Load','bc7915ab75cc4ae9a417c6bd82356df1'),(298,0,'ETL-Load','59fa4f5d8cb9c78ce5a85298b1f11185'),(299,0,'ETL-Load','950b5387422a96e8874388c85c480f0e'),(300,0,'ETL-Load','c696d1bf24eb78c1cbb1b7a28989ee2b'),(301,0,'ETL-Load','0386aa9d2f61fe1ef4e63ac663583174'),(302,0,'ETL-Load','5c11a59535a072f5bdd9c8bb6d47a2a0'),(303,0,'ETL-Load','2436bda415140cc63a153b4d0ac84833'),(304,0,'ETL-Load','78e7eed51736e109cddc48ef88cf8e89'),(305,0,'ETL-Load','e51ff1c2e526bd78737149eafe4fcf03'),(306,0,'ETL-Load','8622a4e8d6603cdee01d672f9cad04db'),(307,0,'ETL-Load','431c6089e8b5307e53034b516a1a451f'),(308,0,'ETL-Load','b5feb995cebe53274cc19552ca95a54d'),(309,0,'ETL-Load','85dec346622266f121ff4e737a2d9a25'),(310,0,'ETL-Load','027163358b0e255715f88282e770026b'),(311,0,'ETL-Load','4e5c69f922fe38185b1e130385264890'),(312,0,'ETL-Load','d631583cde928e4a8c0582f5c86c4060'),(313,0,'ETL-Load','f3bf37e25997003074d92b9e255feec5'),(314,0,'ETL-Load','a027674c7df0827cfe5f617ad1a28176'),(315,0,'ETL-Load','756dff80c5daeea60fa56b634e9b3cb1'),(316,0,'ETL-Load','9d593c8c97a5a073361fb0c3287c596b'),(317,0,'ETL-Load','6396e4814a51ae9e29c56353fc2953b3'),(318,0,'ETL-Load','c662389167a2fcdebcf2d01eb65031e9'),(319,0,'ETL-Load','7546b463bc07afbcf48f1d2658691310'),(320,0,'ETL-Load','e6d36d93fff199a1e15551583152c6a2'),(321,0,'ETL-Load','650061cdae97107a14c0b77db06547a8'),(322,0,'ETL-Load','c7ef1fcf3181149543ca40b484a5fbe9'),(323,0,'ETL-Load','4d93d8307867ba9480915bba30697bf7'),(324,0,'ETL-Load','04ef30d4bdc83e07a801f314926d7331'),(325,0,'ETL-Load','9f9e6ba9e39d6c2171837ce2aec1de8d'),(326,0,'ETL-Load','83f522c5ef78b1e76c49b6a108f82fb9'),(327,0,'ETL-Load','d12816004bccfa03f765892a0d1994c9'),(328,0,'ETL-Load','e311f5a72d6290ab9d15d647d7519a4a'),(329,0,'ETL-Load','3208ca42d2e15705adaea9381be86134'),(330,0,'ETL-Load','870d216728475318242d68a9f65788a5'),(331,0,'ETL-Load','e3d5f5be504b4363dcfe14aa44281af1'),(332,0,'ETL-Load','bf5d8e380a443710685949c48f5108ee'),(333,0,'ETL-Load','414ac85634b66881c378560495cb7b64'),(334,0,'ETL-Load','9404da92962ac80d9d4c2a13b8894f9c'),(335,0,'ETL-Load','3ed26d5212fb3361e8cf481bdf7f1661'),(336,0,'ETL-Load','6a810c78a9983d0aaa5592301683b8e0'),(337,0,'ETL-Load','5af91c527720b513e3fce861ccb470f8'),(338,0,'ETL-Load','3bfd99f900cb186506521d7c6297e43d'),(339,0,'ETL-Load','aa432b6525948ddb70a92afbbbe59c70'),(340,0,'ETL-Load','655935e5d9409de9b90685bd164dfb74'),(341,0,'ETL-Load','0717eaf057b5f3bcb1cdbcbf974317d1'),(342,0,'ETL-Load','3a7abd024e694a6b0212488635bbf9d5'),(343,0,'ETL-Load','a6a2272b92910f6e1fcfdcaef4dfd10b'),(344,0,'ETL-Load','6c7b4fd6aa9f4b4b402955687a70bee3'),(345,0,'ETL-Load','a20ebbe60ce7ad64986fa4bb5985e956'),(346,0,'ETL-Load','415a6843667d9631fe40fad63f758a96'),(347,0,'ETL-Load','929198331d9b88014c40efbb4f418a3a'),(348,0,'ETL-Load','e712f9d6f498d71958118fa5bb8886c6'),(349,0,'ETL-Load','853f371c8714d339a0edab7aa1daabea'),(350,0,'ETL-Load','d65fefc97226b3b53c08cd117ebb0717'),(351,0,'ETL-Load','f8c92a37755639054c4ae07ea8b28dbd'),(352,0,'ETL-Load','69ab27458338f132282b3de94fa61596'),(353,0,'ETL-Load','2a4ee2a5c9ff6e66530744da8241cf7a'),(354,0,'ETL-Load','4bf3c6817a7ac41fd807ebed75b064e5'),(355,0,'ETL-Load','15052519ad37605fc25520c73e7cda97'),(356,0,'ETL-Load','09800f4f049da3834ea24b049c604349'),(357,0,'ETL-Load','237adf8f8a80c01a9d271f665031fd19'),(358,0,'ETL-Load','faf016c9ba481b5b665debe985796b05'),(359,0,'ETL-Load','6f895c66fd4a21eb2f64026a249e8501'),(360,0,'ETL-Load','1c5c155937451002052a1374540acc72'),(361,0,'ETL-Load','fc66e815e83d87d97d8526e3bae1c13f'),(362,0,'ETL-Load','c903065b70eb261535c01b8c058830c4'),(363,0,'ETL-Load','878246caa6266677e99e9d5fd512afde'),(364,0,'ETL-Load','97e524d3d66b3e6c879a3f1b5131190f'),(365,0,'ETL-Load','475e70f72615f7ca624c9f753d1b243c'),(366,0,'ETL-Load','81f3b908ad08cea50b7c6856abb5c23e'),(367,0,'ETL-Load','509930c304cbc6e81bdb0d03c6120aa4'),(368,0,'ETL-Load','e41f2cffcd3a7bdd9ef70d3b321467e4'),(369,0,'ETL-Load','e9c27f0edfa5bed9b5bda101d42aa01e'),(370,0,'ETL-Load','5c65db010613c0c99e27a340e596a405'),(371,0,'ETL-Load','19ad85f7fefba07d7e421a72d8a597f0'),(372,0,'ETL-Load','8b36d2e55bf4a52daf55816658557a08'),(373,0,'ETL-Load','bb1710841b645a9cfe089004fc4ffdae'),(374,0,'ETL-Load','762591f05279e71366a1a0e374674d78'),(375,0,'ETL-Load','49e2682330e00988f615a98b54611c7f'),(376,0,'ETL-Load','f102e4399388d67e357382b69cde2036'),(377,0,'ETL-Load','1ba6172482755787eecd42e8f0111757'),(378,0,'ETL-Load','4f961d0b87414168e5e31d896593a5d8'),(379,0,'ETL-Load','4e2f4edb7275a714b2b7141dca72aa88'),(380,0,'ETL-Load','7f3dada1d51b41139eaa6764a14bd71d'),(381,0,'ETL-Load','53bdeeb94da53c230e032e9750d74353'),(382,0,'ETL-Load','c633e0cf6034c199757c790378d552b2'),(383,0,'ETL-Load','4475da1a30b0994ca3c54cb16afa3b7e'),(384,0,'ETL-Load','8673a1ed4f4e76c0accc648112f88209'),(385,0,'ETL-Load','60b214030aa05896e14a686931cdc948'),(386,0,'ETL-Load','dba643fbc9d3c61b9208e1130e9d3727'),(387,0,'ETL-Load','bd44deb0d4baa797f1c3de2414596125'),(388,0,'ETL-Load','e04f320c7752f85a7194f733ea0105d8'),(389,0,'ETL-Load','62bfbb5cd819ada4b72fb239d0be0834'),(390,0,'ETL-Load','994f3136da80f63b37456d4b7bc1bd1a'),(391,0,'ETL-Load','4f8a961b5abb5e05ff09ed85c5defa4e'),(392,0,'ETL-Load','00829b1a41dc1b7a7c56b9b1774e84d9'),(393,0,'ETL-Load','7021f76c1d4f74d307366f65c2c04337'),(394,0,'ETL-Load','9f2b0a32ba1a7cac66e8e2bf5ec844c8'),(395,0,'ETL-Load','3f819bd0a57753c876c7b32640f82b05'),(396,0,'ETL-Load','539448bd16eed5c14569863784f4872c'),(397,0,'ETL-Load','aa3c1d97dea919f58f7ff29c716fa7c6'),(398,0,'ETL-Load','28b7d6a976e02e10925f42f11364db47'),(399,0,'ETL-Load','60c0c3d4f9ab71b3697290941bb65b73'),(400,0,'ETL-Load','d762d3e3fe095f75c230da3978042522'),(401,0,'ETL-Load','b8048a6ead1edb6b3dbf37a14b3aff7a'),(402,0,'ETL-Load','d6bab92329cb837e3d916a79a056616b'),(403,0,'ETL-Load','93082905effb664c8f70471c3a456a64'),(404,0,'ETL-Load','7adad48801230b4a49854d5cc8ccd0fe'),(405,0,'ETL-Load','45dda681a32853522e072892546b3a39'),(406,0,'ETL-Load','69cefb7c048fc7dffc3d9bb2b10797e4'),(407,0,'ETL-Load','7f29f7545f29ee79401652552df51b9e'),(408,0,'ETL-Load','f1bd09a94ea0f169d0316edd57aaafc6'),(409,0,'ETL-Load','425e2e37972f37068650483b5dd7624b'),(410,0,'ETL-Load','7ee4de14cdfb853567893c1fd74526e7'),(411,0,'ETL-Load','0b9ec415c0cc53a3e0225a8bd0b05925'),(412,0,'ETL-Load','a9d31c3aed84aa8a5d414b1d6cc43bf9'),(413,0,'ETL-Load','006a77fb88d064333ee935b36624f00b'),(414,0,'ETL-Load','c7c4f301aa841b9f0061fdfec5a89be9'),(415,0,'ETL-Load','adfb387609e33a0178846bfe4e86cfc2'),(416,0,'ETL-Load','3ff2b9378a10be89620f8bc07364d6a7'),(417,0,'ETL-Load','1bb9ed464fbc13299dd7b12acdc9747d'),(418,0,'ETL-Load','5a97b733f8acc9ab0d4bc2b576346ab8'),(419,0,'ETL-Load','bba31f02711b4dc348da6b3bbf1cbd11'),(420,0,'ETL-Load','0cb79edd093e175ad633c0a264511ee1'),(421,0,'ETL-Load','173ffd1c20a9d62250bfa9673e9ea059'),(422,0,'ETL-Load','1ab6bb06e5372660aa3e2e049c18123e'),(423,0,'ETL-Load','985cdad15b80d2bd1caa01ec6c500adb'),(424,0,'ETL-Load','7797b16565e5314a2945131a8921de5d'),(425,0,'ETL-Load','e9ebc8c474d3608645412db84133a0c9'),(426,0,'ETL-Load','7dd472c480e5b42cd1420c890260c6ca'),(427,0,'ETL-Load','922cddddb8e37e77100009c170107957'),(428,0,'ETL-Load','785eef4371926c55c8c44d1e0cbb39a6'),(429,0,'ETL-Load','ada21331793c290ba0dccec73d0eb4c9'),(430,0,'ETL-Load','016eb350413c1cc97fe1e4373cb4e974'),(431,0,'ETL-Load','54a936b7a060524d489c197f553c81ce'),(432,0,'ETL-Load','927801d414be76f8038034c1fed33c95'),(433,0,'ETL-Load','a9971732494c6e9eae979233ae21809c'),(434,0,'ETL-Load','50b94e5a4f7152c5762722adbcd6b492'),(435,0,'ETL-Load','f723ab3054e3f1095c323151b960fdf7'),(436,0,'ETL-Load','c756b30d79fbaacbd0a87342882a7ed1'),(437,0,'ETL-Load','046b09dbe46c6fa3f09a2f4aa6d1ca17'),(438,0,'ETL-Load','3561ac7e5daa048a8e888f837216dc9a'),(439,0,'ETL-Load','7dfb0d1b6c4dfa298692d10f0bfee89c'),(440,0,'ETL-Load','c26421ff8864b0f91e44a9ce472014f4'),(441,0,'ETL-Load','67427100ff9313a47d8944568c80a68f'),(442,0,'ETL-Load','6cf167f69fc8208dd610e3f015928cbc'),(443,0,'ETL-Load','eed19b8e73cd0178f849543d74f5fdfc'),(444,0,'ETL-Load','3a73220831c3cc791546f90a5cdb831b'),(445,0,'ETL-Load','07a6f700b54f92d8e8e861d06f999da9'),(446,0,'ETL-Load','2ea29379df9e040c9d76e61199b4a91c'),(447,0,'ETL-Load','726ddedb79ad0d20145114bf8125635b'),(448,0,'ETL-Load','f176fd3114ae488fb7a2170054e26f41'),(449,0,'ETL-Load','629f20ca81bbac7255b317327b454be3'),(450,0,'ETL-Load','219b2297a3a52702f9cf9b07ccc9fac4'),(451,0,'ETL-Load','119ebef15814fb2f1cd460180605015c'),(452,0,'ETL-Load','d3f8911be403dff29a7a0b2415867e41'),(453,0,'ETL-Load','21fa3e9708f9aba668c47cd44f986d16'),(454,0,'ETL-Load','a50b08aac520b3b8e7812eda7a527965'),(455,0,'ETL-Load','9b6c68969a817c3f5f6f153572b026ef'),(456,0,'ETL-Load','cb022a3960ae03f02f7b2eb0a038dee3'),(457,0,'ETL-Load','79efb2b6d06cc9f3c47f56e0449e2222'),(458,0,'ETL-Load','beb70cc1a392d81714d2ff0dbd6c0b08'),(459,0,'ETL-Load','dc9145a2c6a5c45ef6a3e23611341e43'),(460,0,'ETL-Load','5dfeb0e3887b6ed3df46b3704c630c19'),(461,0,'ETL-Load','2184a6d5f624709a1662d64d20380dfc'),(462,0,'ETL-Load','888a50999e96a5762760ec8576fd2616'),(463,0,'ETL-Load','7367b96fe4555c2b914a88a6a875113c'),(464,0,'ETL-Load','3e6321ddfef2b8db32cfd3169d8897fe'),(465,0,'ETL-Load','008426c24cee910c8cc7ca52eb100968'),(466,0,'ETL-Load','468444aec2b9eb49221553f1812eeda9'),(467,0,'ETL-Load','52f956bb4ab2f8f778693a777d33690a'),(468,0,'ETL-Load','7969ab9aecb7b73669c34d058a1998d7'),(469,0,'ETL-Load','1da1d2aef648b702a64c840e09cad0eb'),(470,0,'ETL-Load','0da11bcfbe5b6bfa08c311643aa97ad5'),(471,0,'ETL-Load','f0f9474811c452c2e8af22e157f233f6'),(472,0,'ETL-Load','e5a158717cbdd3a864eecff11011a935'),(473,0,'ETL-Load','3f5e2c668b4ac07300e34f4e01871573'),(474,0,'ETL-Load','6d456ca545cb1b89a332bf450b13e229'),(475,0,'ETL-Load','3cfd544a389adfd268492750aa038012'),(476,0,'ETL-Load','21dbec099b46346755f738b5f0ed6692'),(477,0,'ETL-Load','e44eb1e380a5fd5b55ecef2331831a79'),(478,0,'ETL-Load','bba285493d27fb8209807e9f24ddd038'),(479,0,'ETL-Load','4c835ecdd9b144abfcced096dfe4e466'),(480,0,'ETL-Load','065bac144df4fca43456c90c6266e1e1'),(481,0,'ETL-Load','057302288d1a33997bdf4b75b58acdb2'),(482,0,'ETL-Load','42b76623c4590937dfda1b301bc0e352'),(483,0,'ETL-Load','02392c57621d5cf598ba0a73be8f6f03'),(484,0,'ETL-Load','8126febeb4a8681ad03ab188d278137c'),(485,0,'ETL-Load','1f1c9f011dd80d5700d68f459abe99dc'),(486,0,'ETL-Load','4e5f44cd839fa40a67b6844f1218d0be'),(487,0,'ETL-Load','e1a22b51cccdaedf2a425e33a8034dcb'),(488,0,'ETL-Load','1c2bf35d17438d7aeeb06c16019e4642'),(489,0,'ETL-Load','26c5ffffa71d2203e1c6006d76311c2a'),(490,0,'ETL-Load','e92ee45ad487b9ce99d3bb611faddf14'),(491,0,'ETL-Load','6d1e215a3d44157c398e805e7c4db6cd'),(492,0,'ETL-Load','8dd6ced984aad665b11e030a4513bb1c'),(493,0,'ETL-Load','9df025296ea006a36cc244244a96166a'),(494,0,'ETL-Load','e4c8cd937cd48a3902828c55a425c310'),(495,0,'ETL-Load','8fdb8231332ec89867c8623d08034da1'),(496,0,'ETL-Load','2d45c523e1102021083f9b5bef838678'),(497,0,'ETL-Load','1e45a9df0b017e46fcd0459dd5818ced'),(498,0,'ETL-Load','780a9804c01ff45c092af246517185d0'),(499,0,'ETL-Load','977270dee5566cc49ec34e716c8b5afc'),(500,0,'ETL-Load','cf6a6d9d8cccc519451977218acbc58a'),(501,0,'ETL-Load','e5894e33bdf79bc8f8ee5aac7d4a888b'),(502,0,'ETL-Load','38aab240662d95eb33ee7bea0c6c695a'),(503,0,'ETL-Load','5b627ac0746b0c3289e40d68359a9915'),(504,0,'ETL-Load','7e19137659014048a40b77e547a7a449'),(505,0,'ETL-Load','22ea039d9c201d8662a7127b36591db9'),(506,0,'ETL-Load','75dd034ea6266276dc25aab75d6dbe89'),(507,0,'ETL-Load','8728cf42872c70dffbc94ef6b9bd9ec3'),(508,0,'ETL-Load','34311798343c65dfccd2032bec175136'),(509,0,'ETL-Load','a2fd321e1256ec520bc67fa9b253b330'),(510,0,'ETL-Load','4a75da5ad4a42e4ba3fcd2360d22e83a'),(511,0,'ETL-Load','c5670422a356d0300871bdb9b7ede247'),(512,0,'ETL-Load','ee79e271057610046fa49ab4dc092b80'),(513,0,'ETL-Load','fa1d20d408d4bd9dfd3efbcabc2a67ba'),(514,0,'ETL-Load','eb181611434316f778174852959ab906'),(515,0,'ETL-Load','72811d96853f3ffabb1748306e3fd51b'),(516,0,'ETL-Load','655562db388d716c35e858748627120b'),(517,0,'ETL-Load','2c6386c9e960af75f0aa910cbfefc38a'),(518,0,'ETL-Load','bc7fc6b3c917ef8e0b57f23f6d418d97'),(519,0,'ETL-Load','f29531186fc67bfb07d7c7e6d7035dd2'),(520,0,'ETL-Load','ab9dba504d30bddb1c469779a0e2f597'),(521,0,'ETL-Load','547781a1aeff4c63fdb7a822e8928a1e'),(522,0,'ETL-Load','442b9beb12e9ae35598593700f5a0526'),(523,0,'ETL-Load','bd11a6f54b67ea2c0e92726fae40a4aa'),(524,0,'ETL-Load','35f6d4da5518dc2aa8f0d19fb04b5b69'),(525,0,'ETL-Load','fa923601e978a05ae539698ef8075a1d'),(526,0,'ETL-Load','c0c58bf1f0e990b0e7207ad0a9052c53'),(527,0,'ETL-Load','afd239b4ec75b7b229f92fa7072c401e'),(528,0,'ETL-Load','cb00d4b93c871732446ce79ac2d05b2a'),(529,0,'ETL-Load','64d7dc91ccf31a2f6419ff097f42cdeb'),(530,0,'ETL-Load','809d99886656a3fc7d73f85ebc1df0ad'),(531,0,'ETL-Load','616d8668c1538d2f2431122ccfc775f4'),(532,0,'ETL-Load','83c594b72c97b121b818ef37fd04a662'),(533,0,'ETL-Load','c7828d5a182c76b06de513e5823fe248'),(534,0,'ETL-Load','807a1aaff033aee68ff084a164bb8f2e'),(535,0,'ETL-Load','efe39a65443520d1170e54620c303075'),(536,0,'ETL-Load','f864afed8c2e8a91222c53933832b48d'),(537,0,'ETL-Load','e5436208327cadd3ed0588444da7f0db'),(538,0,'ETL-Load','3ae92ed978b0763fa6f8c22ecae32324'),(539,0,'ETL-Load','f98a49af3fcb20b3c848f7540c8bbbaf'),(540,0,'ETL-Load','15e82eda36a5c671c2c6c8d57eb13b19'),(541,0,'ETL-Load','533faacfaea376ef957fe327e8dd27f5'),(542,0,'ETL-Load','fb8ea7d878649253872fe606677324a7'),(543,0,'ETL-Load','5217ef112fadccb6fc6951cfbff4e8c1'),(544,0,'ETL-Load','968073ffbf87ec9ef8fde261f7696834'),(545,0,'ETL-Load','72737e5601a9a8fa9311d1904d3b8a27'),(546,0,'ETL-Load','8705cf5959c084d437e647a0a1088304'),(547,0,'ETL-Load','84f184a97d970bc08122bc758646d95d'),(548,0,'ETL-Load','9b284d086eeaf8e48e08e4852e461c91'),(549,0,'ETL-Load','534c89a1a0455850abe43ff34f08cc71'),(550,0,'ETL-Load','734916590ee24c95621bd920bd0b5757'),(551,0,'ETL-Load','0b896f69aaaf4fe9889c61a845107bd1'),(552,0,'ETL-Load','6ca80436e0777f5a0496dacfc7737bbb'),(553,0,'ETL-Load','00dc3eec2369ef24538c4ad7254e9824'),(554,0,'ETL-Load','0805bd7e13073bf3e2af218904723f17'),(555,0,'ETL-Load','ed7deb89ee507f26efe6563da9276b03'),(556,0,'ETL-Load','d93364834c8bd7781281512886b2bb5c'),(557,0,'ETL-Load','9751977d0981b1c7922acd73020fa52e'),(558,0,'ETL-Load','71068c54c2bf8ec8ce73c7a9182a5fd2'),(559,0,'ETL-Load','b873df0e8af5f926b0371ea26787fbd8'),(560,0,'ETL-Load','d4e5ef79febca4fdfc7ced59ca5c53b4'),(561,0,'ETL-Load','e76a6c995baf0c0a85e794de6916a0ca'),(562,0,'ETL-Load','9791b1378977052b1deae3c9ba1ccaf7'),(563,0,'ETL-Load','b294957c269f5e69ad6378a3cc87b58d'),(564,0,'ETL-Load','81dd2e77f8615d882d23a043deaddd6f'),(565,0,'ETL-Load','98aa133ca1a4d7e5535dc4a7f168d03b'),(566,0,'ETL-Load','911b53968dcf259fcb4e9f39388e7629'),(567,0,'ETL-Load','0d4bd236c604f9b53187bc84ea30bb49'),(568,0,'ETL-Load','e3e3fd36a939a0ba0e397789cd273d77');
/*!40000 ALTER TABLE `BATCH_JOB_INSTANCE` ENABLE KEYS */;
UNLOCK TABLES;

--
-- Table structure for table `BATCH_JOB_SEQ`
--

DROP TABLE IF EXISTS `BATCH_JOB_SEQ`;
/*!40101 SET @saved_cs_client     = @@character_set_client */;
/*!40101 SET character_set_client = utf8 */;
CREATE TABLE `BATCH_JOB_SEQ` (
  `ID` bigint(20) NOT NULL
) ENGINE=InnoDB DEFAULT CHARSET=latin1;
/*!40101 SET character_set_client = @saved_cs_client */;

--
-- Dumping data for table `BATCH_JOB_SEQ`
--

LOCK TABLES `BATCH_JOB_SEQ` WRITE;
/*!40000 ALTER TABLE `BATCH_JOB_SEQ` DISABLE KEYS */;
INSERT INTO `BATCH_JOB_SEQ` VALUES (568);
/*!40000 ALTER TABLE `BATCH_JOB_SEQ` ENABLE KEYS */;
UNLOCK TABLES;

--
-- Table structure for table `BATCH_STEP_EXECUTION`
--

DROP TABLE IF EXISTS `BATCH_STEP_EXECUTION`;
/*!40101 SET @saved_cs_client     = @@character_set_client */;
/*!40101 SET character_set_client = utf8 */;
CREATE TABLE `BATCH_STEP_EXECUTION` (
  `STEP_EXECUTION_ID` bigint(20) NOT NULL,
  `VERSION` bigint(20) NOT NULL,
  `STEP_NAME` varchar(100) NOT NULL,
  `JOB_EXECUTION_ID` bigint(20) NOT NULL,
  `START_TIME` datetime NOT NULL,
  `END_TIME` datetime DEFAULT NULL,
  `STATUS` varchar(10) DEFAULT NULL,
  `COMMIT_COUNT` bigint(20) DEFAULT NULL,
  `READ_COUNT` bigint(20) DEFAULT NULL,
  `FILTER_COUNT` bigint(20) DEFAULT NULL,
  `WRITE_COUNT` bigint(20) DEFAULT NULL,
  `READ_SKIP_COUNT` bigint(20) DEFAULT NULL,
  `WRITE_SKIP_COUNT` bigint(20) DEFAULT NULL,
  `PROCESS_SKIP_COUNT` bigint(20) DEFAULT NULL,
  `ROLLBACK_COUNT` bigint(20) DEFAULT NULL,
  `EXIT_CODE` varchar(20) DEFAULT NULL,
  `EXIT_MESSAGE` varchar(2500) DEFAULT NULL,
  `LAST_UPDATED` datetime DEFAULT NULL,
  PRIMARY KEY (`STEP_EXECUTION_ID`),
  KEY `JOB_EXECUTION_STEP_FK` (`JOB_EXECUTION_ID`),
  CONSTRAINT `JOB_EXECUTION_STEP_FK` FOREIGN KEY (`JOB_EXECUTION_ID`) REFERENCES `BATCH_JOB_EXECUTION` (`JOB_EXECUTION_ID`)
) ENGINE=InnoDB DEFAULT CHARSET=latin1;
/*!40101 SET character_set_client = @saved_cs_client */;

--
-- Dumping data for table `BATCH_STEP_EXECUTION`
--

LOCK TABLES `BATCH_STEP_EXECUTION` WRITE;
/*!40000 ALTER TABLE `BATCH_STEP_EXECUTION` DISABLE KEYS */;
INSERT INTO `BATCH_STEP_EXECUTION` VALUES (332,3,'ETL-file-load',339,'2018-12-06 18:46:29','2018-12-06 18:46:31','COMPLETED',1,5,0,5,0,0,0,0,'COMPLETED','','2018-12-06 18:46:31'),(333,3,'ETL-file-load',340,'2018-12-06 19:01:28','2018-12-06 19:01:28','COMPLETED',1,5,0,5,0,0,0,0,'COMPLETED','','2018-12-06 19:01:28'),(334,3,'ETL-file-load',341,'2018-12-07 15:33:44','2018-12-07 15:33:45','COMPLETED',1,1,0,1,0,0,0,0,'COMPLETED','','2018-12-07 15:33:45'),(335,3,'ETL-file-load',342,'2018-12-07 15:38:53','2018-12-07 15:38:53','COMPLETED',1,1,0,1,0,0,0,0,'COMPLETED','','2018-12-07 15:38:53'),(336,3,'ETL-file-load',343,'2018-12-08 10:33:13','2018-12-08 10:33:14','COMPLETED',1,2,0,2,0,0,0,0,'COMPLETED','','2018-12-08 10:33:14'),(337,3,'ETL-file-load',344,'2018-12-08 10:52:19','2018-12-08 10:52:19','COMPLETED',1,10,0,10,0,0,0,0,'COMPLETED','','2018-12-08 10:52:19'),(338,3,'ETL-file-load',345,'2018-12-08 10:59:32','2018-12-08 10:59:32','COMPLETED',1,1,0,1,0,0,0,0,'COMPLETED','','2018-12-08 10:59:32'),(339,3,'ETL-file-load',346,'2018-12-08 11:11:04','2018-12-08 11:11:04','COMPLETED',1,1,0,1,0,0,0,0,'COMPLETED','','2018-12-08 11:11:04'),(340,3,'ETL-file-load',347,'2018-12-08 11:12:29','2018-12-08 11:12:29','COMPLETED',1,1,0,1,0,0,0,0,'COMPLETED','','2018-12-08 11:12:29'),(341,3,'ETL-file-load',348,'2018-12-08 11:28:04','2018-12-08 11:28:04','COMPLETED',1,1,0,1,0,0,0,0,'COMPLETED','','2018-12-08 11:28:04'),(342,3,'ETL-file-load',349,'2018-12-08 11:42:42','2018-12-08 11:42:44','COMPLETED',1,1,0,1,0,0,0,0,'COMPLETED','','2018-12-08 11:42:44'),(343,3,'ETL-file-load',350,'2018-12-08 11:47:29','2018-12-08 11:47:29','COMPLETED',1,1,0,1,0,0,0,0,'COMPLETED','','2018-12-08 11:47:29'),(344,3,'ETL-file-load',351,'2018-12-08 11:50:53','2018-12-08 11:50:53','COMPLETED',1,1,0,1,0,0,0,0,'COMPLETED','','2018-12-08 11:50:53'),(345,3,'ETL-file-load',352,'2018-12-08 11:54:49','2018-12-08 11:54:49','COMPLETED',1,1,0,1,0,0,0,0,'COMPLETED','','2018-12-08 11:54:49'),(346,3,'ETL-file-load',353,'2018-12-08 12:14:08','2018-12-08 12:14:08','COMPLETED',1,1,0,1,0,0,0,0,'COMPLETED','','2018-12-08 12:14:08'),(347,3,'ETL-file-load',354,'2018-12-08 12:17:53','2018-12-08 12:17:53','COMPLETED',1,1,0,1,0,0,0,0,'COMPLETED','','2018-12-08 12:17:53'),(348,3,'ETL-file-load',355,'2018-12-08 12:18:53','2018-12-08 12:18:53','COMPLETED',1,1,0,1,0,0,0,0,'COMPLETED','','2018-12-08 12:18:53'),(349,3,'ETL-file-load',356,'2018-12-08 13:02:18','2018-12-08 13:02:20','COMPLETED',1,1,0,1,0,0,0,0,'COMPLETED','','2018-12-08 13:02:20'),(350,3,'ETL-file-load',357,'2018-12-08 13:04:22','2018-12-08 13:04:23','COMPLETED',1,1,0,1,0,0,0,0,'COMPLETED','','2018-12-08 13:04:23'),(351,3,'ETL-file-load',358,'2018-12-08 13:28:18','2018-12-08 13:28:20','COMPLETED',1,1,0,1,0,0,0,0,'COMPLETED','','2018-12-08 13:28:20'),(352,3,'ETL-file-load',359,'2018-12-08 13:29:13','2018-12-08 13:29:13','COMPLETED',1,1,0,1,0,0,0,0,'COMPLETED','','2018-12-08 13:29:13'),(353,3,'ETL-file-load',360,'2018-12-08 13:30:53','2018-12-08 13:30:53','COMPLETED',1,1,0,1,0,0,0,0,'COMPLETED','','2018-12-08 13:30:53'),(354,3,'ETL-file-load',361,'2018-12-08 13:47:23','2018-12-08 13:47:24','COMPLETED',1,1,0,1,0,0,0,0,'COMPLETED','','2018-12-08 13:47:24'),(355,3,'ETL-file-load',362,'2018-12-08 14:01:25','2018-12-08 14:01:25','COMPLETED',1,1,0,1,0,0,0,0,'COMPLETED','','2018-12-08 14:01:25'),(356,3,'ETL-file-load',363,'2018-12-08 14:09:28','2018-12-08 14:09:28','COMPLETED',1,1,0,1,0,0,0,0,'COMPLETED','','2018-12-08 14:09:28'),(357,3,'ETL-file-load',364,'2018-12-08 14:22:06','2018-12-08 14:22:06','COMPLETED',1,1,0,1,0,0,0,0,'COMPLETED','','2018-12-08 14:22:06'),(358,3,'ETL-file-load',365,'2018-12-08 14:29:43','2018-12-08 14:29:43','COMPLETED',1,1,0,1,0,0,0,0,'COMPLETED','','2018-12-08 14:29:43'),(359,3,'ETL-file-load',366,'2018-12-08 15:09:27','2018-12-08 15:09:29','COMPLETED',1,1,0,1,0,0,0,0,'COMPLETED','','2018-12-08 15:09:29'),(360,3,'ETL-file-load',367,'2018-12-08 15:21:29','2018-12-08 15:21:29','COMPLETED',1,1,0,1,0,0,0,0,'COMPLETED','','2018-12-08 15:21:29'),(361,3,'ETL-file-load',368,'2018-12-08 15:33:10','2018-12-08 15:33:10','COMPLETED',1,1,0,1,0,0,0,0,'COMPLETED','','2018-12-08 15:33:10'),(362,3,'ETL-file-load',369,'2018-12-08 15:52:15','2018-12-08 15:52:15','COMPLETED',1,1,0,1,0,0,0,0,'COMPLETED','','2018-12-08 15:52:15'),(363,3,'ETL-file-load',370,'2018-12-08 15:57:03','2018-12-08 15:57:03','COMPLETED',1,1,0,1,0,0,0,0,'COMPLETED','','2018-12-08 15:57:03'),(364,3,'ETL-file-load',371,'2018-12-08 16:12:41','2018-12-08 16:12:42','COMPLETED',1,1,0,1,0,0,0,0,'COMPLETED','','2018-12-08 16:12:42'),(365,3,'ETL-file-load',372,'2018-12-08 16:28:14','2018-12-08 16:28:14','COMPLETED',1,1,0,1,0,0,0,0,'COMPLETED','','2018-12-08 16:28:14'),(366,3,'ETL-file-load',373,'2019-03-12 15:43:03','2019-03-12 15:43:04','COMPLETED',1,2,0,2,0,0,0,0,'COMPLETED','','2019-03-12 15:43:04'),(367,3,'ETL-file-load',374,'2019-03-13 13:08:03','2019-03-13 13:08:03','COMPLETED',1,4,0,4,0,0,0,0,'COMPLETED','','2019-03-13 13:08:03'),(368,3,'ETL-file-load',375,'2019-03-13 16:27:04','2019-03-13 16:27:06','COMPLETED',1,2,0,2,0,0,0,0,'COMPLETED','','2019-03-13 16:27:06'),(369,3,'ETL-file-load',376,'2019-03-13 16:30:02','2019-03-13 16:30:02','COMPLETED',1,2,0,2,0,0,0,0,'COMPLETED','','2019-03-13 16:30:02'),(370,3,'ETL-file-load',377,'2019-03-13 16:33:23','2019-03-13 16:33:23','COMPLETED',1,2,0,2,0,0,0,0,'COMPLETED','','2019-03-13 16:33:23'),(371,3,'ETL-file-load',378,'2019-03-13 16:44:10','2019-03-13 16:44:10','COMPLETED',1,2,0,2,0,0,0,0,'COMPLETED','','2019-03-13 16:44:10'),(372,3,'ETL-file-load',379,'2019-03-13 16:50:22','2019-03-13 16:50:22','COMPLETED',1,2,0,2,0,0,0,0,'COMPLETED','','2019-03-13 16:50:22'),(373,3,'ETL-file-load',380,'2019-03-13 18:44:13','2019-03-13 18:44:15','COMPLETED',1,2,0,2,0,0,0,0,'COMPLETED','','2019-03-13 18:44:15'),(374,3,'ETL-file-load',381,'2019-03-13 18:57:49','2019-03-13 18:57:50','COMPLETED',1,2,0,2,0,0,0,0,'COMPLETED','','2019-03-13 18:57:50'),(375,3,'ETL-file-load',382,'2019-03-14 11:07:29','2019-03-14 11:07:30','COMPLETED',1,2,0,2,0,0,0,0,'COMPLETED','','2019-03-14 11:07:30'),(376,3,'ETL-file-load',383,'2019-03-14 11:16:14','2019-03-14 11:16:15','COMPLETED',1,2,0,2,0,0,0,0,'COMPLETED','','2019-03-14 11:16:15'),(377,3,'ETL-file-load',384,'2019-03-14 11:18:34','2019-03-14 11:18:34','COMPLETED',1,3,0,3,0,0,0,0,'COMPLETED','','2019-03-14 11:18:34'),(378,3,'ETL-file-load',385,'2019-03-14 11:29:42','2019-03-14 11:29:45','COMPLETED',1,2,0,2,0,0,0,0,'COMPLETED','','2019-03-14 11:29:45'),(379,3,'ETL-file-load',386,'2019-03-14 11:39:31','2019-03-14 11:39:32','COMPLETED',1,2,0,2,0,0,0,0,'COMPLETED','','2019-03-14 11:39:32'),(380,3,'ETL-file-load',387,'2019-03-14 11:47:57','2019-03-14 11:47:57','COMPLETED',1,2,0,2,0,0,0,0,'COMPLETED','','2019-03-14 11:47:57'),(381,3,'ETL-file-load',388,'2019-03-14 12:03:33','2019-03-14 12:03:35','COMPLETED',1,2,0,2,0,0,0,0,'COMPLETED','','2019-03-14 12:03:35'),(382,3,'ETL-file-load',389,'2019-03-14 12:12:22','2019-03-14 12:12:23','COMPLETED',1,2,0,2,0,0,0,0,'COMPLETED','','2019-03-14 12:12:23'),(383,3,'ETL-file-load',390,'2019-03-14 12:17:09','2019-03-14 12:17:09','COMPLETED',1,2,0,2,0,0,0,0,'COMPLETED','','2019-03-14 12:17:09'),(384,3,'ETL-file-load',391,'2019-03-14 12:23:50','2019-03-14 12:23:51','COMPLETED',1,2,0,2,0,0,0,0,'COMPLETED','','2019-03-14 12:23:51'),(385,3,'ETL-file-load',392,'2019-03-14 12:31:35','2019-03-14 12:31:36','COMPLETED',1,2,0,2,0,0,0,0,'COMPLETED','','2019-03-14 12:31:36'),(386,3,'ETL-file-load',393,'2019-03-14 12:38:55','2019-03-14 12:38:56','COMPLETED',1,2,0,2,0,0,0,0,'COMPLETED','','2019-03-14 12:38:56'),(387,3,'ETL-file-load',394,'2019-03-14 13:47:19','2019-03-14 13:47:20','COMPLETED',1,2,0,2,0,0,0,0,'COMPLETED','','2019-03-14 13:47:20'),(388,3,'ETL-file-load',395,'2019-03-14 13:51:22','2019-03-14 13:51:23','COMPLETED',1,2,0,2,0,0,0,0,'COMPLETED','','2019-03-14 13:51:23'),(389,3,'ETL-file-load',396,'2019-03-14 13:55:51','2019-03-14 13:55:53','COMPLETED',1,2,0,2,0,0,0,0,'COMPLETED','','2019-03-14 13:55:53'),(390,3,'ETL-file-load',397,'2019-03-14 16:02:16','2019-03-14 16:02:16','COMPLETED',1,1,0,1,0,0,0,0,'COMPLETED','','2019-03-14 16:02:16'),(391,3,'ETL-file-load',398,'2019-03-14 17:09:13','2019-03-14 17:09:15','COMPLETED',1,2,0,2,0,0,0,0,'COMPLETED','','2019-03-14 17:09:15'),(392,3,'ETL-file-load',399,'2019-03-14 17:59:58','2019-03-14 17:59:58','COMPLETED',1,2,0,2,0,0,0,0,'COMPLETED','','2019-03-14 17:59:58'),(393,3,'ETL-file-load',400,'2019-03-14 18:03:12','2019-03-14 18:03:12','COMPLETED',1,2,0,2,0,0,0,0,'COMPLETED','','2019-03-14 18:03:12'),(394,3,'ETL-file-load',401,'2019-03-14 18:05:03','2019-03-14 18:05:03','COMPLETED',1,2,0,2,0,0,0,0,'COMPLETED','','2019-03-14 18:05:03'),(395,3,'ETL-file-load',402,'2019-03-14 18:11:18','2019-03-14 18:11:18','COMPLETED',1,2,0,2,0,0,0,0,'COMPLETED','','2019-03-14 18:11:18'),(396,3,'ETL-file-load',403,'2019-03-14 18:17:08','2019-03-14 18:17:08','COMPLETED',1,3,0,3,0,0,0,0,'COMPLETED','','2019-03-14 18:17:08'),(397,3,'ETL-file-load',404,'2019-03-14 18:19:50','2019-03-14 18:19:50','COMPLETED',1,3,0,3,0,0,0,0,'COMPLETED','','2019-03-14 18:19:50'),(398,3,'ETL-file-load',405,'2019-03-14 18:23:45','2019-03-14 18:23:45','COMPLETED',1,3,0,3,0,0,0,0,'COMPLETED','','2019-03-14 18:23:45'),(399,3,'ETL-file-load',406,'2019-03-15 11:05:18','2019-03-15 11:05:18','COMPLETED',1,3,0,3,0,0,0,0,'COMPLETED','','2019-03-15 11:05:18'),(400,3,'ETL-file-load',407,'2019-03-15 11:19:38','2019-03-15 11:19:39','COMPLETED',1,3,0,3,0,0,0,0,'COMPLETED','','2019-03-15 11:19:39'),(401,3,'ETL-file-load',408,'2019-03-15 11:33:50','2019-03-15 11:33:50','COMPLETED',1,3,0,3,0,0,0,0,'COMPLETED','','2019-03-15 11:33:50'),(402,3,'ETL-file-load',409,'2019-03-15 11:52:52','2019-03-15 11:52:52','COMPLETED',1,3,0,3,0,0,0,0,'COMPLETED','','2019-03-15 11:52:52'),(403,3,'ETL-file-load',410,'2019-03-15 12:32:55','2019-03-15 12:32:55','COMPLETED',1,3,0,3,0,0,0,0,'COMPLETED','','2019-03-15 12:32:55'),(404,3,'ETL-file-load',411,'2019-03-15 12:38:05','2019-03-15 12:38:09','COMPLETED',1,3,0,3,0,0,0,0,'COMPLETED','','2019-03-15 12:38:09'),(405,3,'ETL-file-load',412,'2019-03-15 13:00:42','2019-03-15 13:00:44','COMPLETED',1,3,0,3,0,0,0,0,'COMPLETED','','2019-03-15 13:00:44'),(406,3,'ETL-file-load',413,'2019-03-15 13:25:12','2019-03-15 13:25:12','COMPLETED',1,3,0,3,0,0,0,0,'COMPLETED','','2019-03-15 13:25:12'),(407,3,'ETL-file-load',414,'2019-03-15 13:49:49','2019-03-15 13:49:50','COMPLETED',1,3,0,3,0,0,0,0,'COMPLETED','','2019-03-15 13:49:50'),(408,3,'ETL-file-load',415,'2019-03-15 15:25:33','2019-03-15 15:25:34','COMPLETED',1,3,0,3,0,0,0,0,'COMPLETED','','2019-03-15 15:25:34'),(409,3,'ETL-file-load',416,'2019-03-15 15:40:51','2019-03-15 15:40:51','COMPLETED',1,3,0,3,0,0,0,0,'COMPLETED','','2019-03-15 15:40:51'),(410,3,'ETL-file-load',417,'2019-03-16 11:13:59','2019-03-16 11:14:02','COMPLETED',1,3,0,3,0,0,0,0,'COMPLETED','','2019-03-16 11:14:02'),(411,3,'ETL-file-load',418,'2019-03-16 15:15:57','2019-03-16 15:16:05','COMPLETED',1,3,0,3,0,0,0,0,'COMPLETED','','2019-03-16 15:16:05'),(412,3,'ETL-file-load',419,'2019-03-16 15:21:58','2019-03-16 15:22:05','COMPLETED',1,3,0,3,0,0,0,0,'COMPLETED','','2019-03-16 15:22:05'),(413,3,'ETL-file-load',420,'2019-03-16 15:25:59','2019-03-16 15:26:06','COMPLETED',1,3,0,3,0,0,0,0,'COMPLETED','','2019-03-16 15:26:07'),(414,3,'ETL-file-load',421,'2019-03-16 16:22:33','2019-03-16 16:22:34','COMPLETED',1,3,0,3,0,0,0,0,'COMPLETED','','2019-03-16 16:22:34'),(415,3,'ETL-file-load',422,'2019-03-16 16:24:18','2019-03-16 16:24:18','COMPLETED',1,3,0,3,0,0,0,0,'COMPLETED','','2019-03-16 16:24:18'),(416,3,'ETL-file-load',423,'2019-03-16 16:27:34','2019-03-16 16:27:41','COMPLETED',1,3,0,3,0,0,0,0,'COMPLETED','','2019-03-16 16:27:41'),(417,3,'ETL-file-load',424,'2019-03-16 16:35:10','2019-03-16 16:35:17','COMPLETED',1,3,0,3,0,0,0,0,'COMPLETED','','2019-03-16 16:35:17'),(418,3,'ETL-file-load',425,'2019-03-16 16:40:40','2019-03-16 16:40:47','COMPLETED',1,3,0,3,0,0,0,0,'COMPLETED','','2019-03-16 16:40:47'),(419,3,'ETL-file-load',426,'2019-03-20 12:47:27','2019-03-20 12:47:35','COMPLETED',1,2,0,2,0,0,0,0,'COMPLETED','','2019-03-20 12:47:35'),(420,3,'ETL-file-load',427,'2019-03-22 17:01:38','2019-03-22 17:01:42','COMPLETED',1,4,0,4,0,0,0,0,'COMPLETED','','2019-03-22 17:01:42'),(421,3,'ETL-file-load',428,'2019-03-22 17:09:57','2019-03-22 17:09:58','COMPLETED',1,17,0,17,0,0,0,0,'COMPLETED','','2019-03-22 17:09:58'),(422,3,'ETL-file-load',429,'2019-03-22 17:46:53','2019-03-22 17:46:53','COMPLETED',1,3,0,3,0,0,0,0,'COMPLETED','','2019-03-22 17:46:53'),(423,3,'ETL-file-load',430,'2019-03-25 11:28:20','2019-03-25 11:28:20','COMPLETED',1,2,0,2,0,0,0,0,'COMPLETED','','2019-03-25 11:28:20'),(424,3,'ETL-file-load',431,'2019-03-25 11:30:35','2019-03-25 11:30:35','COMPLETED',1,2,0,2,0,0,0,0,'COMPLETED','','2019-03-25 11:30:35'),(425,3,'ETL-file-load',432,'2019-03-25 11:53:29','2019-03-25 11:53:29','COMPLETED',1,2,0,2,0,0,0,0,'COMPLETED','','2019-03-25 11:53:29'),(426,3,'ETL-file-load',433,'2019-03-25 12:00:16','2019-03-25 12:00:16','COMPLETED',1,2,0,2,0,0,0,0,'COMPLETED','','2019-03-25 12:00:16'),(427,3,'ETL-file-load',434,'2019-03-25 12:10:59','2019-03-25 12:10:59','COMPLETED',1,2,0,2,0,0,0,0,'COMPLETED','','2019-03-25 12:10:59'),(428,3,'ETL-file-load',435,'2019-03-25 12:20:39','2019-03-25 12:20:39','COMPLETED',1,2,0,2,0,0,0,0,'COMPLETED','','2019-03-25 12:20:39'),(429,3,'ETL-file-load',436,'2019-03-25 12:24:15','2019-03-25 12:24:15','COMPLETED',1,2,0,2,0,0,0,0,'COMPLETED','','2019-03-25 12:24:15'),(430,3,'ETL-file-load',437,'2019-03-25 12:25:09','2019-03-25 12:25:09','COMPLETED',1,2,0,2,0,0,0,0,'COMPLETED','','2019-03-25 12:25:09'),(431,3,'ETL-file-load',438,'2019-03-25 12:29:12','2019-03-25 12:29:12','COMPLETED',1,2,0,2,0,0,0,0,'COMPLETED','','2019-03-25 12:29:12'),(432,3,'ETL-file-load',439,'2019-03-25 12:39:12','2019-03-25 12:39:12','COMPLETED',1,2,0,2,0,0,0,0,'COMPLETED','','2019-03-25 12:39:12'),(433,3,'ETL-file-load',440,'2019-03-25 12:45:54','2019-03-25 12:45:54','COMPLETED',1,2,0,2,0,0,0,0,'COMPLETED','','2019-03-25 12:45:54'),(434,3,'ETL-file-load',441,'2019-03-25 12:49:20','2019-03-25 12:49:20','COMPLETED',1,2,0,2,0,0,0,0,'COMPLETED','','2019-03-25 12:49:20'),(435,3,'ETL-file-load',442,'2019-03-25 13:02:51','2019-03-25 13:02:51','COMPLETED',1,2,0,2,0,0,0,0,'COMPLETED','','2019-03-25 13:02:51'),(436,3,'ETL-file-load',443,'2019-03-25 13:08:11','2019-03-25 13:08:11','COMPLETED',1,2,0,2,0,0,0,0,'COMPLETED','','2019-03-25 13:08:11'),(437,3,'ETL-file-load',444,'2019-03-25 13:24:48','2019-03-25 13:24:48','COMPLETED',1,2,0,2,0,0,0,0,'COMPLETED','','2019-03-25 13:24:48'),(438,3,'ETL-file-load',445,'2019-03-25 13:26:33','2019-03-25 13:26:33','COMPLETED',1,2,0,2,0,0,0,0,'COMPLETED','','2019-03-25 13:26:33'),(439,3,'ETL-file-load',446,'2019-03-25 13:30:16','2019-03-25 13:30:16','COMPLETED',1,2,0,2,0,0,0,0,'COMPLETED','','2019-03-25 13:30:16'),(440,3,'ETL-file-load',447,'2019-03-25 13:32:35','2019-03-25 13:32:35','COMPLETED',1,2,0,2,0,0,0,0,'COMPLETED','','2019-03-25 13:32:35'),(441,3,'ETL-file-load',448,'2019-03-25 13:33:59','2019-03-25 13:33:59','COMPLETED',1,2,0,2,0,0,0,0,'COMPLETED','','2019-03-25 13:33:59'),(442,3,'ETL-file-load',449,'2019-03-25 13:39:14','2019-03-25 13:39:15','COMPLETED',1,2,0,2,0,0,0,0,'COMPLETED','','2019-03-25 13:39:15'),(443,3,'ETL-file-load',450,'2019-03-25 13:43:38','2019-03-25 13:43:38','COMPLETED',1,1,0,1,0,0,0,0,'COMPLETED','','2019-03-25 13:43:38'),(444,3,'ETL-file-load',451,'2019-03-25 13:45:27','2019-03-25 13:45:27','COMPLETED',1,1,0,1,0,0,0,0,'COMPLETED','','2019-03-25 13:45:27'),(445,3,'ETL-file-load',452,'2019-03-25 13:54:05','2019-03-25 13:54:05','COMPLETED',1,1,0,1,0,0,0,0,'COMPLETED','','2019-03-25 13:54:05'),(446,3,'ETL-file-load',453,'2019-03-25 14:01:04','2019-03-25 14:01:04','COMPLETED',1,1,0,1,0,0,0,0,'COMPLETED','','2019-03-25 14:01:04'),(447,3,'ETL-file-load',454,'2019-03-25 14:02:05','2019-03-25 14:02:05','COMPLETED',1,1,0,1,0,0,0,0,'COMPLETED','','2019-03-25 14:02:05'),(448,3,'ETL-file-load',455,'2019-03-25 14:04:20','2019-03-25 14:04:20','COMPLETED',1,1,0,1,0,0,0,0,'COMPLETED','','2019-03-25 14:04:20'),(449,3,'ETL-file-load',456,'2019-03-25 14:46:30','2019-03-25 14:46:31','COMPLETED',1,1,0,1,0,0,0,0,'COMPLETED','','2019-03-25 14:46:31'),(450,3,'ETL-file-load',457,'2019-03-25 14:48:20','2019-03-25 14:48:20','COMPLETED',1,1,0,1,0,0,0,0,'COMPLETED','','2019-03-25 14:48:20'),(451,3,'ETL-file-load',458,'2019-03-25 14:52:40','2019-03-25 14:52:40','COMPLETED',1,1,0,1,0,0,0,0,'COMPLETED','','2019-03-25 14:52:40'),(452,3,'ETL-file-load',459,'2019-03-25 14:56:10','2019-03-25 14:56:10','COMPLETED',1,1,0,1,0,0,0,0,'COMPLETED','','2019-03-25 14:56:10'),(453,3,'ETL-file-load',460,'2019-03-25 15:01:14','2019-03-25 15:01:14','COMPLETED',1,1,0,1,0,0,0,0,'COMPLETED','','2019-03-25 15:01:14'),(454,3,'ETL-file-load',461,'2019-03-25 15:08:33','2019-03-25 15:08:33','COMPLETED',1,1,0,1,0,0,0,0,'COMPLETED','','2019-03-25 15:08:33'),(455,3,'ETL-file-load',462,'2019-03-25 15:13:57','2019-03-25 15:13:57','COMPLETED',1,1,0,1,0,0,0,0,'COMPLETED','','2019-03-25 15:13:57'),(456,3,'ETL-file-load',463,'2019-03-25 15:38:30','2019-03-25 15:38:30','COMPLETED',1,1,0,1,0,0,0,0,'COMPLETED','','2019-03-25 15:38:30'),(457,3,'ETL-file-load',464,'2019-03-25 15:56:03','2019-03-25 15:56:03','COMPLETED',1,1,0,1,0,0,0,0,'COMPLETED','','2019-03-25 15:56:03'),(458,3,'ETL-file-load',465,'2019-03-25 16:03:07','2019-03-25 16:03:07','COMPLETED',1,1,0,1,0,0,0,0,'COMPLETED','','2019-03-25 16:03:07'),(459,3,'ETL-file-load',466,'2019-03-25 16:03:31','2019-03-25 16:03:31','COMPLETED',1,1,0,1,0,0,0,0,'COMPLETED','','2019-03-25 16:03:31'),(460,3,'ETL-file-load',467,'2019-03-25 16:07:52','2019-03-25 16:07:52','COMPLETED',1,1,0,1,0,0,0,0,'COMPLETED','','2019-03-25 16:07:52'),(461,3,'ETL-file-load',468,'2019-03-25 17:02:12','2019-03-25 17:02:13','COMPLETED',1,1,0,1,0,0,0,0,'COMPLETED','','2019-03-25 17:02:13'),(462,3,'ETL-file-load',469,'2019-03-25 17:29:16','2019-03-25 17:29:16','COMPLETED',1,1,0,1,0,0,0,0,'COMPLETED','','2019-03-25 17:29:16'),(463,3,'ETL-file-load',470,'2019-03-25 17:35:29','2019-03-25 17:35:29','COMPLETED',1,1,0,1,0,0,0,0,'COMPLETED','','2019-03-25 17:35:29'),(464,3,'ETL-file-load',471,'2019-03-26 12:35:38','2019-03-26 12:35:39','COMPLETED',1,1,0,1,0,0,0,0,'COMPLETED','','2019-03-26 12:35:39'),(465,3,'ETL-file-load',472,'2019-03-26 13:57:12','2019-03-26 13:57:12','COMPLETED',1,1,0,1,0,0,0,0,'COMPLETED','','2019-03-26 13:57:12'),(466,3,'ETL-file-load',473,'2019-03-26 14:03:33','2019-03-26 14:03:33','COMPLETED',1,1,0,1,0,0,0,0,'COMPLETED','','2019-03-26 14:03:33'),(467,3,'ETL-file-load',474,'2019-07-17 15:36:58','2019-07-17 15:36:59','COMPLETED',1,1,0,1,0,0,0,0,'COMPLETED','','2019-07-17 15:36:59'),(468,3,'ETL-file-load',475,'2019-07-22 15:13:59','2019-07-22 15:14:01','COMPLETED',1,1,0,1,0,0,0,0,'COMPLETED','','2019-07-22 15:14:01'),(469,3,'ETL-file-load',476,'2019-09-12 18:09:29','2019-09-12 18:09:29','COMPLETED',1,1,0,1,0,0,0,0,'COMPLETED','','2019-09-12 18:09:29'),(470,3,'ETL-file-load',477,'2019-09-12 18:14:24','2019-09-12 18:14:24','COMPLETED',1,1,0,1,0,0,0,0,'COMPLETED','','2019-09-12 18:14:24'),(471,3,'ETL-file-load',478,'2019-09-12 18:15:24','2019-09-12 18:15:24','COMPLETED',1,1,0,1,0,0,0,0,'COMPLETED','','2019-09-12 18:15:24'),(472,3,'ETL-file-load',479,'2019-09-12 18:18:28','2019-09-12 18:18:28','COMPLETED',1,1,0,1,0,0,0,0,'COMPLETED','','2019-09-12 18:18:28'),(473,3,'ETL-file-load',480,'2019-09-12 18:19:49','2019-09-12 18:19:49','COMPLETED',1,1,0,1,0,0,0,0,'COMPLETED','','2019-09-12 18:19:49'),(474,3,'ETL-file-load',481,'2019-09-12 18:27:48','2019-09-12 18:27:48','COMPLETED',1,1,0,1,0,0,0,0,'COMPLETED','','2019-09-12 18:27:48'),(475,3,'ETL-file-load',482,'2019-09-12 18:36:28','2019-09-12 18:36:28','COMPLETED',1,1,0,1,0,0,0,0,'COMPLETED','','2019-09-12 18:36:28'),(476,2,'ETL-file-load',483,'2019-09-13 11:06:15','2019-09-13 11:06:15','FAILED',0,0,0,0,0,0,0,0,'FAILED','org.springframework.batch.item.ItemStreamException: Failed to initialize the reader\n	at org.springframework.batch.item.support.AbstractItemCountingItemStreamItemReader.open(AbstractItemCountingItemStreamItemReader.java:149)\n	at org.springframework.batch.item.support.AbstractItemCountingItemStreamItemReader$$FastClassBySpringCGLIB$$ebb633d0.invoke(<generated>)\n	at org.springframework.cglib.proxy.MethodProxy.invoke(MethodProxy.java:204)\n	at org.springframework.aop.framework.CglibAopProxy$CglibMethodInvocation.invokeJoinpoint(CglibAopProxy.java:747)\n	at org.springframework.aop.framework.ReflectiveMethodInvocation.proceed(ReflectiveMethodInvocation.java:163)\n	at org.springframework.aop.support.DelegatingIntroductionInterceptor.doProceed(DelegatingIntroductionInterceptor.java:136)\n	at org.springframework.aop.support.DelegatingIntroductionInterceptor.invoke(DelegatingIntroductionInterceptor.java:124)\n	at org.springframework.aop.framework.ReflectiveMethodInvocation.proceed(ReflectiveMethodInvocation.java:185)\n	at org.springframework.aop.framework.CglibAopProxy$DynamicAdvisedInterceptor.intercept(CglibAopProxy.java:689)\n	at org.springframework.batch.item.file.FlatFileItemReader$$EnhancerBySpringCGLIB$$4c595bde.open(<generated>)\n	at org.springframework.batch.item.support.CompositeItemStream.open(CompositeItemStream.java:103)\n	at org.springframework.batch.core.step.tasklet.TaskletStep.open(TaskletStep.java:310)\n	at org.springframework.batch.core.step.AbstractStep.execute(AbstractStep.java:197)\n	at org.springframework.batch.core.job.SimpleStepHandler.handleStep(SimpleStepHandler.java:148)\n	at org.springframework.batch.core.job.AbstractJob.handleStep(AbstractJob.java:394)\n	at org.springframework.batch.core.job.SimpleJob.doExecute(SimpleJob.java:135)\n	at org.springframework.batch.core.job.AbstractJob.execute(AbstractJob.java:308)\n	at org.springframework.batch.core.launch.support.SimpleJobLauncher$1.run(SimpleJobLauncher.java:141)\n	at org.springframework.core.task.SyncTaskExecutor.execute(SyncTaskExecutor.java:50)\n	at org.springframework.batch.core.launch.support.SimpleJobLauncher.run(SimpleJobLauncher.java:134)\n	at sun.reflect.NativeMethodAccessorImpl.invoke0(Native Method)\n	at sun.reflect.NativeMethodAccessorImpl.invoke(NativeMethodAccessorImpl.java:62)\n	at sun.reflect.DelegatingMethodAccessorImpl.invoke(DelegatingMethodAccessorImpl.java:43)\n	at java.lang.reflect.Method.invoke(Method.java:498)\n	at org.springframework.aop.support.AopUtils.invokeJoinpointUsingReflection','2019-09-13 11:06:15'),(477,2,'ETL-file-load',484,'2019-09-13 11:07:03','2019-09-13 11:07:03','FAILED',0,0,0,0,0,0,0,0,'FAILED','org.springframework.batch.item.ItemStreamException: Failed to initialize the reader\n	at org.springframework.batch.item.support.AbstractItemCountingItemStreamItemReader.open(AbstractItemCountingItemStreamItemReader.java:149)\n	at org.springframework.batch.item.support.AbstractItemCountingItemStreamItemReader$$FastClassBySpringCGLIB$$ebb633d0.invoke(<generated>)\n	at org.springframework.cglib.proxy.MethodProxy.invoke(MethodProxy.java:204)\n	at org.springframework.aop.framework.CglibAopProxy$CglibMethodInvocation.invokeJoinpoint(CglibAopProxy.java:747)\n	at org.springframework.aop.framework.ReflectiveMethodInvocation.proceed(ReflectiveMethodInvocation.java:163)\n	at org.springframework.aop.support.DelegatingIntroductionInterceptor.doProceed(DelegatingIntroductionInterceptor.java:136)\n	at org.springframework.aop.support.DelegatingIntroductionInterceptor.invoke(DelegatingIntroductionInterceptor.java:124)\n	at org.springframework.aop.framework.ReflectiveMethodInvocation.proceed(ReflectiveMethodInvocation.java:185)\n	at org.springframework.aop.framework.CglibAopProxy$DynamicAdvisedInterceptor.intercept(CglibAopProxy.java:689)\n	at org.springframework.batch.item.file.FlatFileItemReader$$EnhancerBySpringCGLIB$$4c595bde.open(<generated>)\n	at org.springframework.batch.item.support.CompositeItemStream.open(CompositeItemStream.java:103)\n	at org.springframework.batch.core.step.tasklet.TaskletStep.open(TaskletStep.java:310)\n	at org.springframework.batch.core.step.AbstractStep.execute(AbstractStep.java:197)\n	at org.springframework.batch.core.job.SimpleStepHandler.handleStep(SimpleStepHandler.java:148)\n	at org.springframework.batch.core.job.AbstractJob.handleStep(AbstractJob.java:394)\n	at org.springframework.batch.core.job.SimpleJob.doExecute(SimpleJob.java:135)\n	at org.springframework.batch.core.job.AbstractJob.execute(AbstractJob.java:308)\n	at org.springframework.batch.core.launch.support.SimpleJobLauncher$1.run(SimpleJobLauncher.java:141)\n	at org.springframework.core.task.SyncTaskExecutor.execute(SyncTaskExecutor.java:50)\n	at org.springframework.batch.core.launch.support.SimpleJobLauncher.run(SimpleJobLauncher.java:134)\n	at sun.reflect.NativeMethodAccessorImpl.invoke0(Native Method)\n	at sun.reflect.NativeMethodAccessorImpl.invoke(NativeMethodAccessorImpl.java:62)\n	at sun.reflect.DelegatingMethodAccessorImpl.invoke(DelegatingMethodAccessorImpl.java:43)\n	at java.lang.reflect.Method.invoke(Method.java:498)\n	at org.springframework.aop.support.AopUtils.invokeJoinpointUsingReflection','2019-09-13 11:07:03'),(478,2,'ETL-file-load',485,'2019-09-13 12:33:54','2019-09-13 12:33:54','FAILED',0,0,0,0,0,0,0,0,'FAILED','org.springframework.batch.item.ItemStreamException: Failed to initialize the reader\n	at org.springframework.batch.item.support.AbstractItemCountingItemStreamItemReader.open(AbstractItemCountingItemStreamItemReader.java:149)\n	at org.springframework.batch.item.support.AbstractItemCountingItemStreamItemReader$$FastClassBySpringCGLIB$$ebb633d0.invoke(<generated>)\n	at org.springframework.cglib.proxy.MethodProxy.invoke(MethodProxy.java:204)\n	at org.springframework.aop.framework.CglibAopProxy$CglibMethodInvocation.invokeJoinpoint(CglibAopProxy.java:747)\n	at org.springframework.aop.framework.ReflectiveMethodInvocation.proceed(ReflectiveMethodInvocation.java:163)\n	at org.springframework.aop.support.DelegatingIntroductionInterceptor.doProceed(DelegatingIntroductionInterceptor.java:136)\n	at org.springframework.aop.support.DelegatingIntroductionInterceptor.invoke(DelegatingIntroductionInterceptor.java:124)\n	at org.springframework.aop.framework.ReflectiveMethodInvocation.proceed(ReflectiveMethodInvocation.java:185)\n	at org.springframework.aop.framework.CglibAopProxy$DynamicAdvisedInterceptor.intercept(CglibAopProxy.java:689)\n	at org.springframework.batch.item.file.FlatFileItemReader$$EnhancerBySpringCGLIB$$4c595bde.open(<generated>)\n	at org.springframework.batch.item.support.CompositeItemStream.open(CompositeItemStream.java:103)\n	at org.springframework.batch.core.step.tasklet.TaskletStep.open(TaskletStep.java:310)\n	at org.springframework.batch.core.step.AbstractStep.execute(AbstractStep.java:197)\n	at org.springframework.batch.core.job.SimpleStepHandler.handleStep(SimpleStepHandler.java:148)\n	at org.springframework.batch.core.job.AbstractJob.handleStep(AbstractJob.java:394)\n	at org.springframework.batch.core.job.SimpleJob.doExecute(SimpleJob.java:135)\n	at org.springframework.batch.core.job.AbstractJob.execute(AbstractJob.java:308)\n	at org.springframework.batch.core.launch.support.SimpleJobLauncher$1.run(SimpleJobLauncher.java:141)\n	at org.springframework.core.task.SyncTaskExecutor.execute(SyncTaskExecutor.java:50)\n	at org.springframework.batch.core.launch.support.SimpleJobLauncher.run(SimpleJobLauncher.java:134)\n	at sun.reflect.NativeMethodAccessorImpl.invoke0(Native Method)\n	at sun.reflect.NativeMethodAccessorImpl.invoke(NativeMethodAccessorImpl.java:62)\n	at sun.reflect.DelegatingMethodAccessorImpl.invoke(DelegatingMethodAccessorImpl.java:43)\n	at java.lang.reflect.Method.invoke(Method.java:498)\n	at org.springframework.aop.support.AopUtils.invokeJoinpointUsingReflection','2019-09-13 12:33:54'),(479,2,'ETL-file-load',486,'2019-09-13 12:40:34','2019-09-13 12:40:34','FAILED',0,0,0,0,0,0,0,0,'FAILED','org.springframework.batch.item.ItemStreamException: Failed to initialize the reader\n	at org.springframework.batch.item.support.AbstractItemCountingItemStreamItemReader.open(AbstractItemCountingItemStreamItemReader.java:149)\n	at org.springframework.batch.item.support.AbstractItemCountingItemStreamItemReader$$FastClassBySpringCGLIB$$ebb633d0.invoke(<generated>)\n	at org.springframework.cglib.proxy.MethodProxy.invoke(MethodProxy.java:204)\n	at org.springframework.aop.framework.CglibAopProxy$CglibMethodInvocation.invokeJoinpoint(CglibAopProxy.java:747)\n	at org.springframework.aop.framework.ReflectiveMethodInvocation.proceed(ReflectiveMethodInvocation.java:163)\n	at org.springframework.aop.support.DelegatingIntroductionInterceptor.doProceed(DelegatingIntroductionInterceptor.java:136)\n	at org.springframework.aop.support.DelegatingIntroductionInterceptor.invoke(DelegatingIntroductionInterceptor.java:124)\n	at org.springframework.aop.framework.ReflectiveMethodInvocation.proceed(ReflectiveMethodInvocation.java:185)\n	at org.springframework.aop.framework.CglibAopProxy$DynamicAdvisedInterceptor.intercept(CglibAopProxy.java:689)\n	at org.springframework.batch.item.file.FlatFileItemReader$$EnhancerBySpringCGLIB$$4c595bde.open(<generated>)\n	at org.springframework.batch.item.support.CompositeItemStream.open(CompositeItemStream.java:103)\n	at org.springframework.batch.core.step.tasklet.TaskletStep.open(TaskletStep.java:310)\n	at org.springframework.batch.core.step.AbstractStep.execute(AbstractStep.java:197)\n	at org.springframework.batch.core.job.SimpleStepHandler.handleStep(SimpleStepHandler.java:148)\n	at org.springframework.batch.core.job.AbstractJob.handleStep(AbstractJob.java:394)\n	at org.springframework.batch.core.job.SimpleJob.doExecute(SimpleJob.java:135)\n	at org.springframework.batch.core.job.AbstractJob.execute(AbstractJob.java:308)\n	at org.springframework.batch.core.launch.support.SimpleJobLauncher$1.run(SimpleJobLauncher.java:141)\n	at org.springframework.core.task.SyncTaskExecutor.execute(SyncTaskExecutor.java:50)\n	at org.springframework.batch.core.launch.support.SimpleJobLauncher.run(SimpleJobLauncher.java:134)\n	at sun.reflect.NativeMethodAccessorImpl.invoke0(Native Method)\n	at sun.reflect.NativeMethodAccessorImpl.invoke(NativeMethodAccessorImpl.java:62)\n	at sun.reflect.DelegatingMethodAccessorImpl.invoke(DelegatingMethodAccessorImpl.java:43)\n	at java.lang.reflect.Method.invoke(Method.java:498)\n	at org.springframework.aop.support.AopUtils.invokeJoinpointUsingReflection','2019-09-13 12:40:34'),(480,2,'ETL-file-load',487,'2019-09-13 12:47:04','2019-09-13 12:47:04','FAILED',0,0,0,0,0,0,0,0,'FAILED','org.springframework.batch.item.ItemStreamException: Failed to initialize the reader\n	at org.springframework.batch.item.support.AbstractItemCountingItemStreamItemReader.open(AbstractItemCountingItemStreamItemReader.java:149)\n	at org.springframework.batch.item.support.AbstractItemCountingItemStreamItemReader$$FastClassBySpringCGLIB$$ebb633d0.invoke(<generated>)\n	at org.springframework.cglib.proxy.MethodProxy.invoke(MethodProxy.java:204)\n	at org.springframework.aop.framework.CglibAopProxy$CglibMethodInvocation.invokeJoinpoint(CglibAopProxy.java:747)\n	at org.springframework.aop.framework.ReflectiveMethodInvocation.proceed(ReflectiveMethodInvocation.java:163)\n	at org.springframework.aop.support.DelegatingIntroductionInterceptor.doProceed(DelegatingIntroductionInterceptor.java:136)\n	at org.springframework.aop.support.DelegatingIntroductionInterceptor.invoke(DelegatingIntroductionInterceptor.java:124)\n	at org.springframework.aop.framework.ReflectiveMethodInvocation.proceed(ReflectiveMethodInvocation.java:185)\n	at org.springframework.aop.framework.CglibAopProxy$DynamicAdvisedInterceptor.intercept(CglibAopProxy.java:689)\n	at org.springframework.batch.item.file.FlatFileItemReader$$EnhancerBySpringCGLIB$$4c595bde.open(<generated>)\n	at org.springframework.batch.item.support.CompositeItemStream.open(CompositeItemStream.java:103)\n	at org.springframework.batch.core.step.tasklet.TaskletStep.open(TaskletStep.java:310)\n	at org.springframework.batch.core.step.AbstractStep.execute(AbstractStep.java:197)\n	at org.springframework.batch.core.job.SimpleStepHandler.handleStep(SimpleStepHandler.java:148)\n	at org.springframework.batch.core.job.AbstractJob.handleStep(AbstractJob.java:394)\n	at org.springframework.batch.core.job.SimpleJob.doExecute(SimpleJob.java:135)\n	at org.springframework.batch.core.job.AbstractJob.execute(AbstractJob.java:308)\n	at org.springframework.batch.core.launch.support.SimpleJobLauncher$1.run(SimpleJobLauncher.java:141)\n	at org.springframework.core.task.SyncTaskExecutor.execute(SyncTaskExecutor.java:50)\n	at org.springframework.batch.core.launch.support.SimpleJobLauncher.run(SimpleJobLauncher.java:134)\n	at sun.reflect.NativeMethodAccessorImpl.invoke0(Native Method)\n	at sun.reflect.NativeMethodAccessorImpl.invoke(NativeMethodAccessorImpl.java:62)\n	at sun.reflect.DelegatingMethodAccessorImpl.invoke(DelegatingMethodAccessorImpl.java:43)\n	at java.lang.reflect.Method.invoke(Method.java:498)\n	at org.springframework.aop.support.AopUtils.invokeJoinpointUsingReflection','2019-09-13 12:47:05'),(481,3,'ETL-file-load',488,'2019-09-13 12:55:05','2019-09-13 12:55:06','COMPLETED',1,1,0,1,0,0,0,0,'COMPLETED','','2019-09-13 12:55:06'),(482,3,'ETL-file-load',489,'2019-09-13 13:11:22','2019-09-13 13:11:22','COMPLETED',1,1,0,1,0,0,0,0,'COMPLETED','','2019-09-13 13:11:22'),(483,3,'ETL-file-load',490,'2019-09-13 13:19:46','2019-09-13 13:19:46','COMPLETED',1,1,0,1,0,0,0,0,'COMPLETED','','2019-09-13 13:19:46'),(484,3,'ETL-file-load',491,'2019-09-13 14:45:32','2019-09-13 14:45:33','COMPLETED',1,1,0,1,0,0,0,0,'COMPLETED','','2019-09-13 14:45:33'),(485,2,'ETL-file-load',492,'2019-09-13 14:45:50','2019-09-13 14:45:50','FAILED',0,73,0,0,0,0,0,1,'FAILED','org.springframework.dao.DataIntegrityViolationException: could not execute statement; SQL [n/a]; nested exception is org.hibernate.exception.DataException: could not execute statement\n	at org.springframework.orm.jpa.vendor.HibernateJpaDialect.convertHibernateAccessException(HibernateJpaDialect.java:263)\n	at org.springframework.orm.jpa.vendor.HibernateJpaDialect.translateExceptionIfPossible(HibernateJpaDialect.java:225)\n	at org.springframework.orm.jpa.AbstractEntityManagerFactoryBean.translateExceptionIfPossible(AbstractEntityManagerFactoryBean.java:507)\n	at org.springframework.dao.support.ChainedPersistenceExceptionTranslator.translateExceptionIfPossible(ChainedPersistenceExceptionTranslator.java:61)\n	at org.springframework.dao.support.DataAccessUtils.translateIfNecessary(DataAccessUtils.java:242)\n	at org.springframework.dao.support.PersistenceExceptionTranslationInterceptor.invoke(PersistenceExceptionTranslationInterceptor.java:153)\n	at org.springframework.aop.framework.ReflectiveMethodInvocation.proceed(ReflectiveMethodInvocation.java:185)\n	at org.springframework.data.jpa.repository.support.CrudMethodMetadataPostProcessor$CrudMethodMetadataPopulatingMethodInterceptor.invoke(CrudMethodMetadataPostProcessor.java:135)\n	at org.springframework.aop.framework.ReflectiveMethodInvocation.proceed(ReflectiveMethodInvocation.java:185)\n	at org.springframework.aop.interceptor.ExposeInvocationInterceptor.invoke(ExposeInvocationInterceptor.java:92)\n	at org.springframework.aop.framework.ReflectiveMethodInvocation.proceed(ReflectiveMethodInvocation.java:185)\n	at org.springframework.data.repository.core.support.SurroundingTransactionDetectorMethodInterceptor.invoke(SurroundingTransactionDetectorMethodInterceptor.java:61)\n	at org.springframework.aop.framework.ReflectiveMethodInvocation.proceed(ReflectiveMethodInvocation.java:185)\n	at org.springframework.aop.framework.JdkDynamicAopProxy.invoke(JdkDynamicAopProxy.java:212)\n	at com.sun.proxy.$Proxy206.saveAll(Unknown Source)\n	at com.ss.smartoffice.soservice.batch.DBWriter.write(DBWriter.java:20)\n	at org.springframework.batch.core.step.item.SimpleChunkProcessor.writeItems(SimpleChunkProcessor.java:185)\n	at org.springframework.batch.core.step.item.SimpleChunkProcessor.doWrite(SimpleChunkProcessor.java:151)\n	at org.springframework.batch.core.step.item.SimpleChunkProcessor.write(SimpleChunkProcessor.java:284)\n	at org.springframework.batch.core.step.item.SimpleChunkProcessor.process(SimpleChunkProcessor.java:209)\n	at org.springfram','2019-09-13 14:45:50'),(486,3,'ETL-file-load',493,'2019-09-13 15:00:57','2019-09-13 15:00:57','COMPLETED',1,1,0,1,0,0,0,0,'COMPLETED','','2019-09-13 15:00:57'),(487,3,'ETL-file-load',494,'2019-09-13 15:09:35','2019-09-13 15:09:36','COMPLETED',1,1,0,1,0,0,0,0,'COMPLETED','','2019-09-13 15:09:36'),(488,3,'ETL-file-load',495,'2019-09-13 15:17:19','2019-09-13 15:17:19','COMPLETED',1,1,0,1,0,0,0,0,'COMPLETED','','2019-09-13 15:17:19'),(489,3,'ETL-file-load',496,'2019-09-13 15:22:59','2019-09-13 15:22:59','COMPLETED',1,1,0,1,0,0,0,0,'COMPLETED','','2019-09-13 15:22:59'),(490,3,'ETL-file-load',497,'2019-09-13 15:26:44','2019-09-13 15:26:44','COMPLETED',1,1,0,1,0,0,0,0,'COMPLETED','','2019-09-13 15:26:44'),(491,3,'ETL-file-load',498,'2019-09-13 15:42:38','2019-09-13 15:42:38','COMPLETED',1,1,0,1,0,0,0,0,'COMPLETED','','2019-09-13 15:42:38'),(492,3,'ETL-file-load',499,'2019-09-13 15:45:29','2019-09-13 15:45:29','COMPLETED',1,1,0,1,0,0,0,0,'COMPLETED','','2019-09-13 15:45:29'),(493,3,'ETL-file-load',500,'2019-09-13 15:51:29','2019-09-13 15:51:29','COMPLETED',1,1,0,1,0,0,0,0,'COMPLETED','','2019-09-13 15:51:29'),(494,3,'ETL-file-load',501,'2019-09-13 16:01:07','2019-09-13 16:01:07','COMPLETED',1,1,0,1,0,0,0,0,'COMPLETED','','2019-09-13 16:01:07'),(495,3,'ETL-file-load',502,'2019-09-13 16:06:54','2019-09-13 16:06:54','COMPLETED',1,1,0,1,0,0,0,0,'COMPLETED','','2019-09-13 16:06:54'),(496,3,'ETL-file-load',503,'2019-09-13 17:41:33','2019-09-13 17:41:34','COMPLETED',1,1,0,1,0,0,0,0,'COMPLETED','','2019-09-13 17:41:34'),(497,2,'ETL-file-load',504,'2019-09-13 18:02:44','2019-09-13 18:02:45','FAILED',0,0,0,0,0,0,0,0,'FAILED','org.springframework.batch.item.ItemStreamException: Failed to initialize the reader\n	at org.springframework.batch.item.support.AbstractItemCountingItemStreamItemReader.open(AbstractItemCountingItemStreamItemReader.java:149)\n	at org.springframework.batch.item.support.AbstractItemCountingItemStreamItemReader$$FastClassBySpringCGLIB$$ebb633d0.invoke(<generated>)\n	at org.springframework.cglib.proxy.MethodProxy.invoke(MethodProxy.java:204)\n	at org.springframework.aop.framework.CglibAopProxy$CglibMethodInvocation.invokeJoinpoint(CglibAopProxy.java:747)\n	at org.springframework.aop.framework.ReflectiveMethodInvocation.proceed(ReflectiveMethodInvocation.java:163)\n	at org.springframework.aop.support.DelegatingIntroductionInterceptor.doProceed(DelegatingIntroductionInterceptor.java:136)\n	at org.springframework.aop.support.DelegatingIntroductionInterceptor.invoke(DelegatingIntroductionInterceptor.java:124)\n	at org.springframework.aop.framework.ReflectiveMethodInvocation.proceed(ReflectiveMethodInvocation.java:185)\n	at org.springframework.aop.framework.CglibAopProxy$DynamicAdvisedInterceptor.intercept(CglibAopProxy.java:689)\n	at org.springframework.batch.item.file.FlatFileItemReader$$EnhancerBySpringCGLIB$$5b17440a.open(<generated>)\n	at org.springframework.batch.item.support.CompositeItemStream.open(CompositeItemStream.java:103)\n	at org.springframework.batch.core.step.tasklet.TaskletStep.open(TaskletStep.java:310)\n	at org.springframework.batch.core.step.AbstractStep.execute(AbstractStep.java:197)\n	at org.springframework.batch.core.job.SimpleStepHandler.handleStep(SimpleStepHandler.java:148)\n	at org.springframework.batch.core.job.AbstractJob.handleStep(AbstractJob.java:394)\n	at org.springframework.batch.core.job.SimpleJob.doExecute(SimpleJob.java:135)\n	at org.springframework.batch.core.job.AbstractJob.execute(AbstractJob.java:308)\n	at org.springframework.batch.core.launch.support.SimpleJobLauncher$1.run(SimpleJobLauncher.java:141)\n	at org.springframework.core.task.SyncTaskExecutor.execute(SyncTaskExecutor.java:50)\n	at org.springframework.batch.core.launch.support.SimpleJobLauncher.run(SimpleJobLauncher.java:134)\n	at sun.reflect.NativeMethodAccessorImpl.invoke0(Native Method)\n	at sun.reflect.NativeMethodAccessorImpl.invoke(NativeMethodAccessorImpl.java:62)\n	at sun.reflect.DelegatingMethodAccessorImpl.invoke(DelegatingMethodAccessorImpl.java:43)\n	at java.lang.reflect.Method.invoke(Method.java:498)\n	at org.springframework.aop.support.AopUtils.invokeJoinpointUsingReflection','2019-09-13 18:02:45'),(498,3,'ETL-file-load',505,'2019-09-13 18:05:22','2019-09-13 18:05:22','COMPLETED',1,1,0,1,0,0,0,0,'COMPLETED','','2019-09-13 18:05:22'),(499,3,'ETL-file-load',506,'2019-09-13 18:11:21','2019-09-13 18:11:21','COMPLETED',1,1,0,1,0,0,0,0,'COMPLETED','','2019-09-13 18:11:21'),(500,3,'ETL-file-load',507,'2019-09-13 18:15:25','2019-09-13 18:15:25','COMPLETED',1,1,0,1,0,0,0,0,'COMPLETED','','2019-09-13 18:15:25'),(501,3,'ETL-file-load',508,'2019-09-13 18:30:58','2019-09-13 18:30:58','COMPLETED',1,1,0,1,0,0,0,0,'COMPLETED','','2019-09-13 18:30:58'),(502,3,'ETL-file-load',509,'2019-09-13 18:53:05','2019-09-13 18:53:05','COMPLETED',1,1,0,1,0,0,0,0,'COMPLETED','','2019-09-13 18:53:05'),(503,2,'ETL-file-load',510,'2019-09-13 18:58:10','2019-09-13 18:58:11','FAILED',0,0,0,0,0,0,0,0,'FAILED','org.springframework.batch.item.ItemStreamException: Failed to initialize the reader\n	at org.springframework.batch.item.support.AbstractItemCountingItemStreamItemReader.open(AbstractItemCountingItemStreamItemReader.java:149)\n	at org.springframework.batch.item.support.AbstractItemCountingItemStreamItemReader$$FastClassBySpringCGLIB$$ebb633d0.invoke(<generated>)\n	at org.springframework.cglib.proxy.MethodProxy.invoke(MethodProxy.java:204)\n	at org.springframework.aop.framework.CglibAopProxy$CglibMethodInvocation.invokeJoinpoint(CglibAopProxy.java:747)\n	at org.springframework.aop.framework.ReflectiveMethodInvocation.proceed(ReflectiveMethodInvocation.java:163)\n	at org.springframework.aop.support.DelegatingIntroductionInterceptor.doProceed(DelegatingIntroductionInterceptor.java:136)\n	at org.springframework.aop.support.DelegatingIntroductionInterceptor.invoke(DelegatingIntroductionInterceptor.java:124)\n	at org.springframework.aop.framework.ReflectiveMethodInvocation.proceed(ReflectiveMethodInvocation.java:185)\n	at org.springframework.aop.framework.CglibAopProxy$DynamicAdvisedInterceptor.intercept(CglibAopProxy.java:689)\n	at org.springframework.batch.item.file.FlatFileItemReader$$EnhancerBySpringCGLIB$$a633b8f9.open(<generated>)\n	at org.springframework.batch.item.support.CompositeItemStream.open(CompositeItemStream.java:103)\n	at org.springframework.batch.core.step.tasklet.TaskletStep.open(TaskletStep.java:310)\n	at org.springframework.batch.core.step.AbstractStep.execute(AbstractStep.java:197)\n	at org.springframework.batch.core.job.SimpleStepHandler.handleStep(SimpleStepHandler.java:148)\n	at org.springframework.batch.core.job.AbstractJob.handleStep(AbstractJob.java:394)\n	at org.springframework.batch.core.job.SimpleJob.doExecute(SimpleJob.java:135)\n	at org.springframework.batch.core.job.AbstractJob.execute(AbstractJob.java:308)\n	at org.springframework.batch.core.launch.support.SimpleJobLauncher$1.run(SimpleJobLauncher.java:141)\n	at org.springframework.core.task.SyncTaskExecutor.execute(SyncTaskExecutor.java:50)\n	at org.springframework.batch.core.launch.support.SimpleJobLauncher.run(SimpleJobLauncher.java:134)\n	at sun.reflect.NativeMethodAccessorImpl.invoke0(Native Method)\n	at sun.reflect.NativeMethodAccessorImpl.invoke(NativeMethodAccessorImpl.java:62)\n	at sun.reflect.DelegatingMethodAccessorImpl.invoke(DelegatingMethodAccessorImpl.java:43)\n	at java.lang.reflect.Method.invoke(Method.java:498)\n	at org.springframework.aop.support.AopUtils.invokeJoinpointUsingReflection','2019-09-13 18:58:11'),(504,3,'ETL-file-load',511,'2019-09-13 18:59:13','2019-09-13 18:59:13','COMPLETED',1,1,0,1,0,0,0,0,'COMPLETED','','2019-09-13 18:59:13'),(505,3,'ETL-file-load',512,'2019-09-13 19:08:11','2019-09-13 19:08:11','COMPLETED',1,1,0,1,0,0,0,0,'COMPLETED','','2019-09-13 19:08:11'),(506,3,'ETL-file-load',513,'2019-09-16 11:29:55','2019-09-16 11:29:55','COMPLETED',1,1,0,1,0,0,0,0,'COMPLETED','','2019-09-16 11:29:55'),(507,3,'ETL-file-load',514,'2019-09-16 12:04:54','2019-09-16 12:04:55','COMPLETED',1,1,0,1,0,0,0,0,'COMPLETED','','2019-09-16 12:04:55'),(508,3,'ETL-file-load',515,'2019-09-16 13:14:55','2019-09-16 13:14:55','COMPLETED',1,1,0,1,0,0,0,0,'COMPLETED','','2019-09-16 13:14:55'),(509,3,'ETL-file-load',516,'2019-09-16 13:40:31','2019-09-16 13:40:31','COMPLETED',1,1,0,1,0,0,0,0,'COMPLETED','','2019-09-16 13:40:31'),(510,3,'ETL-file-load',517,'2019-09-16 14:11:51','2019-09-16 14:11:51','COMPLETED',1,1,0,1,0,0,0,0,'COMPLETED','','2019-09-16 14:11:51'),(511,3,'ETL-file-load',518,'2019-09-16 14:24:06','2019-09-16 14:24:06','COMPLETED',1,1,0,1,0,0,0,0,'COMPLETED','','2019-09-16 14:24:06'),(512,3,'ETL-file-load',519,'2019-09-16 14:43:09','2019-09-16 14:43:09','COMPLETED',1,1,0,1,0,0,0,0,'COMPLETED','','2019-09-16 14:43:09'),(513,3,'ETL-file-load',520,'2019-09-16 14:48:06','2019-09-16 14:48:06','COMPLETED',1,1,0,1,0,0,0,0,'COMPLETED','','2019-09-16 14:48:06'),(514,3,'ETL-file-load',521,'2019-09-16 14:57:20','2019-09-16 14:57:20','COMPLETED',1,1,0,1,0,0,0,0,'COMPLETED','','2019-09-16 14:57:20'),(515,3,'ETL-file-load',522,'2019-09-16 15:39:05','2019-09-16 15:39:05','COMPLETED',1,1,0,1,0,0,0,0,'COMPLETED','','2019-09-16 15:39:05'),(516,3,'ETL-file-load',523,'2019-09-16 15:49:55','2019-09-16 15:49:55','COMPLETED',1,1,0,1,0,0,0,0,'COMPLETED','','2019-09-16 15:49:55'),(517,3,'ETL-file-load',524,'2019-09-16 15:58:35','2019-09-16 15:58:35','COMPLETED',1,1,0,1,0,0,0,0,'COMPLETED','','2019-09-16 15:58:35'),(518,3,'ETL-file-load',525,'2019-09-16 16:10:29','2019-09-16 16:10:29','COMPLETED',1,1,0,1,0,0,0,0,'COMPLETED','','2019-09-16 16:10:29'),(519,3,'ETL-file-load',526,'2019-09-16 16:17:42','2019-09-16 16:17:43','COMPLETED',1,1,0,1,0,0,0,0,'COMPLETED','','2019-09-16 16:17:43'),(520,3,'ETL-file-load',527,'2019-09-16 16:22:53','2019-09-16 16:22:53','COMPLETED',1,1,0,1,0,0,0,0,'COMPLETED','','2019-09-16 16:22:53'),(521,3,'ETL-file-load',528,'2019-09-16 16:52:22','2019-09-16 16:52:23','COMPLETED',1,1,0,1,0,0,0,0,'COMPLETED','','2019-09-16 16:52:23'),(522,3,'ETL-file-load',529,'2019-09-16 17:40:46','2019-09-16 17:40:46','COMPLETED',1,1,0,1,0,0,0,0,'COMPLETED','','2019-09-16 17:40:46'),(523,3,'ETL-file-load',530,'2019-09-16 18:14:23','2019-09-16 18:14:23','COMPLETED',1,1,0,1,0,0,0,0,'COMPLETED','','2019-09-16 18:14:23'),(524,3,'ETL-file-load',531,'2019-09-16 19:04:43','2019-09-16 19:04:43','COMPLETED',1,1,0,1,0,0,0,0,'COMPLETED','','2019-09-16 19:04:43'),(525,3,'ETL-file-load',532,'2019-09-16 19:10:52','2019-09-16 19:10:52','COMPLETED',1,1,0,1,0,0,0,0,'COMPLETED','','2019-09-16 19:10:52'),(526,3,'ETL-file-load',533,'2019-09-16 19:28:19','2019-09-16 19:28:19','COMPLETED',1,1,0,1,0,0,0,0,'COMPLETED','','2019-09-16 19:28:19'),(527,3,'ETL-file-load',534,'2019-09-16 19:45:30','2019-09-16 19:45:30','COMPLETED',1,1,0,1,0,0,0,0,'COMPLETED','','2019-09-16 19:45:30'),(528,3,'ETL-file-load',535,'2019-09-17 09:53:27','2019-09-17 09:53:27','COMPLETED',1,1,0,1,0,0,0,0,'COMPLETED','','2019-09-17 09:53:27'),(529,3,'ETL-file-load',536,'2019-09-17 09:59:28','2019-09-17 09:59:29','COMPLETED',1,1,0,1,0,0,0,0,'COMPLETED','','2019-09-17 09:59:29'),(530,3,'ETL-file-load',537,'2019-09-17 10:04:44','2019-09-17 10:04:44','COMPLETED',1,1,0,1,0,0,0,0,'COMPLETED','','2019-09-17 10:04:44'),(531,3,'ETL-file-load',538,'2019-09-17 10:06:41','2019-09-17 10:06:41','COMPLETED',1,1,0,1,0,0,0,0,'COMPLETED','','2019-09-17 10:06:41'),(532,3,'ETL-file-load',539,'2019-09-17 10:12:35','2019-09-17 10:12:35','COMPLETED',1,1,0,1,0,0,0,0,'COMPLETED','','2019-09-17 10:12:35'),(533,3,'ETL-file-load',540,'2019-09-17 10:17:34','2019-09-17 10:17:34','COMPLETED',1,1,0,1,0,0,0,0,'COMPLETED','','2019-09-17 10:17:34'),(534,3,'ETL-file-load',541,'2019-09-17 10:24:33','2019-09-17 10:24:33','COMPLETED',1,1,0,1,0,0,0,0,'COMPLETED','','2019-09-17 10:24:33'),(535,3,'ETL-file-load',542,'2019-09-17 10:25:50','2019-09-17 10:25:50','COMPLETED',1,1,0,1,0,0,0,0,'COMPLETED','','2019-09-17 10:25:50'),(536,3,'ETL-file-load',543,'2019-09-17 10:30:13','2019-09-17 10:30:13','COMPLETED',1,1,0,1,0,0,0,0,'COMPLETED','','2019-09-17 10:30:13'),(537,3,'ETL-file-load',544,'2019-09-17 10:40:14','2019-09-17 10:40:14','COMPLETED',1,1,0,1,0,0,0,0,'COMPLETED','','2019-09-17 10:40:14'),(538,3,'ETL-file-load',545,'2019-09-17 10:43:43','2019-09-17 10:43:43','COMPLETED',1,1,0,1,0,0,0,0,'COMPLETED','','2019-09-17 10:43:43'),(539,3,'ETL-file-load',546,'2019-09-17 10:45:06','2019-09-17 10:45:06','COMPLETED',1,1,0,1,0,0,0,0,'COMPLETED','','2019-09-17 10:45:06'),(540,3,'ETL-file-load',547,'2019-09-17 10:52:12','2019-09-17 10:52:12','COMPLETED',1,1,0,1,0,0,0,0,'COMPLETED','','2019-09-17 10:52:12'),(541,3,'ETL-file-load',548,'2019-09-17 10:58:41','2019-09-17 10:58:41','COMPLETED',1,1,0,1,0,0,0,0,'COMPLETED','','2019-09-17 10:58:41'),(542,2,'ETL-file-load',549,'2019-09-17 11:07:36','2019-09-17 11:07:36','FAILED',0,0,0,0,0,0,0,0,'FAILED','org.springframework.batch.item.ItemStreamException: Failed to initialize the reader\n	at org.springframework.batch.item.support.AbstractItemCountingItemStreamItemReader.open(AbstractItemCountingItemStreamItemReader.java:149)\n	at org.springframework.batch.item.support.AbstractItemCountingItemStreamItemReader$$FastClassBySpringCGLIB$$ebb633d0.invoke(<generated>)\n	at org.springframework.cglib.proxy.MethodProxy.invoke(MethodProxy.java:204)\n	at org.springframework.aop.framework.CglibAopProxy$CglibMethodInvocation.invokeJoinpoint(CglibAopProxy.java:747)\n	at org.springframework.aop.framework.ReflectiveMethodInvocation.proceed(ReflectiveMethodInvocation.java:163)\n	at org.springframework.aop.support.DelegatingIntroductionInterceptor.doProceed(DelegatingIntroductionInterceptor.java:136)\n	at org.springframework.aop.support.DelegatingIntroductionInterceptor.invoke(DelegatingIntroductionInterceptor.java:124)\n	at org.springframework.aop.framework.ReflectiveMethodInvocation.proceed(ReflectiveMethodInvocation.java:185)\n	at org.springframework.aop.framework.CglibAopProxy$DynamicAdvisedInterceptor.intercept(CglibAopProxy.java:689)\n	at org.springframework.batch.item.file.FlatFileItemReader$$EnhancerBySpringCGLIB$$f9bd30ce.open(<generated>)\n	at org.springframework.batch.item.support.CompositeItemStream.open(CompositeItemStream.java:103)\n	at org.springframework.batch.core.step.tasklet.TaskletStep.open(TaskletStep.java:310)\n	at org.springframework.batch.core.step.AbstractStep.execute(AbstractStep.java:197)\n	at org.springframework.batch.core.job.SimpleStepHandler.handleStep(SimpleStepHandler.java:148)\n	at org.springframework.batch.core.job.AbstractJob.handleStep(AbstractJob.java:394)\n	at org.springframework.batch.core.job.SimpleJob.doExecute(SimpleJob.java:135)\n	at org.springframework.batch.core.job.AbstractJob.execute(AbstractJob.java:308)\n	at org.springframework.batch.core.launch.support.SimpleJobLauncher$1.run(SimpleJobLauncher.java:141)\n	at org.springframework.core.task.SyncTaskExecutor.execute(SyncTaskExecutor.java:50)\n	at org.springframework.batch.core.launch.support.SimpleJobLauncher.run(SimpleJobLauncher.java:134)\n	at sun.reflect.NativeMethodAccessorImpl.invoke0(Native Method)\n	at sun.reflect.NativeMethodAccessorImpl.invoke(NativeMethodAccessorImpl.java:62)\n	at sun.reflect.DelegatingMethodAccessorImpl.invoke(DelegatingMethodAccessorImpl.java:43)\n	at java.lang.reflect.Method.invoke(Method.java:498)\n	at org.springframework.aop.support.AopUtils.invokeJoinpointUsingReflection','2019-09-17 11:07:36'),(543,3,'ETL-file-load',550,'2019-09-17 11:08:15','2019-09-17 11:08:15','COMPLETED',1,1,0,1,0,0,0,0,'COMPLETED','','2019-09-17 11:08:15'),(544,3,'ETL-file-load',551,'2019-09-17 11:12:00','2019-09-17 11:12:00','COMPLETED',1,1,0,1,0,0,0,0,'COMPLETED','','2019-09-17 11:12:00'),(545,3,'ETL-file-load',552,'2019-09-17 11:22:52','2019-09-17 11:22:52','COMPLETED',1,1,0,1,0,0,0,0,'COMPLETED','','2019-09-17 11:22:52'),(546,3,'ETL-file-load',553,'2019-09-17 11:45:01','2019-09-17 11:45:01','COMPLETED',1,1,0,1,0,0,0,0,'COMPLETED','','2019-09-17 11:45:01'),(547,3,'ETL-file-load',554,'2019-09-17 11:50:34','2019-09-17 11:50:34','COMPLETED',1,1,0,1,0,0,0,0,'COMPLETED','','2019-09-17 11:50:34'),(548,3,'ETL-file-load',555,'2019-09-17 11:51:16','2019-09-17 11:51:16','COMPLETED',1,1,0,1,0,0,0,0,'COMPLETED','','2019-09-17 11:51:16'),(549,3,'ETL-file-load',556,'2019-09-17 11:55:11','2019-09-17 11:55:12','COMPLETED',1,1,0,1,0,0,0,0,'COMPLETED','','2019-09-17 11:55:12'),(550,3,'ETL-file-load',557,'2019-09-17 12:04:40','2019-09-17 12:04:40','COMPLETED',1,1,0,1,0,0,0,0,'COMPLETED','','2019-09-17 12:04:40'),(551,3,'ETL-file-load',558,'2019-09-17 12:13:13','2019-09-17 12:13:13','COMPLETED',1,1,0,1,0,0,0,0,'COMPLETED','','2019-09-17 12:13:13'),(552,3,'ETL-file-load',559,'2019-09-17 12:23:36','2019-09-17 12:23:36','COMPLETED',1,1,0,1,0,0,0,0,'COMPLETED','','2019-09-17 12:23:36'),(553,3,'ETL-file-load',560,'2019-09-17 12:34:53','2019-09-17 12:34:53','COMPLETED',1,1,0,1,0,0,0,0,'COMPLETED','','2019-09-17 12:34:53'),(554,3,'ETL-file-load',561,'2019-09-17 12:49:42','2019-09-17 12:49:42','COMPLETED',1,1,0,1,0,0,0,0,'COMPLETED','','2019-09-17 12:49:42'),(555,3,'ETL-file-load',562,'2019-09-17 12:51:47','2019-09-17 12:51:47','COMPLETED',1,1,0,1,0,0,0,0,'COMPLETED','','2019-09-17 12:51:47'),(556,3,'ETL-file-load',563,'2019-09-17 13:14:17','2019-09-17 13:14:17','COMPLETED',1,1,0,1,0,0,0,0,'COMPLETED','','2019-09-17 13:14:17'),(557,3,'ETL-file-load',564,'2019-09-17 13:29:09','2019-09-17 13:29:09','COMPLETED',1,1,0,1,0,0,0,0,'COMPLETED','','2019-09-17 13:29:09'),(558,3,'ETL-file-load',565,'2019-09-17 13:30:20','2019-09-17 13:30:20','COMPLETED',1,1,0,1,0,0,0,0,'COMPLETED','','2019-09-17 13:30:20'),(559,3,'ETL-file-load',566,'2019-09-17 13:34:26','2019-09-17 13:34:26','COMPLETED',1,1,0,1,0,0,0,0,'COMPLETED','','2019-09-17 13:34:26'),(560,3,'ETL-file-load',567,'2019-09-17 13:47:12','2019-09-17 13:47:12','COMPLETED',1,1,0,1,0,0,0,0,'COMPLETED','','2019-09-17 13:47:12'),(561,3,'ETL-file-load',568,'2019-09-17 13:51:17','2019-09-17 13:51:17','COMPLETED',1,1,0,1,0,0,0,0,'COMPLETED','','2019-09-17 13:51:17'),(562,3,'ETL-file-load',569,'2019-09-17 13:59:35','2019-09-17 13:59:35','COMPLETED',1,1,0,1,0,0,0,0,'COMPLETED','','2019-09-17 13:59:35'),(563,3,'ETL-file-load',570,'2019-09-17 14:11:13','2019-09-17 14:11:13','COMPLETED',1,1,0,1,0,0,0,0,'COMPLETED','','2019-09-17 14:11:13'),(564,3,'ETL-file-load',571,'2019-09-17 15:08:21','2019-09-17 15:08:22','COMPLETED',1,1,0,1,0,0,0,0,'COMPLETED','','2019-09-17 15:08:22'),(565,3,'ETL-file-load',572,'2019-09-17 15:11:04','2019-09-17 15:11:04','COMPLETED',1,1,0,1,0,0,0,0,'COMPLETED','','2019-09-17 15:11:04'),(566,3,'ETL-file-load',573,'2019-09-17 15:23:41','2019-09-17 15:23:42','COMPLETED',1,1,0,1,0,0,0,0,'COMPLETED','','2019-09-17 15:23:42'),(567,3,'ETL-file-load',574,'2019-09-17 15:26:18','2019-09-17 15:26:18','COMPLETED',1,1,0,1,0,0,0,0,'COMPLETED','','2019-09-17 15:26:18'),(568,3,'ETL-file-load',575,'2019-09-17 15:39:35','2019-09-17 15:39:35','COMPLETED',1,1,0,1,0,0,0,0,'COMPLETED','','2019-09-17 15:39:35'),(569,3,'ETL-file-load',576,'2019-09-17 15:41:39','2019-09-17 15:41:39','COMPLETED',1,1,0,1,0,0,0,0,'COMPLETED','','2019-09-17 15:41:39'),(570,3,'ETL-file-load',577,'2019-09-17 15:42:17','2019-09-17 15:42:17','COMPLETED',1,1,0,1,0,0,0,0,'COMPLETED','','2019-09-17 15:42:17'),(571,3,'ETL-file-load',578,'2019-09-17 15:45:00','2019-09-17 15:45:00','COMPLETED',1,1,0,1,0,0,0,0,'COMPLETED','','2019-09-17 15:45:00'),(572,3,'ETL-file-load',579,'2019-09-17 15:46:45','2019-09-17 15:46:45','COMPLETED',1,1,0,1,0,0,0,0,'COMPLETED','','2019-09-17 15:46:45'),(573,3,'ETL-file-load',580,'2019-09-17 15:50:43','2019-09-17 15:50:43','COMPLETED',1,1,0,1,0,0,0,0,'COMPLETED','','2019-09-17 15:50:43'),(574,3,'ETL-file-load',581,'2019-09-17 15:52:20','2019-09-17 15:52:20','COMPLETED',1,1,0,1,0,0,0,0,'COMPLETED','','2019-09-17 15:52:20'),(575,3,'ETL-file-load',582,'2019-09-17 15:55:44','2019-09-17 15:55:44','COMPLETED',1,1,0,1,0,0,0,0,'COMPLETED','','2019-09-17 15:55:44'),(576,3,'ETL-file-load',583,'2019-09-17 16:01:30','2019-09-17 16:01:30','COMPLETED',1,1,0,1,0,0,0,0,'COMPLETED','','2019-09-17 16:01:30'),(577,3,'ETL-file-load',584,'2019-09-17 16:05:05','2019-09-17 16:05:06','COMPLETED',1,1,0,1,0,0,0,0,'COMPLETED','','2019-09-17 16:05:06'),(578,3,'ETL-file-load',585,'2019-09-17 16:06:22','2019-09-17 16:06:22','COMPLETED',1,1,0,1,0,0,0,0,'COMPLETED','','2019-09-17 16:06:22'),(579,3,'ETL-file-load',586,'2019-09-17 16:08:23','2019-09-17 16:08:23','COMPLETED',1,1,0,1,0,0,0,0,'COMPLETED','','2019-09-17 16:08:23'),(580,3,'ETL-file-load',587,'2019-09-17 16:09:34','2019-09-17 16:09:34','COMPLETED',1,1,0,1,0,0,0,0,'COMPLETED','','2019-09-17 16:09:34'),(581,3,'ETL-file-load',588,'2019-09-17 16:21:25','2019-09-17 16:21:25','COMPLETED',1,1,0,1,0,0,0,0,'COMPLETED','','2019-09-17 16:21:25');
/*!40000 ALTER TABLE `BATCH_STEP_EXECUTION` ENABLE KEYS */;
UNLOCK TABLES;

--
-- Table structure for table `BATCH_STEP_EXECUTION_CONTEXT`
--

DROP TABLE IF EXISTS `BATCH_STEP_EXECUTION_CONTEXT`;
/*!40101 SET @saved_cs_client     = @@character_set_client */;
/*!40101 SET character_set_client = utf8 */;
CREATE TABLE `BATCH_STEP_EXECUTION_CONTEXT` (
  `STEP_EXECUTION_ID` bigint(20) NOT NULL,
  `SHORT_CONTEXT` varchar(2500) NOT NULL,
  `SERIALIZED_CONTEXT` blob DEFAULT NULL,
  PRIMARY KEY (`STEP_EXECUTION_ID`),
  CONSTRAINT `STEP_EXEC_CTX_FK` FOREIGN KEY (`STEP_EXECUTION_ID`) REFERENCES `BATCH_STEP_EXECUTION` (`STEP_EXECUTION_ID`)
) ENGINE=InnoDB DEFAULT CHARSET=latin1;
/*!40101 SET character_set_client = @saved_cs_client */;

--
-- Dumping data for table `BATCH_STEP_EXECUTION_CONTEXT`
--

LOCK TABLES `BATCH_STEP_EXECUTION_CONTEXT` WRITE;
/*!40000 ALTER TABLE `BATCH_STEP_EXECUTION_CONTEXT` DISABLE KEYS */;
INSERT INTO `BATCH_STEP_EXECUTION_CONTEXT` VALUES (332,'{\"batch.taskletType\":\"org.springframework.batch.core.step.item.ChunkOrientedTasklet\",\"CSV-Reader.read.count\":6,\"batch.stepType\":\"org.springframework.batch.core.step.tasklet.TaskletStep\"}',NULL),(333,'{\"batch.taskletType\":\"org.springframework.batch.core.step.item.ChunkOrientedTasklet\",\"CSV-Reader.read.count\":6,\"batch.stepType\":\"org.springframework.batch.core.step.tasklet.TaskletStep\"}',NULL),(334,'{\"batch.taskletType\":\"org.springframework.batch.core.step.item.ChunkOrientedTasklet\",\"CSV-Reader.read.count\":2,\"batch.stepType\":\"org.springframework.batch.core.step.tasklet.TaskletStep\"}',NULL),(335,'{\"batch.taskletType\":\"org.springframework.batch.core.step.item.ChunkOrientedTasklet\",\"CSV-Reader.read.count\":2,\"batch.stepType\":\"org.springframework.batch.core.step.tasklet.TaskletStep\"}',NULL),(336,'{\"batch.taskletType\":\"org.springframework.batch.core.step.item.ChunkOrientedTasklet\",\"CSV-Reader.read.count\":3,\"batch.stepType\":\"org.springframework.batch.core.step.tasklet.TaskletStep\"}',NULL),(337,'{\"batch.taskletType\":\"org.springframework.batch.core.step.item.ChunkOrientedTasklet\",\"CSV-Reader.read.count\":11,\"batch.stepType\":\"org.springframework.batch.core.step.tasklet.TaskletStep\"}',NULL),(338,'{\"batch.taskletType\":\"org.springframework.batch.core.step.item.ChunkOrientedTasklet\",\"CSV-Reader.read.count\":2,\"batch.stepType\":\"org.springframework.batch.core.step.tasklet.TaskletStep\"}',NULL),(339,'{\"batch.taskletType\":\"org.springframework.batch.core.step.item.ChunkOrientedTasklet\",\"CSV-Reader.read.count\":2,\"batch.stepType\":\"org.springframework.batch.core.step.tasklet.TaskletStep\"}',NULL),(340,'{\"batch.taskletType\":\"org.springframework.batch.core.step.item.ChunkOrientedTasklet\",\"CSV-Reader.read.count\":2,\"batch.stepType\":\"org.springframework.batch.core.step.tasklet.TaskletStep\"}',NULL),(341,'{\"batch.taskletType\":\"org.springframework.batch.core.step.item.ChunkOrientedTasklet\",\"CSV-Reader.read.count\":2,\"batch.stepType\":\"org.springframework.batch.core.step.tasklet.TaskletStep\"}',NULL),(342,'{\"batch.taskletType\":\"org.springframework.batch.core.step.item.ChunkOrientedTasklet\",\"CSV-Reader.read.count\":2,\"batch.stepType\":\"org.springframework.batch.core.step.tasklet.TaskletStep\"}',NULL),(343,'{\"batch.taskletType\":\"org.springframework.batch.core.step.item.ChunkOrientedTasklet\",\"CSV-Reader.read.count\":2,\"batch.stepType\":\"org.springframework.batch.core.step.tasklet.TaskletStep\"}',NULL),(344,'{\"batch.taskletType\":\"org.springframework.batch.core.step.item.ChunkOrientedTasklet\",\"CSV-Reader.read.count\":2,\"batch.stepType\":\"org.springframework.batch.core.step.tasklet.TaskletStep\"}',NULL),(345,'{\"batch.taskletType\":\"org.springframework.batch.core.step.item.ChunkOrientedTasklet\",\"CSV-Reader.read.count\":2,\"batch.stepType\":\"org.springframework.batch.core.step.tasklet.TaskletStep\"}',NULL),(346,'{\"batch.taskletType\":\"org.springframework.batch.core.step.item.ChunkOrientedTasklet\",\"CSV-Reader.read.count\":2,\"batch.stepType\":\"org.springframework.batch.core.step.tasklet.TaskletStep\"}',NULL),(347,'{\"batch.taskletType\":\"org.springframework.batch.core.step.item.ChunkOrientedTasklet\",\"CSV-Reader.read.count\":2,\"batch.stepType\":\"org.springframework.batch.core.step.tasklet.TaskletStep\"}',NULL),(348,'{\"batch.taskletType\":\"org.springframework.batch.core.step.item.ChunkOrientedTasklet\",\"CSV-Reader.read.count\":2,\"batch.stepType\":\"org.springframework.batch.core.step.tasklet.TaskletStep\"}',NULL),(349,'{\"batch.taskletType\":\"org.springframework.batch.core.step.item.ChunkOrientedTasklet\",\"CSV-Reader.read.count\":2,\"batch.stepType\":\"org.springframework.batch.core.step.tasklet.TaskletStep\"}',NULL),(350,'{\"batch.taskletType\":\"org.springframework.batch.core.step.item.ChunkOrientedTasklet\",\"CSV-Reader.read.count\":2,\"batch.stepType\":\"org.springframework.batch.core.step.tasklet.TaskletStep\"}',NULL),(351,'{\"batch.taskletType\":\"org.springframework.batch.core.step.item.ChunkOrientedTasklet\",\"CSV-Reader.read.count\":2,\"batch.stepType\":\"org.springframework.batch.core.step.tasklet.TaskletStep\"}',NULL),(352,'{\"batch.taskletType\":\"org.springframework.batch.core.step.item.ChunkOrientedTasklet\",\"CSV-Reader.read.count\":2,\"batch.stepType\":\"org.springframework.batch.core.step.tasklet.TaskletStep\"}',NULL),(353,'{\"batch.taskletType\":\"org.springframework.batch.core.step.item.ChunkOrientedTasklet\",\"CSV-Reader.read.count\":2,\"batch.stepType\":\"org.springframework.batch.core.step.tasklet.TaskletStep\"}',NULL),(354,'{\"batch.taskletType\":\"org.springframework.batch.core.step.item.ChunkOrientedTasklet\",\"CSV-Reader.read.count\":2,\"batch.stepType\":\"org.springframework.batch.core.step.tasklet.TaskletStep\"}',NULL),(355,'{\"batch.taskletType\":\"org.springframework.batch.core.step.item.ChunkOrientedTasklet\",\"CSV-Reader.read.count\":2,\"batch.stepType\":\"org.springframework.batch.core.step.tasklet.TaskletStep\"}',NULL),(356,'{\"batch.taskletType\":\"org.springframework.batch.core.step.item.ChunkOrientedTasklet\",\"CSV-Reader.read.count\":2,\"batch.stepType\":\"org.springframework.batch.core.step.tasklet.TaskletStep\"}',NULL),(357,'{\"batch.taskletType\":\"org.springframework.batch.core.step.item.ChunkOrientedTasklet\",\"CSV-Reader.read.count\":2,\"batch.stepType\":\"org.springframework.batch.core.step.tasklet.TaskletStep\"}',NULL),(358,'{\"batch.taskletType\":\"org.springframework.batch.core.step.item.ChunkOrientedTasklet\",\"CSV-Reader.read.count\":2,\"batch.stepType\":\"org.springframework.batch.core.step.tasklet.TaskletStep\"}',NULL),(359,'{\"batch.taskletType\":\"org.springframework.batch.core.step.item.ChunkOrientedTasklet\",\"CSV-Reader.read.count\":2,\"batch.stepType\":\"org.springframework.batch.core.step.tasklet.TaskletStep\"}',NULL),(360,'{\"batch.taskletType\":\"org.springframework.batch.core.step.item.ChunkOrientedTasklet\",\"CSV-Reader.read.count\":2,\"batch.stepType\":\"org.springframework.batch.core.step.tasklet.TaskletStep\"}',NULL),(361,'{\"batch.taskletType\":\"org.springframework.batch.core.step.item.ChunkOrientedTasklet\",\"CSV-Reader.read.count\":2,\"batch.stepType\":\"org.springframework.batch.core.step.tasklet.TaskletStep\"}',NULL),(362,'{\"batch.taskletType\":\"org.springframework.batch.core.step.item.ChunkOrientedTasklet\",\"CSV-Reader.read.count\":2,\"batch.stepType\":\"org.springframework.batch.core.step.tasklet.TaskletStep\"}',NULL),(363,'{\"batch.taskletType\":\"org.springframework.batch.core.step.item.ChunkOrientedTasklet\",\"CSV-Reader.read.count\":2,\"batch.stepType\":\"org.springframework.batch.core.step.tasklet.TaskletStep\"}',NULL),(364,'{\"batch.taskletType\":\"org.springframework.batch.core.step.item.ChunkOrientedTasklet\",\"CSV-Reader.read.count\":2,\"batch.stepType\":\"org.springframework.batch.core.step.tasklet.TaskletStep\"}',NULL),(365,'{\"batch.taskletType\":\"org.springframework.batch.core.step.item.ChunkOrientedTasklet\",\"CSV-Reader.read.count\":2,\"batch.stepType\":\"org.springframework.batch.core.step.tasklet.TaskletStep\"}',NULL),(366,'{\"batch.taskletType\":\"org.springframework.batch.core.step.item.ChunkOrientedTasklet\",\"CSV-Reader.read.count\":3,\"batch.stepType\":\"org.springframework.batch.core.step.tasklet.TaskletStep\"}',NULL),(367,'{\"batch.taskletType\":\"org.springframework.batch.core.step.item.ChunkOrientedTasklet\",\"CSV-Reader.read.count\":5,\"batch.stepType\":\"org.springframework.batch.core.step.tasklet.TaskletStep\"}',NULL),(368,'{\"batch.taskletType\":\"org.springframework.batch.core.step.item.ChunkOrientedTasklet\",\"CSV-Reader.read.count\":3,\"batch.stepType\":\"org.springframework.batch.core.step.tasklet.TaskletStep\"}',NULL),(369,'{\"batch.taskletType\":\"org.springframework.batch.core.step.item.ChunkOrientedTasklet\",\"CSV-Reader.read.count\":3,\"batch.stepType\":\"org.springframework.batch.core.step.tasklet.TaskletStep\"}',NULL),(370,'{\"batch.taskletType\":\"org.springframework.batch.core.step.item.ChunkOrientedTasklet\",\"CSV-Reader.read.count\":3,\"batch.stepType\":\"org.springframework.batch.core.step.tasklet.TaskletStep\"}',NULL),(371,'{\"batch.taskletType\":\"org.springframework.batch.core.step.item.ChunkOrientedTasklet\",\"CSV-Reader.read.count\":3,\"batch.stepType\":\"org.springframework.batch.core.step.tasklet.TaskletStep\"}',NULL),(372,'{\"batch.taskletType\":\"org.springframework.batch.core.step.item.ChunkOrientedTasklet\",\"CSV-Reader.read.count\":3,\"batch.stepType\":\"org.springframework.batch.core.step.tasklet.TaskletStep\"}',NULL),(373,'{\"batch.taskletType\":\"org.springframework.batch.core.step.item.ChunkOrientedTasklet\",\"CSV-Reader.read.count\":3,\"batch.stepType\":\"org.springframework.batch.core.step.tasklet.TaskletStep\"}',NULL),(374,'{\"batch.taskletType\":\"org.springframework.batch.core.step.item.ChunkOrientedTasklet\",\"CSV-Reader.read.count\":3,\"batch.stepType\":\"org.springframework.batch.core.step.tasklet.TaskletStep\"}',NULL),(375,'{\"batch.taskletType\":\"org.springframework.batch.core.step.item.ChunkOrientedTasklet\",\"CSV-Reader.read.count\":3,\"batch.stepType\":\"org.springframework.batch.core.step.tasklet.TaskletStep\"}',NULL),(376,'{\"batch.taskletType\":\"org.springframework.batch.core.step.item.ChunkOrientedTasklet\",\"CSV-Reader.read.count\":3,\"batch.stepType\":\"org.springframework.batch.core.step.tasklet.TaskletStep\"}',NULL),(377,'{\"batch.taskletType\":\"org.springframework.batch.core.step.item.ChunkOrientedTasklet\",\"CSV-Reader.read.count\":4,\"batch.stepType\":\"org.springframework.batch.core.step.tasklet.TaskletStep\"}',NULL),(378,'{\"batch.taskletType\":\"org.springframework.batch.core.step.item.ChunkOrientedTasklet\",\"CSV-Reader.read.count\":3,\"batch.stepType\":\"org.springframework.batch.core.step.tasklet.TaskletStep\"}',NULL),(379,'{\"batch.taskletType\":\"org.springframework.batch.core.step.item.ChunkOrientedTasklet\",\"CSV-Reader.read.count\":3,\"batch.stepType\":\"org.springframework.batch.core.step.tasklet.TaskletStep\"}',NULL),(380,'{\"batch.taskletType\":\"org.springframework.batch.core.step.item.ChunkOrientedTasklet\",\"CSV-Reader.read.count\":3,\"batch.stepType\":\"org.springframework.batch.core.step.tasklet.TaskletStep\"}',NULL),(381,'{\"batch.taskletType\":\"org.springframework.batch.core.step.item.ChunkOrientedTasklet\",\"CSV-Reader.read.count\":3,\"batch.stepType\":\"org.springframework.batch.core.step.tasklet.TaskletStep\"}',NULL),(382,'{\"batch.taskletType\":\"org.springframework.batch.core.step.item.ChunkOrientedTasklet\",\"CSV-Reader.read.count\":3,\"batch.stepType\":\"org.springframework.batch.core.step.tasklet.TaskletStep\"}',NULL),(383,'{\"batch.taskletType\":\"org.springframework.batch.core.step.item.ChunkOrientedTasklet\",\"CSV-Reader.read.count\":3,\"batch.stepType\":\"org.springframework.batch.core.step.tasklet.TaskletStep\"}',NULL),(384,'{\"batch.taskletType\":\"org.springframework.batch.core.step.item.ChunkOrientedTasklet\",\"CSV-Reader.read.count\":3,\"batch.stepType\":\"org.springframework.batch.core.step.tasklet.TaskletStep\"}',NULL),(385,'{\"batch.taskletType\":\"org.springframework.batch.core.step.item.ChunkOrientedTasklet\",\"CSV-Reader.read.count\":3,\"batch.stepType\":\"org.springframework.batch.core.step.tasklet.TaskletStep\"}',NULL),(386,'{\"batch.taskletType\":\"org.springframework.batch.core.step.item.ChunkOrientedTasklet\",\"CSV-Reader.read.count\":3,\"batch.stepType\":\"org.springframework.batch.core.step.tasklet.TaskletStep\"}',NULL),(387,'{\"batch.taskletType\":\"org.springframework.batch.core.step.item.ChunkOrientedTasklet\",\"CSV-Reader.read.count\":3,\"batch.stepType\":\"org.springframework.batch.core.step.tasklet.TaskletStep\"}',NULL),(388,'{\"batch.taskletType\":\"org.springframework.batch.core.step.item.ChunkOrientedTasklet\",\"CSV-Reader.read.count\":3,\"batch.stepType\":\"org.springframework.batch.core.step.tasklet.TaskletStep\"}',NULL),(389,'{\"batch.taskletType\":\"org.springframework.batch.core.step.item.ChunkOrientedTasklet\",\"CSV-Reader.read.count\":3,\"batch.stepType\":\"org.springframework.batch.core.step.tasklet.TaskletStep\"}',NULL),(390,'{\"batch.taskletType\":\"org.springframework.batch.core.step.item.ChunkOrientedTasklet\",\"CSV-Reader.read.count\":2,\"batch.stepType\":\"org.springframework.batch.core.step.tasklet.TaskletStep\"}',NULL),(391,'{\"batch.taskletType\":\"org.springframework.batch.core.step.item.ChunkOrientedTasklet\",\"CSV-Reader.read.count\":3,\"batch.stepType\":\"org.springframework.batch.core.step.tasklet.TaskletStep\"}',NULL),(392,'{\"batch.taskletType\":\"org.springframework.batch.core.step.item.ChunkOrientedTasklet\",\"CSV-Reader.read.count\":3,\"batch.stepType\":\"org.springframework.batch.core.step.tasklet.TaskletStep\"}',NULL),(393,'{\"batch.taskletType\":\"org.springframework.batch.core.step.item.ChunkOrientedTasklet\",\"CSV-Reader.read.count\":3,\"batch.stepType\":\"org.springframework.batch.core.step.tasklet.TaskletStep\"}',NULL),(394,'{\"batch.taskletType\":\"org.springframework.batch.core.step.item.ChunkOrientedTasklet\",\"CSV-Reader.read.count\":3,\"batch.stepType\":\"org.springframework.batch.core.step.tasklet.TaskletStep\"}',NULL),(395,'{\"batch.taskletType\":\"org.springframework.batch.core.step.item.ChunkOrientedTasklet\",\"CSV-Reader.read.count\":3,\"batch.stepType\":\"org.springframework.batch.core.step.tasklet.TaskletStep\"}',NULL),(396,'{\"batch.taskletType\":\"org.springframework.batch.core.step.item.ChunkOrientedTasklet\",\"CSV-Reader.read.count\":4,\"batch.stepType\":\"org.springframework.batch.core.step.tasklet.TaskletStep\"}',NULL),(397,'{\"batch.taskletType\":\"org.springframework.batch.core.step.item.ChunkOrientedTasklet\",\"CSV-Reader.read.count\":4,\"batch.stepType\":\"org.springframework.batch.core.step.tasklet.TaskletStep\"}',NULL),(398,'{\"batch.taskletType\":\"org.springframework.batch.core.step.item.ChunkOrientedTasklet\",\"CSV-Reader.read.count\":4,\"batch.stepType\":\"org.springframework.batch.core.step.tasklet.TaskletStep\"}',NULL),(399,'{\"batch.taskletType\":\"org.springframework.batch.core.step.item.ChunkOrientedTasklet\",\"CSV-Reader.read.count\":4,\"batch.stepType\":\"org.springframework.batch.core.step.tasklet.TaskletStep\"}',NULL),(400,'{\"batch.taskletType\":\"org.springframework.batch.core.step.item.ChunkOrientedTasklet\",\"CSV-Reader.read.count\":4,\"batch.stepType\":\"org.springframework.batch.core.step.tasklet.TaskletStep\"}',NULL),(401,'{\"batch.taskletType\":\"org.springframework.batch.core.step.item.ChunkOrientedTasklet\",\"CSV-Reader.read.count\":4,\"batch.stepType\":\"org.springframework.batch.core.step.tasklet.TaskletStep\"}',NULL),(402,'{\"batch.taskletType\":\"org.springframework.batch.core.step.item.ChunkOrientedTasklet\",\"CSV-Reader.read.count\":4,\"batch.stepType\":\"org.springframework.batch.core.step.tasklet.TaskletStep\"}',NULL),(403,'{\"batch.taskletType\":\"org.springframework.batch.core.step.item.ChunkOrientedTasklet\",\"CSV-Reader.read.count\":4,\"batch.stepType\":\"org.springframework.batch.core.step.tasklet.TaskletStep\"}',NULL),(404,'{\"batch.taskletType\":\"org.springframework.batch.core.step.item.ChunkOrientedTasklet\",\"CSV-Reader.read.count\":4,\"batch.stepType\":\"org.springframework.batch.core.step.tasklet.TaskletStep\"}',NULL),(405,'{\"batch.taskletType\":\"org.springframework.batch.core.step.item.ChunkOrientedTasklet\",\"CSV-Reader.read.count\":4,\"batch.stepType\":\"org.springframework.batch.core.step.tasklet.TaskletStep\"}',NULL),(406,'{\"batch.taskletType\":\"org.springframework.batch.core.step.item.ChunkOrientedTasklet\",\"CSV-Reader.read.count\":4,\"batch.stepType\":\"org.springframework.batch.core.step.tasklet.TaskletStep\"}',NULL),(407,'{\"batch.taskletType\":\"org.springframework.batch.core.step.item.ChunkOrientedTasklet\",\"CSV-Reader.read.count\":4,\"batch.stepType\":\"org.springframework.batch.core.step.tasklet.TaskletStep\"}',NULL),(408,'{\"batch.taskletType\":\"org.springframework.batch.core.step.item.ChunkOrientedTasklet\",\"CSV-Reader.read.count\":4,\"batch.stepType\":\"org.springframework.batch.core.step.tasklet.TaskletStep\"}',NULL),(409,'{\"batch.taskletType\":\"org.springframework.batch.core.step.item.ChunkOrientedTasklet\",\"CSV-Reader.read.count\":4,\"batch.stepType\":\"org.springframework.batch.core.step.tasklet.TaskletStep\"}',NULL),(410,'{\"batch.taskletType\":\"org.springframework.batch.core.step.item.ChunkOrientedTasklet\",\"CSV-Reader.read.count\":4,\"batch.stepType\":\"org.springframework.batch.core.step.tasklet.TaskletStep\"}',NULL),(411,'{\"batch.taskletType\":\"org.springframework.batch.core.step.item.ChunkOrientedTasklet\",\"CSV-Reader.read.count\":4,\"batch.stepType\":\"org.springframework.batch.core.step.tasklet.TaskletStep\"}',NULL),(412,'{\"batch.taskletType\":\"org.springframework.batch.core.step.item.ChunkOrientedTasklet\",\"CSV-Reader.read.count\":4,\"batch.stepType\":\"org.springframework.batch.core.step.tasklet.TaskletStep\"}',NULL),(413,'{\"batch.taskletType\":\"org.springframework.batch.core.step.item.ChunkOrientedTasklet\",\"CSV-Reader.read.count\":4,\"batch.stepType\":\"org.springframework.batch.core.step.tasklet.TaskletStep\"}',NULL),(414,'{\"batch.taskletType\":\"org.springframework.batch.core.step.item.ChunkOrientedTasklet\",\"CSV-Reader.read.count\":4,\"batch.stepType\":\"org.springframework.batch.core.step.tasklet.TaskletStep\"}',NULL),(415,'{\"batch.taskletType\":\"org.springframework.batch.core.step.item.ChunkOrientedTasklet\",\"CSV-Reader.read.count\":4,\"batch.stepType\":\"org.springframework.batch.core.step.tasklet.TaskletStep\"}',NULL),(416,'{\"batch.taskletType\":\"org.springframework.batch.core.step.item.ChunkOrientedTasklet\",\"CSV-Reader.read.count\":4,\"batch.stepType\":\"org.springframework.batch.core.step.tasklet.TaskletStep\"}',NULL),(417,'{\"batch.taskletType\":\"org.springframework.batch.core.step.item.ChunkOrientedTasklet\",\"CSV-Reader.read.count\":4,\"batch.stepType\":\"org.springframework.batch.core.step.tasklet.TaskletStep\"}',NULL),(418,'{\"batch.taskletType\":\"org.springframework.batch.core.step.item.ChunkOrientedTasklet\",\"CSV-Reader.read.count\":4,\"batch.stepType\":\"org.springframework.batch.core.step.tasklet.TaskletStep\"}',NULL),(419,'{\"batch.taskletType\":\"org.springframework.batch.core.step.item.ChunkOrientedTasklet\",\"CSV-Reader.read.count\":3,\"batch.stepType\":\"org.springframework.batch.core.step.tasklet.TaskletStep\"}',NULL),(420,'{\"batch.taskletType\":\"org.springframework.batch.core.step.item.ChunkOrientedTasklet\",\"CSV-Reader.read.count\":5,\"batch.stepType\":\"org.springframework.batch.core.step.tasklet.TaskletStep\"}',NULL),(421,'{\"batch.taskletType\":\"org.springframework.batch.core.step.item.ChunkOrientedTasklet\",\"CSV-Reader.read.count\":18,\"batch.stepType\":\"org.springframework.batch.core.step.tasklet.TaskletStep\"}',NULL),(422,'{\"batch.taskletType\":\"org.springframework.batch.core.step.item.ChunkOrientedTasklet\",\"CSV-Reader.read.count\":4,\"batch.stepType\":\"org.springframework.batch.core.step.tasklet.TaskletStep\"}',NULL),(423,'{\"batch.taskletType\":\"org.springframework.batch.core.step.item.ChunkOrientedTasklet\",\"CSV-Reader.read.count\":3,\"batch.stepType\":\"org.springframework.batch.core.step.tasklet.TaskletStep\"}',NULL),(424,'{\"batch.taskletType\":\"org.springframework.batch.core.step.item.ChunkOrientedTasklet\",\"CSV-Reader.read.count\":3,\"batch.stepType\":\"org.springframework.batch.core.step.tasklet.TaskletStep\"}',NULL),(425,'{\"batch.taskletType\":\"org.springframework.batch.core.step.item.ChunkOrientedTasklet\",\"CSV-Reader.read.count\":3,\"batch.stepType\":\"org.springframework.batch.core.step.tasklet.TaskletStep\"}',NULL),(426,'{\"batch.taskletType\":\"org.springframework.batch.core.step.item.ChunkOrientedTasklet\",\"CSV-Reader.read.count\":3,\"batch.stepType\":\"org.springframework.batch.core.step.tasklet.TaskletStep\"}',NULL),(427,'{\"batch.taskletType\":\"org.springframework.batch.core.step.item.ChunkOrientedTasklet\",\"CSV-Reader.read.count\":3,\"batch.stepType\":\"org.springframework.batch.core.step.tasklet.TaskletStep\"}',NULL),(428,'{\"batch.taskletType\":\"org.springframework.batch.core.step.item.ChunkOrientedTasklet\",\"CSV-Reader.read.count\":3,\"batch.stepType\":\"org.springframework.batch.core.step.tasklet.TaskletStep\"}',NULL),(429,'{\"batch.taskletType\":\"org.springframework.batch.core.step.item.ChunkOrientedTasklet\",\"CSV-Reader.read.count\":3,\"batch.stepType\":\"org.springframework.batch.core.step.tasklet.TaskletStep\"}',NULL),(430,'{\"batch.taskletType\":\"org.springframework.batch.core.step.item.ChunkOrientedTasklet\",\"CSV-Reader.read.count\":3,\"batch.stepType\":\"org.springframework.batch.core.step.tasklet.TaskletStep\"}',NULL),(431,'{\"batch.taskletType\":\"org.springframework.batch.core.step.item.ChunkOrientedTasklet\",\"CSV-Reader.read.count\":3,\"batch.stepType\":\"org.springframework.batch.core.step.tasklet.TaskletStep\"}',NULL),(432,'{\"batch.taskletType\":\"org.springframework.batch.core.step.item.ChunkOrientedTasklet\",\"CSV-Reader.read.count\":3,\"batch.stepType\":\"org.springframework.batch.core.step.tasklet.TaskletStep\"}',NULL),(433,'{\"batch.taskletType\":\"org.springframework.batch.core.step.item.ChunkOrientedTasklet\",\"CSV-Reader.read.count\":3,\"batch.stepType\":\"org.springframework.batch.core.step.tasklet.TaskletStep\"}',NULL),(434,'{\"batch.taskletType\":\"org.springframework.batch.core.step.item.ChunkOrientedTasklet\",\"CSV-Reader.read.count\":3,\"batch.stepType\":\"org.springframework.batch.core.step.tasklet.TaskletStep\"}',NULL),(435,'{\"batch.taskletType\":\"org.springframework.batch.core.step.item.ChunkOrientedTasklet\",\"CSV-Reader.read.count\":3,\"batch.stepType\":\"org.springframework.batch.core.step.tasklet.TaskletStep\"}',NULL),(436,'{\"batch.taskletType\":\"org.springframework.batch.core.step.item.ChunkOrientedTasklet\",\"CSV-Reader.read.count\":3,\"batch.stepType\":\"org.springframework.batch.core.step.tasklet.TaskletStep\"}',NULL),(437,'{\"batch.taskletType\":\"org.springframework.batch.core.step.item.ChunkOrientedTasklet\",\"CSV-Reader.read.count\":3,\"batch.stepType\":\"org.springframework.batch.core.step.tasklet.TaskletStep\"}',NULL),(438,'{\"batch.taskletType\":\"org.springframework.batch.core.step.item.ChunkOrientedTasklet\",\"CSV-Reader.read.count\":3,\"batch.stepType\":\"org.springframework.batch.core.step.tasklet.TaskletStep\"}',NULL),(439,'{\"batch.taskletType\":\"org.springframework.batch.core.step.item.ChunkOrientedTasklet\",\"CSV-Reader.read.count\":3,\"batch.stepType\":\"org.springframework.batch.core.step.tasklet.TaskletStep\"}',NULL),(440,'{\"batch.taskletType\":\"org.springframework.batch.core.step.item.ChunkOrientedTasklet\",\"CSV-Reader.read.count\":3,\"batch.stepType\":\"org.springframework.batch.core.step.tasklet.TaskletStep\"}',NULL),(441,'{\"batch.taskletType\":\"org.springframework.batch.core.step.item.ChunkOrientedTasklet\",\"CSV-Reader.read.count\":3,\"batch.stepType\":\"org.springframework.batch.core.step.tasklet.TaskletStep\"}',NULL),(442,'{\"batch.taskletType\":\"org.springframework.batch.core.step.item.ChunkOrientedTasklet\",\"CSV-Reader.read.count\":3,\"batch.stepType\":\"org.springframework.batch.core.step.tasklet.TaskletStep\"}',NULL),(443,'{\"batch.taskletType\":\"org.springframework.batch.core.step.item.ChunkOrientedTasklet\",\"CSV-Reader.read.count\":2,\"batch.stepType\":\"org.springframework.batch.core.step.tasklet.TaskletStep\"}',NULL),(444,'{\"batch.taskletType\":\"org.springframework.batch.core.step.item.ChunkOrientedTasklet\",\"CSV-Reader.read.count\":2,\"batch.stepType\":\"org.springframework.batch.core.step.tasklet.TaskletStep\"}',NULL),(445,'{\"batch.taskletType\":\"org.springframework.batch.core.step.item.ChunkOrientedTasklet\",\"CSV-Reader.read.count\":2,\"batch.stepType\":\"org.springframework.batch.core.step.tasklet.TaskletStep\"}',NULL),(446,'{\"batch.taskletType\":\"org.springframework.batch.core.step.item.ChunkOrientedTasklet\",\"CSV-Reader.read.count\":2,\"batch.stepType\":\"org.springframework.batch.core.step.tasklet.TaskletStep\"}',NULL),(447,'{\"batch.taskletType\":\"org.springframework.batch.core.step.item.ChunkOrientedTasklet\",\"CSV-Reader.read.count\":2,\"batch.stepType\":\"org.springframework.batch.core.step.tasklet.TaskletStep\"}',NULL),(448,'{\"batch.taskletType\":\"org.springframework.batch.core.step.item.ChunkOrientedTasklet\",\"CSV-Reader.read.count\":2,\"batch.stepType\":\"org.springframework.batch.core.step.tasklet.TaskletStep\"}',NULL),(449,'{\"batch.taskletType\":\"org.springframework.batch.core.step.item.ChunkOrientedTasklet\",\"CSV-Reader.read.count\":2,\"batch.stepType\":\"org.springframework.batch.core.step.tasklet.TaskletStep\"}',NULL),(450,'{\"batch.taskletType\":\"org.springframework.batch.core.step.item.ChunkOrientedTasklet\",\"CSV-Reader.read.count\":2,\"batch.stepType\":\"org.springframework.batch.core.step.tasklet.TaskletStep\"}',NULL),(451,'{\"batch.taskletType\":\"org.springframework.batch.core.step.item.ChunkOrientedTasklet\",\"CSV-Reader.read.count\":2,\"batch.stepType\":\"org.springframework.batch.core.step.tasklet.TaskletStep\"}',NULL),(452,'{\"batch.taskletType\":\"org.springframework.batch.core.step.item.ChunkOrientedTasklet\",\"CSV-Reader.read.count\":2,\"batch.stepType\":\"org.springframework.batch.core.step.tasklet.TaskletStep\"}',NULL),(453,'{\"batch.taskletType\":\"org.springframework.batch.core.step.item.ChunkOrientedTasklet\",\"CSV-Reader.read.count\":2,\"batch.stepType\":\"org.springframework.batch.core.step.tasklet.TaskletStep\"}',NULL),(454,'{\"batch.taskletType\":\"org.springframework.batch.core.step.item.ChunkOrientedTasklet\",\"CSV-Reader.read.count\":2,\"batch.stepType\":\"org.springframework.batch.core.step.tasklet.TaskletStep\"}',NULL),(455,'{\"batch.taskletType\":\"org.springframework.batch.core.step.item.ChunkOrientedTasklet\",\"CSV-Reader.read.count\":2,\"batch.stepType\":\"org.springframework.batch.core.step.tasklet.TaskletStep\"}',NULL),(456,'{\"batch.taskletType\":\"org.springframework.batch.core.step.item.ChunkOrientedTasklet\",\"CSV-Reader.read.count\":2,\"batch.stepType\":\"org.springframework.batch.core.step.tasklet.TaskletStep\"}',NULL),(457,'{\"batch.taskletType\":\"org.springframework.batch.core.step.item.ChunkOrientedTasklet\",\"CSV-Reader.read.count\":2,\"batch.stepType\":\"org.springframework.batch.core.step.tasklet.TaskletStep\"}',NULL),(458,'{\"batch.taskletType\":\"org.springframework.batch.core.step.item.ChunkOrientedTasklet\",\"CSV-Reader.read.count\":2,\"batch.stepType\":\"org.springframework.batch.core.step.tasklet.TaskletStep\"}',NULL),(459,'{\"batch.taskletType\":\"org.springframework.batch.core.step.item.ChunkOrientedTasklet\",\"CSV-Reader.read.count\":2,\"batch.stepType\":\"org.springframework.batch.core.step.tasklet.TaskletStep\"}',NULL),(460,'{\"batch.taskletType\":\"org.springframework.batch.core.step.item.ChunkOrientedTasklet\",\"CSV-Reader.read.count\":2,\"batch.stepType\":\"org.springframework.batch.core.step.tasklet.TaskletStep\"}',NULL),(461,'{\"batch.taskletType\":\"org.springframework.batch.core.step.item.ChunkOrientedTasklet\",\"CSV-Reader.read.count\":2,\"batch.stepType\":\"org.springframework.batch.core.step.tasklet.TaskletStep\"}',NULL),(462,'{\"batch.taskletType\":\"org.springframework.batch.core.step.item.ChunkOrientedTasklet\",\"CSV-Reader.read.count\":2,\"batch.stepType\":\"org.springframework.batch.core.step.tasklet.TaskletStep\"}',NULL),(463,'{\"batch.taskletType\":\"org.springframework.batch.core.step.item.ChunkOrientedTasklet\",\"CSV-Reader.read.count\":2,\"batch.stepType\":\"org.springframework.batch.core.step.tasklet.TaskletStep\"}',NULL),(464,'{\"batch.taskletType\":\"org.springframework.batch.core.step.item.ChunkOrientedTasklet\",\"CSV-Reader.read.count\":2,\"batch.stepType\":\"org.springframework.batch.core.step.tasklet.TaskletStep\"}',NULL),(465,'{\"batch.taskletType\":\"org.springframework.batch.core.step.item.ChunkOrientedTasklet\",\"CSV-Reader.read.count\":2,\"batch.stepType\":\"org.springframework.batch.core.step.tasklet.TaskletStep\"}',NULL),(466,'{\"batch.taskletType\":\"org.springframework.batch.core.step.item.ChunkOrientedTasklet\",\"CSV-Reader.read.count\":2,\"batch.stepType\":\"org.springframework.batch.core.step.tasklet.TaskletStep\"}',NULL),(467,'{\"batch.taskletType\":\"org.springframework.batch.core.step.item.ChunkOrientedTasklet\",\"CSV-Reader.read.count\":2,\"batch.stepType\":\"org.springframework.batch.core.step.tasklet.TaskletStep\"}',NULL),(468,'{\"batch.taskletType\":\"org.springframework.batch.core.step.item.ChunkOrientedTasklet\",\"CSV-Reader.read.count\":2,\"batch.stepType\":\"org.springframework.batch.core.step.tasklet.TaskletStep\"}',NULL),(469,'{\"batch.taskletType\":\"org.springframework.batch.core.step.item.ChunkOrientedTasklet\",\"CSV-Reader.read.count\":2,\"batch.stepType\":\"org.springframework.batch.core.step.tasklet.TaskletStep\"}',NULL),(470,'{\"batch.taskletType\":\"org.springframework.batch.core.step.item.ChunkOrientedTasklet\",\"CSV-Reader.read.count\":2,\"batch.stepType\":\"org.springframework.batch.core.step.tasklet.TaskletStep\"}',NULL),(471,'{\"batch.taskletType\":\"org.springframework.batch.core.step.item.ChunkOrientedTasklet\",\"CSV-Reader.read.count\":2,\"batch.stepType\":\"org.springframework.batch.core.step.tasklet.TaskletStep\"}',NULL),(472,'{\"batch.taskletType\":\"org.springframework.batch.core.step.item.ChunkOrientedTasklet\",\"CSV-Reader.read.count\":2,\"batch.stepType\":\"org.springframework.batch.core.step.tasklet.TaskletStep\"}',NULL),(473,'{\"batch.taskletType\":\"org.springframework.batch.core.step.item.ChunkOrientedTasklet\",\"CSV-Reader.read.count\":2,\"batch.stepType\":\"org.springframework.batch.core.step.tasklet.TaskletStep\"}',NULL),(474,'{\"batch.taskletType\":\"org.springframework.batch.core.step.item.ChunkOrientedTasklet\",\"CSV-Reader.read.count\":2,\"batch.stepType\":\"org.springframework.batch.core.step.tasklet.TaskletStep\"}',NULL),(475,'{\"batch.taskletType\":\"org.springframework.batch.core.step.item.ChunkOrientedTasklet\",\"CSV-Reader.read.count\":2,\"batch.stepType\":\"org.springframework.batch.core.step.tasklet.TaskletStep\"}',NULL),(476,'{}',NULL),(477,'{}',NULL),(478,'{}',NULL),(479,'{}',NULL),(480,'{}',NULL),(481,'{\"batch.taskletType\":\"org.springframework.batch.core.step.item.ChunkOrientedTasklet\",\"CSV-Reader.read.count\":2,\"batch.stepType\":\"org.springframework.batch.core.step.tasklet.TaskletStep\"}',NULL),(482,'{\"batch.taskletType\":\"org.springframework.batch.core.step.item.ChunkOrientedTasklet\",\"CSV-Reader.read.count\":2,\"batch.stepType\":\"org.springframework.batch.core.step.tasklet.TaskletStep\"}',NULL),(483,'{\"batch.taskletType\":\"org.springframework.batch.core.step.item.ChunkOrientedTasklet\",\"CSV-Reader.read.count\":2,\"batch.stepType\":\"org.springframework.batch.core.step.tasklet.TaskletStep\"}',NULL),(484,'{\"batch.taskletType\":\"org.springframework.batch.core.step.item.ChunkOrientedTasklet\",\"CSV-Reader.read.count\":2,\"batch.stepType\":\"org.springframework.batch.core.step.tasklet.TaskletStep\"}',NULL),(485,'{\"batch.taskletType\":\"org.springframework.batch.core.step.item.ChunkOrientedTasklet\",\"CSV-Reader.read.count\":0,\"batch.stepType\":\"org.springframework.batch.core.step.tasklet.TaskletStep\"}',NULL),(486,'{\"batch.taskletType\":\"org.springframework.batch.core.step.item.ChunkOrientedTasklet\",\"CSV-Reader.read.count\":2,\"batch.stepType\":\"org.springframework.batch.core.step.tasklet.TaskletStep\"}',NULL),(487,'{\"batch.taskletType\":\"org.springframework.batch.core.step.item.ChunkOrientedTasklet\",\"CSV-Reader.read.count\":2,\"batch.stepType\":\"org.springframework.batch.core.step.tasklet.TaskletStep\"}',NULL),(488,'{\"batch.taskletType\":\"org.springframework.batch.core.step.item.ChunkOrientedTasklet\",\"CSV-Reader.read.count\":2,\"batch.stepType\":\"org.springframework.batch.core.step.tasklet.TaskletStep\"}',NULL),(489,'{\"batch.taskletType\":\"org.springframework.batch.core.step.item.ChunkOrientedTasklet\",\"CSV-Reader.read.count\":2,\"batch.stepType\":\"org.springframework.batch.core.step.tasklet.TaskletStep\"}',NULL),(490,'{\"batch.taskletType\":\"org.springframework.batch.core.step.item.ChunkOrientedTasklet\",\"CSV-Reader.read.count\":2,\"batch.stepType\":\"org.springframework.batch.core.step.tasklet.TaskletStep\"}',NULL),(491,'{\"batch.taskletType\":\"org.springframework.batch.core.step.item.ChunkOrientedTasklet\",\"CSV-Reader.read.count\":2,\"batch.stepType\":\"org.springframework.batch.core.step.tasklet.TaskletStep\"}',NULL),(492,'{\"batch.taskletType\":\"org.springframework.batch.core.step.item.ChunkOrientedTasklet\",\"CSV-Reader.read.count\":2,\"batch.stepType\":\"org.springframework.batch.core.step.tasklet.TaskletStep\"}',NULL),(493,'{\"batch.taskletType\":\"org.springframework.batch.core.step.item.ChunkOrientedTasklet\",\"CSV-Reader.read.count\":2,\"batch.stepType\":\"org.springframework.batch.core.step.tasklet.TaskletStep\"}',NULL),(494,'{\"batch.taskletType\":\"org.springframework.batch.core.step.item.ChunkOrientedTasklet\",\"CSV-Reader.read.count\":2,\"batch.stepType\":\"org.springframework.batch.core.step.tasklet.TaskletStep\"}',NULL),(495,'{\"batch.taskletType\":\"org.springframework.batch.core.step.item.ChunkOrientedTasklet\",\"CSV-Reader.read.count\":2,\"batch.stepType\":\"org.springframework.batch.core.step.tasklet.TaskletStep\"}',NULL),(496,'{\"batch.taskletType\":\"org.springframework.batch.core.step.item.ChunkOrientedTasklet\",\"CSV-Reader.read.count\":2,\"batch.stepType\":\"org.springframework.batch.core.step.tasklet.TaskletStep\"}',NULL),(497,'{}',NULL),(498,'{\"batch.taskletType\":\"org.springframework.batch.core.step.item.ChunkOrientedTasklet\",\"CSV-Reader.read.count\":2,\"batch.stepType\":\"org.springframework.batch.core.step.tasklet.TaskletStep\"}',NULL),(499,'{\"batch.taskletType\":\"org.springframework.batch.core.step.item.ChunkOrientedTasklet\",\"CSV-Reader.read.count\":2,\"batch.stepType\":\"org.springframework.batch.core.step.tasklet.TaskletStep\"}',NULL),(500,'{\"batch.taskletType\":\"org.springframework.batch.core.step.item.ChunkOrientedTasklet\",\"CSV-Reader.read.count\":2,\"batch.stepType\":\"org.springframework.batch.core.step.tasklet.TaskletStep\"}',NULL),(501,'{\"batch.taskletType\":\"org.springframework.batch.core.step.item.ChunkOrientedTasklet\",\"CSV-Reader.read.count\":2,\"batch.stepType\":\"org.springframework.batch.core.step.tasklet.TaskletStep\"}',NULL),(502,'{\"batch.taskletType\":\"org.springframework.batch.core.step.item.ChunkOrientedTasklet\",\"CSV-Reader.read.count\":2,\"batch.stepType\":\"org.springframework.batch.core.step.tasklet.TaskletStep\"}',NULL),(503,'{}',NULL),(504,'{\"batch.taskletType\":\"org.springframework.batch.core.step.item.ChunkOrientedTasklet\",\"CSV-Reader.read.count\":2,\"batch.stepType\":\"org.springframework.batch.core.step.tasklet.TaskletStep\"}',NULL),(505,'{\"batch.taskletType\":\"org.springframework.batch.core.step.item.ChunkOrientedTasklet\",\"CSV-Reader.read.count\":2,\"batch.stepType\":\"org.springframework.batch.core.step.tasklet.TaskletStep\"}',NULL),(506,'{\"batch.taskletType\":\"org.springframework.batch.core.step.item.ChunkOrientedTasklet\",\"CSV-Reader.read.count\":2,\"batch.stepType\":\"org.springframework.batch.core.step.tasklet.TaskletStep\"}',NULL),(507,'{\"batch.taskletType\":\"org.springframework.batch.core.step.item.ChunkOrientedTasklet\",\"CSV-Reader.read.count\":2,\"batch.stepType\":\"org.springframework.batch.core.step.tasklet.TaskletStep\"}',NULL),(508,'{\"batch.taskletType\":\"org.springframework.batch.core.step.item.ChunkOrientedTasklet\",\"CSV-Reader.read.count\":2,\"batch.stepType\":\"org.springframework.batch.core.step.tasklet.TaskletStep\"}',NULL),(509,'{\"batch.taskletType\":\"org.springframework.batch.core.step.item.ChunkOrientedTasklet\",\"CSV-Reader.read.count\":2,\"batch.stepType\":\"org.springframework.batch.core.step.tasklet.TaskletStep\"}',NULL),(510,'{\"batch.taskletType\":\"org.springframework.batch.core.step.item.ChunkOrientedTasklet\",\"CSV-Reader.read.count\":2,\"batch.stepType\":\"org.springframework.batch.core.step.tasklet.TaskletStep\"}',NULL),(511,'{\"batch.taskletType\":\"org.springframework.batch.core.step.item.ChunkOrientedTasklet\",\"CSV-Reader.read.count\":2,\"batch.stepType\":\"org.springframework.batch.core.step.tasklet.TaskletStep\"}',NULL),(512,'{\"batch.taskletType\":\"org.springframework.batch.core.step.item.ChunkOrientedTasklet\",\"CSV-Reader.read.count\":2,\"batch.stepType\":\"org.springframework.batch.core.step.tasklet.TaskletStep\"}',NULL),(513,'{\"batch.taskletType\":\"org.springframework.batch.core.step.item.ChunkOrientedTasklet\",\"CSV-Reader.read.count\":2,\"batch.stepType\":\"org.springframework.batch.core.step.tasklet.TaskletStep\"}',NULL),(514,'{\"batch.taskletType\":\"org.springframework.batch.core.step.item.ChunkOrientedTasklet\",\"CSV-Reader.read.count\":2,\"batch.stepType\":\"org.springframework.batch.core.step.tasklet.TaskletStep\"}',NULL),(515,'{\"batch.taskletType\":\"org.springframework.batch.core.step.item.ChunkOrientedTasklet\",\"CSV-Reader.read.count\":2,\"batch.stepType\":\"org.springframework.batch.core.step.tasklet.TaskletStep\"}',NULL),(516,'{\"batch.taskletType\":\"org.springframework.batch.core.step.item.ChunkOrientedTasklet\",\"CSV-Reader.read.count\":2,\"batch.stepType\":\"org.springframework.batch.core.step.tasklet.TaskletStep\"}',NULL),(517,'{\"batch.taskletType\":\"org.springframework.batch.core.step.item.ChunkOrientedTasklet\",\"CSV-Reader.read.count\":2,\"batch.stepType\":\"org.springframework.batch.core.step.tasklet.TaskletStep\"}',NULL),(518,'{\"batch.taskletType\":\"org.springframework.batch.core.step.item.ChunkOrientedTasklet\",\"CSV-Reader.read.count\":2,\"batch.stepType\":\"org.springframework.batch.core.step.tasklet.TaskletStep\"}',NULL),(519,'{\"batch.taskletType\":\"org.springframework.batch.core.step.item.ChunkOrientedTasklet\",\"CSV-Reader.read.count\":2,\"batch.stepType\":\"org.springframework.batch.core.step.tasklet.TaskletStep\"}',NULL),(520,'{\"batch.taskletType\":\"org.springframework.batch.core.step.item.ChunkOrientedTasklet\",\"CSV-Reader.read.count\":2,\"batch.stepType\":\"org.springframework.batch.core.step.tasklet.TaskletStep\"}',NULL),(521,'{\"batch.taskletType\":\"org.springframework.batch.core.step.item.ChunkOrientedTasklet\",\"CSV-Reader.read.count\":2,\"batch.stepType\":\"org.springframework.batch.core.step.tasklet.TaskletStep\"}',NULL),(522,'{\"batch.taskletType\":\"org.springframework.batch.core.step.item.ChunkOrientedTasklet\",\"CSV-Reader.read.count\":2,\"batch.stepType\":\"org.springframework.batch.core.step.tasklet.TaskletStep\"}',NULL),(523,'{\"batch.taskletType\":\"org.springframework.batch.core.step.item.ChunkOrientedTasklet\",\"CSV-Reader.read.count\":2,\"batch.stepType\":\"org.springframework.batch.core.step.tasklet.TaskletStep\"}',NULL),(524,'{\"batch.taskletType\":\"org.springframework.batch.core.step.item.ChunkOrientedTasklet\",\"CSV-Reader.read.count\":2,\"batch.stepType\":\"org.springframework.batch.core.step.tasklet.TaskletStep\"}',NULL),(525,'{\"batch.taskletType\":\"org.springframework.batch.core.step.item.ChunkOrientedTasklet\",\"CSV-Reader.read.count\":2,\"batch.stepType\":\"org.springframework.batch.core.step.tasklet.TaskletStep\"}',NULL),(526,'{\"batch.taskletType\":\"org.springframework.batch.core.step.item.ChunkOrientedTasklet\",\"CSV-Reader.read.count\":2,\"batch.stepType\":\"org.springframework.batch.core.step.tasklet.TaskletStep\"}',NULL),(527,'{\"batch.taskletType\":\"org.springframework.batch.core.step.item.ChunkOrientedTasklet\",\"CSV-Reader.read.count\":2,\"batch.stepType\":\"org.springframework.batch.core.step.tasklet.TaskletStep\"}',NULL),(528,'{\"batch.taskletType\":\"org.springframework.batch.core.step.item.ChunkOrientedTasklet\",\"CSV-Reader.read.count\":2,\"batch.stepType\":\"org.springframework.batch.core.step.tasklet.TaskletStep\"}',NULL),(529,'{\"batch.taskletType\":\"org.springframework.batch.core.step.item.ChunkOrientedTasklet\",\"CSV-Reader.read.count\":2,\"batch.stepType\":\"org.springframework.batch.core.step.tasklet.TaskletStep\"}',NULL),(530,'{\"batch.taskletType\":\"org.springframework.batch.core.step.item.ChunkOrientedTasklet\",\"CSV-Reader.read.count\":2,\"batch.stepType\":\"org.springframework.batch.core.step.tasklet.TaskletStep\"}',NULL),(531,'{\"batch.taskletType\":\"org.springframework.batch.core.step.item.ChunkOrientedTasklet\",\"CSV-Reader.read.count\":2,\"batch.stepType\":\"org.springframework.batch.core.step.tasklet.TaskletStep\"}',NULL),(532,'{\"batch.taskletType\":\"org.springframework.batch.core.step.item.ChunkOrientedTasklet\",\"CSV-Reader.read.count\":2,\"batch.stepType\":\"org.springframework.batch.core.step.tasklet.TaskletStep\"}',NULL),(533,'{\"batch.taskletType\":\"org.springframework.batch.core.step.item.ChunkOrientedTasklet\",\"CSV-Reader.read.count\":2,\"batch.stepType\":\"org.springframework.batch.core.step.tasklet.TaskletStep\"}',NULL),(534,'{\"batch.taskletType\":\"org.springframework.batch.core.step.item.ChunkOrientedTasklet\",\"CSV-Reader.read.count\":2,\"batch.stepType\":\"org.springframework.batch.core.step.tasklet.TaskletStep\"}',NULL),(535,'{\"batch.taskletType\":\"org.springframework.batch.core.step.item.ChunkOrientedTasklet\",\"CSV-Reader.read.count\":2,\"batch.stepType\":\"org.springframework.batch.core.step.tasklet.TaskletStep\"}',NULL),(536,'{\"batch.taskletType\":\"org.springframework.batch.core.step.item.ChunkOrientedTasklet\",\"CSV-Reader.read.count\":2,\"batch.stepType\":\"org.springframework.batch.core.step.tasklet.TaskletStep\"}',NULL),(537,'{\"batch.taskletType\":\"org.springframework.batch.core.step.item.ChunkOrientedTasklet\",\"CSV-Reader.read.count\":2,\"batch.stepType\":\"org.springframework.batch.core.step.tasklet.TaskletStep\"}',NULL),(538,'{\"batch.taskletType\":\"org.springframework.batch.core.step.item.ChunkOrientedTasklet\",\"CSV-Reader.read.count\":2,\"batch.stepType\":\"org.springframework.batch.core.step.tasklet.TaskletStep\"}',NULL),(539,'{\"batch.taskletType\":\"org.springframework.batch.core.step.item.ChunkOrientedTasklet\",\"CSV-Reader.read.count\":2,\"batch.stepType\":\"org.springframework.batch.core.step.tasklet.TaskletStep\"}',NULL),(540,'{\"batch.taskletType\":\"org.springframework.batch.core.step.item.ChunkOrientedTasklet\",\"CSV-Reader.read.count\":2,\"batch.stepType\":\"org.springframework.batch.core.step.tasklet.TaskletStep\"}',NULL),(541,'{\"batch.taskletType\":\"org.springframework.batch.core.step.item.ChunkOrientedTasklet\",\"CSV-Reader.read.count\":2,\"batch.stepType\":\"org.springframework.batch.core.step.tasklet.TaskletStep\"}',NULL),(542,'{}',NULL),(543,'{\"batch.taskletType\":\"org.springframework.batch.core.step.item.ChunkOrientedTasklet\",\"CSV-Reader.read.count\":2,\"batch.stepType\":\"org.springframework.batch.core.step.tasklet.TaskletStep\"}',NULL),(544,'{\"batch.taskletType\":\"org.springframework.batch.core.step.item.ChunkOrientedTasklet\",\"CSV-Reader.read.count\":2,\"batch.stepType\":\"org.springframework.batch.core.step.tasklet.TaskletStep\"}',NULL),(545,'{\"batch.taskletType\":\"org.springframework.batch.core.step.item.ChunkOrientedTasklet\",\"CSV-Reader.read.count\":2,\"batch.stepType\":\"org.springframework.batch.core.step.tasklet.TaskletStep\"}',NULL),(546,'{\"batch.taskletType\":\"org.springframework.batch.core.step.item.ChunkOrientedTasklet\",\"CSV-Reader.read.count\":2,\"batch.stepType\":\"org.springframework.batch.core.step.tasklet.TaskletStep\"}',NULL),(547,'{\"batch.taskletType\":\"org.springframework.batch.core.step.item.ChunkOrientedTasklet\",\"CSV-Reader.read.count\":2,\"batch.stepType\":\"org.springframework.batch.core.step.tasklet.TaskletStep\"}',NULL),(548,'{\"batch.taskletType\":\"org.springframework.batch.core.step.item.ChunkOrientedTasklet\",\"CSV-Reader.read.count\":2,\"batch.stepType\":\"org.springframework.batch.core.step.tasklet.TaskletStep\"}',NULL),(549,'{\"batch.taskletType\":\"org.springframework.batch.core.step.item.ChunkOrientedTasklet\",\"CSV-Reader.read.count\":2,\"batch.stepType\":\"org.springframework.batch.core.step.tasklet.TaskletStep\"}',NULL),(550,'{\"batch.taskletType\":\"org.springframework.batch.core.step.item.ChunkOrientedTasklet\",\"CSV-Reader.read.count\":2,\"batch.stepType\":\"org.springframework.batch.core.step.tasklet.TaskletStep\"}',NULL),(551,'{\"batch.taskletType\":\"org.springframework.batch.core.step.item.ChunkOrientedTasklet\",\"CSV-Reader.read.count\":2,\"batch.stepType\":\"org.springframework.batch.core.step.tasklet.TaskletStep\"}',NULL),(552,'{\"batch.taskletType\":\"org.springframework.batch.core.step.item.ChunkOrientedTasklet\",\"CSV-Reader.read.count\":2,\"batch.stepType\":\"org.springframework.batch.core.step.tasklet.TaskletStep\"}',NULL),(553,'{\"batch.taskletType\":\"org.springframework.batch.core.step.item.ChunkOrientedTasklet\",\"CSV-Reader.read.count\":2,\"batch.stepType\":\"org.springframework.batch.core.step.tasklet.TaskletStep\"}',NULL),(554,'{\"batch.taskletType\":\"org.springframework.batch.core.step.item.ChunkOrientedTasklet\",\"CSV-Reader.read.count\":2,\"batch.stepType\":\"org.springframework.batch.core.step.tasklet.TaskletStep\"}',NULL),(555,'{\"batch.taskletType\":\"org.springframework.batch.core.step.item.ChunkOrientedTasklet\",\"CSV-Reader.read.count\":2,\"batch.stepType\":\"org.springframework.batch.core.step.tasklet.TaskletStep\"}',NULL),(556,'{\"batch.taskletType\":\"org.springframework.batch.core.step.item.ChunkOrientedTasklet\",\"CSV-Reader.read.count\":2,\"batch.stepType\":\"org.springframework.batch.core.step.tasklet.TaskletStep\"}',NULL),(557,'{\"batch.taskletType\":\"org.springframework.batch.core.step.item.ChunkOrientedTasklet\",\"CSV-Reader.read.count\":2,\"batch.stepType\":\"org.springframework.batch.core.step.tasklet.TaskletStep\"}',NULL),(558,'{\"batch.taskletType\":\"org.springframework.batch.core.step.item.ChunkOrientedTasklet\",\"CSV-Reader.read.count\":2,\"batch.stepType\":\"org.springframework.batch.core.step.tasklet.TaskletStep\"}',NULL),(559,'{\"batch.taskletType\":\"org.springframework.batch.core.step.item.ChunkOrientedTasklet\",\"CSV-Reader.read.count\":2,\"batch.stepType\":\"org.springframework.batch.core.step.tasklet.TaskletStep\"}',NULL),(560,'{\"batch.taskletType\":\"org.springframework.batch.core.step.item.ChunkOrientedTasklet\",\"CSV-Reader.read.count\":2,\"batch.stepType\":\"org.springframework.batch.core.step.tasklet.TaskletStep\"}',NULL),(561,'{\"batch.taskletType\":\"org.springframework.batch.core.step.item.ChunkOrientedTasklet\",\"CSV-Reader.read.count\":2,\"batch.stepType\":\"org.springframework.batch.core.step.tasklet.TaskletStep\"}',NULL),(562,'{\"batch.taskletType\":\"org.springframework.batch.core.step.item.ChunkOrientedTasklet\",\"CSV-Reader.read.count\":2,\"batch.stepType\":\"org.springframework.batch.core.step.tasklet.TaskletStep\"}',NULL),(563,'{\"batch.taskletType\":\"org.springframework.batch.core.step.item.ChunkOrientedTasklet\",\"CSV-Reader.read.count\":2,\"batch.stepType\":\"org.springframework.batch.core.step.tasklet.TaskletStep\"}',NULL),(564,'{\"batch.taskletType\":\"org.springframework.batch.core.step.item.ChunkOrientedTasklet\",\"CSV-Reader.read.count\":2,\"batch.stepType\":\"org.springframework.batch.core.step.tasklet.TaskletStep\"}',NULL),(565,'{\"batch.taskletType\":\"org.springframework.batch.core.step.item.ChunkOrientedTasklet\",\"CSV-Reader.read.count\":2,\"batch.stepType\":\"org.springframework.batch.core.step.tasklet.TaskletStep\"}',NULL),(566,'{\"batch.taskletType\":\"org.springframework.batch.core.step.item.ChunkOrientedTasklet\",\"CSV-Reader.read.count\":2,\"batch.stepType\":\"org.springframework.batch.core.step.tasklet.TaskletStep\"}',NULL),(567,'{\"batch.taskletType\":\"org.springframework.batch.core.step.item.ChunkOrientedTasklet\",\"CSV-Reader.read.count\":2,\"batch.stepType\":\"org.springframework.batch.core.step.tasklet.TaskletStep\"}',NULL),(568,'{\"batch.taskletType\":\"org.springframework.batch.core.step.item.ChunkOrientedTasklet\",\"CSV-Reader.read.count\":2,\"batch.stepType\":\"org.springframework.batch.core.step.tasklet.TaskletStep\"}',NULL),(569,'{\"batch.taskletType\":\"org.springframework.batch.core.step.item.ChunkOrientedTasklet\",\"CSV-Reader.read.count\":2,\"batch.stepType\":\"org.springframework.batch.core.step.tasklet.TaskletStep\"}',NULL),(570,'{\"batch.taskletType\":\"org.springframework.batch.core.step.item.ChunkOrientedTasklet\",\"CSV-Reader.read.count\":2,\"batch.stepType\":\"org.springframework.batch.core.step.tasklet.TaskletStep\"}',NULL),(571,'{\"batch.taskletType\":\"org.springframework.batch.core.step.item.ChunkOrientedTasklet\",\"CSV-Reader.read.count\":2,\"batch.stepType\":\"org.springframework.batch.core.step.tasklet.TaskletStep\"}',NULL),(572,'{\"batch.taskletType\":\"org.springframework.batch.core.step.item.ChunkOrientedTasklet\",\"CSV-Reader.read.count\":2,\"batch.stepType\":\"org.springframework.batch.core.step.tasklet.TaskletStep\"}',NULL),(573,'{\"batch.taskletType\":\"org.springframework.batch.core.step.item.ChunkOrientedTasklet\",\"CSV-Reader.read.count\":2,\"batch.stepType\":\"org.springframework.batch.core.step.tasklet.TaskletStep\"}',NULL),(574,'{\"batch.taskletType\":\"org.springframework.batch.core.step.item.ChunkOrientedTasklet\",\"CSV-Reader.read.count\":2,\"batch.stepType\":\"org.springframework.batch.core.step.tasklet.TaskletStep\"}',NULL),(575,'{\"batch.taskletType\":\"org.springframework.batch.core.step.item.ChunkOrientedTasklet\",\"CSV-Reader.read.count\":2,\"batch.stepType\":\"org.springframework.batch.core.step.tasklet.TaskletStep\"}',NULL),(576,'{\"batch.taskletType\":\"org.springframework.batch.core.step.item.ChunkOrientedTasklet\",\"CSV-Reader.read.count\":2,\"batch.stepType\":\"org.springframework.batch.core.step.tasklet.TaskletStep\"}',NULL),(577,'{\"batch.taskletType\":\"org.springframework.batch.core.step.item.ChunkOrientedTasklet\",\"CSV-Reader.read.count\":2,\"batch.stepType\":\"org.springframework.batch.core.step.tasklet.TaskletStep\"}',NULL),(578,'{\"batch.taskletType\":\"org.springframework.batch.core.step.item.ChunkOrientedTasklet\",\"CSV-Reader.read.count\":2,\"batch.stepType\":\"org.springframework.batch.core.step.tasklet.TaskletStep\"}',NULL),(579,'{\"batch.taskletType\":\"org.springframework.batch.core.step.item.ChunkOrientedTasklet\",\"CSV-Reader.read.count\":2,\"batch.stepType\":\"org.springframework.batch.core.step.tasklet.TaskletStep\"}',NULL),(580,'{\"batch.taskletType\":\"org.springframework.batch.core.step.item.ChunkOrientedTasklet\",\"CSV-Reader.read.count\":2,\"batch.stepType\":\"org.springframework.batch.core.step.tasklet.TaskletStep\"}',NULL),(581,'{\"batch.taskletType\":\"org.springframework.batch.core.step.item.ChunkOrientedTasklet\",\"CSV-Reader.read.count\":2,\"batch.stepType\":\"org.springframework.batch.core.step.tasklet.TaskletStep\"}',NULL);
/*!40000 ALTER TABLE `BATCH_STEP_EXECUTION_CONTEXT` ENABLE KEYS */;
UNLOCK TABLES;

--
-- Table structure for table `BATCH_STEP_EXECUTION_SEQ`
--

DROP TABLE IF EXISTS `BATCH_STEP_EXECUTION_SEQ`;
/*!40101 SET @saved_cs_client     = @@character_set_client */;
/*!40101 SET character_set_client = utf8 */;
CREATE TABLE `BATCH_STEP_EXECUTION_SEQ` (
  `ID` bigint(20) NOT NULL
) ENGINE=InnoDB DEFAULT CHARSET=latin1;
/*!40101 SET character_set_client = @saved_cs_client */;

--
-- Dumping data for table `BATCH_STEP_EXECUTION_SEQ`
--

LOCK TABLES `BATCH_STEP_EXECUTION_SEQ` WRITE;
/*!40000 ALTER TABLE `BATCH_STEP_EXECUTION_SEQ` DISABLE KEYS */;
INSERT INTO `BATCH_STEP_EXECUTION_SEQ` VALUES (581);
/*!40000 ALTER TABLE `BATCH_STEP_EXECUTION_SEQ` ENABLE KEYS */;
UNLOCK TABLES;

--
-- Table structure for table `auth_feature`
--

DROP TABLE IF EXISTS `auth_feature`;
/*!40101 SET @saved_cs_client     = @@character_set_client */;
/*!40101 SET character_set_client = utf8 */;
CREATE TABLE `auth_feature` (
  `id` int(11) NOT NULL AUTO_INCREMENT,
  `functionality_code` varchar(100) NOT NULL,
  `functionality_name` varchar(100) DEFAULT NULL,
  `feature_code` varchar(100) NOT NULL,
  `feature_name` varchar(100) DEFAULT NULL,
  `description` varchar(1000) DEFAULT NULL,
  `is_enabled` varchar(1) DEFAULT NULL,
  `created_by` varchar(100) DEFAULT NULL,
  `modified_by` varchar(100) DEFAULT NULL,
  `created_dt` datetime DEFAULT NULL,
  `modified_dt` datetime DEFAULT NULL,
  `auth_feature_code` varchar(100) NOT NULL,
  `display_text` varchar(100) NOT NULL,
  PRIMARY KEY (`id`),
  UNIQUE KEY `auth_feature_UN` (`auth_feature_code`)
) ENGINE=InnoDB AUTO_INCREMENT=28 DEFAULT CHARSET=latin1;
/*!40101 SET character_set_client = @saved_cs_client */;

--
-- Dumping data for table `auth_feature`
--

LOCK TABLES `auth_feature` WRITE;
/*!40000 ALTER TABLE `auth_feature` DISABLE KEYS */;
INSERT INTO `auth_feature` VALUES (2,'ORGANIZATION-SETUP',NULL,'LIST',NULL,'LIST THE ENTRIES IN ORGANIZATION-SETUP','Y',NULL,NULL,'2018-12-19 18:06:36',NULL,'ORGANIZATION-SETUP-LIST',''),(3,'ORGANIZATION-SETUP',NULL,'ADD',NULL,'ADD THE ENTRIES IN ORGANIZATION-SETUP','Y',NULL,NULL,'2018-12-19 18:06:36',NULL,'ORGANIZATION-SETUP-ADD',''),(4,'ORGANIZATION-SETUP',NULL,'UPDATE',NULL,'UPDATE THE ENTRIES IN ORGANIZATION-SETUP','Y',NULL,NULL,'2018-12-19 18:06:36',NULL,'ORGANIZATION-SETUP-UPDATE',''),(5,'ORGANIZATION-SETUP',NULL,'DELETE',NULL,'DELETE THE ENTRIES IN ORGANIZATION-SETUP','Y',NULL,NULL,'2018-12-19 18:06:36',NULL,'ORGANIZATION-SETUP-DELETE',''),(7,'CTC -SETUP',NULL,'LIST',NULL,'LIST THE ENTRIES','Y',NULL,NULL,'2018-12-19 18:06:36',NULL,'CTC -SETUP-LIST',''),(8,'CTC -SETUP',NULL,'ADD',NULL,'ADD THE ENTRIES IN CTC SCREEN','Y',NULL,NULL,'2018-12-19 18:06:36',NULL,'CTC -SETUP-ADD',''),(9,'CTC-SETUP',NULL,'UPDATE',NULL,'UPDATE THE ENTRIES IN CTC-SCREEN','Y',NULL,NULL,'2018-12-19 18:06:36',NULL,'CTC-SETUP-UPDATE',''),(10,'CTC-SETUP',NULL,'DELETE',NULL,'DELETE THE ENTRIES','Y',NULL,NULL,'2018-12-19 18:06:36',NULL,'CTC-SETUP-DELETE',''),(11,'HR-OPERATIONS',NULL,'LIST',NULL,'LIST THE ENTRIES IN HR OPERATIONS SCREEN','Y',NULL,NULL,'2018-12-19 18:06:36',NULL,'HR-OPERATIONS-LIST',''),(12,'HR-OPERATIONS',NULL,'ADD',NULL,'ADD THE ENTRIES IN HR OPERATIONS SCREEN','Y',NULL,NULL,'2018-12-19 18:06:36',NULL,'HR-OPERATIONS-ADD',''),(13,'HR-OPERATIONS',NULL,'UPDATE',NULL,'UPDATE THE ENTRIES IN HR-OPERATIONS','Y',NULL,NULL,'2018-12-19 18:06:36',NULL,'HR-OPERATIONS-UPDATE',''),(14,'HR-OPERATIONS',NULL,'DELETE',NULL,'DELETE THE ENTRIES IN HR-OPERATIONS SCREEN','Y',NULL,NULL,'2018-12-19 18:06:36',NULL,'HR-OPERATIONS-DELETE',''),(15,'VISIT',NULL,'LIST',NULL,'LIST THE ENTRIES IN VISIT SCREEN','Y',NULL,NULL,'2018-12-19 18:06:36',NULL,'VISIT-LIST',''),(16,'VISIT',NULL,'ADD',NULL,'ADD THE ENTRIES IN VISIT SCREEN','Y',NULL,NULL,'2018-12-19 18:06:36',NULL,'VISIT-ADD',''),(17,'VISIT',NULL,'UPDATE',NULL,'UPDATE THE ENTRIES IN VISIT SCREEN','Y',NULL,NULL,'2018-12-19 18:06:36',NULL,'VISIT-UPDATE',''),(18,'VISIT',NULL,'DELETE',NULL,'DELETE THE ENTRIES IN VISIT SCREEN','Y',NULL,NULL,'2018-12-19 18:06:36',NULL,'VISIT-DELETE',''),(19,'DASHBOARD','DASHBOARD','TAR-N1-APPROVAL','Dash - Travel Advance Request - N1 Approval','Dash - Travel Advance Request - N1 Approval','Y','dinesh',NULL,'2019-09-06 00:06:36',NULL,'DASHBOARD-TAR-N1-APPROVAL','Travel Advance - N1 Approvals'),(20,'DASHBOARD','DASHBOARD','TAR-ACC2-APPROVAL','Dash - Travel Advance Request - Acc2 Approval','Dash - Travel Advance Request - Acc2 Approval','Y','dinesh',NULL,'2019-09-06 00:06:36',NULL,'DASHBOARD-TAR-ACC2-APPROVAL','Travel Advance - Acc2 Approvals'),(21,'DASHBOARD','DASHBOARD','LR-N1-APPROVAL','Dash - Leave Request - N1 Approval','Dash - Leave Request - N1 Approval','Y','dinesh',NULL,'2019-09-06 00:06:36',NULL,'DASHBOARD-LR-N1-APPROVAL','Leave Appln - N1 Approvals'),(22,'DASHBOARD','DASHBOARD','LR-N2-APPROVAL','Dash - Leave Request - N2 Approval','Dash - Leave Request - N2 Approval','Y','dinesh',NULL,'2019-09-06 00:06:36',NULL,'DASHBOARD-LR-N2-APPROVAL','Leave Appln - N2 Approvals'),(23,'DASHBOARD','DASHBOARD','LR-SETTLEMENT','Dash - Leave Request - Settlement','Dash - Leave Request - Settlement','Y','dinesh',NULL,'2019-09-06 00:06:36',NULL,'DASHBOARD-LR-SETTLEMENT','Leave Appln - Settlement'),(24,'DASHBOARD','DASHBOARD','ECR-SETTLEMENT','Dash - Expense Claim Request - Settlement','Dash - Expense Claim Request - Settlement','Y','dinesh',NULL,'2019-09-06 00:06:36',NULL,'DASHBOARD-ECR-SETTLEMENT','Expense Claim - Settlements'),(25,'DASHBOARD','DASHBOARD','ECR-VALIDATION','Dash - Expense Claim Request - Validation','Dash - Expense Claim Request - Validation','Y','dinesh',NULL,'2019-09-06 00:06:36',NULL,'DASHBOARD-ECR-VALIDATION','Expense Claim - Validations'),(26,'DASHBOARD','DASHBOARD','ECR-N1-APPROVAL','Dash - Expense Claim Request - N1 Approval','Dash - Expense Claim Request - N1 Approval','Y','dinesh',NULL,'2019-09-06 00:06:36',NULL,'DASHBOARD-ECR-N1-APPROVAL','Expense Claim - N1 Approvals'),(27,'DASHBOARD','DASHBOARD','ECR-N2-APPROVAL','Dash - Expense Claim Request - N2 Approval','Dash - Expense Claim Request - N2 Approval','Y','dinesh',NULL,'2019-09-06 00:06:36',NULL,'DASHBOARD-ECR-N2-APPROVAL','Expense Claim - N2 Approvals');
/*!40000 ALTER TABLE `auth_feature` ENABLE KEYS */;
UNLOCK TABLES;
/*!50003 SET @saved_cs_client      = @@character_set_client */ ;
/*!50003 SET @saved_cs_results     = @@character_set_results */ ;
/*!50003 SET @saved_col_connection = @@collation_connection */ ;
/*!50003 SET character_set_client  = utf8 */ ;
/*!50003 SET character_set_results = utf8 */ ;
/*!50003 SET collation_connection  = utf8_general_ci */ ;
/*!50003 SET @saved_sql_mode       = @@sql_mode */ ;
/*!50003 SET sql_mode              = 'STRICT_TRANS_TABLES,ERROR_FOR_DIVISION_BY_ZERO,NO_ENGINE_SUBSTITUTION' */ ;
DELIMITER ;;
/*!50003 CREATE*/ /*!50017 DEFINER=`so_user`@`%`*/ /*!50003 TRIGGER auth_feature_code_insert
BEFORE INSERT
ON auth_feature FOR EACH ROW SET NEW.auth_feature_code = concat(NEW.functionality_code ,'-', NEW.feature_code) */;;
DELIMITER ;
/*!50003 SET sql_mode              = @saved_sql_mode */ ;
/*!50003 SET character_set_client  = @saved_cs_client */ ;
/*!50003 SET character_set_results = @saved_cs_results */ ;
/*!50003 SET collation_connection  = @saved_col_connection */ ;
/*!50003 SET @saved_cs_client      = @@character_set_client */ ;
/*!50003 SET @saved_cs_results     = @@character_set_results */ ;
/*!50003 SET @saved_col_connection = @@collation_connection */ ;
/*!50003 SET character_set_client  = utf8 */ ;
/*!50003 SET character_set_results = utf8 */ ;
/*!50003 SET collation_connection  = utf8_general_ci */ ;
/*!50003 SET @saved_sql_mode       = @@sql_mode */ ;
/*!50003 SET sql_mode              = 'STRICT_TRANS_TABLES,ERROR_FOR_DIVISION_BY_ZERO,NO_ENGINE_SUBSTITUTION' */ ;
DELIMITER ;;
/*!50003 CREATE*/ /*!50017 DEFINER=`so_user`@`%`*/ /*!50003 TRIGGER `auth_feature_code_update`
BEFORE UPDATE
ON auth_feature FOR EACH ROW SET NEW.auth_feature_code = concat(NEW.functionality_code ,'-', NEW.feature_code) */;;
DELIMITER ;
/*!50003 SET sql_mode              = @saved_sql_mode */ ;
/*!50003 SET character_set_client  = @saved_cs_client */ ;
/*!50003 SET character_set_results = @saved_cs_results */ ;
/*!50003 SET collation_connection  = @saved_col_connection */ ;

--
-- Table structure for table `auth_menu`
--

DROP TABLE IF EXISTS `auth_menu`;
/*!40101 SET @saved_cs_client     = @@character_set_client */;
/*!40101 SET character_set_client = utf8 */;
CREATE TABLE `auth_menu` (
  `id` int(11) NOT NULL AUTO_INCREMENT,
  `name` varchar(100) DEFAULT NULL,
  `state` varchar(100) DEFAULT NULL,
  `type` varchar(100) DEFAULT NULL,
  `icon` varchar(100) DEFAULT NULL,
  `is_enabled` varchar(1) DEFAULT NULL,
  `created_by` varchar(100) DEFAULT NULL,
  `modified_by` varchar(100) DEFAULT NULL,
  `created_dt` datetime DEFAULT NULL,
  `modified_dt` datetime DEFAULT NULL,
  `user_id` varchar(100) DEFAULT NULL,
  `feature_id` varchar(100) DEFAULT NULL,
  PRIMARY KEY (`id`)
) ENGINE=InnoDB AUTO_INCREMENT=19 DEFAULT CHARSET=latin1;
/*!40101 SET character_set_client = @saved_cs_client */;

--
-- Dumping data for table `auth_menu`
--

LOCK TABLES `auth_menu` WRITE;
/*!40000 ALTER TABLE `auth_menu` DISABLE KEYS */;
INSERT INTO `auth_menu` VALUES (1,'Dashboard','index','link','icon-speedometer','Y',NULL,NULL,NULL,NULL,'5','1'),(2,'Visits','visit','sub','icon-location-pin','Y',NULL,NULL,NULL,NULL,'6','1'),(3,'My-Space','my-space','sub','icon-user','Y',NULL,NULL,NULL,NULL,'7','1'),(4,'Organization-Setup','org-settings','sub','icon-settings','Y',NULL,NULL,NULL,NULL,'8','1'),(5,'CTC-Setup','ctc-settings','sub','icon-briefcase','Y',NULL,NULL,NULL,NULL,'9','1'),(6,'HR-Operations','operation','sub','icon-badge','Y',NULL,NULL,NULL,NULL,'10','1');
/*!40000 ALTER TABLE `auth_menu` ENABLE KEYS */;
UNLOCK TABLES;

--
-- Table structure for table `auth_role`
--

DROP TABLE IF EXISTS `auth_role`;
/*!40101 SET @saved_cs_client     = @@character_set_client */;
/*!40101 SET character_set_client = utf8 */;
CREATE TABLE `auth_role` (
  `id` int(11) NOT NULL AUTO_INCREMENT,
  `role_code` varchar(100) DEFAULT NULL,
  `role_name` varchar(100) DEFAULT NULL,
  `remarks` varchar(100) DEFAULT NULL,
  `system_mapping` varchar(1) DEFAULT NULL,
  `is_enabled` varchar(1) DEFAULT NULL,
  `created_by` varchar(100) DEFAULT NULL,
  `modified_by` varchar(100) DEFAULT NULL,
  `created_dt` datetime DEFAULT NULL,
  `modified_dt` datetime DEFAULT NULL,
  PRIMARY KEY (`id`),
  UNIQUE KEY `auth_role_UN` (`role_code`)
) ENGINE=InnoDB AUTO_INCREMENT=70 DEFAULT CHARSET=latin1;
/*!40101 SET character_set_client = @saved_cs_client */;

--
-- Dumping data for table `auth_role`
--

LOCK TABLES `auth_role` WRITE;
/*!40000 ALTER TABLE `auth_role` DISABLE KEYS */;
INSERT INTO `auth_role` VALUES (1,'SU','Super User','Has access to all modules','Y','Y',NULL,NULL,NULL,NULL),(2,'D','DIRECTOR','Director with highest approvals','Y','Y',NULL,NULL,NULL,NULL),(3,'H','HR','HR - low level','Y','Y',NULL,NULL,NULL,NULL),(4,'N1','N+1 Manager','N+1 Manager','Y','Y',NULL,NULL,NULL,NULL),(5,'C','Customer','Customer User','Y','Y',NULL,NULL,NULL,NULL),(6,'E','EMPLOYEE','Employee','Y','Y',NULL,NULL,NULL,NULL),(7,'ADMIN','Admin User','Can change specific system related settings','Y','Y',NULL,NULL,NULL,NULL),(9,'N2','N+2 Manager','N+2 Manager','Y','Y',NULL,NULL,NULL,NULL),(63,'A','Applicant','Applicant','Y','Y',NULL,NULL,NULL,NULL),(64,'RA','Recruit Admin','Recruit Admin','Y','Y',NULL,NULL,NULL,NULL),(65,'ACC1','Account 1','Account 1 Manager','Y','Y',NULL,NULL,NULL,NULL),(66,'ACC2','Account 2','Account 2 Manager','Y','Y',NULL,NULL,NULL,NULL),(67,'HR1','Hr 1','Hr 1 Manager','Y','Y',NULL,NULL,NULL,NULL),(68,'HR2','Hr 2','Hr 2 Manager','Y','Y',NULL,NULL,NULL,NULL),(69,'CON','Contractor','Contractor','Y','Y',NULL,NULL,NULL,NULL);
/*!40000 ALTER TABLE `auth_role` ENABLE KEYS */;
UNLOCK TABLES;

--
-- Table structure for table `auth_role_feature`
--

DROP TABLE IF EXISTS `auth_role_feature`;
/*!40101 SET @saved_cs_client     = @@character_set_client */;
/*!40101 SET character_set_client = utf8 */;
CREATE TABLE `auth_role_feature` (
  `id` int(11) NOT NULL AUTO_INCREMENT,
  `auth_role_id` varchar(100) DEFAULT NULL,
  `auth_feature_id` varchar(100) DEFAULT NULL,
  `is_enabled` varchar(1) DEFAULT NULL,
  `created_by` varchar(100) DEFAULT NULL,
  `modified_by` varchar(100) DEFAULT NULL,
  `created_dt` datetime DEFAULT NULL,
  `modified_dt` datetime DEFAULT NULL,
  PRIMARY KEY (`id`)
) ENGINE=InnoDB AUTO_INCREMENT=15 DEFAULT CHARSET=latin1;
/*!40101 SET character_set_client = @saved_cs_client */;

--
-- Dumping data for table `auth_role_feature`
--

LOCK TABLES `auth_role_feature` WRITE;
/*!40000 ALTER TABLE `auth_role_feature` DISABLE KEYS */;
INSERT INTO `auth_role_feature` VALUES (1,'1','1','Y',NULL,NULL,NULL,NULL),(2,'2','2','Y',NULL,NULL,NULL,NULL),(3,'2','7','Y',NULL,NULL,NULL,NULL),(4,'3','11','Y',NULL,NULL,NULL,NULL),(5,'1','15','Y',NULL,NULL,NULL,NULL),(6,'4','19','Y','admin','',NULL,NULL),(7,'66','20','Y','admin',NULL,NULL,NULL),(8,'4','21','Y','admin',NULL,NULL,NULL),(9,'9','22','Y','admin',NULL,NULL,NULL),(10,'66','23','Y','admin',NULL,NULL,NULL),(11,'65','24','Y','admin',NULL,NULL,NULL),(12,'67','25','Y','admin',NULL,NULL,NULL),(13,'4','26','Y','admin',NULL,NULL,NULL),(14,'9','27','Y','admin',NULL,NULL,NULL);
/*!40000 ALTER TABLE `auth_role_feature` ENABLE KEYS */;
UNLOCK TABLES;

--
-- Table structure for table `auth_sub_menu`
--

DROP TABLE IF EXISTS `auth_sub_menu`;
/*!40101 SET @saved_cs_client     = @@character_set_client */;
/*!40101 SET character_set_client = utf8 */;
CREATE TABLE `auth_sub_menu` (
  `id` int(11) NOT NULL AUTO_INCREMENT,
  `name` varchar(100) DEFAULT NULL,
  `state` varchar(100) DEFAULT NULL,
  `type` varchar(100) DEFAULT NULL,
  `auth_feature_id` varchar(100) DEFAULT NULL,
  `is_enabled` varchar(1) DEFAULT NULL,
  `created_by` varchar(100) DEFAULT NULL,
  `modified_by` varchar(100) DEFAULT NULL,
  `created_dt` datetime DEFAULT NULL,
  `modified_dt` datetime DEFAULT NULL,
  `auth_menu_id` varchar(100) DEFAULT NULL,
  PRIMARY KEY (`id`)
) ENGINE=InnoDB AUTO_INCREMENT=26 DEFAULT CHARSET=latin1;
/*!40101 SET character_set_client = @saved_cs_client */;

--
-- Dumping data for table `auth_sub_menu`
--

LOCK TABLES `auth_sub_menu` WRITE;
/*!40000 ALTER TABLE `auth_sub_menu` DISABLE KEYS */;
INSERT INTO `auth_sub_menu` VALUES (1,'Visit Plan','plan','link','15','Y',NULL,NULL,NULL,NULL,'2'),(2,'report','Visit Report','link','15','Y',NULL,NULL,NULL,NULL,'2'),(3,'Visit-Execution','execution','link','15','Y',NULL,NULL,NULL,NULL,'2'),(4,'progress','Visit Progress','link','15','Y',NULL,NULL,NULL,NULL,'2'),(5,'Visit-Feedback','feedback','link','15','Y',NULL,NULL,NULL,NULL,'2'),(6,'My Profile','my-profile','link','1,2,3,4,5,6','Y',NULL,NULL,NULL,NULL,'3'),(7,'My-Calendar','calendar','link','1,2,3,4,5,6','Y',NULL,NULL,NULL,NULL,'3'),(8,'Salary-Slips','my-salary-slip','link','1,2,3,4,5,6','Y',NULL,NULL,NULL,NULL,'3'),(9,'My-Leave','my-leave','link','1,2,3,4,5,6','Y',NULL,NULL,NULL,NULL,'3'),(10,'Leave-Approvals','leave-approval','link','1,2,3,4,5,6','Y',NULL,NULL,NULL,NULL,'3'),(11,'Fiscal-Year','fiscal-year','link','2','Y',NULL,NULL,NULL,NULL,'4'),(14,'Declare-Holidays','holidays','link','2','Y',NULL,NULL,NULL,NULL,'4'),(15,'Grades&Designations','grades','link','2','Y',NULL,NULL,NULL,NULL,'4'),(16,'Leave-Balance','leave-balance','link','2','Y',NULL,NULL,NULL,NULL,'4'),(17,'Definition','definition','link','7','Y',NULL,NULL,NULL,NULL,'5'),(18,'Employee-Compensation','compensation','link','7','Y',NULL,NULL,NULL,NULL,'5'),(19,'Direct-Attendance','direct-attendance','link','11','Y',NULL,NULL,NULL,NULL,'6'),(20,'Employee-Profiles','employee','link','11','Y',NULL,NULL,NULL,NULL,'6'),(21,'Salary-Process','payout-process','link','11','Y',NULL,NULL,NULL,NULL,'6'),(22,'Process-Salary','process-salary','link','11','Y',NULL,NULL,NULL,NULL,'6'),(23,'Employee-Payslips','employee-payout','link','11','Y',NULL,NULL,NULL,NULL,'6'),(24,'User-Login-Access','access','link','11','Y',NULL,NULL,NULL,NULL,'6'),(25,'Dashboard','list','list','1','Y',NULL,NULL,NULL,NULL,'1');
/*!40000 ALTER TABLE `auth_sub_menu` ENABLE KEYS */;
UNLOCK TABLES;

--
-- Table structure for table `auth_user`
--

DROP TABLE IF EXISTS `auth_user`;
/*!40101 SET @saved_cs_client     = @@character_set_client */;
/*!40101 SET character_set_client = utf8 */;
CREATE TABLE `auth_user` (
  `id` int(11) NOT NULL AUTO_INCREMENT,
  `app_client_id` varchar(255) DEFAULT NULL,
  `employee_id` varchar(255) DEFAULT NULL,
  `first_name` varchar(255) DEFAULT NULL,
  `last_name` varchar(255) DEFAULT NULL,
  `email_id` varchar(255) DEFAULT NULL,
  `emp_code` varchar(255) DEFAULT NULL,
  `mobile_number` varchar(100) DEFAULT NULL,
  `accepted_agmt` varchar(100) DEFAULT 'N',
  `user_name` varchar(255) DEFAULT NULL,
  `password` varchar(255) DEFAULT NULL,
  `user_type` varchar(255) DEFAULT NULL,
  `user_status` varchar(100) DEFAULT NULL,
  `app_token` varchar(255) DEFAULT NULL,
  `emp_designation` varchar(255) DEFAULT NULL,
  `created_by` varchar(255) DEFAULT NULL,
  `created_dt` datetime(6) DEFAULT NULL,
  `duration` varchar(255) DEFAULT NULL,
  `group_id` varchar(255) DEFAULT NULL,
  `is_checked_in` varchar(255) DEFAULT NULL,
  `last_check_in_dt` datetime(6) DEFAULT NULL,
  `last_check_out_dt` datetime(6) DEFAULT NULL,
  `last_logged_dt` datetime(6) DEFAULT NULL,
  `latitude` varchar(255) DEFAULT NULL,
  `location_status` varchar(255) DEFAULT NULL,
  `longitude` varchar(255) DEFAULT NULL,
  `modified_by` varchar(255) DEFAULT NULL,
  `modified_dt` datetime(6) DEFAULT NULL,
  `proxy_emp_id` varchar(255) DEFAULT NULL,
  `token_validity_dt` datetime(6) DEFAULT NULL,
  `user_access_dt` datetime(6) DEFAULT NULL,
  `applicant_id` varchar(100) DEFAULT NULL,
  PRIMARY KEY (`id`)
) ENGINE=InnoDB AUTO_INCREMENT=500 DEFAULT CHARSET=latin1;
/*!40101 SET character_set_client = @saved_cs_client */;

--
-- Dumping data for table `auth_user`
--

LOCK TABLES `auth_user` WRITE;
/*!40000 ALTER TABLE `auth_user` DISABLE KEYS */;
INSERT INTO `auth_user` VALUES (1,'pothigai-power','2','admin',NULL,'admin@gmail.com','CH84','9876543210','Y','admin','admin','E','ACTIVE','7638a36a-05c0-4592-bcdd-abf4ae221d08',NULL,NULL,NULL,'0:57','1','Y','2019-07-15 17:19:35.947000','2019-07-15 17:02:23.830000','2019-09-23 12:12:43.192000',NULL,NULL,NULL,NULL,NULL,NULL,'2019-09-23 13:12:43.192000',NULL,NULL),(396,'pothigai-power','5','Jenkins','','jenkins@gmail.com','CH87','9876543218','N','priya','jenkins','E','ACTIVE','38d5765b-0e31-4ec3-b971-be0510fd27ff',NULL,NULL,NULL,'','1','Y','2019-07-15 17:19:35.000000','2021-07-15 17:02:23.000000','2019-09-13 18:16:50.000000',NULL,NULL,NULL,NULL,NULL,NULL,'2019-09-13 19:16:50.000000',NULL,NULL),(448,'pothigai-power','317','test','hr1','sundarv@sidsync.com','CH266',NULL,'Y','testhr1','123','E','ACTIVE','25a5f425-f72b-466a-8eb2-58c4b7d887a0',NULL,'2',NULL,NULL,'1','Y',NULL,NULL,'2019-09-23 12:10:32.460000',NULL,NULL,NULL,'317',NULL,NULL,'2019-09-23 13:10:32.460000',NULL,NULL),(449,'pothigai-power','318','test','hr2','sundarv@sidsync.com','CH267',NULL,'Y','testhr2','123','E','ACTIVE','0d4da49b-b5c9-4c94-9296-06d31fe092f7',NULL,'2',NULL,NULL,'1','Y',NULL,NULL,'2019-09-20 19:20:33.281000',NULL,NULL,NULL,'317',NULL,NULL,'2019-09-20 20:20:33.281000',NULL,NULL),(450,'pothigai-power','319','test','acc1','priyadarshini.s@sidsync.com','CH268',NULL,'Y','testacc1','123','E','ACTIVE',NULL,NULL,'2',NULL,NULL,'1','Y',NULL,NULL,'2019-09-21 21:18:26.111000',NULL,NULL,NULL,'317',NULL,NULL,NULL,NULL,NULL),(451,'pothigai-power','320','test','acc2','priyadarshini.s@sidsync.com','CH269',NULL,'Y','testacc2','123','E','ACTIVE','933c407d-d9e5-4044-8c90-9e82487996d0',NULL,'2',NULL,NULL,'1','Y',NULL,NULL,'2019-09-22 22:45:04.688000',NULL,NULL,NULL,'317',NULL,NULL,'2019-09-22 23:45:04.688000',NULL,NULL),(452,'pothigai-power','321','test','n1','arunmarx@sidsync.com','CH270',NULL,'Y','testn1','123','E','ACTIVE',NULL,NULL,'2',NULL,NULL,'1','Y',NULL,NULL,'2019-09-23 12:09:00.595000',NULL,NULL,NULL,'317',NULL,NULL,NULL,NULL,NULL),(453,'pothigai-power','322','test','n2','arunmarx@sidsync.com','CH271',NULL,'Y','testn2','123','E','ACTIVE',NULL,NULL,'2',NULL,NULL,'1','Y',NULL,NULL,'2019-09-23 10:42:09.034000',NULL,NULL,NULL,'317',NULL,NULL,NULL,NULL,NULL),(454,'pothigai-power','323','test','emp','v.sundar1994@gmail.com','CH272',NULL,'Y','testemp','123','E','ACTIVE','13ffd9dd-3d98-43ff-a3bf-8d41dd83c502',NULL,'2',NULL,NULL,'1','Y',NULL,NULL,'2019-09-23 12:16:33.814000',NULL,NULL,NULL,'2',NULL,NULL,'2019-09-23 13:16:33.814000',NULL,NULL),(455,'pothigai-power','324','super','user','prasanthsmart595@gmail.com','CH273',NULL,'Y','test','123','E','ACTIVE','5383c583-5392-47b4-9593-dbceb4449c3d',NULL,'2',NULL,NULL,'1','Y',NULL,NULL,'2019-09-23 12:18:23.666000',NULL,NULL,NULL,'324',NULL,NULL,'2019-09-23 13:18:23.666000',NULL,NULL),(456,'pothigai-power','325','khizer','smart','khizer@sidsync.com','CH274',NULL,'Y','khizer','123','E','ACTIVE','6a61c43b-7210-41fe-8266-e1a227452582',NULL,'2',NULL,NULL,'1','Y',NULL,NULL,'2019-09-20 11:54:49.325000',NULL,NULL,NULL,'324',NULL,NULL,'2019-09-20 12:54:49.325000',NULL,NULL),(459,'pothigai-power','328','Arun m',NULL,'arunmarx@sidsync.com','CH277',NULL,'N','9884991248','19871124','E','ACTIVE',NULL,NULL,'2',NULL,NULL,'1',NULL,NULL,NULL,NULL,NULL,NULL,NULL,NULL,NULL,NULL,NULL,NULL,NULL),(498,'pothigai-power','373','harish','smart','karthi@sidsync.com','e101',NULL,'Y','harish','123','E','ACTIVE',NULL,NULL,'324',NULL,NULL,'1','Y',NULL,NULL,NULL,NULL,NULL,NULL,'2',NULL,NULL,NULL,NULL,NULL),(499,'pothigai-power','373','yasaki','smart',NULL,'e102',NULL,NULL,'9080616191','19990402','E',NULL,NULL,NULL,'324',NULL,NULL,'1',NULL,NULL,NULL,NULL,NULL,NULL,NULL,'2',NULL,NULL,NULL,NULL,NULL);
/*!40000 ALTER TABLE `auth_user` ENABLE KEYS */;
UNLOCK TABLES;

--
-- Table structure for table `auth_user_metadata`
--

DROP TABLE IF EXISTS `auth_user_metadata`;
/*!40101 SET @saved_cs_client     = @@character_set_client */;
/*!40101 SET character_set_client = utf8 */;
CREATE TABLE `auth_user_metadata` (
  `id` int(11) NOT NULL AUTO_INCREMENT,
  `auth_user_id` varchar(255) DEFAULT NULL,
  `firebase_id` varchar(255) DEFAULT NULL,
  `imei` varchar(255) DEFAULT NULL,
  `mac_addr` varchar(255) DEFAULT NULL,
  `make` varchar(255) DEFAULT NULL,
  `model_no` varchar(255) DEFAULT NULL,
  `os_version` varchar(255) DEFAULT NULL,
  PRIMARY KEY (`id`)
) ENGINE=InnoDB AUTO_INCREMENT=10 DEFAULT CHARSET=latin1;
/*!40101 SET character_set_client = @saved_cs_client */;

--
-- Dumping data for table `auth_user_metadata`
--

LOCK TABLES `auth_user_metadata` WRITE;
/*!40000 ALTER TABLE `auth_user_metadata` DISABLE KEYS */;
INSERT INTO `auth_user_metadata` VALUES (9,'4422',NULL,'867344034310908',NULL,NULL,NULL,NULL);
/*!40000 ALTER TABLE `auth_user_metadata` ENABLE KEYS */;
UNLOCK TABLES;

--
-- Table structure for table `auth_user_role`
--

DROP TABLE IF EXISTS `auth_user_role`;
/*!40101 SET @saved_cs_client     = @@character_set_client */;
/*!40101 SET character_set_client = utf8 */;
CREATE TABLE `auth_user_role` (
  `id` int(11) NOT NULL AUTO_INCREMENT,
  `auth_role_id` varchar(255) DEFAULT NULL,
  `auth_user_id` varchar(255) DEFAULT NULL,
  `created_by` varchar(255) DEFAULT NULL,
  `created_dt` datetime(6) DEFAULT NULL,
  `is_enabled` varchar(255) DEFAULT NULL,
  `modified_by` varchar(255) DEFAULT NULL,
  `modified_dt` datetime(6) DEFAULT NULL,
  PRIMARY KEY (`id`)
) ENGINE=InnoDB AUTO_INCREMENT=472 DEFAULT CHARSET=latin1;
/*!40101 SET character_set_client = @saved_cs_client */;

--
-- Dumping data for table `auth_user_role`
--

LOCK TABLES `auth_user_role` WRITE;
/*!40000 ALTER TABLE `auth_user_role` DISABLE KEYS */;
INSERT INTO `auth_user_role` VALUES (204,'1','1','1',NULL,'Y',NULL,NULL),(205,'67','2','1',NULL,'Y',NULL,NULL),(206,'4','2','1',NULL,'Y',NULL,'2019-09-13 11:01:08.578000'),(207,'4','3','1',NULL,'Y',NULL,NULL),(208,'68','3','1',NULL,'Y',NULL,NULL),(209,'6','4','1',NULL,'Y',NULL,NULL),(210,'65','4','1',NULL,'Y',NULL,NULL),(211,'6','5','1',NULL,'Y',NULL,NULL),(213,'6','3',NULL,'2019-09-11 14:19:01.537000',NULL,NULL,'2019-09-11 14:19:01.537000'),(214,'6','2',NULL,'2019-09-11 14:19:09.725000',NULL,NULL,'2019-09-11 14:19:09.725000'),(215,'1','6','1',NULL,'Y',NULL,NULL),(216,'6','340',NULL,'2019-09-11 16:03:38.271000',NULL,NULL,'2019-09-11 16:03:38.271000'),(217,'4','341',NULL,'2019-09-11 16:04:01.494000',NULL,NULL,'2019-09-11 16:04:01.494000'),(218,'9','342',NULL,'2019-09-11 16:04:11.355000',NULL,NULL,'2019-09-11 16:04:11.355000'),(219,'67','343',NULL,'2019-09-11 16:04:23.671000',NULL,NULL,'2019-09-11 16:04:23.671000'),(220,'6','341',NULL,'2019-09-11 16:08:35.852000',NULL,NULL,'2019-09-11 16:08:35.852000'),(221,'6','347',NULL,'2019-09-11 16:09:18.890000',NULL,NULL,'2019-09-11 16:09:18.890000'),(222,'65','347',NULL,'2019-09-11 16:09:18.890000',NULL,NULL,'2019-09-11 16:09:18.890000'),(223,'6','342',NULL,'2019-09-11 16:10:26.188000',NULL,NULL,'2019-09-11 16:10:26.188000'),(224,'1','4','1',NULL,'Y',NULL,NULL),(225,'9','2',NULL,'2019-09-12 21:43:19.790000',NULL,NULL,'2019-09-12 21:43:19.790000'),(283,'4','398',NULL,'2019-09-12 21:43:19.000000',NULL,NULL,'2019-09-12 21:43:19.000000'),(284,'9','397',NULL,'2019-09-12 21:43:19.000000',NULL,NULL,'2019-09-12 21:43:19.000000'),(285,'67','400',NULL,'2019-09-12 21:43:19.000000',NULL,NULL,'2019-09-12 21:43:19.000000'),(286,'68','402',NULL,'2019-09-12 21:43:19.000000',NULL,NULL,'2019-09-12 21:43:19.000000'),(287,'6','401',NULL,'2019-09-12 21:43:19.000000',NULL,NULL,'2019-09-12 21:43:19.000000'),(288,'6','402',NULL,'2019-09-16 09:51:31.065000',NULL,NULL,'2019-09-16 09:51:31.065000'),(289,'6','398',NULL,'2019-09-16 09:52:12.436000',NULL,NULL,'2019-09-16 09:52:12.436000'),(290,'6','400',NULL,'2019-09-16 09:52:45.181000',NULL,NULL,'2019-09-16 09:52:45.181000'),(291,'66','348',NULL,'2019-09-16 14:40:30.861000',NULL,NULL,'2019-09-16 14:40:30.861000'),(292,'6','348',NULL,'2019-09-16 14:40:45.810000',NULL,NULL,'2019-09-16 14:40:45.810000'),(293,'6','403',NULL,'2019-09-16 14:58:02.331000',NULL,NULL,'2019-09-16 14:58:02.331000'),(294,'65','403',NULL,'2019-09-16 14:58:02.331000',NULL,NULL,'2019-09-16 14:58:02.331000'),(295,'6','404',NULL,'2019-09-16 14:58:14.373000',NULL,NULL,'2019-09-16 14:58:14.373000'),(296,'66','404',NULL,'2019-09-16 14:58:14.373000',NULL,NULL,'2019-09-16 14:58:14.373000'),(297,'<EOF>',NULL,'1','2019-09-17 15:08:14.367000','Y',NULL,'2019-09-17 15:08:14.367000'),(299,'66',NULL,'1','2019-09-17 15:14:05.807000','Y',NULL,'2019-09-17 15:14:05.807000'),(301,'66',NULL,'1','2019-09-17 15:23:10.478000','Y',NULL,'2019-09-17 15:23:10.478000'),(303,'66',NULL,'1','2019-09-17 15:26:01.435000','Y',NULL,'2019-09-17 15:26:01.435000'),(305,'66',NULL,'1','2019-09-17 15:28:41.131000','Y',NULL,'2019-09-17 15:28:41.131000'),(307,'65',NULL,'1','2019-09-17 15:31:37.455000','Y',NULL,'2019-09-17 15:31:37.455000'),(309,'65',NULL,'1','2019-09-17 15:37:57.393000','Y',NULL,'2019-09-17 15:37:57.393000'),(311,'68',NULL,'1','2019-09-17 15:41:08.681000','Y',NULL,'2019-09-17 15:41:08.681000'),(313,'68',NULL,'1','2019-09-18 13:59:14.143000','Y',NULL,'2019-09-18 13:59:14.143000'),(315,'68',NULL,'1','2019-09-18 14:17:28.020000','Y',NULL,'2019-09-18 14:17:28.020000'),(317,'68',NULL,'1','2019-09-18 14:25:45.957000','Y',NULL,'2019-09-18 14:25:45.957000'),(319,'68',NULL,'1','2019-09-18 16:01:29.390000','Y',NULL,'2019-09-18 16:01:29.390000'),(320,'68','1','1','2019-09-18 16:01:32.450000','Y',NULL,'2019-09-18 16:38:55.794000'),(322,'1',NULL,'1','2019-09-18 16:44:18.756000','Y',NULL,'2019-09-18 16:44:18.756000'),(324,'1',NULL,'1','2019-09-18 17:03:16.654000','Y',NULL,'2019-09-18 17:03:16.654000'),(326,'6','418',NULL,'2019-09-18 17:12:46.297000',NULL,NULL,'2019-09-18 17:12:46.297000'),(327,'1',NULL,'1','2019-09-18 17:13:07.179000','Y',NULL,'2019-09-18 17:13:07.179000'),(329,'1',NULL,'1','2019-09-18 18:23:29.327000','Y',NULL,'2019-09-18 18:23:29.327000'),(331,'1',NULL,'1','2019-09-18 18:30:37.166000','Y',NULL,'2019-09-18 18:30:37.166000'),(333,'1',NULL,'1','2019-09-18 18:57:12.077000','Y',NULL,'2019-09-18 18:57:12.077000'),(336,'1',NULL,'1','2019-09-18 19:27:38.927000','Y',NULL,'2019-09-18 19:27:38.927000'),(338,'1',NULL,'1','2019-09-18 19:33:48.703000','Y',NULL,'2019-09-18 19:33:48.703000'),(340,'1',NULL,'1','2019-09-18 19:47:41.198000','Y',NULL,'2019-09-18 19:47:41.198000'),(342,'1',NULL,'1','2019-09-18 19:59:35.839000','Y',NULL,'2019-09-18 19:59:35.839000'),(344,'1',NULL,'1','2019-09-18 21:09:23.801000','Y',NULL,'2019-09-18 21:09:23.801000'),(346,'1',NULL,'1','2019-09-18 21:19:35.856000','Y',NULL,'2019-09-18 21:19:35.856000'),(348,'1',NULL,'1','2019-09-18 21:26:31.132000','Y',NULL,'2019-09-18 21:26:31.132000'),(350,'1',NULL,'1','2019-09-18 21:31:52.047000','Y',NULL,'2019-09-18 21:31:52.047000'),(352,'1',NULL,'1','2019-09-18 21:51:11.258000','Y',NULL,'2019-09-18 21:51:11.258000'),(354,'6',NULL,'1','2019-09-19 13:36:45.883000','Y',NULL,'2019-09-19 13:36:45.883000'),(356,'6',NULL,'1','2019-09-19 16:29:44.485000','Y',NULL,'2019-09-19 16:29:44.485000'),(358,'6',NULL,'1','2019-09-19 16:39:58.981000','Y',NULL,'2019-09-19 16:39:58.981000'),(360,'6',NULL,'1','2019-09-19 17:03:13.673000','Y',NULL,'2019-09-19 17:03:13.673000'),(362,'6',NULL,'1','2019-09-19 17:28:04.760000','Y',NULL,'2019-09-19 17:28:04.760000'),(363,'6','447',NULL,'2019-09-19 17:28:10.045000','Y',NULL,'2019-09-19 17:28:10.045000'),(364,'67',NULL,'1','2019-09-19 18:49:06.171000','Y',NULL,'2019-09-19 18:49:06.171000'),(365,'67','448',NULL,'2019-09-19 18:49:11.244000','Y',NULL,'2019-09-19 18:49:11.244000'),(366,'68',NULL,'1','2019-09-19 18:50:04.445000','Y',NULL,'2019-09-19 18:50:04.445000'),(367,'68','449',NULL,'2019-09-19 18:50:09.528000','Y',NULL,'2019-09-19 18:50:09.528000'),(368,'65',NULL,'1','2019-09-19 18:51:39.654000','Y',NULL,'2019-09-19 18:51:39.654000'),(369,'65','450',NULL,'2019-09-19 18:51:44.774000','Y',NULL,'2019-09-19 18:51:44.774000'),(370,'66',NULL,'1','2019-09-19 18:52:38.321000','Y',NULL,'2019-09-19 18:52:38.321000'),(371,'66','451',NULL,'2019-09-19 18:52:43.542000','Y',NULL,'2019-09-19 18:52:43.542000'),(372,'4',NULL,'1','2019-09-19 18:53:37.194000','Y',NULL,'2019-09-19 18:53:37.194000'),(373,'4','452',NULL,'2019-09-19 18:53:42.416000','Y',NULL,'2019-09-19 18:53:42.416000'),(374,'9',NULL,'1','2019-09-19 18:54:31.743000','Y',NULL,'2019-09-19 18:54:31.743000'),(375,'9','453',NULL,'2019-09-19 18:54:36.989000','Y',NULL,'2019-09-19 18:54:36.989000'),(376,'6','448',NULL,'2019-09-19 19:05:48.198000',NULL,NULL,'2019-09-19 19:05:48.198000'),(377,'6','449',NULL,'2019-09-19 19:06:05.471000',NULL,NULL,'2019-09-19 19:06:05.471000'),(378,'6','450',NULL,'2019-09-19 19:06:20.329000',NULL,NULL,'2019-09-19 19:06:20.329000'),(379,'6','451',NULL,'2019-09-19 19:06:31.286000',NULL,NULL,'2019-09-19 19:06:31.286000'),(380,'6','452',NULL,'2019-09-19 19:06:49.512000',NULL,NULL,'2019-09-19 19:06:49.512000'),(381,'6','453',NULL,'2019-09-19 19:07:09.480000',NULL,NULL,'2019-09-19 19:07:09.480000'),(382,'6',NULL,'1','2019-09-19 19:15:10.849000','Y',NULL,'2019-09-19 19:15:10.849000'),(383,'6','454',NULL,'2019-09-19 19:15:16.122000','Y',NULL,'2019-09-19 19:15:16.122000'),(384,'1',NULL,'1','2019-09-19 20:20:17.517000','Y',NULL,'2019-09-19 20:20:17.517000'),(385,'1','455',NULL,'2019-09-19 20:20:23.350000','Y',NULL,'2019-09-19 20:20:23.350000'),(386,'6',NULL,'1','2019-09-20 10:30:01.236000','Y',NULL,'2019-09-20 10:30:01.236000'),(387,'6',NULL,NULL,'2019-09-20 10:32:36.050000','Y',NULL,'2019-09-20 10:32:36.050000'),(388,'6',NULL,NULL,'2019-09-20 10:42:31.110000','Y',NULL,'2019-09-20 10:42:31.110000'),(389,'6',NULL,NULL,'2019-09-20 10:43:09.113000','Y',NULL,'2019-09-20 10:43:09.113000'),(390,'6',NULL,NULL,'2019-09-20 10:43:44.653000','Y',NULL,'2019-09-20 10:43:44.653000'),(391,'6','456',NULL,'2019-09-20 10:45:10.924000','Y',NULL,'2019-09-20 10:45:10.924000'),(392,'1',NULL,'1','2019-09-20 12:40:34.192000','Y',NULL,'2019-09-20 12:40:34.192000'),(394,'1',NULL,'1','2019-09-20 12:50:48.216000','Y',NULL,'2019-09-20 12:50:48.216000'),(396,'1',NULL,'1','2019-09-22 10:17:48.290000','Y',NULL,'2019-09-22 10:17:48.290000'),(398,'1',NULL,'1','2019-09-22 10:19:23.834000','Y',NULL,'2019-09-22 10:19:23.835000'),(400,'1',NULL,'1','2019-09-22 10:34:49.543000','Y',NULL,'2019-09-22 10:34:49.543000'),(402,'1',NULL,'1','2019-09-22 10:36:33.648000','Y',NULL,'2019-09-22 10:36:33.648000'),(404,'1',NULL,'1','2019-09-22 10:39:59.042000','Y',NULL,'2019-09-22 10:39:59.042000'),(406,'1',NULL,'1','2019-09-22 10:41:32.889000','Y',NULL,'2019-09-22 10:41:32.889000'),(408,'1',NULL,'1','2019-09-22 10:45:31.978000','Y',NULL,'2019-09-22 10:45:31.978000'),(410,'1',NULL,'1','2019-09-22 12:00:50.510000','Y',NULL,'2019-09-22 12:00:50.510000'),(412,'1',NULL,'1','2019-09-22 12:05:47.260000','Y',NULL,'2019-09-22 12:05:47.260000'),(414,'1',NULL,'1','2019-09-22 12:08:19.559000','Y',NULL,'2019-09-22 12:08:19.559000'),(416,'1',NULL,'1','2019-09-22 12:10:45.980000','Y',NULL,'2019-09-22 12:10:45.981000'),(418,'1',NULL,'1','2019-09-22 12:20:28.785000','Y',NULL,'2019-09-22 12:20:28.785000'),(420,'1',NULL,'1','2019-09-22 12:22:19.638000','Y',NULL,'2019-09-22 12:22:19.638000'),(422,'1',NULL,'1','2019-09-22 12:31:10.696000','Y',NULL,'2019-09-22 12:31:10.696000'),(424,'1',NULL,'1','2019-09-22 12:33:15.973000','Y',NULL,'2019-09-22 12:33:15.973000'),(426,'1',NULL,'1','2019-09-22 12:36:20.032000','Y',NULL,'2019-09-22 12:36:20.032000'),(428,'1',NULL,'1','2019-09-22 12:38:01.916000','Y',NULL,'2019-09-22 12:38:01.916000'),(430,'1',NULL,'1','2019-09-22 12:42:06.257000','Y',NULL,'2019-09-22 12:42:06.257000'),(432,'1',NULL,'1','2019-09-22 12:43:44.759000','Y',NULL,'2019-09-22 12:43:44.759000'),(434,'1',NULL,'1','2019-09-22 12:49:09.703000','Y',NULL,'2019-09-22 12:49:09.703000'),(436,'1',NULL,'1','2019-09-22 12:50:52.304000','Y',NULL,'2019-09-22 12:50:52.304000'),(438,'1',NULL,'1','2019-09-22 12:54:23.717000','Y',NULL,'2019-09-22 12:54:23.717000'),(440,'1',NULL,'1','2019-09-22 12:56:13.442000','Y',NULL,'2019-09-22 12:56:13.442000'),(442,'1',NULL,'1','2019-09-22 13:00:31.375000','Y',NULL,'2019-09-22 13:00:31.375000'),(444,'1',NULL,'1','2019-09-22 13:03:26.277000','Y',NULL,'2019-09-22 13:03:26.277000'),(446,'1',NULL,'1','2019-09-22 13:23:15.292000','Y',NULL,'2019-09-22 13:23:15.292000'),(448,'1',NULL,'1','2019-09-22 13:25:05.015000','Y',NULL,'2019-09-22 13:25:05.015000'),(450,'1',NULL,'1','2019-09-22 17:15:14.282000','Y',NULL,'2019-09-22 17:15:14.282000'),(452,'1',NULL,'1','2019-09-22 17:17:08.252000','Y',NULL,'2019-09-22 17:17:08.252000'),(454,'1',NULL,'1','2019-09-22 17:29:15.665000','Y',NULL,'2019-09-22 17:29:15.665000'),(456,'1',NULL,'1','2019-09-22 17:30:54.818000','Y',NULL,'2019-09-22 17:30:54.818000'),(458,'1',NULL,'1','2019-09-22 17:43:56.052000','Y',NULL,'2019-09-22 17:43:56.052000'),(460,'1',NULL,'1','2019-09-22 17:45:35.165000','Y',NULL,'2019-09-22 17:45:35.165000'),(462,'1',NULL,'1','2019-09-23 11:44:31.483000','Y',NULL,'2019-09-23 11:44:31.483000'),(464,'1',NULL,'1','2019-09-23 11:45:55.807000','Y',NULL,'2019-09-23 11:45:55.807000'),(466,'1',NULL,'1','2019-09-23 12:04:25.547000','Y',NULL,'2019-09-23 12:04:25.547000'),(469,'1',NULL,'1','2019-09-23 12:11:24.493000','Y',NULL,'2019-09-23 12:11:24.493000'),(470,'1','498',NULL,'2019-09-23 12:11:29.594000','Y',NULL,'2019-09-23 12:11:29.594000'),(471,'1','499','1','2019-09-23 12:12:48.269000','Y',NULL,'2019-09-23 12:12:48.269000');
/*!40000 ALTER TABLE `auth_user_role` ENABLE KEYS */;
UNLOCK TABLES;

--
-- Table structure for table `d_doc_info`
--

DROP TABLE IF EXISTS `d_doc_info`;
/*!40101 SET @saved_cs_client     = @@character_set_client */;
/*!40101 SET character_set_client = utf8 */;
CREATE TABLE `d_doc_info` (
  `id` int(11) NOT NULL AUTO_INCREMENT,
  `created_by` varchar(255) DEFAULT NULL,
  `created_dt` datetime(6) DEFAULT NULL,
  `doc_extension` varchar(255) DEFAULT NULL,
  `doc_id` varchar(255) DEFAULT NULL,
  `doc_location` varchar(255) DEFAULT NULL,
  `doc_name` varchar(255) DEFAULT NULL,
  `doc_name_from_user` varchar(255) DEFAULT NULL,
  `doc_type_id` varchar(255) DEFAULT NULL,
  `modified_by` varchar(255) DEFAULT NULL,
  `modified_dt` datetime(6) DEFAULT NULL,
  `doc_size` varchar(100) DEFAULT NULL,
  PRIMARY KEY (`id`)
) ENGINE=InnoDB AUTO_INCREMENT=1079 DEFAULT CHARSET=latin1;
/*!40101 SET character_set_client = @saved_cs_client */;

--
-- Dumping data for table `d_doc_info`
--

LOCK TABLES `d_doc_info` WRITE;
/*!40000 ALTER TABLE `d_doc_info` DISABLE KEYS */;
INSERT INTO `d_doc_info` VALUES (1065,NULL,'2019-09-19 18:41:22.507000','pdf','b15623ce-3ec1-4307-90f1-874ee7d1f374','/opt/so/data/docs/expense/481','2019-09-19T18:41:22.487-b15623ce-3ec1-4307-90f1-874ee7d1f374','','40',NULL,'2019-09-19 18:41:22.564000','2535'),(1066,NULL,'2019-09-19 18:43:35.740000','pdf','e5326686-b722-442a-8030-d44a4c6fd1bc','/opt/so/data/docs/employee/2/profile','2019-09-19T18:43:35.740-e5326686-b722-442a-8030-d44a4c6fd1bc','en2.jpg','8',NULL,'2019-09-19 18:44:55.404000','19353'),(1067,NULL,'2019-09-19 18:43:56.597000','pdf','92ffc13e-9ffb-450f-8e37-f537fbc7e7e2','/opt/so/data/docs/employee/2/profile','2019-09-19T18:43:56.596-92ffc13e-9ffb-450f-8e37-f537fbc7e7e2','sundar.csv','2',NULL,'2019-09-19 18:44:55.405000','4249'),(1068,NULL,'2019-09-19 18:44:03.472000','pdf','18aad1c3-97c5-4ec7-aaec-9824fcd7fece','/opt/so/data/docs/employee/2/profile','2019-09-19T18:44:03.472-18aad1c3-97c5-4ec7-aaec-9824fcd7fece','EC-477-CC.pdf','3',NULL,'2019-09-19 18:44:55.405000','2535'),(1069,NULL,'2019-09-19 18:44:49.604000','pdf','e2e83f1b-3c24-469d-9094-e6c6617096c4','/opt/so/data/docs/employee/2/profile','2019-09-19T18:44:49.604-e2e83f1b-3c24-469d-9094-e6c6617096c4','sundar.csv','37',NULL,'2019-09-19 18:44:55.405000','4249'),(1070,NULL,'2019-09-19 20:30:04.803000','pdf','f59fa494-c3a8-477e-8a7d-4d66960c1ad8','/opt/so/data/docs/expense/496/202','2019-09-19T20:30:04.803-f59fa494-c3a8-477e-8a7d-4d66960c1ad8','en2.jpg','30',NULL,'2019-09-19 20:30:09.491000','19353'),(1071,NULL,'2019-09-20 14:58:35.251000','jpg','c6e0bfce-9c0d-41b7-ac92-a81bbb973848','/opt/so/data/docs/upload/EMP-OTHER','2019-09-20T14:58:35.233-c6e0bfce-9c0d-41b7-ac92-a81bbb973848','login_logo.jpg','8',NULL,'2019-09-20 14:58:35.251000','58842'),(1072,NULL,'2019-09-20 15:11:04.699000','pdf','424ceea2-15d0-4139-90cf-374ea8586d62','/opt/so/data/docs/employee/328/profile','2019-09-20T15:11:04.698-424ceea2-15d0-4139-90cf-374ea8586d62','imp_mtr_rdng.csv','2',NULL,'2019-09-20 15:12:59.670000','423'),(1073,NULL,'2019-09-20 15:11:47.787000','pdf','5cec121e-d332-4143-aa35-7124a44c4501','/opt/so/data/docs/employee/328/profile','2019-09-20T15:11:47.787-5cec121e-d332-4143-aa35-7124a44c4501','tt.xls','3',NULL,'2019-09-20 15:12:59.674000','7680'),(1074,NULL,'2019-09-20 15:11:59.688000','pdf','8ee34781-50d1-431e-b153-a79d3d9872fc','/opt/so/data/docs/employee/328/profile','2019-09-20T15:11:59.688-8ee34781-50d1-431e-b153-a79d3d9872fc','OA -Req- 18-03-2019.doc','37',NULL,'2019-09-20 15:12:59.674000','17408'),(1075,NULL,'2019-09-20 15:12:21.374000','pdf','064e6722-2199-4a12-ba50-f57c05f2e3ee','/opt/so/data/docs/employee/328/profile','2019-09-20T15:12:21.373-064e6722-2199-4a12-ba50-f57c05f2e3ee','mozilla1.pdf','38',NULL,'2019-09-20 15:12:59.675000','44068'),(1076,NULL,'2019-09-23 09:57:34.006000','pdf','c8e1575f-a177-46a1-a045-0d7f3f6a27cb','/opt/so/data/docs/expense/497/203','2019-09-23T09:57:33.412-c8e1575f-a177-46a1-a045-0d7f3f6a27cb','en2.jpg','30',NULL,'2019-09-23 09:57:44.557000','19353'),(1077,NULL,'2019-09-23 10:45:31.859000','pdf','58bcd837-e418-460a-82cf-a905508a287d','/opt/so/data/docs/expense/499/205','2019-09-23T10:45:31.859-58bcd837-e418-460a-82cf-a905508a287d','en2.jpg','30',NULL,'2019-09-23 10:45:33.421000','19353'),(1078,NULL,'2019-09-23 12:04:15.836000','pdf','8c7503f6-8bec-4e90-8643-22772935fbfa','/opt/so/data/docs/expense/501/207','2019-09-23T12:04:15.254-8c7503f6-8bec-4e90-8643-22772935fbfa','en2.jpg','30',NULL,'2019-09-23 12:04:18.011000','19353');
/*!40000 ALTER TABLE `d_doc_info` ENABLE KEYS */;
UNLOCK TABLES;

--
-- Table structure for table `d_doc_meta_data`
--

DROP TABLE IF EXISTS `d_doc_meta_data`;
/*!40101 SET @saved_cs_client     = @@character_set_client */;
/*!40101 SET character_set_client = utf8 */;
CREATE TABLE `d_doc_meta_data` (
  `id` int(11) NOT NULL AUTO_INCREMENT,
  `created_by` varchar(255) DEFAULT NULL,
  `created_dt` datetime(6) DEFAULT NULL,
  `doc_info_id` int(11) DEFAULT NULL,
  `is_key` varchar(255) DEFAULT NULL,
  `md_code` varchar(255) DEFAULT NULL,
  `md_value` varchar(255) DEFAULT NULL,
  `modified_by` varchar(255) DEFAULT NULL,
  `modified_dt` datetime(6) DEFAULT NULL,
  PRIMARY KEY (`id`),
  KEY `FK8tnlm2khf5d36joru40nkw4ug` (`doc_info_id`),
  CONSTRAINT `FK8tnlm2khf5d36joru40nkw4ug` FOREIGN KEY (`doc_info_id`) REFERENCES `d_doc_info` (`id`)
) ENGINE=InnoDB AUTO_INCREMENT=154 DEFAULT CHARSET=latin1;
/*!40101 SET character_set_client = @saved_cs_client */;

--
-- Dumping data for table `d_doc_meta_data`
--

LOCK TABLES `d_doc_meta_data` WRITE;
/*!40000 ALTER TABLE `d_doc_meta_data` DISABLE KEYS */;
INSERT INTO `d_doc_meta_data` VALUES (133,NULL,NULL,1065,NULL,'expense-claim-id','481',NULL,NULL),(134,NULL,NULL,1066,'Y','emp-id','2',NULL,NULL),(135,NULL,NULL,1067,'Y','emp-id','2',NULL,NULL),(136,NULL,NULL,1068,'Y','emp-id','2',NULL,NULL),(137,NULL,NULL,1069,'Y','emp-id','2',NULL,NULL),(138,NULL,NULL,1070,'Y','expense-claim-id','496',NULL,NULL),(139,NULL,NULL,1070,'Y','expense-claim-bill-id','202',NULL,NULL),(140,NULL,NULL,NULL,'Y','emp-id','328',NULL,NULL),(141,NULL,NULL,NULL,'Y','emp-id','328',NULL,NULL),(142,NULL,NULL,NULL,'Y','emp-id','328',NULL,NULL),(143,NULL,NULL,NULL,'Y','emp-id','328',NULL,NULL),(144,NULL,NULL,1072,'Y','emp-id','328',NULL,NULL),(145,NULL,NULL,1073,'Y','emp-id','328',NULL,NULL),(146,NULL,NULL,1074,'Y','emp-id','328',NULL,NULL),(147,NULL,NULL,1075,'Y','emp-id','328',NULL,NULL),(148,NULL,NULL,1076,'Y','expense-claim-id','497',NULL,NULL),(149,NULL,NULL,1076,'Y','expense-claim-bill-id','203',NULL,NULL),(150,NULL,NULL,1077,'Y','expense-claim-id','499',NULL,NULL),(151,NULL,NULL,1077,'Y','expense-claim-bill-id','205',NULL,NULL),(152,NULL,NULL,1078,'Y','expense-claim-id','501',NULL,NULL),(153,NULL,NULL,1078,'Y','expense-claim-bill-id','207',NULL,NULL);
/*!40000 ALTER TABLE `d_doc_meta_data` ENABLE KEYS */;
UNLOCK TABLES;

--
-- Table structure for table `d_doc_type`
--

DROP TABLE IF EXISTS `d_doc_type`;
/*!40101 SET @saved_cs_client     = @@character_set_client */;
/*!40101 SET character_set_client = utf8 */;
CREATE TABLE `d_doc_type` (
  `id` int(11) NOT NULL AUTO_INCREMENT,
  `doc_type_code` varchar(255) DEFAULT NULL,
  `doc_type_name` varchar(255) DEFAULT NULL,
  `first_folder_name` varchar(255) DEFAULT NULL,
  `second_folder_name` varchar(255) DEFAULT NULL,
  `third_folder_name` varchar(255) DEFAULT NULL,
  `fourth_folder_name` varchar(255) DEFAULT NULL,
  `default_user_document_name` varchar(255) DEFAULT NULL,
  `doc_type_desc` varchar(255) DEFAULT NULL,
  `is_emp` varchar(255) DEFAULT NULL,
  `is_enabled` varchar(255) DEFAULT NULL,
  `is_job` varchar(255) DEFAULT NULL,
  `created_by` varchar(255) DEFAULT NULL,
  `created_dt` datetime(6) DEFAULT NULL,
  `modified_by` varchar(255) DEFAULT NULL,
  `modified_dt` datetime(6) DEFAULT NULL,
  `template_name` varchar(100) DEFAULT NULL,
  PRIMARY KEY (`id`)
) ENGINE=InnoDB AUTO_INCREMENT=41 DEFAULT CHARSET=latin1;
/*!40101 SET character_set_client = @saved_cs_client */;

--
-- Dumping data for table `d_doc_type`
--

LOCK TABLES `d_doc_type` WRITE;
/*!40000 ALTER TABLE `d_doc_type` DISABLE KEYS */;
INSERT INTO `d_doc_type` VALUES (1,'PAYSLIP-USER-UPLOADED-DATA','User Uploaded payslip data','other','<month-year>','','','payslip-data','CSV file with multiple employee\'s payslip data month wise',NULL,NULL,NULL,NULL,NULL,NULL,NULL,NULL),(2,'EMP-PAN-CARD','Employee - PAN Card','employee','<emp-id>','profile','','emp-pan-card','','Y',NULL,NULL,NULL,NULL,NULL,NULL,NULL),(3,'EMP-ID-PROOF','Employee - ID Proof','employee','<emp-id>','profile','','emp-id-proof','','Y',NULL,NULL,NULL,NULL,NULL,NULL,NULL),(4,'EMP-ADDRESS-PROOF','Employee - Address Proof','employee','<emp-id>','profile','','emp-address-proof','','Y',NULL,NULL,NULL,NULL,NULL,NULL,NULL),(5,'EMP-BANK-PROOF','Employee - Bank Proof','employee','<emp-id>','profile','','emp-bank-proof','','Y',NULL,NULL,NULL,NULL,NULL,NULL,NULL),(6,'EMP-MARK-SHEET','Employee - Mark Sheet','employee','<emp-id>','profile','','emp-mark-sheet','','Y',NULL,NULL,NULL,NULL,NULL,NULL,NULL),(7,'EMP-DEGREE-CERT','Employee - Degree Certificate','employee','<emp-id>','profile','','emp-degree-certificate','','Y',NULL,NULL,NULL,NULL,NULL,NULL,NULL),(8,'EMP-OTHER','Employee - Other Docs','employee','<emp-id>','profile','','emp-others','','Y',NULL,NULL,NULL,NULL,NULL,NULL,NULL),(9,'EMP-EC-ACCOMMODATION','Employee - Expense Claim - Accomodation Proof','employee','<emp-id>','expense-claim','<month-year>','expense-claim-accomodation-proof','','Y',NULL,NULL,NULL,NULL,NULL,NULL,NULL),(10,'EMP-EC-TRAVEL','Employee - Expense Claim - Travel Ticket Proof','employee','<emp-id>','expense-claim','<month-year>','expense-claim-travel-proof','','Y',NULL,NULL,NULL,NULL,NULL,NULL,NULL),(11,'EMP-LEAVE-MEDICAL-CERT','Employee - Leave - Medical Certificate','employee','<emp-id>','leave','<month-year>','leave-application-medical-certificate','','Y',NULL,NULL,NULL,NULL,NULL,NULL,NULL),(12,'EMP-LEAVE-MARRIAGE-CERT','Employee - Leave - Marriage Certificate','employee','<emp-id>','leave','<month-year>','leave-application-marriage-certificate','','Y',NULL,NULL,NULL,NULL,NULL,NULL,NULL),(13,'EMP-LEAVE-ADOPTION-CERT','Employee - Leave - Adoption Certificate','employee','<emp-id>','leave','<month-year>','leave-application-adoption-certificate','','Y',NULL,NULL,NULL,NULL,NULL,NULL,NULL),(14,'CLIENT-PO','Client - PO - Scanned Copy','client','<client-id>','po','<month-year>','purchase-order','','Y',NULL,NULL,NULL,NULL,NULL,NULL,NULL),(15,'VENDOR-INVOICE','Vendor - Invoice - Scanned Copy','vendor','<vendor-id>','invoice','<month-year>','vendor-invoice','',NULL,NULL,NULL,NULL,NULL,NULL,NULL,NULL),(16,'JOB-PTW','Job - Permit To Work - Scanned Copy','job','<job-id>','','','permit-to-work','',NULL,NULL,'Y',NULL,NULL,NULL,NULL,NULL),(17,'JOB-SITE-SURVEY','Job - Site Survey - Scanned Copy','job','<job-id>','','','survey-of-site','',NULL,NULL,'Y',NULL,NULL,NULL,NULL,NULL),(18,'JOB-MOM-DRAFT-PREPARED','Job - MOM Draft Prepared','job','<job-id>','','','mom-draft-prepared','',NULL,NULL,'Y',NULL,NULL,NULL,NULL,NULL),(19,'JOB-ASSET-BEFORE','Job - Asset Proof - Before','job','<job-id>','<asset-id>','before','asset-before-pics','',NULL,NULL,'Y',NULL,NULL,NULL,NULL,NULL),(20,'JOB-ASSET-AFTER','Job - Asset Proof - After','job','<job-id>','<asset-id>','after','asset-after-pics','',NULL,NULL,'Y',NULL,NULL,NULL,NULL,NULL),(21,'JOB-SUMMARY-REPORT','Job - summary - scanned copy','job','<job-id>','','','job-summary','',NULL,NULL,'Y',NULL,NULL,NULL,NULL,NULL),(22,'JOB-DAILY-STATUS','Job - daily status - scanned copy','job','<job-id>','<employee-id>','','job-daily-status','',NULL,NULL,'Y',NULL,NULL,NULL,NULL,NULL),(23,'JOB-OTHER','Job - Other Docs','job','<job-id>','','','job-other',NULL,NULL,NULL,'Y',NULL,NULL,NULL,NULL,NULL),(28,'VENDOR-PAYMENT','Vendor - Payment - Proof','vendor','<vendor-id>','payment','<month-year>','vendor-payment','','N','Y','N','1',NULL,NULL,NULL,NULL),(29,'VENDOR-PO','Vendor-PO','vendor','<vendor-id>','<vendor-po-id>',NULL,'vendor-purchase-order',NULL,'N','Y','N',NULL,NULL,NULL,NULL,NULL),(30,'EXPENSE-CLAIM-BILL-PROOF','Bill proofs for expense claim','expense','<expense-claim-id>','<expense-claim-bill-id>','','Expense-Claim',NULL,'Y','Y','N','admin',NULL,'dinesh','2019-10-08 00:00:00.000000',NULL),(31,'VENDOR-BILLING','Vendor Billing','Vendor','<vendor-id>','<vendor-id>',NULL,'Vendor-Billing',NULL,'Y','Y','N',NULL,NULL,NULL,NULL,NULL),(32,'APPLICANT-PHOTO','Applicant Photo','Applicant Photo','Applicant Photo','<applicant-id>',NULL,'Applicant-Billing',NULL,'Y','Y','N',NULL,NULL,NULL,NULL,NULL),(33,'APPLICANT-PDF','Applicant Pdf','Applicant-Pdf','<applicant-id>',NULL,NULL,'Applicant-Billing',NULL,NULL,NULL,NULL,NULL,NULL,NULL,NULL,NULL),(34,'JOB-MOM-DRAFT-APPROVED','Job - MOM Draft Approved','job','<job-id>',NULL,NULL,'mom-draft-approved',NULL,NULL,NULL,'Y',NULL,NULL,NULL,NULL,NULL),(35,'CLIENT-Logo','Client Logo','Client Logo','Client Logo','<client-logo-id>',NULL,'client-logo',NULL,'Y','Y','N',NULL,NULL,NULL,NULL,NULL),(36,'ADDRESS-PROOF','Emp Address Proof','address Proof','','',NULL,'emp-address-proof',NULL,'Y','Y','N',NULL,NULL,NULL,NULL,NULL),(37,'EMP-PASSPORT-DOCID','Emp PASSPORT DOC','employee','<emp-id>','profile',NULL,'emp-passport-proof',NULL,'Y','Y','N',NULL,NULL,NULL,NULL,NULL),(38,'EMP-DRIVING-PROOF','Emp Licence DOC','employee','<emp-id>','profile',NULL,'emp-Licence-proof',NULL,'Y','Y','N',NULL,NULL,NULL,NULL,NULL),(40,'EXPENSE-CLAIM-PRINTOUT','Printout for expense claim','expense','<expense-claim-id>','','','expense-claim-printout',NULL,'Y','Y','N','admin',NULL,'dinesh','2019-10-08 00:00:00.000000','html/expense-claim-printout');
/*!40000 ALTER TABLE `d_doc_type` ENABLE KEYS */;
UNLOCK TABLES;

--
-- Table structure for table `m_acad_college`
--

DROP TABLE IF EXISTS `m_acad_college`;
/*!40101 SET @saved_cs_client     = @@character_set_client */;
/*!40101 SET character_set_client = utf8 */;
CREATE TABLE `m_acad_college` (
  `id` int(11) NOT NULL AUTO_INCREMENT,
  `college_code` varchar(100) DEFAULT NULL,
  `college_name` varchar(100) DEFAULT NULL,
  `abbreviation` varchar(100) DEFAULT NULL,
  `is_enabled` varchar(100) DEFAULT NULL,
  `created_by` varchar(100) DEFAULT NULL,
  `modified_by` varchar(100) DEFAULT NULL,
  `created_dt` datetime DEFAULT NULL,
  `modified_dt` datetime DEFAULT NULL,
  PRIMARY KEY (`id`)
) ENGINE=InnoDB AUTO_INCREMENT=10 DEFAULT CHARSET=latin1;
/*!40101 SET character_set_client = @saved_cs_client */;

--
-- Dumping data for table `m_acad_college`
--

LOCK TABLES `m_acad_college` WRITE;
/*!40000 ALTER TABLE `m_acad_college` DISABLE KEYS */;
INSERT INTO `m_acad_college` VALUES (1,'ACCOLL-2','Francis xavier college','FEC','Y','25','25','2019-02-16 13:46:15','2019-02-16 13:46:55'),(3,'ACCOLL-4','Rajalakshmi College Of Engg','REC','Y','25','25','2019-02-16 13:47:46','2019-02-16 13:47:46'),(4,'ACCOLL-5','Saveetha school Of engineering','SSE','Y','25','25','2019-02-16 13:47:46','2019-02-16 13:47:46'),(5,'ACCOLL-6','Sri Ramanujar Engg College','SRE','Y','25','25','2019-02-16 13:47:46','2019-02-16 13:47:46'),(7,'ACCOLL-8','Agni College Of Technology','ACT','Y','25','25','2019-02-16 13:47:46','2019-02-16 13:47:46'),(8,'ACCOLL-9','S. A. Engineering College','SA','Y','25','25','2019-02-16 13:47:46','2019-02-16 13:47:46');
/*!40000 ALTER TABLE `m_acad_college` ENABLE KEYS */;
UNLOCK TABLES;

--
-- Table structure for table `m_acad_course`
--

DROP TABLE IF EXISTS `m_acad_course`;
/*!40101 SET @saved_cs_client     = @@character_set_client */;
/*!40101 SET character_set_client = utf8 */;
CREATE TABLE `m_acad_course` (
  `id` int(11) NOT NULL AUTO_INCREMENT,
  `course_code` varchar(100) DEFAULT NULL,
  `course_name` varchar(100) DEFAULT NULL,
  `abbreviation` varchar(100) DEFAULT NULL,
  `is_enabled` varchar(100) DEFAULT NULL,
  `created_by` varchar(100) DEFAULT NULL,
  `modified_by` varchar(100) DEFAULT NULL,
  `created_dt` datetime DEFAULT NULL,
  `modified_dt` datetime DEFAULT NULL,
  PRIMARY KEY (`id`)
) ENGINE=InnoDB AUTO_INCREMENT=24 DEFAULT CHARSET=latin1;
/*!40101 SET character_set_client = @saved_cs_client */;

--
-- Dumping data for table `m_acad_course`
--

LOCK TABLES `m_acad_course` WRITE;
/*!40000 ALTER TABLE `m_acad_course` DISABLE KEYS */;
INSERT INTO `m_acad_course` VALUES (10,'ACC-2','Electrical and Electronics Engineering','EEE','Y','25','25','2019-02-16 12:49:53','2019-02-16 12:49:53'),(11,'ACC-3','Electrical and Computer Engineering','ECE','Y','25','25','2019-02-16 12:54:54','2019-02-16 12:55:45'),(12,'ACC-4','Diploma Electrical and Electronics Engineering','DEEE','Y','25','25','2019-02-16 12:54:54','2019-02-16 12:55:45'),(13,'ACC-5','Diploma Electrical and Computer Engineering','DECE','Y','25','25','2019-02-16 12:54:54','2019-02-16 12:55:45'),(16,'ACC-6','Mechanical Engineering','MECH','Y','25','25','2019-02-16 12:54:54','2019-02-16 12:55:45'),(17,'ACC-7','Diploma Mechanical Engineering','DMECH','Y','25','25','2019-02-16 12:54:54','2019-02-16 12:55:45'),(18,'ACC-8','Automobile Engineering','AE','Y','25','25','2019-02-16 12:54:54','2019-02-16 12:55:45'),(19,'ACC-9','Diploma Automobile Engineering','DAE','Y','25','25','2019-02-16 12:54:54','2019-02-16 12:55:45'),(20,'ACC-10','Civil Engineering','CE','Y','25','25','2019-02-16 12:54:54','2019-02-16 12:55:45'),(21,'ACC-11','Diploma Civil Engineering','DCE','Y','25','25','2019-02-16 12:54:54','2019-02-16 12:55:45'),(22,'ACC-12','Information Technology','IT','Y','25','25','2019-02-16 12:54:54','2019-02-16 12:55:45'),(23,'ACC-13','Diploma Computer Science','DCSE','Y','25','25','2019-02-16 12:54:54','2019-02-16 12:55:45');
/*!40000 ALTER TABLE `m_acad_course` ENABLE KEYS */;
UNLOCK TABLES;

--
-- Table structure for table `m_acad_degree`
--

DROP TABLE IF EXISTS `m_acad_degree`;
/*!40101 SET @saved_cs_client     = @@character_set_client */;
/*!40101 SET character_set_client = utf8 */;
CREATE TABLE `m_acad_degree` (
  `id` int(11) NOT NULL AUTO_INCREMENT,
  `degree_name` varchar(100) DEFAULT NULL,
  `abbreviation` varchar(100) DEFAULT NULL,
  `is_enabled` varchar(100) DEFAULT NULL,
  `created_by` varchar(100) DEFAULT NULL,
  `modified_by` varchar(100) DEFAULT NULL,
  `created_dt` datetime DEFAULT NULL,
  `modified_dt` datetime DEFAULT NULL,
  PRIMARY KEY (`id`)
) ENGINE=InnoDB AUTO_INCREMENT=13 DEFAULT CHARSET=latin1;
/*!40101 SET character_set_client = @saved_cs_client */;

--
-- Dumping data for table `m_acad_degree`
--

LOCK TABLES `m_acad_degree` WRITE;
/*!40000 ALTER TABLE `m_acad_degree` DISABLE KEYS */;
INSERT INTO `m_acad_degree` VALUES (1,'Bachelor Of Electrical and Electronics Engineering','B.E/B.TECH','Y','25','25','2019-02-16 13:15:19','2019-02-16 13:15:19'),(2,'Bachelor of Electrical and Computer Engineering','B.E/B.TECH','Y','25','25','2019-02-16 13:16:10','2019-02-16 13:21:20'),(3,'Diploma Electrical and Electronics Engineering','DEEE','Y','25','25','2019-02-16 13:16:10','2019-02-16 13:21:20'),(4,'Diploma Electrical and Computer Engineering','DECE','Y','25','25','2019-02-16 13:16:10','2019-02-16 13:21:20'),(5,'Bachelor of Mechanical Engineering','B.E/B.TECH','Y','25','25','2019-02-16 13:16:10','2019-02-16 13:21:20'),(6,'Diploma Mechanical Engineering','DME','Y','25','25','2019-02-16 13:16:10','2019-02-16 13:21:20'),(7,'Bachelor of Automobile Engineering','B.E/B.TECH','Y','25','25','2019-02-16 13:16:10','2019-02-16 13:21:20'),(8,'Diploma Automobile Engineering','DAE','Y','25','25','2019-02-16 13:16:10','2019-02-16 13:21:20'),(9,'Bachelor of Civil Engineering','B.E/B.TECH','Y','25','25','2019-02-16 13:16:10','2019-02-16 13:21:20'),(10,'Diploma Civil Engineering','DCE','Y','25','25','2019-02-16 13:16:10','2019-02-16 13:21:20'),(11,'Bachelor of Information Technology','B.E/B.TECH','Y','25','25','2019-02-16 13:16:10','2019-02-16 13:21:20'),(12,'Diploma Computer Science','DCSE','Y','25','25','2019-02-16 13:16:10','2019-02-16 13:21:20');
/*!40000 ALTER TABLE `m_acad_degree` ENABLE KEYS */;
UNLOCK TABLES;

--
-- Table structure for table `m_asset`
--

DROP TABLE IF EXISTS `m_asset`;
/*!40101 SET @saved_cs_client     = @@character_set_client */;
/*!40101 SET character_set_client = utf8 */;
CREATE TABLE `m_asset` (
  `id` int(11) NOT NULL AUTO_INCREMENT,
  `asset_code` varchar(255) DEFAULT NULL,
  `asset_desc` varchar(255) DEFAULT NULL,
  `asset_make` varchar(255) DEFAULT NULL,
  `asset_model` varchar(255) DEFAULT NULL,
  `asset_name` varchar(255) DEFAULT NULL,
  `asset_owner` varchar(255) DEFAULT NULL,
  `asset_serial_no` varchar(255) DEFAULT NULL,
  `created_by` varchar(255) DEFAULT NULL,
  `created_dt` datetime(6) DEFAULT NULL,
  `is_enabled` varchar(255) DEFAULT NULL,
  `modified_by` varchar(255) DEFAULT NULL,
  `modified_dt` datetime(6) DEFAULT NULL,
  PRIMARY KEY (`id`)
) ENGINE=InnoDB AUTO_INCREMENT=4 DEFAULT CHARSET=latin1;
/*!40101 SET character_set_client = @saved_cs_client */;

--
-- Dumping data for table `m_asset`
--

LOCK TABLES `m_asset` WRITE;
/*!40000 ALTER TABLE `m_asset` DISABLE KEYS */;
INSERT INTO `m_asset` VALUES (1,'AC-01','test','asset','asset_m','Material check','tech','1234',NULL,NULL,NULL,NULL,NULL),(2,'AC-02','asset-2','asset2','asset_m','ASSET','tech-2','1235',NULL,NULL,NULL,NULL,NULL),(3,'AC-03','asset-3','asset3','asset_m','Goods','tech-3','1236',NULL,NULL,NULL,NULL,NULL);
/*!40000 ALTER TABLE `m_asset` ENABLE KEYS */;
UNLOCK TABLES;

--
-- Table structure for table `m_bu`
--

DROP TABLE IF EXISTS `m_bu`;
/*!40101 SET @saved_cs_client     = @@character_set_client */;
/*!40101 SET character_set_client = utf8 */;
CREATE TABLE `m_bu` (
  `id` int(11) NOT NULL AUTO_INCREMENT,
  `bu_code` varchar(255) DEFAULT NULL,
  `bu_name` varchar(255) DEFAULT NULL,
  `has_products` varchar(255) DEFAULT NULL,
  `has_services` varchar(255) DEFAULT NULL,
  `is_enabled` varchar(255) DEFAULT NULL,
  `created_by` varchar(100) DEFAULT NULL,
  `modified_by` varchar(100) DEFAULT NULL,
  `created_dt` datetime DEFAULT NULL,
  `modified_dt` datetime DEFAULT NULL,
  PRIMARY KEY (`id`)
) ENGINE=InnoDB AUTO_INCREMENT=4 DEFAULT CHARSET=latin1;
/*!40101 SET character_set_client = @saved_cs_client */;

--
-- Dumping data for table `m_bu`
--

LOCK TABLES `m_bu` WRITE;
/*!40000 ALTER TABLE `m_bu` DISABLE KEYS */;
INSERT INTO `m_bu` VALUES (1,'BU-01','bu-1','Y','Y','Y','8457','8457',NULL,NULL),(2,'BU-02','bu-2','Y','Y','Y','8456','8456',NULL,NULL),(3,'TEST-03','ts-3','Y','Y','Y','33','8456',NULL,NULL);
/*!40000 ALTER TABLE `m_bu` ENABLE KEYS */;
UNLOCK TABLES;

--
-- Table structure for table `m_comp_pay_cycle`
--

DROP TABLE IF EXISTS `m_comp_pay_cycle`;
/*!40101 SET @saved_cs_client     = @@character_set_client */;
/*!40101 SET character_set_client = utf8 */;
CREATE TABLE `m_comp_pay_cycle` (
  `id` int(11) NOT NULL AUTO_INCREMENT,
  `fiscal_year_id` int(11) DEFAULT NULL,
  `pay_cycle_code` varchar(100) DEFAULT NULL,
  `pay_cycle_type` varchar(100) DEFAULT NULL,
  `is_active` varchar(1) DEFAULT NULL,
  `start_dt` date DEFAULT NULL,
  `is_enabled` varchar(1) DEFAULT NULL,
  `created_by` varchar(100) DEFAULT NULL,
  `modified_by` varchar(10) DEFAULT NULL,
  `created_dt` datetime DEFAULT NULL,
  `modified_dt` datetime DEFAULT NULL,
  PRIMARY KEY (`id`)
) ENGINE=InnoDB AUTO_INCREMENT=45 DEFAULT CHARSET=latin1;
/*!40101 SET character_set_client = @saved_cs_client */;

--
-- Dumping data for table `m_comp_pay_cycle`
--

LOCK TABLES `m_comp_pay_cycle` WRITE;
/*!40000 ALTER TABLE `m_comp_pay_cycle` DISABLE KEYS */;
INSERT INTO `m_comp_pay_cycle` VALUES (1,1,'REGULAR-SALARY-2018','REGULAR-SALARY','Y','2018-04-01','Y','USER','USER',NULL,NULL),(2,1,'EXPENSE-CLAIM-2018','EXPENSE-CLAIM','Y','2018-04-01','Y','USER','USER',NULL,NULL),(3,1,'SITE-ALLOWANCE-2018','SITE-ALLOWANCE','Y','2018-04-01','Y','USER','USER',NULL,NULL);
/*!40000 ALTER TABLE `m_comp_pay_cycle` ENABLE KEYS */;
UNLOCK TABLES;

--
-- Table structure for table `m_comp_pay_cycle_line`
--

DROP TABLE IF EXISTS `m_comp_pay_cycle_line`;
/*!40101 SET @saved_cs_client     = @@character_set_client */;
/*!40101 SET character_set_client = utf8 */;
CREATE TABLE `m_comp_pay_cycle_line` (
  `id` int(11) NOT NULL AUTO_INCREMENT,
  `m_comp_pay_cycle_id` varchar(100) DEFAULT NULL,
  `comp_pay_cycle_line_code` varchar(100) DEFAULT NULL,
  `from_dt` date DEFAULT NULL,
  `to_dt` date DEFAULT NULL,
  `pay_dt` date DEFAULT NULL,
  `is_enabled` varchar(1) DEFAULT NULL,
  `created_by` varchar(100) DEFAULT NULL,
  `modified_by` varchar(100) DEFAULT NULL,
  `created_dt` datetime DEFAULT NULL,
  `modified_dt` datetime DEFAULT NULL,
  `processed_date` date DEFAULT NULL,
  `line_order` int(11) DEFAULT NULL,
  PRIMARY KEY (`id`)
) ENGINE=InnoDB AUTO_INCREMENT=68 DEFAULT CHARSET=latin1;
/*!40101 SET character_set_client = @saved_cs_client */;

--
-- Dumping data for table `m_comp_pay_cycle_line`
--

LOCK TABLES `m_comp_pay_cycle_line` WRITE;
/*!40000 ALTER TABLE `m_comp_pay_cycle_line` DISABLE KEYS */;
INSERT INTO `m_comp_pay_cycle_line` VALUES (1,'1','REGULAR-SALARY-2018-1','2018-03-16','2018-04-15','2018-04-30','Y','USER','USER',NULL,'2018-06-07 20:00:39','2018-04-24',1),(2,'1','REGULAR-SALARY-2018-2','2018-04-16','2018-05-15','2018-05-30','Y','USER','USER',NULL,'2018-06-07 18:47:01','2018-05-24',2),(3,'1','REGULAR-SALARY-2018-3','2018-05-16','2018-06-15','2018-06-30','Y','USER','USER',NULL,'2018-06-07 18:47:01','2018-06-24',3),(4,'1','REGULAR-SALARY-2018-4','2018-06-16','2018-07-15','2018-07-30','Y','USER','USER',NULL,NULL,'2018-07-24',4),(5,'1','REGULAR-SALARY-2018-5','2018-07-16','2018-08-15','2018-08-30','Y','USER','USER',NULL,NULL,'2018-08-24',5),(6,'1','REGULAR-SALARY-2018-6','2018-08-16','2018-09-15','2018-09-30','Y','USER','USER',NULL,NULL,'2018-09-24',6),(7,'1','REGULAR-SALARY-2018-7','2018-09-16','2018-10-15','2018-10-30','Y','USER','USER',NULL,NULL,'2018-10-24',7),(8,'1','REGLAR-SALARY-2018-8','2018-10-16','2018-11-15','2018-11-30','Y','USER','USER',NULL,'2018-06-07 17:10:15','2018-11-24',8),(9,'1','REGULAR-SALARY-2018-9','2018-11-16','2018-12-15','2018-12-30','Y','USER','USER',NULL,NULL,'2018-12-24',9),(10,'1','REGULAR-SALARY-2018-10','2018-12-16','2019-01-15','2019-01-30','Y','USER','USER',NULL,NULL,'2019-01-24',10),(11,'1','REGULAR-SALARY-2018-11','2019-01-16','2019-02-15','2019-02-28','Y','USER','USER',NULL,NULL,'2019-02-24',11),(12,'1','REGULAR-SALARY-2018-12','2019-02-16','2019-03-15','2019-03-30','Y','USER','USER',NULL,'2018-06-07 20:01:23','2019-03-24',12),(13,'2','EXPENSE-CLAIM-2018-1','2018-03-26','2018-04-05','2018-04-06','Y','USER','USER',NULL,NULL,'2018-04-06',13),(14,'2','EXPENSE-CLAIM-2018-2','2018-04-06','2018-04-15','2018-04-16','Y','USER','USER',NULL,NULL,'2018-04-16',14),(15,'2','EXPENSE-CLAIM-2018-3','2018-04-16','2018-04-25','2018-04-26','Y','USER','USER',NULL,NULL,'2018-04-26',15),(16,'2','EXPENSE-CLAIM-2018-4','2018-04-26','2018-05-05','2018-05-06','Y','USER','USER',NULL,NULL,'2018-05-06',16),(17,'2','EXPENSE-CLAIM-2018-5','2018-05-06','2018-05-15','2018-05-16','Y','USER','USER',NULL,NULL,'2018-05-16',17),(18,'2','EXPENSE-CLAIM-2018-6','2018-05-16','2018-05-25','2018-05-26','Y','USER','USER',NULL,NULL,'2018-05-26',18),(19,'2','EXPENSE-CLAIM-2018-7','2018-05-26','2018-06-05','2018-06-06','Y','USER','USER',NULL,NULL,'2018-06-06',19),(20,'2','EXPENSE-CLAIM-2018-8','2018-06-06','2018-06-15','2018-06-16','Y','USER','USER',NULL,NULL,'2018-06-16',20),(21,'2','EXPENSE-CLAIM-2018-9','2018-06-16','2018-06-25','2018-06-26','Y','USER','USER',NULL,NULL,'2018-06-26',21),(22,'2','EXPENSE-CLAIM-2018-10','2018-06-26','2018-07-05','2018-07-06','Y','USER','USER',NULL,NULL,'2018-07-06',22),(23,'2','EXPENSE-CLAIM-2018-11','2018-07-06','2018-07-15','2018-07-16','Y','USER','USER',NULL,NULL,'2018-07-16',23),(24,'2','EXPENSE-CLAIM-2018-12','2018-07-16','2018-07-25','2018-07-26','Y','USER','USER',NULL,NULL,'2018-07-26',24),(25,'2','EXPENSE-CLAIM-2018-13','2018-07-26','2018-08-05','2018-08-06','Y','USER','USER',NULL,NULL,'2018-08-06',25),(26,'2','EXPENSE-CLAIM-2018-14','2018-08-06','2018-08-15','2018-08-16','Y','USER','USER',NULL,NULL,'2018-08-16',26),(27,'2','EXPENSE-CLAIM-2018-15','2018-08-16','2018-08-25','2018-08-26','Y','USER','USER',NULL,NULL,'2018-08-26',27),(28,'2','EXPENSE-CLAIM-2018-16','2018-08-26','2018-09-05','2018-09-06','Y','USER','USER',NULL,NULL,'2018-09-06',28),(29,'2','EXPENSE-CLAIM-2018-17','2018-09-06','2018-09-15','2018-09-16','Y','USER','USER',NULL,NULL,'2018-09-16',29),(30,'2','EXPENSE-CLAIM-2018-18','2018-09-16','2018-09-25','2018-09-26','Y','USER','USER',NULL,NULL,'2018-09-26',30),(31,'2','EXPENSE-CLAIM-2018-19','2018-09-26','2018-10-05','2018-10-06','Y','USER','USER',NULL,NULL,'2018-10-06',31),(32,'2','EXPENSE-CLAIM-2018-20','2018-10-06','2018-10-15','2018-10-16','Y','USER','USER',NULL,NULL,'2018-10-16',32),(33,'2','EXPENSE-CLAIM-2018-21','2018-10-16','2018-10-25','2018-10-26','Y','USER','USER',NULL,NULL,'2018-10-26',33),(34,'2','EXPENSE-CLAIM-2018-22','2018-10-26','2018-11-05','2018-11-06','Y','USER','USER',NULL,NULL,'2018-11-06',34),(35,'2','EXPENSE-CLAIM-2018-23','2018-11-06','2018-11-15','2018-11-16','Y','USER','USER',NULL,NULL,'2018-11-16',35),(36,'2','EXPENSE-CLAIM-2018-24','2018-11-16','2018-11-25','2018-11-26','Y','USER','USER',NULL,NULL,'2018-11-26',36),(37,'2','EXPENSE-CLAIM-2018-25','2018-11-26','2018-12-05','2018-12-06','Y','USER','USER',NULL,NULL,'2018-12-06',37),(38,'2','EXPENSE-CLAIM-2018-26','2018-12-06','2018-12-15','2018-12-16','Y','USER','USER',NULL,NULL,'2018-12-16',38),(39,'2','EXPENSE-CLAIM-2018-27','2018-12-16','2018-12-25','2018-12-26','Y','USER','USER',NULL,NULL,'2018-12-26',39),(40,'2','EXPENSE-CLAIM-2018-28','2018-12-26','2019-01-05','2019-01-06','Y','USER','USER',NULL,NULL,'2019-01-06',40),(41,'2','EXPENSE-CLAIM-2018-29','2019-01-06','2019-01-15','2019-01-16','Y','USER','USER',NULL,NULL,'2019-01-16',41),(42,'2','EXPENSE-CLAIM-2018-30','2019-01-16','2019-01-25','2019-01-26','Y','USER','USER',NULL,NULL,'2019-01-26',42),(43,'2','EXPENSE-CLAIM-2018-31','2019-01-26','2019-02-05','2019-02-06','Y','USER','USER',NULL,NULL,'2019-02-06',43),(44,'2','EXPENSE-CLAIM-2018-32','2019-02-06','2019-02-15','2019-02-16','Y','USER','USER',NULL,NULL,'2019-02-16',44),(45,'2','EXPENSE-CLAIM-2018-33','2019-02-16','2019-02-25','2019-02-26','Y','USER','USER',NULL,NULL,'2019-02-26',45),(46,'2','EXPENSE-CLAIM-2018-34','2019-02-26','2019-03-05','2019-03-06','Y','USER','USER',NULL,NULL,'2019-03-06',46),(47,'2','EXPENSE-CLAIM-2018-35','2019-03-06','2019-03-15','2019-03-16','Y','USER','USER',NULL,NULL,'2019-03-16',47),(48,'2','EXPENSE-CLAIM-2018-36','2019-03-16','2019-03-25','2019-03-26','Y','USER','USER',NULL,'2018-06-07 20:01:23','2019-03-26',48),(49,'3','SITE-ALLOWANCE-2018-1','2018-03-24','2018-04-23','2018-04-24','Y','USER','USER',NULL,NULL,'2018-04-24',49),(50,'3','SITE-ALLOWANCE-2018-2','2018-04-24','2018-05-23','2018-05-24','Y','USER','USER',NULL,NULL,'2018-05-24',50),(51,'3','SITE-ALLOWANCE-2018-3','2018-05-24','2018-06-23','2018-06-24','Y','USER','USER',NULL,NULL,'2018-06-24',51),(52,'3','SITE-ALLOWANCE-2018-4','2018-06-24','2018-07-23','2018-07-24','Y','USER','USER',NULL,NULL,'2018-07-24',52),(53,'3','SITE-ALLOWANCE-2018-5','2018-07-24','2018-08-23','2018-08-24','Y','USER','USER',NULL,NULL,'2018-08-24',53),(54,'3','SITE-ALLOWANCE-2018-6','2018-08-24','2018-09-23','2018-09-24','Y','USER','USER',NULL,NULL,'2018-09-24',54),(55,'3','SITE-ALLOWANCE-2018-7','2018-09-24','2018-10-23','2018-10-24','Y','USER','USER',NULL,NULL,'2018-10-24',55),(56,'3','SITE-ALLOWANCE-2018-8','2018-10-24','2018-11-23','2018-11-24','Y','USER','USER',NULL,NULL,'2018-11-24',56),(57,'3','SITE-ALLOWANCE-2018-9','2018-11-24','2018-12-23','2018-12-24','Y','USER','USER',NULL,NULL,'2018-12-24',57),(58,'3','SITE-ALLOWANCE-2018-10','2018-12-24','2019-01-23','2019-01-24','Y','USER','USER',NULL,NULL,'2019-01-24',58),(59,'3','SITE-ALLOWANCE-2018-11','2019-01-24','2019-02-23','2019-02-24','Y','USER','USER',NULL,NULL,'2019-02-24',59),(60,'3','SITE-ALLOWANCE-2018-12','2019-02-24','2019-03-23','2019-03-24','Y','USER','USER',NULL,NULL,'2019-03-24',60);
/*!40000 ALTER TABLE `m_comp_pay_cycle_line` ENABLE KEYS */;
UNLOCK TABLES;

--
-- Table structure for table `m_cost_center`
--

DROP TABLE IF EXISTS `m_cost_center`;
/*!40101 SET @saved_cs_client     = @@character_set_client */;
/*!40101 SET character_set_client = utf8 */;
CREATE TABLE `m_cost_center` (
  `id` int(11) NOT NULL AUTO_INCREMENT,
  `cc_code` varchar(255) DEFAULT NULL,
  `cc_name` varchar(255) DEFAULT NULL,
  `created_by` varchar(255) DEFAULT NULL,
  `created_dt` datetime DEFAULT NULL,
  `dept_id` int(11) NOT NULL,
  `modified_by` varchar(255) DEFAULT NULL,
  `modified_dt` datetime DEFAULT NULL,
  `remarks` varchar(255) DEFAULT NULL,
  `manager_id` int(11) NOT NULL,
  `manager_2_id` int(11) NOT NULL,
  `is_enabled` varchar(100) DEFAULT NULL,
  PRIMARY KEY (`id`)
) ENGINE=MyISAM AUTO_INCREMENT=3 DEFAULT CHARSET=latin1;
/*!40101 SET character_set_client = @saved_cs_client */;

--
-- Dumping data for table `m_cost_center`
--

LOCK TABLES `m_cost_center` WRITE;
/*!40000 ALTER TABLE `m_cost_center` DISABLE KEYS */;
INSERT INTO `m_cost_center` VALUES (1,'COST-1','COST',NULL,NULL,1,NULL,NULL,'SSSS',1,1,'Y'),(2,'COST-2','COST','4','2019-01-04 12:01:37',1,'4','2019-01-04 12:02:07',NULL,1,1,NULL);
/*!40000 ALTER TABLE `m_cost_center` ENABLE KEYS */;
UNLOCK TABLES;

--
-- Table structure for table `m_customer`
--

DROP TABLE IF EXISTS `m_customer`;
/*!40101 SET @saved_cs_client     = @@character_set_client */;
/*!40101 SET character_set_client = utf8 */;
CREATE TABLE `m_customer` (
  `id` int(11) NOT NULL AUTO_INCREMENT,
  `customer_code` varchar(100) DEFAULT NULL,
  `org_name` varchar(100) DEFAULT NULL,
  `contact_name` varchar(100) DEFAULT NULL,
  `contact_email` varchar(100) DEFAULT NULL,
  `contact_phone` varchar(100) DEFAULT NULL,
  `head_office_address_line1` varchar(100) DEFAULT NULL,
  `head_office_address_line2` varchar(100) DEFAULT NULL,
  `head_office_city` varchar(100) DEFAULT NULL,
  `head_office_state` varchar(100) DEFAULT NULL,
  `head_office_pincode` int(11) DEFAULT NULL,
  `head_office_country` varchar(100) DEFAULT NULL,
  `head_office_number` varchar(100) DEFAULT NULL,
  `bank_acc_no` varchar(100) DEFAULT NULL,
  `bank_acc_name` varchar(100) DEFAULT NULL,
  `bank_acc_type` varchar(100) DEFAULT NULL,
  `bank_name` varchar(100) DEFAULT NULL,
  `bank_branch_name` varchar(100) DEFAULT NULL,
  `bank_ifsc_code` varchar(100) DEFAULT NULL,
  `bank_other_info` varchar(100) DEFAULT NULL,
  `gst_no` varchar(100) DEFAULT NULL,
  `tan_no` varchar(100) DEFAULT NULL,
  `pan_no` varchar(100) DEFAULT NULL,
  `remarks` varchar(100) DEFAULT NULL,
  `is_enabled` varchar(1) DEFAULT NULL,
  `created_by` varchar(100) DEFAULT NULL,
  `modified_by` varchar(100) DEFAULT NULL,
  `created_dt` datetime DEFAULT NULL,
  `modified_dt` datetime DEFAULT NULL,
  PRIMARY KEY (`id`)
) ENGINE=InnoDB AUTO_INCREMENT=14 DEFAULT CHARSET=latin1;
/*!40101 SET character_set_client = @saved_cs_client */;

--
-- Dumping data for table `m_customer`
--

LOCK TABLES `m_customer` WRITE;
/*!40000 ALTER TABLE `m_customer` DISABLE KEYS */;
INSERT INTO `m_customer` VALUES (11,'Priya.S','xyz','Priya','priya.s@gmail.com','9872586217',NULL,NULL,NULL,NULL,NULL,NULL,NULL,NULL,NULL,NULL,NULL,NULL,NULL,NULL,NULL,NULL,NULL,NULL,NULL,NULL,NULL,NULL,NULL),(12,'Gaurav','abc','Gaurav','gaurav@gmail.com','7859618528',NULL,NULL,NULL,NULL,NULL,NULL,NULL,NULL,NULL,NULL,NULL,NULL,NULL,NULL,NULL,NULL,NULL,NULL,NULL,NULL,NULL,NULL,NULL),(13,'Anitha','gdt','anitha','anitha@gmail.com','8596478529',NULL,NULL,NULL,NULL,NULL,NULL,NULL,NULL,NULL,NULL,NULL,NULL,NULL,NULL,NULL,NULL,NULL,NULL,NULL,NULL,NULL,NULL,NULL);
/*!40000 ALTER TABLE `m_customer` ENABLE KEYS */;
UNLOCK TABLES;

--
-- Table structure for table `m_dept`
--

DROP TABLE IF EXISTS `m_dept`;
/*!40101 SET @saved_cs_client     = @@character_set_client */;
/*!40101 SET character_set_client = utf8 */;
CREATE TABLE `m_dept` (
  `id` int(11) NOT NULL AUTO_INCREMENT,
  `dept_name` varchar(100) DEFAULT NULL,
  `dept_code` varchar(10) DEFAULT NULL,
  `remarks` varchar(100) DEFAULT NULL,
  `is_enabled` varchar(1) DEFAULT NULL,
  `created_by` varchar(100) DEFAULT NULL,
  `modified_by` varchar(100) DEFAULT NULL,
  `created_dt` datetime DEFAULT NULL,
  `modified_dt` datetime DEFAULT NULL,
  PRIMARY KEY (`id`)
) ENGINE=InnoDB AUTO_INCREMENT=14 DEFAULT CHARSET=latin1;
/*!40101 SET character_set_client = @saved_cs_client */;

--
-- Dumping data for table `m_dept`
--

LOCK TABLES `m_dept` WRITE;
/*!40000 ALTER TABLE `m_dept` DISABLE KEYS */;
INSERT INTO `m_dept` VALUES (9,'Sample dept','dept','good','Y','5868','5896',NULL,NULL),(10,'CustomerCare','C200','good','Y','5868','5896',NULL,NULL),(11,'Marketing','M800','good','Y','5868','5896',NULL,NULL),(12,'DesignAndResearch','P800','good','Y','5868','5896',NULL,NULL),(13,'Services','F200','good','Y','5868','5896',NULL,NULL);
/*!40000 ALTER TABLE `m_dept` ENABLE KEYS */;
UNLOCK TABLES;

--
-- Table structure for table `m_division`
--

DROP TABLE IF EXISTS `m_division`;
/*!40101 SET @saved_cs_client     = @@character_set_client */;
/*!40101 SET character_set_client = utf8 */;
CREATE TABLE `m_division` (
  `id` int(11) NOT NULL AUTO_INCREMENT,
  `m_bu_id` int(11) DEFAULT NULL,
  `division_name` varchar(100) DEFAULT NULL,
  `remarks` varchar(100) DEFAULT NULL,
  `is_enabled` varchar(100) DEFAULT NULL,
  `created_by` varchar(100) DEFAULT NULL,
  `modified_by` varchar(100) DEFAULT NULL,
  `created_dt` datetime DEFAULT NULL,
  `modified_dt` datetime DEFAULT NULL,
  PRIMARY KEY (`id`),
  KEY `FK2jbm8s45snaxs3ft4pdl3xqm` (`m_bu_id`),
  CONSTRAINT `FK2jbm8s45snaxs3ft4pdl3xqm` FOREIGN KEY (`m_bu_id`) REFERENCES `m_bu` (`id`)
) ENGINE=InnoDB AUTO_INCREMENT=4 DEFAULT CHARSET=latin1;
/*!40101 SET character_set_client = @saved_cs_client */;

--
-- Dumping data for table `m_division`
--

LOCK TABLES `m_division` WRITE;
/*!40000 ALTER TABLE `m_division` DISABLE KEYS */;
INSERT INTO `m_division` VALUES (1,1,'Se','good','Y','1288','6486',NULL,NULL);
/*!40000 ALTER TABLE `m_division` ENABLE KEYS */;
UNLOCK TABLES;

--
-- Table structure for table `m_division_good`
--

DROP TABLE IF EXISTS `m_division_good`;
/*!40101 SET @saved_cs_client     = @@character_set_client */;
/*!40101 SET character_set_client = utf8 */;
CREATE TABLE `m_division_good` (
  `id` int(11) NOT NULL AUTO_INCREMENT,
  `m_goods_id` varchar(100) DEFAULT NULL,
  `m_division_id` varchar(100) DEFAULT NULL,
  `division_name` varchar(100) DEFAULT NULL,
  `remarks` varchar(100) DEFAULT NULL,
  `is_enabled` varchar(1) DEFAULT NULL,
  `created_by` varchar(100) DEFAULT NULL,
  `modified_by` varchar(100) DEFAULT NULL,
  `created_dt` datetime DEFAULT NULL,
  `modified_dt` datetime DEFAULT NULL,
  PRIMARY KEY (`id`)
) ENGINE=InnoDB AUTO_INCREMENT=2 DEFAULT CHARSET=latin1;
/*!40101 SET character_set_client = @saved_cs_client */;

--
-- Dumping data for table `m_division_good`
--

LOCK TABLES `m_division_good` WRITE;
/*!40000 ALTER TABLE `m_division_good` DISABLE KEYS */;
INSERT INTO `m_division_good` VALUES (1,'1','1','go','good','Y','4585','7858',NULL,NULL);
/*!40000 ALTER TABLE `m_division_good` ENABLE KEYS */;
UNLOCK TABLES;

--
-- Table structure for table `m_division_service`
--

DROP TABLE IF EXISTS `m_division_service`;
/*!40101 SET @saved_cs_client     = @@character_set_client */;
/*!40101 SET character_set_client = utf8 */;
CREATE TABLE `m_division_service` (
  `id` int(11) NOT NULL AUTO_INCREMENT,
  `m_service_id` varchar(100) DEFAULT NULL,
  `m_division_id` varchar(100) DEFAULT NULL,
  `division_name` varchar(100) DEFAULT NULL,
  `remarks` varchar(100) DEFAULT NULL,
  `is_enabled` varchar(1) DEFAULT NULL,
  `created_by` varchar(100) DEFAULT NULL,
  `modified_by` varchar(100) DEFAULT NULL,
  `created_dt` datetime DEFAULT NULL,
  `modified_dt` datetime DEFAULT NULL,
  PRIMARY KEY (`id`)
) ENGINE=InnoDB AUTO_INCREMENT=2 DEFAULT CHARSET=latin1;
/*!40101 SET character_set_client = @saved_cs_client */;

--
-- Dumping data for table `m_division_service`
--

LOCK TABLES `m_division_service` WRITE;
/*!40000 ALTER TABLE `m_division_service` DISABLE KEYS */;
INSERT INTO `m_division_service` VALUES (1,'1','1','Se','service','Y','7855','7855',NULL,NULL);
/*!40000 ALTER TABLE `m_division_service` ENABLE KEYS */;
UNLOCK TABLES;

--
-- Table structure for table `m_emp_academic_acheiv`
--

DROP TABLE IF EXISTS `m_emp_academic_acheiv`;
/*!40101 SET @saved_cs_client     = @@character_set_client */;
/*!40101 SET character_set_client = utf8 */;
CREATE TABLE `m_emp_academic_acheiv` (
  `id` int(11) NOT NULL AUTO_INCREMENT,
  `m_employee_id` int(11) DEFAULT NULL,
  `organization` varchar(100) DEFAULT NULL,
  `train_details` varchar(1000) DEFAULT NULL,
  `from_dt` date DEFAULT NULL,
  `to_dt` date DEFAULT NULL,
  `is_enabled` varchar(1) DEFAULT NULL,
  `created_by` varchar(100) DEFAULT NULL,
  `modified_by` varchar(100) DEFAULT NULL,
  `created_dt` datetime DEFAULT NULL,
  `modified_dt` datetime DEFAULT NULL,
  PRIMARY KEY (`id`)
) ENGINE=InnoDB AUTO_INCREMENT=111 DEFAULT CHARSET=latin1;
/*!40101 SET character_set_client = @saved_cs_client */;

--
-- Dumping data for table `m_emp_academic_acheiv`
--

LOCK TABLES `m_emp_academic_acheiv` WRITE;
/*!40000 ALTER TABLE `m_emp_academic_acheiv` DISABLE KEYS */;
INSERT INTO `m_emp_academic_acheiv` VALUES (63,3,NULL,NULL,NULL,NULL,NULL,NULL,NULL,'2019-09-11 15:29:32','2019-09-11 15:29:32'),(64,0,NULL,NULL,NULL,NULL,NULL,NULL,NULL,'2019-09-11 15:33:40','2019-09-11 15:34:32'),(66,139,NULL,NULL,NULL,NULL,NULL,NULL,NULL,'2019-09-11 15:37:57','2019-09-11 15:37:57'),(67,140,NULL,NULL,NULL,NULL,NULL,NULL,NULL,'2019-09-11 15:38:47','2019-09-11 15:38:47'),(68,141,NULL,NULL,NULL,NULL,NULL,NULL,NULL,'2019-09-11 15:39:40','2019-09-11 15:39:40'),(69,0,NULL,NULL,NULL,NULL,NULL,NULL,NULL,'2019-09-11 15:40:50','2019-09-11 15:41:03'),(70,144,NULL,NULL,NULL,NULL,NULL,NULL,NULL,'2019-09-11 15:41:52','2019-09-11 15:41:52'),(71,145,NULL,NULL,NULL,NULL,NULL,NULL,NULL,'2019-09-11 15:42:37','2019-09-11 15:42:37'),(72,146,NULL,NULL,NULL,NULL,NULL,NULL,NULL,'2019-09-11 15:43:28','2019-09-11 15:43:28'),(73,147,NULL,NULL,NULL,NULL,NULL,NULL,NULL,'2019-09-11 15:44:13','2019-09-11 15:44:13'),(75,6,NULL,NULL,NULL,NULL,NULL,NULL,NULL,'2019-09-13 12:08:19','2019-09-13 12:08:19'),(79,207,NULL,NULL,NULL,NULL,NULL,NULL,NULL,'2019-09-13 17:09:15','2019-09-13 17:09:15'),(80,213,NULL,NULL,NULL,NULL,NULL,NULL,NULL,'2019-09-13 18:36:29','2019-09-13 18:36:29'),(81,0,NULL,NULL,NULL,NULL,NULL,NULL,NULL,'2019-09-13 18:39:47','2019-09-13 18:39:54'),(82,215,NULL,NULL,NULL,NULL,NULL,NULL,NULL,'2019-09-13 18:41:47','2019-09-13 18:41:47'),(83,216,NULL,NULL,NULL,NULL,NULL,NULL,NULL,'2019-09-13 18:49:17','2019-09-13 18:49:17'),(84,217,NULL,NULL,NULL,NULL,NULL,NULL,NULL,'2019-09-13 18:51:06','2019-09-13 18:51:06'),(85,218,NULL,NULL,NULL,NULL,NULL,NULL,NULL,'2019-09-13 18:54:54','2019-09-13 18:54:54'),(86,219,NULL,NULL,NULL,NULL,NULL,NULL,NULL,'2019-09-13 18:56:22','2019-09-13 18:56:22'),(87,4,NULL,NULL,NULL,NULL,NULL,NULL,NULL,'2019-09-16 11:50:22','2019-09-16 11:50:22'),(88,220,NULL,NULL,NULL,NULL,NULL,NULL,NULL,'2019-09-16 14:51:47','2019-09-16 14:51:47'),(89,221,NULL,NULL,NULL,NULL,NULL,NULL,NULL,'2019-09-16 14:56:26','2019-09-16 14:56:26'),(90,239,NULL,NULL,NULL,NULL,NULL,NULL,NULL,'2019-09-17 17:42:42','2019-09-17 17:42:42'),(91,0,NULL,NULL,NULL,NULL,NULL,NULL,NULL,'2019-09-17 17:52:33','2019-09-17 17:52:52'),(93,0,NULL,NULL,NULL,NULL,NULL,NULL,NULL,'2019-09-18 14:06:04','2019-09-18 14:06:19'),(94,241,NULL,NULL,NULL,NULL,NULL,NULL,NULL,'2019-09-18 14:06:59','2019-09-18 14:06:59'),(100,2,NULL,NULL,NULL,NULL,NULL,NULL,NULL,'2019-09-19 18:31:20','2019-09-19 18:31:20'),(101,317,NULL,NULL,NULL,NULL,NULL,NULL,NULL,'2019-09-19 19:01:30','2019-09-19 19:01:30'),(102,318,NULL,NULL,NULL,NULL,NULL,NULL,NULL,'2019-09-19 19:02:24','2019-09-19 19:02:24'),(103,319,NULL,NULL,NULL,NULL,NULL,NULL,NULL,'2019-09-19 19:17:22','2019-09-19 19:17:22'),(104,320,NULL,NULL,NULL,NULL,NULL,NULL,NULL,'2019-09-19 19:17:32','2019-09-19 19:17:32'),(105,321,NULL,NULL,NULL,NULL,NULL,NULL,NULL,'2019-09-19 19:17:43','2019-09-19 19:17:43'),(106,322,NULL,NULL,NULL,NULL,NULL,NULL,NULL,'2019-09-19 19:17:53','2019-09-19 19:17:53'),(107,323,NULL,NULL,NULL,NULL,NULL,NULL,NULL,'2019-09-19 19:18:41','2019-09-19 19:18:41'),(108,325,NULL,NULL,NULL,NULL,NULL,NULL,NULL,'2019-09-20 10:39:20','2019-09-20 10:39:20'),(109,324,NULL,NULL,NULL,NULL,NULL,NULL,NULL,'2019-09-20 10:39:32','2019-09-20 10:39:32');
/*!40000 ALTER TABLE `m_emp_academic_acheiv` ENABLE KEYS */;
UNLOCK TABLES;

--
-- Table structure for table `m_emp_bank_details`
--

DROP TABLE IF EXISTS `m_emp_bank_details`;
/*!40101 SET @saved_cs_client     = @@character_set_client */;
/*!40101 SET character_set_client = utf8 */;
CREATE TABLE `m_emp_bank_details` (
  `id` int(11) NOT NULL AUTO_INCREMENT,
  `m_employee_id` int(11) DEFAULT NULL,
  `is_default` varchar(1) DEFAULT NULL,
  `bank_name` varchar(100) DEFAULT NULL,
  `branch_name` varchar(100) DEFAULT NULL,
  `acc_no` varchar(100) DEFAULT NULL,
  `ifsc_code` varchar(100) DEFAULT NULL,
  `bank_address` varchar(600) DEFAULT NULL,
  `bank_country` varchar(50) DEFAULT NULL,
  `is_enabled` varchar(1) DEFAULT NULL,
  `created_by` varchar(100) DEFAULT NULL,
  `modified_by` varchar(100) DEFAULT NULL,
  `created_dt` datetime DEFAULT NULL,
  `modified_dt` datetime DEFAULT NULL,
  PRIMARY KEY (`id`)
) ENGINE=InnoDB AUTO_INCREMENT=117 DEFAULT CHARSET=latin1;
/*!40101 SET character_set_client = @saved_cs_client */;

--
-- Dumping data for table `m_emp_bank_details`
--

LOCK TABLES `m_emp_bank_details` WRITE;
/*!40000 ALTER TABLE `m_emp_bank_details` DISABLE KEYS */;
INSERT INTO `m_emp_bank_details` VALUES (68,3,NULL,NULL,NULL,NULL,NULL,NULL,NULL,NULL,NULL,NULL,'2019-09-11 15:29:32','2019-09-11 15:29:32'),(69,0,NULL,NULL,NULL,NULL,NULL,NULL,NULL,NULL,NULL,NULL,'2019-09-11 15:33:40','2019-09-11 15:34:32'),(71,139,NULL,NULL,NULL,NULL,NULL,NULL,NULL,NULL,NULL,NULL,'2019-09-11 15:37:57','2019-09-11 15:37:57'),(72,140,NULL,NULL,NULL,NULL,NULL,NULL,NULL,NULL,NULL,NULL,'2019-09-11 15:38:47','2019-09-11 15:38:47'),(73,141,NULL,NULL,NULL,NULL,NULL,NULL,NULL,NULL,NULL,NULL,'2019-09-11 15:39:40','2019-09-11 15:39:40'),(74,0,NULL,NULL,NULL,NULL,NULL,NULL,NULL,NULL,NULL,NULL,'2019-09-11 15:40:50','2019-09-11 15:41:03'),(75,144,NULL,NULL,NULL,NULL,NULL,NULL,NULL,NULL,NULL,NULL,'2019-09-11 15:41:52','2019-09-11 15:41:52'),(76,145,NULL,NULL,NULL,NULL,NULL,NULL,NULL,NULL,NULL,NULL,'2019-09-11 15:42:37','2019-09-11 15:42:37'),(77,146,NULL,NULL,NULL,NULL,NULL,NULL,NULL,NULL,NULL,NULL,'2019-09-11 15:43:28','2019-09-11 15:43:28'),(78,147,NULL,NULL,NULL,NULL,NULL,NULL,NULL,NULL,NULL,NULL,'2019-09-11 15:44:13','2019-09-11 15:44:13'),(80,6,NULL,NULL,NULL,NULL,NULL,NULL,NULL,NULL,NULL,NULL,'2019-09-13 12:08:19','2019-09-13 12:08:19'),(84,207,NULL,NULL,NULL,NULL,NULL,NULL,NULL,NULL,NULL,NULL,'2019-09-13 17:09:15','2019-09-13 17:09:15'),(85,213,NULL,NULL,NULL,NULL,NULL,NULL,NULL,NULL,NULL,NULL,'2019-09-13 18:36:29','2019-09-13 18:36:29'),(86,0,NULL,NULL,NULL,NULL,NULL,NULL,NULL,NULL,NULL,NULL,'2019-09-13 18:39:47','2019-09-13 18:39:54'),(87,215,NULL,NULL,NULL,NULL,NULL,NULL,NULL,NULL,NULL,NULL,'2019-09-13 18:41:47','2019-09-13 18:41:47'),(88,216,NULL,NULL,NULL,NULL,NULL,NULL,NULL,NULL,NULL,NULL,'2019-09-13 18:49:17','2019-09-13 18:49:17'),(89,217,NULL,NULL,NULL,NULL,NULL,NULL,NULL,NULL,NULL,NULL,'2019-09-13 18:51:06','2019-09-13 18:51:06'),(90,218,NULL,NULL,NULL,NULL,NULL,NULL,NULL,NULL,NULL,NULL,'2019-09-13 18:54:54','2019-09-13 18:54:54'),(91,219,NULL,NULL,NULL,NULL,NULL,NULL,NULL,NULL,NULL,NULL,'2019-09-13 18:56:22','2019-09-13 18:56:22'),(92,4,NULL,NULL,NULL,NULL,NULL,NULL,NULL,NULL,NULL,NULL,'2019-09-16 11:50:22','2019-09-16 11:50:22'),(93,220,NULL,NULL,NULL,NULL,NULL,NULL,NULL,NULL,NULL,NULL,'2019-09-16 14:51:47','2019-09-16 14:51:47'),(94,221,NULL,NULL,NULL,NULL,NULL,NULL,NULL,NULL,NULL,NULL,'2019-09-16 14:56:26','2019-09-16 14:56:26'),(95,239,NULL,NULL,NULL,NULL,NULL,NULL,NULL,NULL,NULL,NULL,'2019-09-17 17:42:42','2019-09-17 17:42:42'),(96,0,NULL,NULL,NULL,NULL,NULL,NULL,NULL,NULL,NULL,NULL,'2019-09-17 17:52:33','2019-09-17 17:52:52'),(98,0,NULL,NULL,NULL,NULL,NULL,NULL,NULL,NULL,NULL,NULL,'2019-09-18 14:06:04','2019-09-18 14:06:19'),(99,241,NULL,NULL,NULL,NULL,NULL,NULL,NULL,NULL,NULL,NULL,'2019-09-18 14:06:59','2019-09-18 14:06:59'),(105,2,NULL,NULL,NULL,NULL,NULL,NULL,NULL,NULL,NULL,NULL,'2019-09-19 18:31:20','2019-09-19 18:31:20'),(106,317,NULL,NULL,NULL,NULL,NULL,NULL,NULL,NULL,NULL,NULL,'2019-09-19 19:01:30','2019-09-19 19:01:30'),(107,318,NULL,NULL,NULL,NULL,NULL,NULL,NULL,NULL,NULL,NULL,'2019-09-19 19:02:24','2019-09-19 19:02:24'),(108,319,NULL,NULL,NULL,NULL,NULL,NULL,NULL,NULL,NULL,NULL,'2019-09-19 19:17:22','2019-09-19 19:17:22'),(109,320,NULL,NULL,NULL,NULL,NULL,NULL,NULL,NULL,NULL,NULL,'2019-09-19 19:17:32','2019-09-19 19:17:32'),(110,321,NULL,NULL,NULL,NULL,NULL,NULL,NULL,NULL,NULL,NULL,'2019-09-19 19:17:43','2019-09-19 19:17:43'),(111,322,NULL,NULL,NULL,NULL,NULL,NULL,NULL,NULL,NULL,NULL,'2019-09-19 19:17:53','2019-09-19 19:17:53'),(112,323,NULL,NULL,NULL,NULL,NULL,NULL,NULL,NULL,NULL,NULL,'2019-09-19 19:18:41','2019-09-19 19:18:41'),(113,325,NULL,NULL,NULL,NULL,NULL,NULL,NULL,NULL,NULL,NULL,'2019-09-20 10:39:20','2019-09-20 10:39:20'),(114,324,NULL,NULL,NULL,NULL,NULL,NULL,NULL,NULL,NULL,NULL,'2019-09-20 10:39:32','2019-09-20 10:39:32'),(116,0,NULL,'Axis Bank ',NULL,'675yuitu','UTIB456',NULL,NULL,NULL,NULL,NULL,'2019-09-20 15:12:59','2019-09-20 15:13:15');
/*!40000 ALTER TABLE `m_emp_bank_details` ENABLE KEYS */;
UNLOCK TABLES;

--
-- Table structure for table `m_emp_cc`
--

DROP TABLE IF EXISTS `m_emp_cc`;
/*!40101 SET @saved_cs_client     = @@character_set_client */;
/*!40101 SET character_set_client = utf8 */;
CREATE TABLE `m_emp_cc` (
  `id` int(11) NOT NULL AUTO_INCREMENT,
  `m_employee_id` int(16) DEFAULT NULL,
  `is_enabled` varchar(1) DEFAULT NULL,
  `created_by` varchar(45) DEFAULT NULL,
  `modified_by` varchar(45) DEFAULT NULL,
  `created_dt` datetime DEFAULT NULL,
  `modified_dt` datetime DEFAULT NULL,
  `cost_center_id` varchar(100) DEFAULT NULL,
  PRIMARY KEY (`id`)
) ENGINE=InnoDB AUTO_INCREMENT=28 DEFAULT CHARSET=latin1;
/*!40101 SET character_set_client = @saved_cs_client */;

--
-- Dumping data for table `m_emp_cc`
--

LOCK TABLES `m_emp_cc` WRITE;
/*!40000 ALTER TABLE `m_emp_cc` DISABLE KEYS */;
/*!40000 ALTER TABLE `m_emp_cc` ENABLE KEYS */;
UNLOCK TABLES;

--
-- Table structure for table `m_emp_ctc`
--

DROP TABLE IF EXISTS `m_emp_ctc`;
/*!40101 SET @saved_cs_client     = @@character_set_client */;
/*!40101 SET character_set_client = utf8 */;
CREATE TABLE `m_emp_ctc` (
  `id` int(11) NOT NULL AUTO_INCREMENT,
  `employee_id` varchar(100) DEFAULT NULL,
  `is_active` varchar(1) DEFAULT NULL,
  `valid_from_dt` date DEFAULT NULL,
  `valid_to_dt` date DEFAULT NULL,
  `head1name` varchar(100) DEFAULT NULL,
  `head2name` varchar(100) DEFAULT NULL,
  `head3name` varchar(100) DEFAULT NULL,
  `head4name` varchar(100) DEFAULT NULL,
  `head5name` varchar(100) DEFAULT NULL,
  `head6name` varchar(100) DEFAULT NULL,
  `head7name` varchar(100) DEFAULT NULL,
  `head8name` varchar(100) DEFAULT NULL,
  `head9name` varchar(100) DEFAULT NULL,
  `head10name` varchar(100) DEFAULT NULL,
  `head1total` varchar(100) DEFAULT NULL,
  `head2total` varchar(100) DEFAULT NULL,
  `head3total` varchar(100) DEFAULT NULL,
  `head4total` varchar(100) DEFAULT NULL,
  `head5total` varchar(100) DEFAULT NULL,
  `head6total` varchar(100) DEFAULT NULL,
  `head7total` varchar(100) DEFAULT NULL,
  `head8total` varchar(100) DEFAULT NULL,
  `head9total` varchar(100) DEFAULT NULL,
  `head10total` varchar(100) DEFAULT NULL,
  `fixed_benefits` varchar(100) DEFAULT NULL,
  `is_enabled` varchar(1) DEFAULT NULL,
  `created_by` varchar(100) DEFAULT NULL,
  `modified_by` varchar(100) DEFAULT NULL,
  `created_dt` datetime DEFAULT NULL,
  `modified_dt` datetime DEFAULT NULL,
  PRIMARY KEY (`id`)
) ENGINE=InnoDB AUTO_INCREMENT=43 DEFAULT CHARSET=latin1;
/*!40101 SET character_set_client = @saved_cs_client */;

--
-- Dumping data for table `m_emp_ctc`
--

LOCK TABLES `m_emp_ctc` WRITE;
/*!40000 ALTER TABLE `m_emp_ctc` DISABLE KEYS */;
INSERT INTO `m_emp_ctc` VALUES (1,'115','Y','2018-04-16','2018-05-15','Y','User','User',NULL,'2018-06-09 09:57:26','A1. Fixed Benefits','A2. Additional Fixed Benefits','B. Variable Benefits','C. Annual Benefits','D. Retirement Benefits','','','','','','25000.00','1280.00','0.00','2500.00',NULL,NULL,NULL,NULL,NULL,NULL,'2025-00-00 00:00:00'),(41,'114','Y',NULL,NULL,'Y',NULL,NULL,'2018-06-08 17:49:54','2018-06-08 17:49:54','A1. Fixed Benefits','A2. Additional Fixed Benefits','B. Variable Benefits','C. Annual Benefits','D. Retirement Benefits',NULL,NULL,NULL,NULL,NULL,'20000.00',NULL,NULL,NULL,NULL,NULL,NULL,NULL,NULL,NULL,NULL),(42,'1','Y',NULL,NULL,'Y',NULL,NULL,'2018-08-10 10:41:10','2018-08-10 10:41:10','A1. Fixed Benefits','A2. Additional Fixed Benefits','B. Variable Benefits','C. Annual Benefits','D. Retirement Benefits',NULL,NULL,NULL,NULL,NULL,NULL,NULL,NULL,NULL,NULL,NULL,NULL,NULL,NULL,NULL,NULL);
/*!40000 ALTER TABLE `m_emp_ctc` ENABLE KEYS */;
UNLOCK TABLES;

--
-- Table structure for table `m_emp_ctc_line`
--

DROP TABLE IF EXISTS `m_emp_ctc_line`;
/*!40101 SET @saved_cs_client     = @@character_set_client */;
/*!40101 SET character_set_client = utf8 */;
CREATE TABLE `m_emp_ctc_line` (
  `id` int(11) NOT NULL AUTO_INCREMENT,
  `m_emp_ctc_id` varchar(100) DEFAULT NULL,
  `process_order` int(11) DEFAULT NULL,
  `s_payout_type_id` int(20) DEFAULT NULL,
  `head` varchar(100) DEFAULT NULL,
  `pay_cycle_id` varchar(100) DEFAULT NULL,
  `is_lump_sum` varchar(1) DEFAULT NULL,
  `unit_cost` varchar(100) DEFAULT NULL,
  `max_limit` varchar(100) DEFAULT NULL,
  `line_desc` varchar(1000) DEFAULT NULL,
  `hidden_to_employee` varchar(100) DEFAULT NULL,
  `formula` varchar(100) DEFAULT NULL,
  `calculated_amt` varchar(100) DEFAULT NULL,
  `is_enabled` varchar(1) DEFAULT NULL,
  `created_by` varchar(100) DEFAULT NULL,
  `modified_by` varchar(100) DEFAULT NULL,
  `created_dt` datetime DEFAULT NULL,
  `modified_dt` datetime DEFAULT NULL,
  PRIMARY KEY (`id`)
) ENGINE=InnoDB AUTO_INCREMENT=16 DEFAULT CHARSET=latin1;
/*!40101 SET character_set_client = @saved_cs_client */;

--
-- Dumping data for table `m_emp_ctc_line`
--

LOCK TABLES `m_emp_ctc_line` WRITE;
/*!40000 ALTER TABLE `m_emp_ctc_line` DISABLE KEYS */;
/*!40000 ALTER TABLE `m_emp_ctc_line` ENABLE KEYS */;
UNLOCK TABLES;

--
-- Table structure for table `m_emp_educational_info`
--

DROP TABLE IF EXISTS `m_emp_educational_info`;
/*!40101 SET @saved_cs_client     = @@character_set_client */;
/*!40101 SET character_set_client = utf8 */;
CREATE TABLE `m_emp_educational_info` (
  `id` int(11) NOT NULL AUTO_INCREMENT,
  `exam_name` varchar(100) DEFAULT NULL,
  `place` varchar(100) DEFAULT NULL,
  `year_of_passing` int(11) DEFAULT NULL,
  `specialization` varchar(100) DEFAULT NULL,
  `score` varchar(100) DEFAULT NULL,
  `type` varchar(100) DEFAULT NULL,
  `is_enabled` varchar(1) DEFAULT NULL,
  `created_by` varchar(100) DEFAULT NULL,
  `modified_by` varchar(100) DEFAULT NULL,
  `created_dt` datetime DEFAULT NULL,
  `modified_dt` datetime DEFAULT NULL,
  `m_employee_id` int(11) DEFAULT NULL,
  PRIMARY KEY (`id`)
) ENGINE=InnoDB AUTO_INCREMENT=207 DEFAULT CHARSET=latin1;
/*!40101 SET character_set_client = @saved_cs_client */;

--
-- Dumping data for table `m_emp_educational_info`
--

LOCK TABLES `m_emp_educational_info` WRITE;
/*!40000 ALTER TABLE `m_emp_educational_info` DISABLE KEYS */;
INSERT INTO `m_emp_educational_info` VALUES (158,NULL,NULL,NULL,NULL,NULL,NULL,NULL,NULL,NULL,'2019-09-11 15:29:32','2019-09-11 15:29:32',3),(159,NULL,NULL,NULL,NULL,NULL,NULL,NULL,NULL,NULL,'2019-09-11 15:33:40','2019-09-11 15:34:32',0),(161,NULL,NULL,NULL,NULL,NULL,NULL,NULL,NULL,NULL,'2019-09-11 15:37:57','2019-09-11 15:37:57',139),(162,NULL,NULL,NULL,NULL,NULL,NULL,NULL,NULL,NULL,'2019-09-11 15:38:47','2019-09-11 15:38:47',140),(163,NULL,NULL,NULL,NULL,NULL,NULL,NULL,NULL,NULL,'2019-09-11 15:39:40','2019-09-11 15:39:40',141),(164,NULL,NULL,NULL,NULL,NULL,NULL,NULL,NULL,NULL,'2019-09-11 15:40:50','2019-09-11 15:41:03',0),(165,NULL,NULL,NULL,NULL,NULL,NULL,NULL,NULL,NULL,'2019-09-11 15:41:52','2019-09-11 15:41:52',144),(166,NULL,NULL,NULL,NULL,NULL,NULL,NULL,NULL,NULL,'2019-09-11 15:42:37','2019-09-11 15:42:37',145),(167,NULL,NULL,NULL,NULL,NULL,NULL,NULL,NULL,NULL,'2019-09-11 15:43:28','2019-09-11 15:43:28',146),(168,NULL,NULL,NULL,NULL,NULL,NULL,NULL,NULL,NULL,'2019-09-11 15:44:13','2019-09-11 15:44:13',147),(170,NULL,NULL,NULL,NULL,NULL,NULL,NULL,NULL,NULL,'2019-09-13 12:08:19','2019-09-13 12:08:19',6),(174,NULL,NULL,NULL,NULL,NULL,NULL,NULL,NULL,NULL,'2019-09-13 17:09:15','2019-09-13 17:09:15',207),(175,NULL,NULL,NULL,NULL,NULL,NULL,NULL,NULL,NULL,'2019-09-13 18:36:29','2019-09-13 18:36:29',213),(176,NULL,NULL,NULL,NULL,NULL,NULL,NULL,NULL,NULL,'2019-09-13 18:39:47','2019-09-13 18:39:54',0),(177,NULL,NULL,NULL,NULL,NULL,NULL,NULL,NULL,NULL,'2019-09-13 18:41:47','2019-09-13 18:41:47',215),(178,NULL,NULL,NULL,NULL,NULL,NULL,NULL,NULL,NULL,'2019-09-13 18:49:17','2019-09-13 18:49:17',216),(179,NULL,NULL,NULL,NULL,NULL,NULL,NULL,NULL,NULL,'2019-09-13 18:51:06','2019-09-13 18:51:06',217),(180,NULL,NULL,NULL,NULL,NULL,NULL,NULL,NULL,NULL,'2019-09-13 18:54:54','2019-09-13 18:54:54',218),(181,NULL,NULL,NULL,NULL,NULL,NULL,NULL,NULL,NULL,'2019-09-13 18:56:22','2019-09-13 18:56:22',219),(182,NULL,NULL,NULL,NULL,NULL,NULL,NULL,NULL,NULL,'2019-09-16 11:50:22','2019-09-16 11:50:22',4),(183,NULL,NULL,NULL,NULL,NULL,NULL,NULL,NULL,NULL,'2019-09-16 14:51:47','2019-09-16 14:51:47',220),(184,NULL,NULL,NULL,NULL,NULL,NULL,NULL,NULL,NULL,'2019-09-16 14:56:26','2019-09-16 14:56:26',221),(185,NULL,NULL,NULL,NULL,NULL,NULL,NULL,NULL,NULL,'2019-09-17 17:42:42','2019-09-17 17:42:42',239),(186,NULL,NULL,NULL,NULL,NULL,NULL,NULL,NULL,NULL,'2019-09-17 17:52:33','2019-09-17 17:52:52',0),(188,NULL,NULL,NULL,NULL,NULL,NULL,NULL,NULL,NULL,'2019-09-18 14:06:04','2019-09-18 14:06:19',0),(189,NULL,NULL,NULL,NULL,NULL,NULL,NULL,NULL,NULL,'2019-09-18 14:06:59','2019-09-18 14:06:59',241),(195,NULL,NULL,NULL,NULL,NULL,NULL,NULL,NULL,NULL,'2019-09-19 18:31:20','2019-09-19 18:31:20',2),(196,NULL,NULL,NULL,NULL,NULL,NULL,NULL,NULL,NULL,'2019-09-19 19:01:30','2019-09-19 19:01:30',317),(197,NULL,NULL,NULL,NULL,NULL,NULL,NULL,NULL,NULL,'2019-09-19 19:02:24','2019-09-19 19:02:24',318),(198,NULL,NULL,NULL,NULL,NULL,NULL,NULL,NULL,NULL,'2019-09-19 19:17:22','2019-09-19 19:17:22',319),(199,NULL,NULL,NULL,NULL,NULL,NULL,NULL,NULL,NULL,'2019-09-19 19:17:32','2019-09-19 19:17:32',320),(200,NULL,NULL,NULL,NULL,NULL,NULL,NULL,NULL,NULL,'2019-09-19 19:17:43','2019-09-19 19:17:43',321),(201,NULL,NULL,NULL,NULL,NULL,NULL,NULL,NULL,NULL,'2019-09-19 19:17:53','2019-09-19 19:17:53',322),(202,NULL,NULL,NULL,NULL,NULL,NULL,NULL,NULL,NULL,'2019-09-19 19:18:41','2019-09-19 19:18:41',323),(203,NULL,NULL,NULL,NULL,NULL,NULL,NULL,NULL,NULL,'2019-09-20 10:39:20','2019-09-20 10:39:20',325),(204,NULL,NULL,NULL,NULL,NULL,NULL,NULL,NULL,NULL,'2019-09-20 10:39:32','2019-09-20 10:39:32',324),(206,'higher seconday','lady Andal',2007,'science gropup','93',NULL,NULL,NULL,NULL,'2019-09-20 15:08:00','2019-09-20 15:13:15',0);
/*!40000 ALTER TABLE `m_emp_educational_info` ENABLE KEYS */;
UNLOCK TABLES;

--
-- Table structure for table `m_emp_family_info`
--

DROP TABLE IF EXISTS `m_emp_family_info`;
/*!40101 SET @saved_cs_client     = @@character_set_client */;
/*!40101 SET character_set_client = utf8 */;
CREATE TABLE `m_emp_family_info` (
  `id` int(11) NOT NULL AUTO_INCREMENT,
  `name` varchar(100) DEFAULT NULL,
  `relation` varchar(100) DEFAULT NULL,
  `occupation` varchar(100) DEFAULT NULL,
  `email` varchar(100) DEFAULT NULL,
  `is_enabled` varchar(1) DEFAULT NULL,
  `created_by` varchar(100) DEFAULT NULL,
  `modified_by` varchar(100) DEFAULT NULL,
  `created_dt` datetime DEFAULT NULL,
  `modified_dt` datetime DEFAULT NULL,
  `m_employee_id` int(11) DEFAULT NULL,
  `contact_no` varchar(50) DEFAULT NULL,
  PRIMARY KEY (`id`)
) ENGINE=InnoDB AUTO_INCREMENT=202 DEFAULT CHARSET=latin1;
/*!40101 SET character_set_client = @saved_cs_client */;

--
-- Dumping data for table `m_emp_family_info`
--

LOCK TABLES `m_emp_family_info` WRITE;
/*!40000 ALTER TABLE `m_emp_family_info` DISABLE KEYS */;
INSERT INTO `m_emp_family_info` VALUES (154,NULL,NULL,NULL,NULL,NULL,NULL,NULL,'2019-09-11 15:29:32','2019-09-11 15:29:32',3,NULL),(155,NULL,NULL,NULL,NULL,NULL,NULL,NULL,'2019-09-11 15:33:40','2019-09-11 15:34:32',0,NULL),(157,NULL,NULL,NULL,NULL,NULL,NULL,NULL,'2019-09-11 15:37:57','2019-09-11 15:37:57',139,NULL),(158,NULL,NULL,NULL,NULL,NULL,NULL,NULL,'2019-09-11 15:38:47','2019-09-11 15:38:47',140,NULL),(159,NULL,NULL,NULL,NULL,NULL,NULL,NULL,'2019-09-11 15:39:40','2019-09-11 15:39:40',141,NULL),(160,NULL,NULL,NULL,NULL,NULL,NULL,NULL,'2019-09-11 15:40:50','2019-09-11 15:41:03',0,NULL),(161,NULL,NULL,NULL,NULL,NULL,NULL,NULL,'2019-09-11 15:41:52','2019-09-11 15:41:52',144,NULL),(162,NULL,NULL,NULL,NULL,NULL,NULL,NULL,'2019-09-11 15:42:37','2019-09-11 15:42:37',145,NULL),(163,NULL,NULL,NULL,NULL,NULL,NULL,NULL,'2019-09-11 15:43:28','2019-09-11 15:43:28',146,NULL),(164,NULL,NULL,NULL,NULL,NULL,NULL,NULL,'2019-09-11 15:44:13','2019-09-11 15:44:13',147,NULL),(166,NULL,NULL,NULL,NULL,NULL,NULL,NULL,'2019-09-13 12:08:19','2019-09-13 12:08:19',6,NULL),(170,NULL,NULL,NULL,NULL,NULL,NULL,NULL,'2019-09-13 17:09:15','2019-09-13 17:09:15',207,NULL),(171,NULL,NULL,NULL,NULL,NULL,NULL,NULL,'2019-09-13 18:36:29','2019-09-13 18:36:29',213,NULL),(172,NULL,NULL,NULL,NULL,NULL,NULL,NULL,'2019-09-13 18:39:47','2019-09-13 18:39:54',0,NULL),(173,NULL,NULL,NULL,NULL,NULL,NULL,NULL,'2019-09-13 18:41:47','2019-09-13 18:41:47',215,NULL),(174,NULL,NULL,NULL,NULL,NULL,NULL,NULL,'2019-09-13 18:49:17','2019-09-13 18:49:17',216,NULL),(175,NULL,NULL,NULL,NULL,NULL,NULL,NULL,'2019-09-13 18:51:06','2019-09-13 18:51:06',217,NULL),(176,NULL,NULL,NULL,NULL,NULL,NULL,NULL,'2019-09-13 18:54:54','2019-09-13 18:54:54',218,NULL),(177,NULL,NULL,NULL,NULL,NULL,NULL,NULL,'2019-09-13 18:56:22','2019-09-13 18:56:22',219,NULL),(178,NULL,NULL,NULL,NULL,NULL,NULL,NULL,'2019-09-16 11:50:22','2019-09-16 11:50:22',4,NULL),(179,NULL,NULL,NULL,NULL,NULL,NULL,NULL,'2019-09-16 14:51:47','2019-09-16 14:51:47',220,NULL),(180,NULL,NULL,NULL,NULL,NULL,NULL,NULL,'2019-09-16 14:56:26','2019-09-16 14:56:26',221,NULL),(181,NULL,NULL,NULL,NULL,NULL,NULL,NULL,'2019-09-17 17:42:42','2019-09-17 17:42:42',239,NULL),(182,NULL,NULL,NULL,NULL,NULL,NULL,NULL,'2019-09-17 17:52:33','2019-09-17 17:52:52',0,NULL),(184,NULL,NULL,NULL,NULL,NULL,NULL,NULL,'2019-09-18 14:06:04','2019-09-18 14:06:19',0,NULL),(185,NULL,NULL,NULL,NULL,NULL,NULL,NULL,'2019-09-18 14:06:59','2019-09-18 14:06:59',241,NULL),(191,NULL,NULL,NULL,NULL,NULL,NULL,NULL,'2019-09-19 18:31:20','2019-09-19 18:31:20',2,NULL),(192,NULL,NULL,NULL,NULL,NULL,NULL,NULL,'2019-09-19 19:01:30','2019-09-19 19:01:30',317,NULL),(193,NULL,NULL,NULL,NULL,NULL,NULL,NULL,'2019-09-19 19:02:24','2019-09-19 19:02:24',318,NULL),(194,NULL,NULL,NULL,NULL,NULL,NULL,NULL,'2019-09-19 19:17:22','2019-09-19 19:17:22',319,NULL),(195,NULL,NULL,NULL,NULL,NULL,NULL,NULL,'2019-09-19 19:17:32','2019-09-19 19:17:32',320,NULL),(196,NULL,NULL,NULL,NULL,NULL,NULL,NULL,'2019-09-19 19:17:43','2019-09-19 19:17:43',321,NULL),(197,NULL,NULL,NULL,NULL,NULL,NULL,NULL,'2019-09-19 19:17:53','2019-09-19 19:17:53',322,NULL),(198,NULL,NULL,NULL,NULL,NULL,NULL,NULL,'2019-09-19 19:18:41','2019-09-19 19:18:41',323,NULL),(199,NULL,NULL,NULL,NULL,NULL,NULL,NULL,'2019-09-20 10:39:20','2019-09-20 10:39:20',325,NULL),(200,NULL,NULL,NULL,NULL,NULL,NULL,NULL,'2019-09-20 10:39:32','2019-09-20 10:39:32',324,NULL);
/*!40000 ALTER TABLE `m_emp_family_info` ENABLE KEYS */;
UNLOCK TABLES;

--
-- Table structure for table `m_emp_languages`
--

DROP TABLE IF EXISTS `m_emp_languages`;
/*!40101 SET @saved_cs_client     = @@character_set_client */;
/*!40101 SET character_set_client = utf8 */;
CREATE TABLE `m_emp_languages` (
  `id` int(11) NOT NULL AUTO_INCREMENT,
  `language` varchar(50) DEFAULT NULL,
  `is_enabled` varchar(1) DEFAULT NULL,
  `created_by` varchar(50) DEFAULT NULL,
  `modified_by` varchar(50) DEFAULT NULL,
  `created_dt` datetime DEFAULT NULL,
  `modified_dt` datetime DEFAULT NULL,
  `m_employee_id` int(11) DEFAULT NULL,
  `lang_read` varchar(1) DEFAULT NULL,
  `lang_write` varchar(1) DEFAULT NULL,
  `lang_speak` varchar(1) DEFAULT NULL,
  PRIMARY KEY (`id`)
) ENGINE=InnoDB AUTO_INCREMENT=237 DEFAULT CHARSET=latin1;
/*!40101 SET character_set_client = @saved_cs_client */;

--
-- Dumping data for table `m_emp_languages`
--

LOCK TABLES `m_emp_languages` WRITE;
/*!40000 ALTER TABLE `m_emp_languages` DISABLE KEYS */;
INSERT INTO `m_emp_languages` VALUES (189,NULL,NULL,NULL,NULL,'2019-09-11 15:29:32','2019-09-16 09:49:31',3,'Y','Y','Y'),(190,NULL,NULL,NULL,NULL,'2019-09-11 15:33:40','2019-09-11 15:34:32',0,'Y','Y','Y'),(192,NULL,NULL,NULL,NULL,'2019-09-11 15:37:57','2019-09-11 15:51:13',139,'Y','Y','Y'),(193,NULL,NULL,NULL,NULL,'2019-09-11 15:38:47','2019-09-11 15:51:34',140,'Y','Y','Y'),(194,NULL,NULL,NULL,NULL,'2019-09-11 15:39:40','2019-09-11 15:52:03',141,'Y','Y','Y'),(195,NULL,NULL,NULL,NULL,'2019-09-11 15:40:50','2019-09-11 15:41:03',0,'Y','Y','Y'),(196,NULL,NULL,NULL,NULL,'2019-09-11 15:41:52','2019-09-11 15:52:23',144,'Y','Y','Y'),(197,NULL,NULL,NULL,NULL,'2019-09-11 15:42:37','2019-09-11 15:52:59',145,'Y','Y','Y'),(198,NULL,NULL,NULL,NULL,'2019-09-11 15:43:28','2019-09-11 15:53:19',146,'Y','Y','Y'),(199,NULL,NULL,NULL,NULL,'2019-09-11 15:44:13','2019-09-11 15:53:38',147,'Y','Y','Y'),(201,NULL,NULL,NULL,NULL,'2019-09-13 12:08:19','2019-09-13 12:09:02',6,'Y','Y','Y'),(205,NULL,NULL,NULL,NULL,'2019-09-13 17:09:15','2019-09-13 17:09:15',207,'N','N','N'),(206,NULL,NULL,NULL,NULL,'2019-09-13 18:36:29','2019-09-13 18:37:04',213,'Y','Y','Y'),(207,NULL,NULL,NULL,NULL,'2019-09-13 18:39:47','2019-09-13 18:39:54',0,'Y','Y','Y'),(208,NULL,NULL,NULL,NULL,'2019-09-13 18:41:47','2019-09-13 18:41:47',215,'N','N','N'),(209,NULL,NULL,NULL,NULL,'2019-09-13 18:49:17','2019-09-17 12:28:29',216,'Y','Y','Y'),(210,NULL,NULL,NULL,NULL,'2019-09-13 18:51:06','2019-09-13 18:51:47',217,'Y','Y','Y'),(211,NULL,NULL,NULL,NULL,'2019-09-13 18:54:54','2019-09-13 18:54:54',218,'N','N','N'),(212,NULL,NULL,NULL,NULL,'2019-09-13 18:56:22','2019-09-13 18:56:22',219,'N','N','N'),(213,NULL,NULL,NULL,NULL,'2019-09-16 11:50:22','2019-09-17 12:26:51',4,'Y','Y','Y'),(214,NULL,NULL,NULL,NULL,'2019-09-16 14:51:47','2019-09-16 14:51:47',220,'N','N','N'),(215,NULL,NULL,NULL,NULL,'2019-09-16 14:56:26','2019-09-16 14:56:26',221,'N','N','N'),(216,NULL,NULL,NULL,NULL,'2019-09-17 17:42:42','2019-09-17 17:43:39',239,'Y','Y','Y'),(217,NULL,NULL,NULL,NULL,'2019-09-17 17:52:33','2019-09-17 17:52:52',0,'Y','Y','Y'),(219,NULL,NULL,NULL,NULL,'2019-09-18 14:06:04','2019-09-18 14:06:19',0,'Y','Y','Y'),(220,NULL,NULL,NULL,NULL,'2019-09-18 14:06:59','2019-09-18 14:06:59',241,'N','N','N'),(226,NULL,NULL,NULL,NULL,'2019-09-19 18:31:20','2019-09-19 18:31:20',2,'Y','Y','Y'),(227,NULL,NULL,NULL,NULL,'2019-09-19 19:01:30','2019-09-19 21:44:17',317,'Y','Y','Y'),(228,NULL,NULL,NULL,NULL,'2019-09-19 19:02:24','2019-09-20 18:35:02',318,'Y','Y','Y'),(229,NULL,NULL,NULL,NULL,'2019-09-19 19:17:22','2019-09-19 19:17:22',319,'N','N','N'),(230,NULL,NULL,NULL,NULL,'2019-09-19 19:17:32','2019-09-20 18:35:40',320,'Y','Y','Y'),(231,NULL,NULL,NULL,NULL,'2019-09-19 19:17:43','2019-09-20 14:33:49',321,'Y','Y','Y'),(232,NULL,NULL,NULL,NULL,'2019-09-19 19:17:53','2019-09-20 14:33:09',322,'Y','Y','Y'),(233,NULL,NULL,NULL,NULL,'2019-09-19 19:18:41','2019-09-19 19:18:41',323,'N','N','N'),(234,NULL,NULL,NULL,NULL,'2019-09-20 10:39:20','2019-09-20 10:39:20',325,'N','N','N'),(235,NULL,NULL,NULL,NULL,'2019-09-20 10:39:32','2019-09-20 10:40:08',324,'Y','Y','Y');
/*!40000 ALTER TABLE `m_emp_languages` ENABLE KEYS */;
UNLOCK TABLES;

--
-- Table structure for table `m_emp_leave_bal`
--

DROP TABLE IF EXISTS `m_emp_leave_bal`;
/*!40101 SET @saved_cs_client     = @@character_set_client */;
/*!40101 SET character_set_client = utf8 */;
CREATE TABLE `m_emp_leave_bal` (
  `id` int(11) NOT NULL AUTO_INCREMENT,
  `employee_id` varchar(100) DEFAULT NULL,
  `fiscal_year_id` varchar(100) DEFAULT NULL,
  `leave_type_id` varchar(100) DEFAULT NULL,
  `leave_balance` varchar(100) DEFAULT NULL,
  `carried_over` varchar(100) DEFAULT NULL,
  `remarks` varchar(100) DEFAULT NULL,
  `is_enabled` varchar(1) DEFAULT NULL,
  `created_by` varchar(100) DEFAULT NULL,
  `modified_by` varchar(100) DEFAULT NULL,
  `created_dt` datetime DEFAULT NULL,
  `modified_dt` datetime DEFAULT NULL,
  `leaves_type` varchar(100) DEFAULT NULL,
  `availed_count` varchar(100) DEFAULT NULL,
  PRIMARY KEY (`id`)
) ENGINE=InnoDB AUTO_INCREMENT=314 DEFAULT CHARSET=latin1;
/*!40101 SET character_set_client = @saved_cs_client */;

--
-- Dumping data for table `m_emp_leave_bal`
--

LOCK TABLES `m_emp_leave_bal` WRITE;
/*!40000 ALTER TABLE `m_emp_leave_bal` DISABLE KEYS */;
INSERT INTO `m_emp_leave_bal` VALUES (35,'317','1','1','10','10',NULL,NULL,NULL,NULL,NULL,NULL,NULL,'10'),(36,'317','1','2','10','10',NULL,NULL,NULL,NULL,NULL,NULL,NULL,'10'),(37,'317','1','3','10','10',NULL,NULL,NULL,NULL,NULL,NULL,NULL,'10'),(38,'317','1','4','10','10',NULL,NULL,NULL,NULL,NULL,NULL,NULL,'10'),(39,'317','1','6','10','10',NULL,NULL,NULL,NULL,NULL,NULL,NULL,'10'),(40,'317','1','7','10','10',NULL,NULL,NULL,NULL,NULL,NULL,NULL,'10'),(41,'318','1','1','10','10',NULL,NULL,NULL,NULL,NULL,NULL,NULL,'10'),(42,'318','1','2','10','10',NULL,NULL,NULL,NULL,NULL,NULL,NULL,'10'),(43,'318','1','3','10','10',NULL,NULL,NULL,NULL,NULL,NULL,NULL,'10'),(44,'318','1','4','10','10',NULL,NULL,NULL,NULL,NULL,NULL,NULL,'10'),(45,'318','1','6','10','10',NULL,NULL,NULL,NULL,NULL,NULL,NULL,'10'),(46,'318','1','7','10','10',NULL,NULL,NULL,NULL,NULL,NULL,NULL,'10'),(47,'319','1','1','10','10',NULL,NULL,NULL,NULL,NULL,NULL,NULL,'10'),(48,'319','1','2','10','10',NULL,NULL,NULL,NULL,NULL,NULL,NULL,'10'),(49,'319','1','3','10','10',NULL,NULL,NULL,NULL,NULL,NULL,NULL,'10'),(50,'319','1','4','10','10',NULL,NULL,NULL,NULL,NULL,NULL,NULL,'10'),(51,'319','1','6','10','10',NULL,NULL,NULL,NULL,NULL,NULL,NULL,'10'),(52,'319','1','7','10','10',NULL,NULL,NULL,NULL,NULL,NULL,NULL,'10'),(53,'320','1','1','10','10',NULL,NULL,NULL,NULL,NULL,NULL,NULL,'10'),(54,'320','1','2','10','10',NULL,NULL,NULL,NULL,NULL,NULL,NULL,'10'),(55,'320','1','3','10','10',NULL,NULL,NULL,NULL,NULL,NULL,NULL,'10'),(56,'320','1','4','10','10',NULL,NULL,NULL,NULL,NULL,NULL,NULL,'10'),(57,'320','1','6','10','10',NULL,NULL,NULL,NULL,NULL,NULL,NULL,'10'),(58,'320','1','7','10','10',NULL,NULL,NULL,NULL,NULL,NULL,NULL,'10'),(59,'321','1','1','10','10',NULL,NULL,NULL,NULL,NULL,NULL,NULL,'10'),(60,'321','1','2','10','10',NULL,NULL,NULL,NULL,NULL,NULL,NULL,'10'),(61,'321','1','3','10','10',NULL,NULL,NULL,NULL,NULL,NULL,NULL,'10'),(62,'321','1','4','10','10',NULL,NULL,NULL,NULL,NULL,NULL,NULL,'10'),(63,'321','1','6','10','10',NULL,NULL,NULL,NULL,NULL,NULL,NULL,'10'),(64,'321','1','7','10','10',NULL,NULL,NULL,NULL,NULL,NULL,NULL,'10'),(65,'322','1','1','10','10',NULL,NULL,NULL,NULL,NULL,NULL,NULL,'10'),(66,'322','1','2','10','10',NULL,NULL,NULL,NULL,NULL,NULL,NULL,'10'),(67,'322','1','3','10','10',NULL,NULL,NULL,NULL,NULL,NULL,NULL,'10'),(68,'322','1','4','10','10',NULL,NULL,NULL,NULL,NULL,NULL,NULL,'10'),(69,'322','1','6','10','10',NULL,NULL,NULL,NULL,NULL,NULL,NULL,'10'),(70,'322','1','7','10','10',NULL,NULL,NULL,NULL,NULL,NULL,NULL,'10'),(71,'323','1','1','10','10',NULL,NULL,NULL,NULL,NULL,NULL,NULL,'10'),(72,'323','1','2','10','10',NULL,NULL,NULL,NULL,NULL,NULL,NULL,'10'),(73,'323','1','3','10','10',NULL,NULL,NULL,NULL,NULL,NULL,NULL,'10'),(74,'323','1','4','10','10',NULL,NULL,NULL,NULL,NULL,NULL,NULL,'10'),(75,'323','1','6','10','10',NULL,NULL,NULL,NULL,NULL,NULL,NULL,'10'),(76,'323','1','7','10','10',NULL,NULL,NULL,NULL,NULL,NULL,NULL,'10'),(77,'325','1','1','10','10',NULL,NULL,NULL,NULL,'2019-09-20 11:37:42','2019-09-20 11:37:42',NULL,'10'),(78,'325','1','6','10','10',NULL,NULL,NULL,NULL,'2019-09-20 11:50:27','2019-09-20 11:50:27',NULL,'10'),(127,'338','1','1','10','10',NULL,NULL,NULL,NULL,'2019-09-22 10:45:48','2019-09-22 10:45:48',NULL,'10'),(308,'373','1','1','10','10',NULL,NULL,NULL,NULL,'2019-09-23 12:11:39','2019-09-23 12:11:39',NULL,'10'),(309,'373','1','2','10','10',NULL,NULL,NULL,NULL,'2019-09-23 12:11:44','2019-09-23 12:11:44',NULL,'10'),(310,'373','1','3','10','10',NULL,NULL,NULL,NULL,'2019-09-23 12:11:50','2019-09-23 12:11:50',NULL,'10'),(311,'373','1','4','10','10',NULL,NULL,NULL,NULL,'2019-09-23 12:11:55','2019-09-23 12:11:55',NULL,'10'),(312,'373','1','6','10','10',NULL,NULL,NULL,NULL,'2019-09-23 12:12:00','2019-09-23 12:12:00',NULL,'10'),(313,'373','1','7','10','10',NULL,NULL,NULL,NULL,'2019-09-23 12:12:05','2019-09-23 12:12:05',NULL,'10');
/*!40000 ALTER TABLE `m_emp_leave_bal` ENABLE KEYS */;
UNLOCK TABLES;

--
-- Table structure for table `m_emp_loc`
--

DROP TABLE IF EXISTS `m_emp_loc`;
/*!40101 SET @saved_cs_client     = @@character_set_client */;
/*!40101 SET character_set_client = utf8 */;
CREATE TABLE `m_emp_loc` (
  `m_employee_id` int(11) NOT NULL,
  `s_location_id` int(11) NOT NULL,
  PRIMARY KEY (`m_employee_id`,`s_location_id`),
  KEY `FKk758nv4n5oyjn9qj1h66bn919` (`s_location_id`),
  CONSTRAINT `FKber8vplvmirtyxyt1frm0ro21` FOREIGN KEY (`m_employee_id`) REFERENCES `m_employee` (`id`),
  CONSTRAINT `FKk758nv4n5oyjn9qj1h66bn919` FOREIGN KEY (`s_location_id`) REFERENCES `s_location` (`id`)
) ENGINE=InnoDB DEFAULT CHARSET=latin1;
/*!40101 SET character_set_client = @saved_cs_client */;

--
-- Dumping data for table `m_emp_loc`
--

LOCK TABLES `m_emp_loc` WRITE;
/*!40000 ALTER TABLE `m_emp_loc` DISABLE KEYS */;
/*!40000 ALTER TABLE `m_emp_loc` ENABLE KEYS */;
UNLOCK TABLES;

--
-- Table structure for table `m_emp_prev_employ_details`
--

DROP TABLE IF EXISTS `m_emp_prev_employ_details`;
/*!40101 SET @saved_cs_client     = @@character_set_client */;
/*!40101 SET character_set_client = utf8 */;
CREATE TABLE `m_emp_prev_employ_details` (
  `id` int(11) NOT NULL AUTO_INCREMENT,
  `org_name` varchar(100) DEFAULT NULL,
  `org_position` varchar(100) DEFAULT NULL,
  `from_dt` date DEFAULT NULL,
  `to_dt` date DEFAULT NULL,
  `job_desc` varchar(1000) DEFAULT NULL,
  `start_dt` datetime DEFAULT NULL,
  `end_dt` datetime DEFAULT NULL,
  `is_enabled` varchar(1) DEFAULT NULL,
  `created_by` varchar(100) DEFAULT NULL,
  `modified_by` varchar(100) DEFAULT NULL,
  `created_dt` datetime DEFAULT NULL,
  `modified_dt` datetime DEFAULT NULL,
  `m_employee_id` int(11) DEFAULT NULL,
  PRIMARY KEY (`id`)
) ENGINE=InnoDB AUTO_INCREMENT=205 DEFAULT CHARSET=latin1;
/*!40101 SET character_set_client = @saved_cs_client */;

--
-- Dumping data for table `m_emp_prev_employ_details`
--

LOCK TABLES `m_emp_prev_employ_details` WRITE;
/*!40000 ALTER TABLE `m_emp_prev_employ_details` DISABLE KEYS */;
INSERT INTO `m_emp_prev_employ_details` VALUES (156,NULL,NULL,NULL,NULL,NULL,NULL,NULL,NULL,NULL,NULL,'2019-09-11 15:29:32','2019-09-11 15:29:32',3),(157,NULL,NULL,NULL,NULL,NULL,NULL,NULL,NULL,NULL,NULL,'2019-09-11 15:33:40','2019-09-11 15:34:32',NULL),(159,NULL,NULL,NULL,NULL,NULL,NULL,NULL,NULL,NULL,NULL,'2019-09-11 15:37:57','2019-09-11 15:37:57',139),(160,NULL,NULL,NULL,NULL,NULL,NULL,NULL,NULL,NULL,NULL,'2019-09-11 15:38:47','2019-09-11 15:38:47',140),(161,NULL,NULL,NULL,NULL,NULL,NULL,NULL,NULL,NULL,NULL,'2019-09-11 15:39:40','2019-09-11 15:39:40',141),(162,NULL,NULL,NULL,NULL,NULL,NULL,NULL,NULL,NULL,NULL,'2019-09-11 15:40:50','2019-09-11 15:41:03',NULL),(163,NULL,NULL,NULL,NULL,NULL,NULL,NULL,NULL,NULL,NULL,'2019-09-11 15:41:52','2019-09-11 15:41:52',144),(164,NULL,NULL,NULL,NULL,NULL,NULL,NULL,NULL,NULL,NULL,'2019-09-11 15:42:37','2019-09-11 15:42:37',145),(165,NULL,NULL,NULL,NULL,NULL,NULL,NULL,NULL,NULL,NULL,'2019-09-11 15:43:28','2019-09-11 15:43:28',146),(166,NULL,NULL,NULL,NULL,NULL,NULL,NULL,NULL,NULL,NULL,'2019-09-11 15:44:13','2019-09-11 15:44:13',147),(168,NULL,NULL,NULL,NULL,NULL,NULL,NULL,NULL,NULL,NULL,'2019-09-13 12:08:19','2019-09-13 12:08:19',6),(172,NULL,NULL,NULL,NULL,NULL,NULL,NULL,NULL,NULL,NULL,'2019-09-13 17:09:15','2019-09-13 17:09:15',207),(173,NULL,NULL,NULL,NULL,NULL,NULL,NULL,NULL,NULL,NULL,'2019-09-13 18:36:29','2019-09-13 18:36:29',213),(174,NULL,NULL,NULL,NULL,NULL,NULL,NULL,NULL,NULL,NULL,'2019-09-13 18:39:47','2019-09-13 18:39:54',NULL),(175,NULL,NULL,NULL,NULL,NULL,NULL,NULL,NULL,NULL,NULL,'2019-09-13 18:41:47','2019-09-13 18:41:47',215),(176,NULL,NULL,NULL,NULL,NULL,NULL,NULL,NULL,NULL,NULL,'2019-09-13 18:49:17','2019-09-13 18:49:17',216),(177,NULL,NULL,NULL,NULL,NULL,NULL,NULL,NULL,NULL,NULL,'2019-09-13 18:51:06','2019-09-13 18:51:06',217),(178,NULL,NULL,NULL,NULL,NULL,NULL,NULL,NULL,NULL,NULL,'2019-09-13 18:54:54','2019-09-13 18:54:54',218),(179,NULL,NULL,NULL,NULL,NULL,NULL,NULL,NULL,NULL,NULL,'2019-09-13 18:56:22','2019-09-13 18:56:22',219),(180,NULL,NULL,NULL,NULL,NULL,NULL,NULL,NULL,NULL,NULL,'2019-09-16 11:50:22','2019-09-16 11:50:22',4),(181,NULL,NULL,NULL,NULL,NULL,NULL,NULL,NULL,NULL,NULL,'2019-09-16 14:51:47','2019-09-16 14:51:47',220),(182,NULL,NULL,NULL,NULL,NULL,NULL,NULL,NULL,NULL,NULL,'2019-09-16 14:56:26','2019-09-16 14:56:26',221),(183,NULL,NULL,NULL,NULL,NULL,NULL,NULL,NULL,NULL,NULL,'2019-09-17 17:42:42','2019-09-17 17:42:42',239),(184,NULL,NULL,NULL,NULL,NULL,NULL,NULL,NULL,NULL,NULL,'2019-09-17 17:52:33','2019-09-17 17:52:52',NULL),(186,NULL,NULL,NULL,NULL,NULL,NULL,NULL,NULL,NULL,NULL,'2019-09-18 14:06:04','2019-09-18 14:06:19',NULL),(187,NULL,NULL,NULL,NULL,NULL,NULL,NULL,NULL,NULL,NULL,'2019-09-18 14:06:59','2019-09-18 14:06:59',241),(193,NULL,NULL,NULL,NULL,NULL,NULL,NULL,NULL,NULL,NULL,'2019-09-19 18:31:20','2019-09-19 18:31:20',2),(194,NULL,NULL,NULL,NULL,NULL,NULL,NULL,NULL,NULL,NULL,'2019-09-19 19:01:30','2019-09-19 19:01:30',317),(195,NULL,NULL,NULL,NULL,NULL,NULL,NULL,NULL,NULL,NULL,'2019-09-19 19:02:24','2019-09-19 19:02:24',318),(196,NULL,NULL,NULL,NULL,NULL,NULL,NULL,NULL,NULL,NULL,'2019-09-19 19:17:22','2019-09-19 19:17:22',319),(197,NULL,NULL,NULL,NULL,NULL,NULL,NULL,NULL,NULL,NULL,'2019-09-19 19:17:32','2019-09-19 19:17:32',320),(198,NULL,NULL,NULL,NULL,NULL,NULL,NULL,NULL,NULL,NULL,'2019-09-19 19:17:43','2019-09-19 19:17:43',321),(199,NULL,NULL,NULL,NULL,NULL,NULL,NULL,NULL,NULL,NULL,'2019-09-19 19:17:53','2019-09-19 19:17:53',322),(200,NULL,NULL,NULL,NULL,NULL,NULL,NULL,NULL,NULL,NULL,'2019-09-19 19:18:41','2019-09-19 19:18:41',323),(201,NULL,NULL,NULL,NULL,NULL,NULL,NULL,NULL,NULL,NULL,'2019-09-20 10:39:20','2019-09-20 10:39:20',325),(202,NULL,NULL,NULL,NULL,NULL,NULL,NULL,NULL,NULL,NULL,'2019-09-20 10:39:32','2019-09-20 10:39:32',324);
/*!40000 ALTER TABLE `m_emp_prev_employ_details` ENABLE KEYS */;
UNLOCK TABLES;

--
-- Table structure for table `m_emp_skill`
--

DROP TABLE IF EXISTS `m_emp_skill`;
/*!40101 SET @saved_cs_client     = @@character_set_client */;
/*!40101 SET character_set_client = utf8 */;
CREATE TABLE `m_emp_skill` (
  `id` int(11) NOT NULL AUTO_INCREMENT,
  `m_employee_id` int(11) DEFAULT NULL,
  `m_service_id` int(11) DEFAULT NULL,
  `m_product_id` int(11) DEFAULT NULL,
  `skill_level_code` varchar(100) DEFAULT NULL,
  `created_by` varchar(100) DEFAULT NULL,
  `modified_by` varchar(100) DEFAULT NULL,
  `created_dt` date DEFAULT NULL,
  `modified_dt` date DEFAULT NULL,
  `is_enabled` varchar(1) DEFAULT NULL,
  PRIMARY KEY (`id`)
) ENGINE=InnoDB AUTO_INCREMENT=115 DEFAULT CHARSET=latin1;
/*!40101 SET character_set_client = @saved_cs_client */;

--
-- Dumping data for table `m_emp_skill`
--

LOCK TABLES `m_emp_skill` WRITE;
/*!40000 ALTER TABLE `m_emp_skill` DISABLE KEYS */;
INSERT INTO `m_emp_skill` VALUES (59,2,16,3,'1',NULL,NULL,'2019-08-05','2019-08-05',NULL),(60,2,1,3,'2',NULL,NULL,'2019-08-07','2019-08-07',NULL),(67,2,2,4,'1',NULL,NULL,'2019-09-11','2019-09-11',NULL),(68,3,0,0,NULL,NULL,NULL,'2019-09-11','2019-09-11',NULL),(69,0,0,0,'1',NULL,NULL,'2019-09-11','2019-09-11',NULL),(71,139,16,4,'2',NULL,NULL,'2019-09-11','2019-09-15',NULL),(72,140,0,0,'1',NULL,NULL,'2019-09-11','2019-09-11',NULL),(73,141,0,0,'1',NULL,NULL,'2019-09-11','2019-09-11',NULL),(74,0,0,0,'1',NULL,NULL,'2019-09-11','2019-09-11',NULL),(75,144,0,0,'1',NULL,NULL,'2019-09-11','2019-09-11',NULL),(76,145,0,0,'1',NULL,NULL,'2019-09-11','2019-09-11',NULL),(77,146,0,0,'1',NULL,NULL,'2019-09-11','2019-09-11',NULL),(78,147,0,0,'1',NULL,NULL,'2019-09-11','2019-09-11',NULL),(80,6,0,0,NULL,NULL,NULL,'2019-09-13','2019-09-13',NULL),(84,207,0,0,'1',NULL,NULL,'2019-09-13','2019-09-13',NULL),(85,213,0,0,'1',NULL,NULL,'2019-09-13','2019-09-13',NULL),(86,0,0,0,'1',NULL,NULL,'2019-09-13','2019-09-13',NULL),(87,215,0,0,'1',NULL,NULL,'2019-09-13','2019-09-13',NULL),(88,216,1,3,'1',NULL,NULL,'2019-09-13','2019-09-17',NULL),(89,217,0,0,'1',NULL,NULL,'2019-09-13','2019-09-13',NULL),(90,218,0,0,'1',NULL,NULL,'2019-09-13','2019-09-13',NULL),(91,219,0,0,'1',NULL,NULL,'2019-09-13','2019-09-13',NULL),(92,4,0,0,NULL,NULL,NULL,'2019-09-16','2019-09-16',NULL),(93,220,0,0,'1',NULL,NULL,'2019-09-16','2019-09-16',NULL),(94,221,0,0,'1',NULL,NULL,'2019-09-16','2019-09-16',NULL),(95,239,0,0,'1',NULL,NULL,'2019-09-17','2019-09-17',NULL),(96,0,0,0,'1',NULL,NULL,'2019-09-17','2019-09-17',NULL),(98,0,0,0,'1',NULL,NULL,'2019-09-18','2019-09-18',NULL),(99,241,0,0,NULL,NULL,NULL,'2019-09-18','2019-09-18',NULL),(105,317,0,0,'1',NULL,NULL,'2019-09-19','2019-09-20',NULL),(106,318,0,0,'1',NULL,NULL,'2019-09-19','2019-09-19',NULL),(107,319,0,0,'1',NULL,NULL,'2019-09-19','2019-09-19',NULL),(108,320,0,0,NULL,NULL,NULL,'2019-09-19','2019-09-19',NULL),(109,321,0,0,NULL,NULL,NULL,'2019-09-19','2019-09-19',NULL),(110,322,0,0,'1',NULL,NULL,'2019-09-19','2019-09-19',NULL),(111,323,0,0,NULL,NULL,NULL,'2019-09-19','2019-09-19',NULL),(112,325,0,0,'1',NULL,NULL,'2019-09-20','2019-09-20',NULL),(113,324,0,0,NULL,NULL,NULL,'2019-09-20','2019-09-20',NULL);
/*!40000 ALTER TABLE `m_emp_skill` ENABLE KEYS */;
UNLOCK TABLES;

--
-- Table structure for table `m_employee`
--

DROP TABLE IF EXISTS `m_employee`;
/*!40101 SET @saved_cs_client     = @@character_set_client */;
/*!40101 SET character_set_client = utf8 */;
CREATE TABLE `m_employee` (
  `id` int(11) NOT NULL AUTO_INCREMENT,
  `internal_id` varchar(100) DEFAULT NULL,
  `email_id` varchar(255) DEFAULT NULL,
  `emp_name` varchar(255) DEFAULT NULL,
  `emp_code` varchar(255) DEFAULT NULL,
  `emp_type_code` varchar(255) DEFAULT NULL,
  `emp_status` varchar(100) DEFAULT NULL,
  `m_office_id` int(11) DEFAULT NULL,
  `m_country_id` int(11) DEFAULT NULL,
  `designation_id` int(11) DEFAULT NULL,
  `dept_id` int(11) DEFAULT NULL,
  `login_user_id` varchar(255) DEFAULT NULL,
  `grade_id` int(11) DEFAULT NULL,
  `review_manager_id` varchar(255) DEFAULT NULL,
  `manager_id` varchar(255) DEFAULT NULL,
  `hr_1_usr_grp_id` varchar(255) DEFAULT NULL,
  `hr_2_usr_grp_id` varchar(255) DEFAULT NULL,
  `is_acc_1_usr_grp_id` varchar(100) DEFAULT NULL,
  `is_acc_2_usr_grp_id` varchar(100) DEFAULT NULL,
  `aadhar_no` varchar(255) DEFAULT NULL,
  `first_name` varchar(100) DEFAULT NULL,
  `last_name` varchar(100) DEFAULT NULL,
  `doj` varchar(100) DEFAULT NULL,
  `is_middle_level_manager` varchar(100) DEFAULT NULL,
  `is_high_level_manager` varchar(100) DEFAULT NULL,
  `contractor_code` varchar(100) DEFAULT NULL,
  `annually` varchar(255) DEFAULT NULL,
  `benefits` varchar(255) DEFAULT NULL,
  `blood_group` varchar(255) DEFAULT NULL,
  `contact_email_id` varchar(255) DEFAULT NULL,
  `contact_mobile_no` varchar(255) DEFAULT NULL,
  `contact_no` varchar(255) DEFAULT NULL,
  `is_enabled` varchar(255) DEFAULT NULL,
  `created_by` varchar(255) DEFAULT NULL,
  `created_dt` datetime(6) DEFAULT NULL,
  `modified_by` varchar(255) DEFAULT NULL,
  `modified_dt` datetime(6) DEFAULT NULL,
  `cur_address` varchar(255) DEFAULT NULL,
  `default_attendance_code` varchar(255) DEFAULT NULL,
  `dob` varchar(255) DEFAULT NULL,
  `driving_license` varchar(255) DEFAULT NULL,
  `end_dt` datetime(6) DEFAULT NULL,
  `epf_no` varchar(255) DEFAULT NULL,
  `esi_no` varchar(255) DEFAULT NULL,
  `eye_left_power` varchar(255) DEFAULT NULL,
  `eye_power` varchar(255) DEFAULT NULL,
  `eye_right_power` varchar(255) DEFAULT NULL,
  `gender` varchar(255) DEFAULT NULL,
  `gross` varchar(255) DEFAULT NULL,
  `gross_other` varchar(255) DEFAULT NULL,
  `height` varchar(255) DEFAULT NULL,
  `hobbies` varchar(255) DEFAULT NULL,
  `identifn_mrk1` varchar(255) DEFAULT NULL,
  `identifn_mrk2` varchar(255) DEFAULT NULL,
  `job_opening` varchar(255) DEFAULT NULL,
  `marital_status` varchar(255) DEFAULT NULL,
  `monthly` varchar(255) DEFAULT NULL,
  `name` varchar(255) DEFAULT NULL,
  `next_incr` varchar(255) DEFAULT NULL,
  `no_of_children` int(11) DEFAULT NULL,
  `no_of_dependant` int(11) DEFAULT NULL,
  `offences` varchar(255) DEFAULT NULL,
  `pan_no` varchar(255) DEFAULT NULL,
  `passport` varchar(255) DEFAULT NULL,
  `perm_address` varchar(255) DEFAULT NULL,
  `perm_contact_no` varchar(255) DEFAULT NULL,
  `physical_chalng` varchar(255) DEFAULT NULL,
  `reference1` varchar(255) DEFAULT NULL,
  `reference2` varchar(255) DEFAULT NULL,
  `rel_in_podhigai` varchar(255) DEFAULT NULL,
  `rel_name` varchar(255) DEFAULT NULL,
  `relation` varchar(255) DEFAULT NULL,
  `relations` varchar(255) DEFAULT NULL,
  `remarks` varchar(255) DEFAULT NULL,
  `spouse_name` varchar(255) DEFAULT NULL,
  `spouse_occup` varchar(255) DEFAULT NULL,
  `start_dt` datetime(6) DEFAULT NULL,
  `take_home` varchar(255) DEFAULT NULL,
  `temp_contact_no` varchar(255) DEFAULT NULL,
  `weight` varchar(255) DEFAULT NULL,
  `doc_id` varchar(100) DEFAULT NULL,
  `pan_doc_id` varchar(100) DEFAULT NULL,
  `aadhar_doc_id` varchar(100) DEFAULT NULL,
  `pass_book_doc_id` varchar(100) DEFAULT NULL,
  `is_billable` varchar(100) DEFAULT NULL,
  `pf_no` varchar(100) DEFAULT NULL,
  `uan_no` varchar(100) DEFAULT NULL,
  `rela_cont_no_2` varchar(100) DEFAULT NULL,
  `rela_email_id` varchar(100) DEFAULT NULL,
  `pre_pf_no` varchar(100) DEFAULT NULL,
  `pre_esi_no` varchar(100) DEFAULT NULL,
  `pre_uan_no` varchar(100) DEFAULT NULL,
  `driv_lic_doc_id` varchar(100) DEFAULT NULL,
  `pass_doc_id` varchar(100) DEFAULT NULL,
  `addr_proof_doc_id` varchar(100) DEFAULT NULL,
  `pan_check` varchar(100) DEFAULT NULL,
  `ad_check` varchar(100) DEFAULT NULL,
  `addr_pr_check` varchar(100) DEFAULT NULL,
  `pass_check` varchar(100) DEFAULT NULL,
  `driv_lic_check` varchar(100) DEFAULT NULL,
  `emp_category` varchar(100) DEFAULT NULL,
  `n1_emp_id` varchar(100) DEFAULT NULL,
  `n2_emp_id` varchar(100) DEFAULT NULL,
  `acc_1_usr_grp_id` varchar(100) DEFAULT NULL,
  `acc_2_usr_grp_id` varchar(100) DEFAULT NULL,
  `create_emp_id` varchar(100) DEFAULT NULL,
  `profile_created_dt` datetime(6) DEFAULT NULL,
  `profile_create_remarks` varchar(100) DEFAULT NULL,
  `onboard_emp_id` varchar(100) DEFAULT NULL,
  `onboarded_dt` datetime(6) DEFAULT NULL,
  `onboard_remarks` varchar(100) DEFAULT NULL,
  `prof_updation_dt` datetime(6) DEFAULT NULL,
  `prof_validate_emp_id` varchar(100) DEFAULT NULL,
  `prof_validation_dt` datetime(6) DEFAULT NULL,
  `prof_validate_remarks` varchar(100) DEFAULT NULL,
  `skill_updation_dt` datetime(6) DEFAULT NULL,
  `skill_validate_emp_id` varchar(100) DEFAULT NULL,
  `skill_validation_dt` datetime(6) DEFAULT NULL,
  `skill_validate_remarks` varchar(100) DEFAULT NULL,
  PRIMARY KEY (`id`),
  KEY `m_employee_m_office_FK` (`m_office_id`),
  KEY `m_employee_s_country_FK` (`m_country_id`),
  CONSTRAINT `m_employee_m_office_FK` FOREIGN KEY (`m_office_id`) REFERENCES `m_office` (`id`),
  CONSTRAINT `m_employee_s_country_FK` FOREIGN KEY (`m_country_id`) REFERENCES `s_country` (`id`)
) ENGINE=InnoDB AUTO_INCREMENT=374 DEFAULT CHARSET=latin1;
/*!40101 SET character_set_client = @saved_cs_client */;

--
-- Dumping data for table `m_employee`
--

LOCK TABLES `m_employee` WRITE;
/*!40000 ALTER TABLE `m_employee` DISABLE KEYS */;
INSERT INTO `m_employee` VALUES (1,NULL,'jenkins@gmail.com','jenkins','1010','REGULAR',NULL,NULL,NULL,14,10,'279',NULL,'3','3','2','2','2','4',NULL,NULL,NULL,NULL,'Y','Y',NULL,NULL,NULL,NULL,'jenkins@gmail.com','2878453689',NULL,NULL,NULL,NULL,NULL,'2019-07-03 12:10:15.861000',NULL,NULL,'2018-12-12','6863263',NULL,'3246761287','23676523',NULL,NULL,NULL,NULL,NULL,NULL,NULL,NULL,NULL,NULL,'Web Site',NULL,NULL,NULL,NULL,NULL,NULL,NULL,'8723786234','277827852','chennai','9003544108',NULL,NULL,NULL,'Y',NULL,NULL,NULL,NULL,NULL,NULL,NULL,NULL,NULL,NULL,'2b5b0528-151f-46a7-8cd1-e95b96143688','41961084-afaa-4adf-95b1-7d69bcba96be','32d8720e-bf6d-4c08-b9af-698418fb15d9','1c54ddf1-a61c-4b76-9409-230d6eac4803',NULL,NULL,NULL,NULL,NULL,NULL,NULL,NULL,NULL,NULL,NULL,NULL,NULL,NULL,NULL,NULL,NULL,NULL,NULL,NULL,NULL,NULL,NULL,NULL,NULL,NULL,NULL,NULL,NULL,NULL,NULL,NULL,NULL,NULL,NULL),(2,'2019-100010','admin@gmail.com','admin a','CH84','REGULAR',NULL,6,NULL,4,10,'313',NULL,'3','3','1','1','3',NULL,'12345678','admin','a',NULL,'Y','Y',NULL,'10','10','b+ve','admin@gmail.com','9876543210',NULL,NULL,'1','2019-07-05 13:36:26.149000',NULL,'2019-09-19 18:44:55.303000','ch',NULL,'2019-07-05',NULL,NULL,'102589633','1458967',NULL,NULL,NULL,'male',NULL,NULL,NULL,NULL,NULL,NULL,NULL,'N',NULL,'',NULL,NULL,NULL,NULL,NULL,NULL,'ch','9876543210',NULL,NULL,NULL,'Y',NULL,NULL,NULL,NULL,NULL,NULL,NULL,NULL,NULL,NULL,'e5326686-b722-442a-8030-d44a4c6fd1bc','92ffc13e-9ffb-450f-8e37-f537fbc7e7e2','18aad1c3-97c5-4ec7-aaec-9824fcd7fece',NULL,NULL,NULL,NULL,NULL,NULL,NULL,NULL,NULL,'','e2e83f1b-3c24-469d-9094-e6c6617096c4','',NULL,NULL,NULL,NULL,NULL,NULL,NULL,NULL,NULL,NULL,NULL,NULL,NULL,NULL,NULL,NULL,NULL,NULL,NULL,NULL,NULL,NULL,NULL,NULL),(317,'2019-100197','sundarv@sidsync.com','test hrone','CH266','REGULAR',NULL,23,NULL,1,9,'448',NULL,'2','2','1','2','3','4',NULL,'test','hrone',NULL,'Y','N',NULL,NULL,NULL,NULL,'sundarv@sidsync.com','8015009856',NULL,NULL,NULL,'2019-09-19 18:48:43.480000',NULL,'2019-09-20 18:34:37.411000',NULL,NULL,'1999-04-02',NULL,NULL,NULL,NULL,NULL,NULL,NULL,'male',NULL,NULL,NULL,NULL,NULL,NULL,NULL,'N',NULL,NULL,NULL,NULL,NULL,NULL,NULL,NULL,NULL,NULL,NULL,NULL,NULL,'Y',NULL,NULL,NULL,NULL,NULL,NULL,NULL,NULL,NULL,NULL,NULL,NULL,NULL,NULL,NULL,NULL,NULL,NULL,NULL,NULL,NULL,NULL,NULL,NULL,NULL,NULL,NULL,NULL,NULL,NULL,'undefined',NULL,NULL,NULL,NULL,NULL,NULL,NULL,NULL,NULL,NULL,NULL,NULL,NULL,NULL,NULL,NULL,NULL,NULL),(318,'2019-100198','sundarv@sidsync.com','test HRtwo','CH267','REGULAR',NULL,23,NULL,1,9,'449',NULL,'2','2','1','2','3','4',NULL,'test','HRtwo',NULL,'N','Y',NULL,NULL,NULL,NULL,'sundarv@sidsync.com','8015009856',NULL,NULL,NULL,'2019-09-19 18:49:42.020000',NULL,'2019-09-20 18:35:02.437000',NULL,NULL,'1999-04-02',NULL,NULL,NULL,NULL,NULL,NULL,NULL,'male',NULL,NULL,NULL,NULL,NULL,NULL,NULL,'N',NULL,NULL,NULL,NULL,NULL,NULL,NULL,NULL,NULL,NULL,NULL,NULL,NULL,'Y',NULL,NULL,NULL,NULL,NULL,NULL,NULL,NULL,NULL,NULL,NULL,NULL,NULL,NULL,NULL,NULL,NULL,NULL,NULL,NULL,NULL,NULL,NULL,NULL,NULL,NULL,NULL,NULL,NULL,NULL,'undefined',NULL,NULL,NULL,NULL,NULL,NULL,NULL,NULL,NULL,NULL,NULL,NULL,NULL,NULL,NULL,NULL,NULL,NULL),(319,'2019-100199','priyadarshini.s@sidsync.com','test accOne','CH268','REGULAR',NULL,23,NULL,1,9,'450',NULL,'2','2','1','2','','',NULL,'test','accOne',NULL,'Y','N',NULL,NULL,NULL,NULL,'priyadarshini.s@sidsync.com','8015009856',NULL,NULL,NULL,'2019-09-19 18:50:41.200000',NULL,'2019-09-19 19:17:22.684000',NULL,NULL,'1999-04-02',NULL,NULL,NULL,NULL,NULL,NULL,NULL,'male',NULL,NULL,NULL,NULL,NULL,NULL,NULL,'N',NULL,NULL,NULL,NULL,NULL,NULL,NULL,NULL,NULL,NULL,NULL,NULL,NULL,'N',NULL,NULL,NULL,NULL,NULL,NULL,NULL,NULL,NULL,NULL,NULL,NULL,NULL,NULL,NULL,NULL,NULL,NULL,NULL,NULL,NULL,NULL,NULL,NULL,NULL,NULL,NULL,NULL,NULL,NULL,'undefined',NULL,NULL,NULL,NULL,NULL,NULL,NULL,NULL,NULL,NULL,NULL,NULL,NULL,NULL,NULL,NULL,NULL,NULL),(320,'2019-100200','priyadarshini.s@sidsync.com','test accTwo','CH269','REGULAR',NULL,23,NULL,1,9,'451',NULL,'2','2','1','2','','',NULL,'test','accTwo',NULL,'N','Y',NULL,NULL,NULL,NULL,'priyadarshini.s@sidsync.com','8015009856',NULL,NULL,NULL,'2019-09-19 18:52:15.802000',NULL,'2019-09-20 18:35:40.949000',NULL,NULL,'1999-04-02',NULL,NULL,NULL,NULL,NULL,NULL,NULL,'male',NULL,NULL,NULL,NULL,NULL,NULL,NULL,'N',NULL,NULL,NULL,NULL,NULL,NULL,NULL,NULL,NULL,NULL,NULL,NULL,NULL,'Y',NULL,NULL,NULL,NULL,NULL,NULL,NULL,NULL,NULL,NULL,NULL,NULL,NULL,NULL,NULL,NULL,NULL,NULL,NULL,NULL,NULL,NULL,NULL,NULL,NULL,NULL,NULL,NULL,NULL,NULL,'undefined',NULL,NULL,NULL,NULL,NULL,NULL,NULL,NULL,NULL,NULL,NULL,NULL,NULL,NULL,NULL,NULL,NULL,NULL),(321,'2019-100201','arunmarx@sidsync.com','test nOne','CH270','REGULAR',NULL,23,NULL,2,9,'452',NULL,'2','2','1','2','','',NULL,'test','nOne',NULL,'Y','N',NULL,NULL,NULL,NULL,'arunmarx@sidsync.com','8015009856',NULL,NULL,NULL,'2019-09-19 18:53:14.675000',NULL,'2019-09-20 14:33:49.915000',NULL,NULL,'1999-04-02',NULL,NULL,NULL,NULL,NULL,NULL,NULL,'male',NULL,NULL,NULL,NULL,NULL,NULL,NULL,'N',NULL,NULL,NULL,NULL,NULL,NULL,NULL,NULL,NULL,NULL,NULL,NULL,NULL,'Y',NULL,NULL,NULL,NULL,NULL,NULL,NULL,NULL,NULL,NULL,NULL,NULL,NULL,NULL,NULL,NULL,NULL,NULL,NULL,NULL,NULL,NULL,NULL,NULL,NULL,NULL,NULL,NULL,NULL,NULL,'undefined',NULL,NULL,NULL,NULL,NULL,NULL,NULL,NULL,NULL,NULL,NULL,NULL,NULL,NULL,NULL,NULL,NULL,NULL),(322,'2019-100202','arunmarx@sidsync.com','test nTwo','CH271','REGULAR',NULL,23,NULL,3,9,'453',NULL,'2','2','1','2','','',NULL,'test','nTwo',NULL,'N','Y',NULL,NULL,NULL,NULL,'arunmarx@sidsync.com','8015009856',NULL,NULL,NULL,'2019-09-19 18:54:09.145000',NULL,'2019-09-20 18:36:27.080000',NULL,NULL,'1999-04-02',NULL,NULL,NULL,NULL,NULL,NULL,NULL,'male',NULL,NULL,NULL,NULL,NULL,NULL,NULL,'N',NULL,NULL,NULL,NULL,NULL,NULL,NULL,NULL,NULL,NULL,NULL,NULL,NULL,'Y',NULL,NULL,NULL,NULL,NULL,NULL,NULL,NULL,NULL,NULL,NULL,NULL,NULL,NULL,NULL,NULL,NULL,NULL,NULL,NULL,NULL,NULL,NULL,NULL,NULL,NULL,NULL,NULL,NULL,NULL,'undefined',NULL,NULL,NULL,NULL,NULL,NULL,NULL,NULL,NULL,NULL,NULL,NULL,NULL,NULL,NULL,NULL,NULL,NULL),(323,'2019-100203','v.sundar1994@gmail.com','test Employee','CH272','REGULAR',NULL,23,NULL,10,9,'454',NULL,'322','321','1','2','3','4',NULL,'test','Employee',NULL,'N','N',NULL,NULL,NULL,NULL,'v.sundar1994@gmail.com','8015009856',NULL,NULL,NULL,'2019-09-19 19:14:48.004000',NULL,'2019-09-19 19:18:41.091000',NULL,NULL,'1999-04-02',NULL,NULL,NULL,NULL,NULL,NULL,NULL,'male',NULL,NULL,NULL,NULL,NULL,NULL,NULL,'N',NULL,NULL,NULL,NULL,NULL,NULL,NULL,NULL,NULL,NULL,NULL,NULL,NULL,'N',NULL,NULL,NULL,NULL,NULL,NULL,NULL,NULL,NULL,NULL,NULL,NULL,NULL,NULL,NULL,NULL,NULL,NULL,NULL,NULL,NULL,NULL,NULL,NULL,NULL,NULL,NULL,NULL,NULL,NULL,'undefined',NULL,NULL,NULL,NULL,NULL,NULL,NULL,NULL,NULL,NULL,NULL,NULL,NULL,NULL,NULL,NULL,NULL,NULL),(324,'2019-100204',NULL,NULL,'CH273','REGULAR',NULL,23,NULL,10,NULL,NULL,NULL,NULL,'1',NULL,NULL,NULL,NULL,NULL,'prasanth','smart',NULL,'N','N',NULL,NULL,NULL,NULL,'prasanthsmart595@gmail.com','8015009856',NULL,NULL,NULL,'2019-09-19 20:18:57.375000',NULL,'2019-09-22 09:54:25.647000',NULL,NULL,NULL,NULL,NULL,NULL,NULL,NULL,NULL,NULL,'male',NULL,NULL,NULL,NULL,NULL,NULL,NULL,NULL,NULL,NULL,NULL,NULL,NULL,NULL,NULL,NULL,NULL,NULL,NULL,NULL,NULL,NULL,NULL,NULL,NULL,NULL,NULL,NULL,NULL,NULL,NULL,NULL,NULL,NULL,NULL,NULL,NULL,NULL,NULL,NULL,NULL,NULL,NULL,NULL,NULL,NULL,NULL,NULL,NULL,NULL,NULL,NULL,'undefined',NULL,NULL,NULL,NULL,NULL,NULL,NULL,NULL,NULL,NULL,NULL,NULL,NULL,NULL,NULL,NULL,NULL,NULL),(325,'2019-100205','khizer@sidsync.com','khizer smart','CH274','REGULAR',NULL,23,NULL,10,9,'456',NULL,'','','','','','',NULL,'khizer','smart',NULL,'N','N',NULL,NULL,NULL,NULL,'khizer@sidsync.com','8015009856',NULL,NULL,NULL,'2019-09-20 10:28:46.323000',NULL,'2019-09-20 10:39:20.831000',NULL,NULL,'1999-04-02',NULL,NULL,NULL,NULL,NULL,NULL,NULL,'male',NULL,NULL,NULL,NULL,NULL,NULL,NULL,'N',NULL,NULL,NULL,NULL,NULL,NULL,NULL,NULL,NULL,NULL,NULL,NULL,NULL,'N',NULL,NULL,NULL,NULL,NULL,NULL,NULL,NULL,NULL,NULL,NULL,NULL,NULL,NULL,NULL,NULL,NULL,NULL,NULL,NULL,NULL,NULL,NULL,NULL,NULL,NULL,NULL,NULL,NULL,NULL,'undefined',NULL,NULL,NULL,NULL,NULL,NULL,NULL,NULL,NULL,NULL,NULL,NULL,NULL,NULL,NULL,NULL,NULL,NULL),(368,'2019-100254',NULL,'harish','e101','REGULAR',NULL,23,NULL,10,NULL,NULL,NULL,'',NULL,'','','','',NULL,NULL,'smart',NULL,'Y','N',NULL,NULL,NULL,NULL,'karthi@sidsync.com','8015009856',NULL,NULL,NULL,'2019-09-23 11:22:24.920000',NULL,'2019-09-23 11:22:24.920000',NULL,NULL,'1999-04-02',NULL,NULL,NULL,NULL,NULL,NULL,NULL,'male',NULL,NULL,NULL,NULL,NULL,NULL,NULL,'N',NULL,NULL,NULL,NULL,NULL,NULL,NULL,NULL,NULL,NULL,NULL,NULL,NULL,NULL,NULL,NULL,NULL,NULL,NULL,NULL,NULL,NULL,NULL,NULL,NULL,NULL,NULL,NULL,NULL,NULL,NULL,NULL,NULL,NULL,NULL,NULL,NULL,NULL,NULL,NULL,NULL,NULL,NULL,NULL,'undefined',NULL,NULL,NULL,NULL,NULL,NULL,NULL,NULL,NULL,NULL,NULL,NULL,NULL,NULL,NULL,NULL,NULL,NULL),(373,'2019-100259','yasaki@gmail.com','yasaki','e102','REGULAR',NULL,23,NULL,10,9,'499',NULL,NULL,NULL,'1','2',NULL,NULL,NULL,'yasaki','smart',NULL,'Y','N',NULL,NULL,NULL,NULL,'yasaki@gmail.com','9080616191',NULL,NULL,NULL,'2019-09-23 12:10:56.210000',NULL,'2019-09-23 12:12:26.048000',NULL,NULL,'1999-04-02',NULL,NULL,NULL,NULL,NULL,NULL,NULL,'male',NULL,NULL,NULL,NULL,NULL,NULL,NULL,'N',NULL,NULL,NULL,NULL,NULL,NULL,NULL,NULL,NULL,NULL,NULL,NULL,NULL,NULL,NULL,NULL,NULL,NULL,NULL,NULL,NULL,NULL,NULL,NULL,NULL,NULL,NULL,NULL,NULL,NULL,NULL,NULL,NULL,NULL,NULL,NULL,NULL,NULL,NULL,NULL,NULL,NULL,NULL,NULL,'undefined',NULL,NULL,NULL,NULL,NULL,NULL,NULL,NULL,NULL,NULL,NULL,NULL,NULL,NULL,NULL,NULL,NULL,NULL);
/*!40000 ALTER TABLE `m_employee` ENABLE KEYS */;
UNLOCK TABLES;

--
-- Table structure for table `m_expense_category`
--

DROP TABLE IF EXISTS `m_expense_category`;
/*!40101 SET @saved_cs_client     = @@character_set_client */;
/*!40101 SET character_set_client = utf8 */;
CREATE TABLE `m_expense_category` (
  `id` int(11) NOT NULL AUTO_INCREMENT,
  `category_name` varchar(100) DEFAULT NULL,
  `is_enabled` varchar(1) DEFAULT NULL,
  `created_by` varchar(100) DEFAULT NULL,
  `modified_by` varchar(100) DEFAULT NULL,
  `created_dt` datetime DEFAULT NULL,
  `modified_dt` datetime DEFAULT NULL,
  PRIMARY KEY (`id`)
) ENGINE=InnoDB AUTO_INCREMENT=6 DEFAULT CHARSET=latin1;
/*!40101 SET character_set_client = @saved_cs_client */;

--
-- Dumping data for table `m_expense_category`
--

LOCK TABLES `m_expense_category` WRITE;
/*!40000 ALTER TABLE `m_expense_category` DISABLE KEYS */;
INSERT INTO `m_expense_category` VALUES (1,'FOOD','Y',NULL,NULL,NULL,NULL),(2,'TRAVEL','Y',NULL,NULL,'2018-06-20 11:32:59','2018-06-20 11:32:59'),(3,'MATERIAL-CHARGES','Y',NULL,NULL,'2018-06-20 11:33:07','2018-06-20 11:33:07'),(4,'LABOUR-CHARGES','Y',NULL,NULL,'2018-06-20 11:33:11','2018-06-20 11:33:11');
/*!40000 ALTER TABLE `m_expense_category` ENABLE KEYS */;
UNLOCK TABLES;

--
-- Table structure for table `m_goods`
--

DROP TABLE IF EXISTS `m_goods`;
/*!40101 SET @saved_cs_client     = @@character_set_client */;
/*!40101 SET character_set_client = utf8 */;
CREATE TABLE `m_goods` (
  `id` int(11) NOT NULL AUTO_INCREMENT,
  `created_by` varchar(255) DEFAULT NULL,
  `created_dt` datetime(6) DEFAULT NULL,
  `goods_code` varchar(255) DEFAULT NULL,
  `goods_description` varchar(255) DEFAULT NULL,
  `goods_name` varchar(255) DEFAULT NULL,
  `is_enabled` varchar(255) DEFAULT NULL,
  `modified_by` varchar(255) DEFAULT NULL,
  `modified_dt` datetime(6) DEFAULT NULL,
  `unit_of_measure` varchar(255) DEFAULT NULL,
  `unit_price` varchar(255) DEFAULT NULL,
  PRIMARY KEY (`id`)
) ENGINE=InnoDB AUTO_INCREMENT=7 DEFAULT CHARSET=latin1;
/*!40101 SET character_set_client = @saved_cs_client */;

--
-- Dumping data for table `m_goods`
--

LOCK TABLES `m_goods` WRITE;
/*!40000 ALTER TABLE `m_goods` DISABLE KEYS */;
INSERT INTO `m_goods` VALUES (1,NULL,NULL,'GU-01','GOODS Master','Choke 70W HPSV',NULL,'33','2019-05-03 15:32:49.946000','KG','123'),(2,'1','2018-12-06 17:17:18.056000','GU-02','GOODS Master','Socket 6A',NULL,'1','2018-12-06 17:18:33.612000','KG','10'),(3,'33','2019-03-25 13:29:37.322000','GU-03','GOODS Master','Ignitor',NULL,NULL,'2019-03-25 13:29:37.322000','KG','100'),(4,'33','2019-03-26 11:03:58.422000','GU-04','GOODS Master','Switch 15A',NULL,'33','2019-03-26 18:15:19.726000','KG','10'),(6,'33','2019-04-03 17:07:53.005000','GU-05','GOODS Master','Connector strip 10A ',NULL,NULL,'2019-04-03 17:07:53.005000','KG','123');
/*!40000 ALTER TABLE `m_goods` ENABLE KEYS */;
UNLOCK TABLES;

--
-- Table structure for table `m_grade_ctc`
--

DROP TABLE IF EXISTS `m_grade_ctc`;
/*!40101 SET @saved_cs_client     = @@character_set_client */;
/*!40101 SET character_set_client = utf8 */;
CREATE TABLE `m_grade_ctc` (
  `id` int(11) NOT NULL AUTO_INCREMENT,
  `grade_id` varchar(100) DEFAULT NULL,
  `is_active` varchar(1) DEFAULT NULL,
  `valid_from_dt` date DEFAULT NULL,
  `valid_to_dt` date DEFAULT NULL,
  `head1name` varchar(100) DEFAULT NULL,
  `head2name` varchar(100) DEFAULT NULL,
  `head3name` varchar(100) DEFAULT NULL,
  `head4name` varchar(100) DEFAULT NULL,
  `head5name` varchar(100) DEFAULT NULL,
  `head6name` varchar(100) DEFAULT NULL,
  `head7name` varchar(100) DEFAULT NULL,
  `head8name` varchar(100) DEFAULT NULL,
  `head9name` varchar(100) DEFAULT NULL,
  `head10name` varchar(100) DEFAULT NULL,
  `is_enabled` varchar(1) DEFAULT NULL,
  `created_by` varchar(100) DEFAULT NULL,
  `modified_by` varchar(100) DEFAULT NULL,
  `created_dt` datetime DEFAULT NULL,
  `modified_dt` datetime DEFAULT NULL,
  `fixed_benefits` varchar(100) DEFAULT NULL,
  `head1total` varchar(100) DEFAULT NULL,
  `head2total` varchar(100) DEFAULT NULL,
  `head3total` varchar(100) DEFAULT NULL,
  `head4total` varchar(100) DEFAULT NULL,
  `head5total` varchar(100) DEFAULT NULL,
  `head6total` varchar(100) DEFAULT NULL,
  `head7total` varchar(100) DEFAULT NULL,
  `head8total` varchar(100) DEFAULT NULL,
  `head9total` varchar(100) DEFAULT NULL,
  `head10total` varchar(100) DEFAULT NULL,
  PRIMARY KEY (`id`)
) ENGINE=InnoDB AUTO_INCREMENT=2 DEFAULT CHARSET=latin1;
/*!40101 SET character_set_client = @saved_cs_client */;

--
-- Dumping data for table `m_grade_ctc`
--

LOCK TABLES `m_grade_ctc` WRITE;
/*!40000 ALTER TABLE `m_grade_ctc` DISABLE KEYS */;
INSERT INTO `m_grade_ctc` VALUES (1,'1','Y','2018-04-03','2018-05-02','A1. Fixed Benefits','A2. Additional Fixed Benefits','B. Variable Benefits','C. Annual Benefits','D. Retirement Benefits',NULL,NULL,NULL,NULL,NULL,'Y','USER','USER',NULL,NULL,'25000',NULL,NULL,NULL,NULL,NULL,NULL,NULL,NULL,NULL,NULL);
/*!40000 ALTER TABLE `m_grade_ctc` ENABLE KEYS */;
UNLOCK TABLES;

--
-- Table structure for table `m_grade_ctc_lines`
--

DROP TABLE IF EXISTS `m_grade_ctc_lines`;
/*!40101 SET @saved_cs_client     = @@character_set_client */;
/*!40101 SET character_set_client = utf8 */;
CREATE TABLE `m_grade_ctc_lines` (
  `id` int(11) NOT NULL AUTO_INCREMENT,
  `m_grade_ctc_id` varchar(100) DEFAULT NULL,
  `process_order` int(11) DEFAULT NULL,
  `pay_type` varchar(100) DEFAULT NULL,
  `head` varchar(100) DEFAULT NULL,
  `pay_cycle_id` varchar(100) DEFAULT NULL,
  `is_lump_sum` varchar(1) DEFAULT NULL,
  `unit_cost` varchar(100) DEFAULT NULL,
  `formula` varchar(100) DEFAULT NULL,
  `max_limit` varchar(100) DEFAULT NULL,
  `is_enabled` varchar(1) DEFAULT NULL,
  `created_by` varchar(100) DEFAULT NULL,
  `modified_by` varchar(100) DEFAULT NULL,
  `created_dt` datetime DEFAULT NULL,
  `modified_dt` datetime DEFAULT NULL,
  `line_desc` varchar(1000) DEFAULT NULL,
  `calculated_amt` varchar(100) DEFAULT NULL,
  `hidden_to_employee` varchar(100) DEFAULT NULL,
  PRIMARY KEY (`id`)
) ENGINE=InnoDB AUTO_INCREMENT=8 DEFAULT CHARSET=latin1;
/*!40101 SET character_set_client = @saved_cs_client */;

--
-- Dumping data for table `m_grade_ctc_lines`
--

LOCK TABLES `m_grade_ctc_lines` WRITE;
/*!40000 ALTER TABLE `m_grade_ctc_lines` DISABLE KEYS */;
INSERT INTO `m_grade_ctc_lines` VALUES (1,'1',1,'REG-SALARY  ','1','1','N',NULL,'0.25*[FB]',NULL,'Y','USER','USER',NULL,NULL,NULL,NULL,NULL),(2,'1',1,'REG-SALARY  ','1','1','N',NULL,'0.20*FB',NULL,'Y','USER','USER',NULL,NULL,NULL,NULL,NULL),(3,'1',1,'REG-SALARY  ','1','1','N',NULL,'0.20*FB',NULL,'Y','USER','USER',NULL,NULL,NULL,NULL,NULL),(4,'1',1,'REG-SALARY  ','1','1','N',NULL,'0.1*[FB]',NULL,'Y','USER','USER',NULL,NULL,NULL,NULL,NULL),(5,'1',1,'REG-SALARY  ','1','1','N',NULL,'0.08*[FB]',NULL,'Y','USER','USER',NULL,NULL,NULL,NULL,NULL),(6,'1',1,'REG-SALARY  ','1','1','N',NULL,'0.08*[FB]',NULL,'Y','USER','USER',NULL,NULL,NULL,NULL,NULL),(7,'1',1,'REG-SALARY  ','1','1','N',NULL,'0.09*[FB]',NULL,'Y','USER','USER',NULL,NULL,NULL,NULL,NULL);
/*!40000 ALTER TABLE `m_grade_ctc_lines` ENABLE KEYS */;
UNLOCK TABLES;

--
-- Table structure for table `m_job_type`
--

DROP TABLE IF EXISTS `m_job_type`;
/*!40101 SET @saved_cs_client     = @@character_set_client */;
/*!40101 SET character_set_client = utf8 */;
CREATE TABLE `m_job_type` (
  `id` int(11) NOT NULL AUTO_INCREMENT,
  `created_by` varchar(255) DEFAULT NULL,
  `created_dt` datetime(6) DEFAULT NULL,
  `is_enabled` varchar(255) DEFAULT NULL,
  `job_desc` varchar(255) DEFAULT NULL,
  `job_type_code` varchar(255) DEFAULT NULL,
  `job_type_name` varchar(255) DEFAULT NULL,
  `modified_by` varchar(255) DEFAULT NULL,
  `modified_dt` datetime(6) DEFAULT NULL,
  PRIMARY KEY (`id`)
) ENGINE=InnoDB AUTO_INCREMENT=35 DEFAULT CHARSET=latin1;
/*!40101 SET character_set_client = @saved_cs_client */;

--
-- Dumping data for table `m_job_type`
--

LOCK TABLES `m_job_type` WRITE;
/*!40000 ALTER TABLE `m_job_type` DISABLE KEYS */;
INSERT INTO `m_job_type` VALUES (4,NULL,'2018-12-06 17:14:19.063000',NULL,'Retrofitting','JT-01','Retrofitting',NULL,'2018-12-06 17:14:19.063000'),(5,NULL,'2019-02-02 14:48:53.583000',NULL,'Testing and commissing ','JT-02','Testing and commissing ',NULL,'2019-02-02 14:48:53.583000'),(8,NULL,'2019-03-12 15:35:17.061000',NULL,'maintenance','JT-03','Maintenance ',NULL,'2019-04-25 13:19:50.848000'),(17,NULL,'2019-03-16 16:39:13.361000',NULL,'ELECTRICAL ','JT-06','Electrical',NULL,'2019-03-16 16:39:13.361000'),(18,NULL,'2019-03-26 10:46:24.576000',NULL,'Assemble of Product ','TS-01','Assemble ',NULL,'2019-04-25 13:29:31.633000');
/*!40000 ALTER TABLE `m_job_type` ENABLE KEYS */;
UNLOCK TABLES;

--
-- Table structure for table `m_job_type_material`
--

DROP TABLE IF EXISTS `m_job_type_material`;
/*!40101 SET @saved_cs_client     = @@character_set_client */;
/*!40101 SET character_set_client = utf8 */;
CREATE TABLE `m_job_type_material` (
  `id` int(11) NOT NULL AUTO_INCREMENT,
  `created_by` varchar(255) DEFAULT NULL,
  `created_dt` datetime(6) DEFAULT NULL,
  `is_enabled` varchar(255) DEFAULT NULL,
  `job_type_id` int(11) DEFAULT NULL,
  `material_id` varchar(255) DEFAULT NULL,
  `material_quantity` varchar(255) DEFAULT NULL,
  `material_type_order` varchar(255) DEFAULT NULL,
  `modified_by` varchar(255) DEFAULT NULL,
  `modified_dt` datetime(6) DEFAULT NULL,
  `task_type_order` int(11) DEFAULT NULL,
  PRIMARY KEY (`id`),
  KEY `FKpviqdxyjk6gt3ow15jvg6cad6` (`job_type_id`)
) ENGINE=InnoDB AUTO_INCREMENT=36 DEFAULT CHARSET=latin1;
/*!40101 SET character_set_client = @saved_cs_client */;

--
-- Dumping data for table `m_job_type_material`
--

LOCK TABLES `m_job_type_material` WRITE;
/*!40000 ALTER TABLE `m_job_type_material` DISABLE KEYS */;
INSERT INTO `m_job_type_material` VALUES (5,NULL,'2018-12-06 17:14:19.064000',NULL,4,'1','1','1',NULL,'2018-12-06 18:17:24.955000',NULL),(6,NULL,'2019-02-02 14:48:53.586000',NULL,5,'3','2','2',NULL,'2019-02-02 14:48:53.586000',NULL),(7,NULL,'2019-02-02 14:48:53.587000',NULL,NULL,'1','5','3',NULL,'2019-02-02 14:48:53.587000',NULL),(8,NULL,'2019-02-02 14:48:53.590000',NULL,NULL,'2','1','4',NULL,'2019-02-02 14:48:53.590000',NULL),(10,NULL,'2019-03-11 16:18:37.576000',NULL,4,'1','1','5',NULL,'2019-03-11 16:18:37.576000',NULL),(12,NULL,'2019-03-12 15:35:17.063000',NULL,8,'2','12','6',NULL,'2019-05-03 15:25:59.295000',NULL),(13,NULL,'2019-03-15 13:45:38.506000',NULL,9,'1','1','7',NULL,'2019-03-15 13:45:38.506000',NULL),(14,NULL,'2019-03-15 13:45:38.511000',NULL,9,'2','3','8',NULL,'2019-03-15 13:45:38.511000',NULL),(15,NULL,'2019-03-16 16:39:13.364000',NULL,17,'1','10','9',NULL,'2019-03-16 16:39:13.364000',NULL),(16,NULL,'2019-03-16 16:39:13.365000',NULL,17,'2','10','10',NULL,'2019-03-16 16:39:13.365000',NULL),(17,NULL,'2019-03-26 10:46:24.579000',NULL,18,'3','2','11',NULL,'2019-03-26 10:46:24.579000',NULL),(18,NULL,'2019-03-26 10:46:24.579000',NULL,18,'2','5','12',NULL,'2019-03-26 10:46:24.579000',NULL);
/*!40000 ALTER TABLE `m_job_type_material` ENABLE KEYS */;
UNLOCK TABLES;

--
-- Table structure for table `m_job_type_profile`
--

DROP TABLE IF EXISTS `m_job_type_profile`;
/*!40101 SET @saved_cs_client     = @@character_set_client */;
/*!40101 SET character_set_client = utf8 */;
CREATE TABLE `m_job_type_profile` (
  `id` int(11) NOT NULL AUTO_INCREMENT,
  `created_by` varchar(255) DEFAULT NULL,
  `created_dt` datetime(6) DEFAULT NULL,
  `head_count` varchar(255) DEFAULT NULL,
  `is_enabled` varchar(255) DEFAULT NULL,
  `is_remote` varchar(255) DEFAULT NULL,
  `job_type_id` int(11) DEFAULT NULL,
  `m_profile_id` varchar(255) DEFAULT NULL,
  `modified_by` varchar(255) DEFAULT NULL,
  `modified_dt` datetime(6) DEFAULT NULL,
  `notes` varchar(255) DEFAULT NULL,
  `profile_description` varchar(255) DEFAULT NULL,
  `profiles_involved` int(11) DEFAULT NULL,
  `skill_id` varchar(255) DEFAULT NULL,
  `skill_level_code` varchar(255) DEFAULT NULL,
  `task_type_order` int(11) DEFAULT NULL,
  PRIMARY KEY (`id`),
  KEY `FKnkmomes7wqmvyl0pw23tvk9kb` (`job_type_id`)
) ENGINE=InnoDB AUTO_INCREMENT=35 DEFAULT CHARSET=latin1;
/*!40101 SET character_set_client = @saved_cs_client */;

--
-- Dumping data for table `m_job_type_profile`
--

LOCK TABLES `m_job_type_profile` WRITE;
/*!40000 ALTER TABLE `m_job_type_profile` DISABLE KEYS */;
INSERT INTO `m_job_type_profile` VALUES (5,NULL,'2018-12-06 17:14:19.065000','1',NULL,NULL,4,'1',NULL,'2019-05-03 15:27:50.057000','Electric Engineer',NULL,NULL,NULL,NULL,NULL),(6,NULL,'2018-12-06 18:17:24.953000','1',NULL,NULL,4,'7',NULL,'2019-05-03 15:27:50.057000','Retofit',NULL,NULL,NULL,NULL,NULL),(7,NULL,'2019-02-02 14:48:53.607000','1',NULL,NULL,5,'1',NULL,'2019-05-03 15:23:27.369000','Electric Engineer',NULL,NULL,NULL,NULL,NULL),(9,NULL,'2019-03-11 16:18:38.860000','1',NULL,NULL,4,'1',NULL,'2019-05-03 15:27:50.057000','Electric Engineer',NULL,NULL,NULL,NULL,NULL),(11,NULL,'2019-03-12 15:35:17.064000','2',NULL,NULL,8,'5',NULL,'2019-04-25 13:18:43.688000','maintenance',NULL,NULL,NULL,NULL,NULL),(12,NULL,'2019-03-15 13:45:38.514000','10',NULL,NULL,9,'1',NULL,'2019-03-15 13:45:38.514000','needed',NULL,NULL,NULL,NULL,NULL),(13,NULL,'2019-03-15 13:45:38.530000','1',NULL,NULL,9,'2',NULL,'2019-03-15 13:45:38.530000','needed',NULL,NULL,NULL,NULL,NULL),(14,NULL,'2019-03-16 16:39:13.367000','10',NULL,NULL,17,'1',NULL,'2019-05-03 15:26:57.837000','Electric Engineer',NULL,NULL,NULL,NULL,NULL),(15,NULL,'2019-03-16 16:39:13.368000','10',NULL,NULL,17,'2',NULL,'2019-05-03 15:26:57.837000','Design Engineer',NULL,NULL,NULL,NULL,NULL),(16,NULL,'2019-03-26 10:46:24.582000','1',NULL,NULL,18,'1',NULL,'2019-04-25 13:29:31.633000','Electric Engineer',NULL,NULL,NULL,NULL,NULL),(17,NULL,'2019-03-26 10:46:24.583000','2',NULL,NULL,18,'7',NULL,'2019-04-25 13:29:31.635000','Retofit',NULL,NULL,NULL,NULL,NULL),(19,NULL,'2019-03-26 17:32:17.027000','1',NULL,NULL,18,'68',NULL,'2019-04-25 13:29:31.636000','analyst ',NULL,NULL,NULL,NULL,NULL);
/*!40000 ALTER TABLE `m_job_type_profile` ENABLE KEYS */;
UNLOCK TABLES;

--
-- Table structure for table `m_job_type_task_type`
--

DROP TABLE IF EXISTS `m_job_type_task_type`;
/*!40101 SET @saved_cs_client     = @@character_set_client */;
/*!40101 SET character_set_client = utf8 */;
CREATE TABLE `m_job_type_task_type` (
  `id` int(11) NOT NULL AUTO_INCREMENT,
  `created_by` varchar(255) DEFAULT NULL,
  `created_dt` datetime(6) DEFAULT NULL,
  `is_enabled` varchar(255) DEFAULT NULL,
  `job_type_id` int(11) DEFAULT NULL,
  `modified_by` varchar(255) DEFAULT NULL,
  `modified_dt` datetime(6) DEFAULT NULL,
  `task_type_id` int(11) DEFAULT NULL,
  `task_type_order` int(11) DEFAULT NULL,
  `t_job_plan_id` varchar(255) DEFAULT NULL,
  `weightage` float NOT NULL,
  PRIMARY KEY (`id`),
  KEY `FKgtju0dcks67bcy9ngdbm5ddd8` (`job_type_id`)
) ENGINE=InnoDB AUTO_INCREMENT=31 DEFAULT CHARSET=latin1;
/*!40101 SET character_set_client = @saved_cs_client */;

--
-- Dumping data for table `m_job_type_task_type`
--

LOCK TABLES `m_job_type_task_type` WRITE;
/*!40000 ALTER TABLE `m_job_type_task_type` DISABLE KEYS */;
INSERT INTO `m_job_type_task_type` VALUES (3,NULL,'2018-12-06 17:14:19.066000',NULL,4,NULL,'2019-03-12 15:17:24.748000',2,NULL,NULL,2),(4,NULL,'2019-02-02 14:48:53.635000',NULL,5,NULL,'2019-02-02 14:48:53.635000',1,NULL,NULL,10),(5,NULL,'2019-02-02 14:48:53.638000',NULL,NULL,NULL,'2019-02-02 14:48:53.638000',2,NULL,NULL,0),(6,NULL,'2019-03-12 15:17:46.602000',NULL,4,NULL,'2019-03-12 15:17:46.602000',3,NULL,NULL,0),(8,NULL,'2019-03-12 15:35:17.065000',NULL,8,NULL,'2019-03-12 15:35:17.065000',1,NULL,NULL,12),(9,NULL,'2019-03-15 13:45:38.536000',NULL,9,NULL,'2019-03-15 13:45:38.536000',1,NULL,NULL,10),(10,NULL,'2019-03-15 13:45:38.537000',NULL,9,NULL,'2019-03-15 13:45:38.537000',2,NULL,NULL,10),(11,NULL,'2019-03-16 16:39:13.371000',NULL,17,NULL,'2019-03-16 16:39:13.371000',1,NULL,NULL,10),(12,NULL,'2019-03-16 16:39:13.374000',NULL,17,NULL,'2019-03-16 16:39:13.374000',2,NULL,NULL,10),(13,NULL,'2019-03-26 10:46:24.586000',NULL,18,NULL,'2019-03-26 10:46:24.586000',1,NULL,NULL,2),(14,NULL,'2019-03-26 10:46:24.586000',NULL,18,NULL,'2019-03-26 10:46:24.586000',2,NULL,NULL,1);
/*!40000 ALTER TABLE `m_job_type_task_type` ENABLE KEYS */;
UNLOCK TABLES;

--
-- Table structure for table `m_manufacturer`
--

DROP TABLE IF EXISTS `m_manufacturer`;
/*!40101 SET @saved_cs_client     = @@character_set_client */;
/*!40101 SET character_set_client = utf8 */;
CREATE TABLE `m_manufacturer` (
  `id` int(11) NOT NULL AUTO_INCREMENT,
  `created_by` varchar(255) DEFAULT NULL,
  `created_dt` datetime(6) DEFAULT NULL,
  `is_enabled` varchar(255) DEFAULT NULL,
  `manufacturer_code` varchar(255) DEFAULT NULL,
  `manufacturer_name` varchar(255) DEFAULT NULL,
  `modified_by` varchar(255) DEFAULT NULL,
  `modified_dt` datetime(6) DEFAULT NULL,
  PRIMARY KEY (`id`)
) ENGINE=InnoDB AUTO_INCREMENT=32 DEFAULT CHARSET=latin1;
/*!40101 SET character_set_client = @saved_cs_client */;

--
-- Dumping data for table `m_manufacturer`
--

LOCK TABLES `m_manufacturer` WRITE;
/*!40000 ALTER TABLE `m_manufacturer` DISABLE KEYS */;
INSERT INTO `m_manufacturer` VALUES (1,NULL,NULL,NULL,'MAN11','Omegan','2','2019-04-30 13:16:24.504000'),(12,'25','2019-03-07 13:52:34.190000','Y','MANU-4','GM','2','2019-04-25 15:23:03.502000'),(13,'25','2019-03-07 13:53:09.633000','Y','MANU-5','Spiro','2','2019-04-25 15:23:22.402000'),(14,'25','2019-03-07 14:20:01.601000','Y','MANU-6','Power Progress','2','2019-04-30 13:28:44.032000'),(18,'2','2019-03-07 15:08:48.483000','Y','MANU-10','PicoVolt Co','2','2019-04-30 13:34:45.486000'),(25,'2','2019-03-07 16:45:19.260000','Y','MANU-17','Pothigai','2','2019-04-25 15:23:44.212000'),(26,'2','2019-03-26 11:02:31.063000','Y','MANU-18','Ozzabb','2','2019-04-30 13:29:05.530000'),(30,'2','2019-09-19 10:21:59.273000','Y','MANU-22','jffjkdj','2','2019-09-19 17:09:54.984000'),(31,'2','2019-09-19 17:09:23.912000','Y','MANU-23','123',NULL,'2019-09-19 17:09:23.912000');
/*!40000 ALTER TABLE `m_manufacturer` ENABLE KEYS */;
UNLOCK TABLES;

--
-- Table structure for table `m_map_location`
--

DROP TABLE IF EXISTS `m_map_location`;
/*!40101 SET @saved_cs_client     = @@character_set_client */;
/*!40101 SET character_set_client = utf8 */;
CREATE TABLE `m_map_location` (
  `id` int(11) NOT NULL AUTO_INCREMENT,
  `address` varchar(255) DEFAULT NULL,
  `country` varchar(255) DEFAULT NULL,
  `created_by` varchar(255) DEFAULT NULL,
  `created_dt` datetime(6) DEFAULT NULL,
  `is_enabled` varchar(255) DEFAULT NULL,
  `lats` float NOT NULL,
  `loc_name` varchar(255) DEFAULT NULL,
  `loc_type` varchar(255) DEFAULT NULL,
  `longs` float NOT NULL,
  `modified_by` varchar(255) DEFAULT NULL,
  `modified_dt` datetime(6) DEFAULT NULL,
  PRIMARY KEY (`id`)
) ENGINE=InnoDB AUTO_INCREMENT=39 DEFAULT CHARSET=latin1;
/*!40101 SET character_set_client = @saved_cs_client */;

--
-- Dumping data for table `m_map_location`
--

LOCK TABLES `m_map_location` WRITE;
/*!40000 ALTER TABLE `m_map_location` DISABLE KEYS */;
INSERT INTO `m_map_location` VALUES (18,'chennai','IN',NULL,'2018-12-13 18:15:04.287000',NULL,13.09,'chennai',NULL,80.27,NULL,'2018-12-13 18:15:04.287000'),(19,'delhi','IN',NULL,'2018-12-13 18:15:38.603000',NULL,28.6535,'delhi',NULL,77.1238,NULL,'2018-12-13 18:15:38.603000'),(20,'Pothigai','IN',NULL,'2018-12-14 11:29:54.476000',NULL,13.09,'Pothigai',NULL,80.27,NULL,'2018-12-14 11:29:54.476000'),(21,'Mumbai','IN',NULL,'2018-12-14 11:35:14.253000',NULL,13.09,'Mumbai',NULL,80.27,NULL,'2018-12-14 11:35:14.253000'),(22,'madurai','IN',NULL,'2018-12-14 17:29:55.942000',NULL,9.91966,'madrai',NULL,78.1194,NULL,'2018-12-14 17:29:55.942000'),(23,'SidSync Technologies','IN',NULL,NULL,NULL,12.9655,'SidSync Technologies',NULL,80.2121,NULL,NULL),(30,'Hyderabad','IN',NULL,'2019-03-20 14:42:40.831000',NULL,20.1592,'Hyderabad',NULL,74.0964,NULL,'2019-03-20 14:42:40.832000');
/*!40000 ALTER TABLE `m_map_location` ENABLE KEYS */;
UNLOCK TABLES;

--
-- Table structure for table `m_material`
--

DROP TABLE IF EXISTS `m_material`;
/*!40101 SET @saved_cs_client     = @@character_set_client */;
/*!40101 SET character_set_client = utf8 */;
CREATE TABLE `m_material` (
  `id` int(11) NOT NULL AUTO_INCREMENT,
  `created_by` varchar(100) DEFAULT NULL,
  `created_dt` datetime(6) DEFAULT NULL,
  `is_enabled` varchar(1) DEFAULT NULL,
  `material_code` varchar(100) DEFAULT NULL,
  `material_name` varchar(100) DEFAULT NULL,
  `modified_by` varchar(100) DEFAULT NULL,
  `modified_dt` datetime(6) DEFAULT NULL,
  `remarks` varchar(255) DEFAULT NULL,
  `unit` varchar(255) DEFAULT NULL,
  `has_inventory` varchar(100) DEFAULT NULL,
  `hsn_code` varchar(100) DEFAULT NULL,
  `material_category` varchar(100) DEFAULT NULL,
  `material_desc` varchar(255) DEFAULT NULL,
  `status_code` varchar(100) DEFAULT NULL,
  `unit_of_measure` varchar(100) DEFAULT NULL,
  `unit_price` varchar(100) DEFAULT NULL,
  `asset_make` varchar(100) DEFAULT NULL,
  `asset_model` varchar(100) DEFAULT NULL,
  `asset_owner` varchar(100) DEFAULT NULL,
  `asset_serial_no` varchar(100) DEFAULT NULL,
  `m_manufacturer_id` varchar(100) DEFAULT NULL,
  `m_product_family_id` varchar(100) DEFAULT NULL,
  PRIMARY KEY (`id`)
) ENGINE=InnoDB AUTO_INCREMENT=10 DEFAULT CHARSET=latin1;
/*!40101 SET character_set_client = @saved_cs_client */;

--
-- Dumping data for table `m_material`
--

LOCK TABLES `m_material` WRITE;
/*!40000 ALTER TABLE `m_material` DISABLE KEYS */;
INSERT INTO `m_material` VALUES (1,NULL,NULL,NULL,'M-001','Material',NULL,NULL,NULL,'1',NULL,'1','Material','Material',NULL,NULL,NULL,NULL,NULL,'Material',NULL,NULL,NULL),(2,NULL,'2019-01-03 11:06:27.957000',NULL,'A-001','ASSET',NULL,'2019-01-03 11:06:27.957000',NULL,NULL,NULL,'2','Asset','Asset',NULL,NULL,NULL,NULL,NULL,NULL,NULL,NULL,NULL),(3,NULL,'2019-01-03 11:06:46.414000',NULL,'GO-01','Goods',NULL,'2019-01-03 11:06:46.414000',NULL,NULL,NULL,'3','Goods','Goods',NULL,NULL,NULL,NULL,NULL,NULL,NULL,NULL,NULL),(4,'1','2019-01-03 11:06:52.790000',NULL,'GO-02','Goods-2','1','2019-01-03 11:06:52.790000',NULL,NULL,NULL,'4','Goods','Goods',NULL,'Kg','10',NULL,NULL,NULL,NULL,NULL,NULL),(5,NULL,NULL,NULL,'PRO-11','wires',NULL,NULL,NULL,NULL,NULL,'5','Products','wires',NULL,NULL,NULL,NULL,NULL,NULL,NULL,NULL,'01'),(6,NULL,NULL,NULL,'PRO-12','cables',NULL,NULL,NULL,NULL,NULL,'6','Products','cables',NULL,NULL,NULL,NULL,NULL,NULL,NULL,NULL,'02'),(7,'1',NULL,NULL,'PRO-13','General','1',NULL,NULL,NULL,NULL,'7','Products','General',NULL,NULL,NULL,NULL,NULL,NULL,NULL,'1','1'),(9,'1',NULL,NULL,'PRO-14','General','1',NULL,NULL,NULL,NULL,'7','Manufacturer','General',NULL,NULL,NULL,NULL,NULL,NULL,NULL,'1','1');
/*!40000 ALTER TABLE `m_material` ENABLE KEYS */;
UNLOCK TABLES;

--
-- Table structure for table `m_merchant`
--

DROP TABLE IF EXISTS `m_merchant`;
/*!40101 SET @saved_cs_client     = @@character_set_client */;
/*!40101 SET character_set_client = utf8 */;
CREATE TABLE `m_merchant` (
  `id` int(11) NOT NULL AUTO_INCREMENT,
  `created_by` varchar(255) DEFAULT NULL,
  `created_dt` datetime(6) DEFAULT NULL,
  `is_enabled` varchar(255) DEFAULT NULL,
  `merchant_name` varchar(255) DEFAULT NULL,
  `modified_by` varchar(255) DEFAULT NULL,
  `modified_dt` datetime(6) DEFAULT NULL,
  PRIMARY KEY (`id`)
) ENGINE=InnoDB AUTO_INCREMENT=3 DEFAULT CHARSET=latin1;
/*!40101 SET character_set_client = @saved_cs_client */;

--
-- Dumping data for table `m_merchant`
--

LOCK TABLES `m_merchant` WRITE;
/*!40000 ALTER TABLE `m_merchant` DISABLE KEYS */;
INSERT INTO `m_merchant` VALUES (1,NULL,NULL,NULL,'OLA',NULL,NULL),(2,NULL,NULL,NULL,'Uber',NULL,NULL);
/*!40000 ALTER TABLE `m_merchant` ENABLE KEYS */;
UNLOCK TABLES;

--
-- Table structure for table `m_office`
--

DROP TABLE IF EXISTS `m_office`;
/*!40101 SET @saved_cs_client     = @@character_set_client */;
/*!40101 SET character_set_client = utf8 */;
CREATE TABLE `m_office` (
  `id` int(11) NOT NULL AUTO_INCREMENT,
  `office_name` varchar(100) DEFAULT NULL,
  `description` varchar(200) DEFAULT NULL,
  `country_code` varchar(100) DEFAULT NULL,
  `employee_id` varchar(45) DEFAULT NULL,
  `is_enabled` varchar(1) DEFAULT NULL,
  `created_by` varchar(45) DEFAULT NULL,
  `modified_by` varchar(45) DEFAULT NULL,
  `created_dt` datetime DEFAULT NULL,
  `modified_dt` datetime DEFAULT NULL,
  `s_country_id` int(11) NOT NULL,
  `last_emp_sequence` varchar(100) DEFAULT NULL,
  `office_abbreviation` varchar(100) DEFAULT NULL,
  `announcement_id` varchar(100) DEFAULT NULL,
  PRIMARY KEY (`id`),
  KEY `m_office_s_country_FK` (`s_country_id`),
  CONSTRAINT `m_office_s_country_FK` FOREIGN KEY (`s_country_id`) REFERENCES `s_country` (`id`)
) ENGINE=InnoDB AUTO_INCREMENT=28 DEFAULT CHARSET=latin1;
/*!40101 SET character_set_client = @saved_cs_client */;

--
-- Dumping data for table `m_office`
--

LOCK TABLES `m_office` WRITE;
/*!40000 ALTER TABLE `m_office` DISABLE KEYS */;
INSERT INTO `m_office` VALUES (6,'Chennai South','Chennai Office @ Urapakkam','IN','1',NULL,NULL,'30',NULL,'2019-08-05 12:06:34',1,'101','CH','47'),(7,'Chennai North','Chennai Office @ Parrys Corner','IN','26',NULL,NULL,'262',NULL,'2019-07-09 13:50:24',1,'85','CH',NULL),(8,'Colombo','Colombo office','SL','17',NULL,NULL,'262',NULL,'2019-07-05 13:36:04',1,'81','CH',NULL),(22,'Royepettah-SidSync','Royepettah-SidSync','IN','4',NULL,'24','262','2019-04-09 16:01:44','2019-07-19 17:56:46',1,'87','CH',NULL),(23,'RamNagar-SidSync','RamNagar-SidSync','IN','2',NULL,'24','455','2019-04-09 16:13:10','2019-09-22 12:10:03',1,'291','CH',NULL);
/*!40000 ALTER TABLE `m_office` ENABLE KEYS */;
UNLOCK TABLES;

--
-- Table structure for table `m_partner`
--

DROP TABLE IF EXISTS `m_partner`;
/*!40101 SET @saved_cs_client     = @@character_set_client */;
/*!40101 SET character_set_client = utf8 */;
CREATE TABLE `m_partner` (
  `id` int(11) NOT NULL AUTO_INCREMENT,
  `client_code` varchar(100) DEFAULT NULL,
  `client_name` varchar(100) DEFAULT NULL,
  `created_by` varchar(100) DEFAULT NULL,
  `created_dt` datetime(6) DEFAULT NULL,
  `email_id` varchar(100) DEFAULT NULL,
  `is_enabled` varchar(100) DEFAULT NULL,
  `mobile_no` varchar(100) DEFAULT NULL,
  `modified_by` varchar(100) DEFAULT NULL,
  `modified_dt` datetime(6) DEFAULT NULL,
  `vendor_abbreviation` varchar(100) DEFAULT NULL,
  `vendor_code` varchar(100) DEFAULT NULL,
  `gst_no` varchar(45) DEFAULT NULL,
  `pan_no` varchar(45) DEFAULT NULL,
  `pri_first_name` varchar(45) DEFAULT NULL,
  `pri_last_name` varchar(45) DEFAULT NULL,
  `country_id` varchar(45) DEFAULT NULL,
  `is_client` varchar(1) DEFAULT NULL,
  `is_vendor` varchar(1) DEFAULT NULL,
  `client_abbrevation` varchar(45) DEFAULT NULL,
  `client_status` varchar(45) DEFAULT NULL,
  `vendor_status` varchar(45) DEFAULT NULL,
  `vendor_name` varchar(50) DEFAULT NULL,
  `address` varchar(100) DEFAULT NULL,
  `tin_no` varchar(100) DEFAULT NULL,
  `address_line1` varchar(500) DEFAULT NULL,
  `address_line2` varchar(500) DEFAULT NULL,
  `city` varchar(100) DEFAULT NULL,
  `state` varchar(100) DEFAULT NULL,
  `company_id` varchar(100) DEFAULT NULL,
  `company_name` varchar(100) DEFAULT NULL,
  `number` varchar(100) DEFAULT NULL,
  `logo_url` varchar(500) DEFAULT NULL,
  PRIMARY KEY (`id`)
) ENGINE=InnoDB AUTO_INCREMENT=133 DEFAULT CHARSET=latin1;
/*!40101 SET character_set_client = @saved_cs_client */;

--
-- Dumping data for table `m_partner`
--

LOCK TABLES `m_partner` WRITE;
/*!40000 ALTER TABLE `m_partner` DISABLE KEYS */;
INSERT INTO `m_partner` VALUES (1,'C001','GM',NULL,'2018-12-22 13:07:14.886000','Rajesh@gmail.com',NULL,'9876543210',NULL,'2019-05-06 18:22:08.471000',NULL,'V001','10','12345','Rajesh','Omicorn','1','N','Y',NULL,NULL,NULL,'Omicorn','Chennai','78958287','Chennai','Chennai','Chennai','TN','1','1',NULL,NULL),(2,'C002','OMICORN',NULL,NULL,'dinesh@sidsync.com',NULL,'1234567890',NULL,NULL,NULL,'V002','12345','852','Dinesh',NULL,'2','N','Y',NULL,NULL,NULL,'NPTEL','Bangalore','321456','Chennai','Chennai','Chennai','TN','1','1',NULL,NULL),(3,'C003','NPTEL',NULL,NULL,'Sarfaraz@gmail.com',NULL,'9999777885',NULL,'2019-04-30 19:45:23.355000',NULL,'V003','12345','45323','Sarfaraz',NULL,'1','Y','N',NULL,NULL,NULL,'VENDOR_003','Delhi','787878','CH','CH','chennai','TN',NULL,NULL,NULL,NULL),(14,'C004','OMICRON electronics ',NULL,'2019-03-08 11:17:20.703000','priyadarshini2013.pd@gmail.com',NULL,'7530098184',NULL,'2019-04-30 15:23:54.593000',NULL,'V003','12345','54321','Priya',NULL,'1','N','Y',NULL,NULL,NULL,'GmbH',NULL,'600078','chennai','chennai','chennai','tn',NULL,NULL,'04443530441',NULL),(16,'C006','Omicorn',NULL,NULL,'Dinesh@sidsync.com',NULL,'9094348585',NULL,'2019-04-30 20:03:41.832000',NULL,'V004','9094','444','Dinesh','SidSync','1','Y','N',NULL,NULL,NULL,'VENDOR_004','Delhi','787878','ch','ch','chennai','TN',NULL,NULL,'9094348585',NULL),(17,'C001','GM corp',NULL,'2018-12-22 13:07:14.000000','Imthyaz@gmail.com',NULL,'9876543210',NULL,'2019-04-30 15:24:53.649000',NULL,'V004','12345','12345','Imthyaz','Omicorn','1','N','Y',NULL,NULL,NULL,'Solar Mass','Chennai','78958287','Chennai','Chennai','Chennai','TN','1','1',NULL,NULL),(106,'C007','GmbH',NULL,'2019-04-25 14:46:58.545000','imthyaz@sidsync.com',NULL,'9212325489',NULL,'2019-07-12 15:14:19.206000',NULL,NULL,'12345',NULL,'Imthyaz',NULL,'1','Y','N',NULL,NULL,NULL,NULL,NULL,'600001','Mount Road','Mount Road','CH','TN',NULL,NULL,'044-86234312','http://localhost:9000/albums/12-002999c3-2200-491a-81e6-cdb02d136da2-2019-07-12T13%3A37%3A46.925?X-Amz-Algorithm=AWS4-HMAC-SHA256&X-Amz-Credential=priya%2F20190712%2Fus-east-1%2Fs3%2Faws4_request&X-Amz-Date=20190712T094124Z&X-Amz-Expires=86400&X-Amz-SignedHeaders=host&X-Amz-Signature=d86ef602c09e9c99ac5b4d03ba8a91caf90685da335d8b96f124c65a19ad7d74'),(129,NULL,NULL,NULL,'2019-07-04 15:35:47.903000','test@gm.com',NULL,NULL,NULL,'2019-07-04 16:39:33.997000',NULL,NULL,'54321',NULL,NULL,NULL,NULL,'Y','N',NULL,NULL,NULL,NULL,NULL,NULL,NULL,NULL,NULL,NULL,NULL,'test',NULL,NULL),(131,'C007','New',NULL,'2019-07-04 18:42:50.865000','test@sidsync.com',NULL,'9212325489',NULL,'2019-08-05 10:53:35.584000',NULL,NULL,'121212 wed',NULL,'test2',NULL,'1','Y','N',NULL,NULL,NULL,NULL,NULL,'600001','Mount Road','Mount Road','CH','TN',NULL,NULL,'044-86234312','http://35.211.71.48:9000/albums/1.gif?X-Amz-Algorithm=AWS4-HMAC-SHA256&X-Amz-Credential=priya%2F20190711%2F%2Fs3%2Faws4_request&X-Amz-Date=20190711T130838Z&X-Amz-Expires=432000&X-Amz-SignedHeaders=host&X-Amz-Signature=c59c8c760f1c51c164e01ea15fbf56bd5941370594274859b11b47c0705c674c'),(132,'C027','GmbH',NULL,'2019-07-05 20:59:41.330000','test@gmail.com',NULL,NULL,NULL,'2019-08-05 10:25:03.011000',NULL,NULL,'2134322',NULL,NULL,NULL,NULL,'Y','N',NULL,NULL,NULL,NULL,NULL,NULL,NULL,NULL,NULL,NULL,NULL,'testing',NULL,NULL);
/*!40000 ALTER TABLE `m_partner` ENABLE KEYS */;
UNLOCK TABLES;

--
-- Table structure for table `m_partner_account_info`
--

DROP TABLE IF EXISTS `m_partner_account_info`;
/*!40101 SET @saved_cs_client     = @@character_set_client */;
/*!40101 SET character_set_client = utf8 */;
CREATE TABLE `m_partner_account_info` (
  `id` int(11) NOT NULL AUTO_INCREMENT,
  `bank_account_name` varchar(100) DEFAULT NULL,
  `bank_account_no` varchar(100) DEFAULT NULL,
  `bank_branch_name` varchar(100) DEFAULT NULL,
  `bank_name` varchar(100) DEFAULT NULL,
  `created_by` varchar(100) DEFAULT NULL,
  `created_dt` datetime(6) DEFAULT NULL,
  `ifsc_code` varchar(100) DEFAULT NULL,
  `is_enabled` varchar(100) DEFAULT NULL,
  `modified_by` varchar(100) DEFAULT NULL,
  `modified_dt` datetime(6) DEFAULT NULL,
  `others` varchar(100) DEFAULT NULL,
  `partner_id` varchar(100) DEFAULT NULL,
  `is_client` varchar(1) DEFAULT NULL,
  `is_vendor` varchar(1) DEFAULT NULL,
  PRIMARY KEY (`id`)
) ENGINE=InnoDB AUTO_INCREMENT=54 DEFAULT CHARSET=latin1;
/*!40101 SET character_set_client = @saved_cs_client */;

--
-- Dumping data for table `m_partner_account_info`
--

LOCK TABLES `m_partner_account_info` WRITE;
/*!40000 ALTER TABLE `m_partner_account_info` DISABLE KEYS */;
INSERT INTO `m_partner_account_info` VALUES (1,'Omicorn Pvt Ltd','12589678858','Velachery','HDFC',NULL,NULL,'123213','Y',NULL,'2019-05-06 18:23:34.415000','Current Account','1',NULL,'Y'),(2,'Omicorn Pvt Ltd','9875642589','Velachery','AXIS',NULL,NULL,'123213','Y',NULL,'2019-05-06 18:23:34.416000','Current Account','1',NULL,'Y'),(3,'fvsvfsbssvs','4646848984864684','Velachery','SBI',NULL,'2019-02-02 16:42:30.557000','123213',NULL,NULL,'2019-02-02 16:42:30.557000','Current Account','9',NULL,NULL),(4,'gdfgdf','1234567845','Mount Road','AXIS',NULL,'2019-02-02 16:51:17.452000','123213',NULL,NULL,'2019-02-02 16:51:17.452000','Current Account','12',NULL,NULL),(5,'Sarfaraz','CUB-768763876','CUB Mount Road','CUB',NULL,'2019-02-02 16:53:52.942000','123213',NULL,NULL,'2019-04-30 19:45:23.357000','Current Account','3',NULL,NULL),(6,'fdsgfgfd','1234567845','Velachery','DBS',NULL,'2019-03-08 11:17:20.706000','123213',NULL,NULL,'2019-03-08 11:17:20.706000','Current Account','14',NULL,NULL),(10,'check','1234567845','Mount Road','DBS',NULL,'2019-04-11 14:34:44.057000','123213',NULL,NULL,'2019-04-11 14:34:44.057000','Current Account','21',NULL,NULL),(31,NULL,'1234567845','Mount Road','SBI',NULL,'2019-04-11 17:59:19.224000','123213',NULL,NULL,'2019-04-11 17:59:19.224000','Current Account','42',NULL,NULL),(32,NULL,'1234567845','Velachery','AXIS',NULL,'2019-04-11 17:59:19.499000','123213',NULL,NULL,'2019-04-11 17:59:19.499000','Current Account','43',NULL,NULL),(33,NULL,'1234567845','Mount Road','SBI',NULL,'2019-04-11 18:41:50.029000','123213',NULL,NULL,'2019-04-11 18:41:50.029000','Current Account','44',NULL,NULL),(37,'Dinesh','1234567845','Velachery','AXIS',NULL,'2019-04-12 15:35:12.328000','123213',NULL,NULL,'2019-04-12 15:35:12.328000','Current Account','16',NULL,NULL),(42,'Imthazy','12543123','SBI Mount Road','SBI',NULL,'2019-04-25 14:46:58.546000','SBI-12865',NULL,NULL,'2019-04-25 14:46:58.546000','Current Account','106',NULL,NULL),(51,NULL,NULL,NULL,NULL,NULL,'2019-07-04 15:35:47.905000',NULL,NULL,NULL,'2019-07-04 15:35:47.905000',NULL,'129',NULL,NULL),(53,NULL,NULL,NULL,NULL,NULL,'2019-07-05 20:59:41.357000',NULL,NULL,NULL,'2019-07-05 20:59:41.357000',NULL,'132',NULL,NULL);
/*!40000 ALTER TABLE `m_partner_account_info` ENABLE KEYS */;
UNLOCK TABLES;

--
-- Table structure for table `m_partner_contact`
--

DROP TABLE IF EXISTS `m_partner_contact`;
/*!40101 SET @saved_cs_client     = @@character_set_client */;
/*!40101 SET character_set_client = utf8 */;
CREATE TABLE `m_partner_contact` (
  `id` int(11) NOT NULL AUTO_INCREMENT,
  `created_by` varchar(100) DEFAULT NULL,
  `created_dt` datetime DEFAULT NULL,
  `is_client` varchar(1) DEFAULT NULL,
  `is_enabled` varchar(100) DEFAULT NULL,
  `is_vendor` varchar(1) DEFAULT NULL,
  `landline_no` varchar(100) DEFAULT NULL,
  `manager_id` varchar(100) DEFAULT NULL,
  `mobile_no` varchar(100) DEFAULT NULL,
  `modified_by` varchar(100) DEFAULT NULL,
  `modified_dt` datetime DEFAULT NULL,
  `name` varchar(100) DEFAULT NULL,
  `number` varchar(100) DEFAULT NULL,
  `partner_id` varchar(100) DEFAULT NULL,
  `email_id` varchar(100) DEFAULT NULL,
  PRIMARY KEY (`id`)
) ENGINE=InnoDB AUTO_INCREMENT=22 DEFAULT CHARSET=latin1;
/*!40101 SET character_set_client = @saved_cs_client */;

--
-- Dumping data for table `m_partner_contact`
--

LOCK TABLES `m_partner_contact` WRITE;
/*!40000 ALTER TABLE `m_partner_contact` DISABLE KEYS */;
INSERT INTO `m_partner_contact` VALUES (1,NULL,NULL,'Y',NULL,NULL,'7777','1','04443530441',NULL,'2019-05-06 18:23:34','Imthyaz','888','1','priyadarshini2013.pd@gmail.com'),(2,NULL,NULL,'Y',NULL,NULL,'528957893','1','5889485589',NULL,NULL,'Dinesh','1588','2','dinesh@gmail.com'),(3,NULL,NULL,'Y',NULL,NULL,'528957893','1','5889485589',NULL,NULL,'Sarfaraz','1588','3','sarfaraz@sidsync.com'),(4,NULL,NULL,'Y',NULL,NULL,'528957893','1','5889485589',NULL,NULL,'Dinesh','54321','16','test@sidsync.com'),(5,NULL,NULL,'Y',NULL,NULL,'528957893','1','5889485589',NULL,NULL,'Imthyaz','54321','106','test@sidsync.com'),(6,NULL,NULL,'Y',NULL,NULL,'528957893','1','5889485589',NULL,NULL,'Sarfaraz','1588','17','sarfaraz@sidsync.com'),(7,NULL,NULL,'Y',NULL,NULL,'528957893','1','5889485589',NULL,NULL,'pothgai','54321','14','test@sidsync.com'),(18,NULL,'2019-07-04 15:35:47',NULL,NULL,NULL,NULL,NULL,'1232143234',NULL,'2019-07-04 15:35:47',NULL,'21312432321','129',NULL),(21,NULL,'2019-07-05 20:59:41',NULL,NULL,NULL,NULL,NULL,'9876543210',NULL,'2019-07-05 20:59:41',NULL,'432342343','132',NULL);
/*!40000 ALTER TABLE `m_partner_contact` ENABLE KEYS */;
UNLOCK TABLES;

--
-- Table structure for table `m_partner_doc`
--

DROP TABLE IF EXISTS `m_partner_doc`;
/*!40101 SET @saved_cs_client     = @@character_set_client */;
/*!40101 SET character_set_client = utf8 */;
CREATE TABLE `m_partner_doc` (
  `id` int(11) NOT NULL AUTO_INCREMENT,
  `attached_dt` datetime(6) DEFAULT NULL,
  `created_by` varchar(255) DEFAULT NULL,
  `created_dt` datetime(6) DEFAULT NULL,
  `doc_id` varchar(255) DEFAULT NULL,
  `doc_number` varchar(255) DEFAULT NULL,
  `doc_type_code` varchar(255) DEFAULT NULL,
  `doc_type_id` varchar(255) DEFAULT NULL,
  `doc_type_name` varchar(255) DEFAULT NULL,
  `is_attached` varchar(255) DEFAULT NULL,
  `is_enabled` varchar(255) DEFAULT NULL,
  `modified_by` varchar(255) DEFAULT NULL,
  `modified_dt` datetime(6) DEFAULT NULL,
  `partner_id` varchar(255) DEFAULT NULL,
  PRIMARY KEY (`id`)
) ENGINE=InnoDB AUTO_INCREMENT=56 DEFAULT CHARSET=latin1;
/*!40101 SET character_set_client = @saved_cs_client */;

--
-- Dumping data for table `m_partner_doc`
--

LOCK TABLES `m_partner_doc` WRITE;
/*!40000 ALTER TABLE `m_partner_doc` DISABLE KEYS */;
INSERT INTO `m_partner_doc` VALUES (1,NULL,NULL,NULL,'1','123456789456','PDF','1','GST',NULL,NULL,NULL,NULL,'1'),(2,NULL,NULL,NULL,'1','123456789456','PDF','1','TAN',NULL,NULL,NULL,NULL,'1'),(3,NULL,NULL,'2019-02-02 16:42:30.560000',NULL,'123456789456',NULL,NULL,'TAN',NULL,NULL,NULL,'2019-02-02 16:42:30.560000','9'),(4,NULL,NULL,'2019-02-02 16:51:17.456000',NULL,'123456789456',NULL,NULL,'TAN',NULL,NULL,NULL,'2019-02-02 16:51:17.456000','12'),(5,NULL,NULL,'2019-02-02 16:53:52.945000',NULL,'123456789456',NULL,NULL,'TAN',NULL,NULL,NULL,'2019-02-02 16:53:52.945000','13'),(6,NULL,NULL,'2019-03-08 11:17:20.707000',NULL,NULL,NULL,NULL,NULL,NULL,NULL,NULL,'2019-03-08 11:17:20.707000','14'),(24,NULL,NULL,'2019-04-11 14:35:37.673000',NULL,NULL,NULL,NULL,NULL,NULL,NULL,NULL,'2019-04-11 14:35:37.673000','35'),(31,NULL,NULL,'2019-04-11 17:59:19.235000',NULL,'1234',NULL,NULL,'test',NULL,NULL,NULL,'2019-04-11 17:59:19.235000','42'),(32,NULL,NULL,'2019-04-11 17:59:19.502000',NULL,'1234',NULL,NULL,'test',NULL,NULL,NULL,'2019-04-11 17:59:19.502000','43'),(33,NULL,NULL,'2019-04-11 18:41:50.034000',NULL,NULL,NULL,NULL,NULL,NULL,NULL,NULL,'2019-04-11 18:41:50.034000','44'),(41,NULL,NULL,'2019-04-25 14:46:58.547000',NULL,'d6c13cda-9671-4163-bcc7-e030edb6ef7d',NULL,NULL,'doc-1',NULL,NULL,NULL,'2019-07-12 13:16:41.971000','106'),(43,NULL,NULL,NULL,'1','123456789456','PDF','1','TAN',NULL,NULL,NULL,NULL,'3'),(44,NULL,NULL,NULL,'1','123456789456','PDF','1','TAN',NULL,NULL,NULL,NULL,'16'),(52,NULL,NULL,'2019-07-04 15:35:47.908000',NULL,NULL,NULL,NULL,NULL,NULL,NULL,NULL,'2019-07-04 15:35:47.908000','129'),(54,NULL,NULL,'2019-07-05 20:59:41.382000',NULL,NULL,NULL,NULL,NULL,NULL,NULL,NULL,'2019-07-05 20:59:41.382000','132'),(55,NULL,NULL,'2019-07-11 18:03:53.528000',NULL,NULL,NULL,NULL,NULL,NULL,NULL,NULL,'2019-07-11 18:03:53.528000','106');
/*!40000 ALTER TABLE `m_partner_doc` ENABLE KEYS */;
UNLOCK TABLES;

--
-- Table structure for table `m_partner_employee`
--

DROP TABLE IF EXISTS `m_partner_employee`;
/*!40101 SET @saved_cs_client     = @@character_set_client */;
/*!40101 SET character_set_client = utf8 */;
CREATE TABLE `m_partner_employee` (
  `id` int(11) NOT NULL AUTO_INCREMENT,
  `address_line1` varchar(255) DEFAULT NULL,
  `address_line2` varchar(255) DEFAULT NULL,
  `created_by` varchar(255) DEFAULT NULL,
  `created_dt` datetime(6) DEFAULT NULL,
  `email_id` varchar(255) DEFAULT NULL,
  `emp_city` varchar(255) DEFAULT NULL,
  `emp_country` varchar(255) DEFAULT NULL,
  `emp_state` varchar(255) DEFAULT NULL,
  `first_name` varchar(255) DEFAULT NULL,
  `is_enabled` varchar(255) DEFAULT NULL,
  `landline_no` varchar(255) DEFAULT NULL,
  `last_name` varchar(255) DEFAULT NULL,
  `manager_id` varchar(255) DEFAULT NULL,
  `mobile_no` varchar(255) DEFAULT NULL,
  `modified_by` varchar(255) DEFAULT NULL,
  `modified_dt` datetime(6) DEFAULT NULL,
  `partner_id` varchar(255) DEFAULT NULL,
  `pin_code` varchar(255) DEFAULT NULL,
  `is_client` varchar(1) DEFAULT NULL,
  `is_vendor` varchar(1) DEFAULT NULL,
  PRIMARY KEY (`id`)
) ENGINE=InnoDB AUTO_INCREMENT=55 DEFAULT CHARSET=latin1;
/*!40101 SET character_set_client = @saved_cs_client */;

--
-- Dumping data for table `m_partner_employee`
--

LOCK TABLES `m_partner_employee` WRITE;
/*!40000 ALTER TABLE `m_partner_employee` DISABLE KEYS */;
INSERT INTO `m_partner_employee` VALUES (1,'1','1',NULL,NULL,'1','Chennai','India','Tamil Nadu','Ram',NULL,'044-86232178','1','false','',NULL,'2019-01-31 18:36:33.286000','1',NULL,NULL,'Y'),(2,'11','11',NULL,NULL,'agkam@gmail.com','Chennai','India','Tamil Nadu','Sarfaraz',NULL,'044-86232178','1','1','9999777885',NULL,'2019-04-30 20:09:21.708000','3',NULL,NULL,'Y'),(3,NULL,NULL,NULL,'2019-02-02 16:42:30.564000',NULL,NULL,NULL,NULL,'vdsvsf',NULL,'044-86232178',NULL,'true','312364684',NULL,'2019-02-02 16:42:30.564000','9',NULL,NULL,NULL),(4,NULL,NULL,NULL,'2019-02-02 16:51:17.460000',NULL,NULL,NULL,NULL,'gdfgfdg',NULL,'044-86232178',NULL,NULL,'gfdgdf',NULL,'2019-02-02 16:51:17.460000','12',NULL,NULL,NULL),(5,NULL,NULL,NULL,'2019-02-02 16:53:52.948000',NULL,NULL,NULL,NULL,'gfdgfdgd',NULL,'044-86232178',NULL,NULL,'gfdgf',NULL,'2019-02-02 16:53:52.948000','13',NULL,NULL,NULL),(6,NULL,NULL,NULL,'2019-03-08 11:17:20.708000',NULL,NULL,NULL,NULL,'gm',NULL,'044-86232178',NULL,NULL,'98753682598',NULL,'2019-03-08 11:17:20.708000','14',NULL,NULL,NULL),(10,NULL,NULL,NULL,'2019-04-11 14:34:44.060000',NULL,NULL,NULL,NULL,'test',NULL,'044-86232178',NULL,'true','123456789',NULL,'2019-04-11 14:34:44.060000','21',NULL,NULL,NULL),(11,NULL,NULL,NULL,'2019-04-11 14:34:44.176000',NULL,NULL,NULL,NULL,'test',NULL,'044-86232178',NULL,'true','123456789',NULL,'2019-04-11 14:34:44.176000','22',NULL,NULL,NULL),(12,NULL,NULL,NULL,'2019-04-11 14:34:45.088000',NULL,NULL,NULL,NULL,'test',NULL,'044-86232178',NULL,'true','123456789',NULL,'2019-04-11 14:34:45.088000','23',NULL,NULL,NULL),(13,NULL,NULL,NULL,'2019-04-11 14:34:46.784000',NULL,NULL,NULL,NULL,'test',NULL,'044-86232178',NULL,'true','123456789',NULL,'2019-04-11 14:34:46.784000','24',NULL,NULL,NULL),(14,NULL,NULL,NULL,'2019-04-11 14:34:47.288000',NULL,NULL,NULL,NULL,'test',NULL,'044-86232178',NULL,'true','123456789',NULL,'2019-04-11 14:34:47.289000','25',NULL,NULL,NULL),(15,NULL,NULL,NULL,'2019-04-11 14:34:47.463000',NULL,NULL,NULL,NULL,'test',NULL,'044-86232178',NULL,'true','123456789',NULL,'2019-04-11 14:34:47.463000','26',NULL,NULL,NULL),(16,NULL,NULL,NULL,'2019-04-11 14:34:47.591000',NULL,NULL,NULL,NULL,'test',NULL,'044-86232178',NULL,'true','123456789',NULL,'2019-04-11 14:34:47.592000','27',NULL,NULL,NULL),(17,NULL,NULL,NULL,'2019-04-11 14:35:35.691000',NULL,NULL,NULL,NULL,'test',NULL,'044-86232178',NULL,'true','123456789',NULL,'2019-04-11 14:35:35.691000','28',NULL,NULL,NULL),(19,NULL,NULL,NULL,'2019-04-11 14:35:36.652000',NULL,NULL,NULL,NULL,'test',NULL,'044-86232178',NULL,'true','123456789',NULL,'2019-04-11 14:35:36.652000','30',NULL,NULL,NULL),(20,NULL,NULL,NULL,'2019-04-11 14:35:36.928000',NULL,NULL,NULL,NULL,'test',NULL,'044-86232178',NULL,'true','123456789',NULL,'2019-04-11 14:35:36.928000','31',NULL,NULL,NULL),(22,NULL,NULL,NULL,'2019-04-11 14:35:37.319000',NULL,NULL,NULL,NULL,'test',NULL,'044-86232178',NULL,'true','123456789',NULL,'2019-04-11 14:35:37.319000','33',NULL,NULL,NULL),(23,NULL,NULL,NULL,'2019-04-11 14:35:37.418000',NULL,NULL,NULL,NULL,'test',NULL,'044-86232178',NULL,'true','123456789',NULL,'2019-04-11 14:35:37.418000','34',NULL,NULL,NULL),(24,NULL,NULL,NULL,'2019-04-11 14:35:37.675000',NULL,NULL,NULL,NULL,'test',NULL,'044-86232178',NULL,'true','123456789',NULL,'2019-04-11 14:35:37.675000','35',NULL,NULL,NULL),(31,NULL,NULL,NULL,'2019-04-11 17:59:19.239000',NULL,NULL,NULL,NULL,'test',NULL,'044-86232178',NULL,NULL,'12344321',NULL,'2019-04-11 17:59:19.239000','42',NULL,NULL,NULL),(32,NULL,NULL,NULL,'2019-04-11 17:59:19.505000',NULL,NULL,NULL,NULL,'test',NULL,'044-86232178',NULL,NULL,'12344321',NULL,'2019-04-11 17:59:19.505000','43',NULL,NULL,NULL),(33,NULL,NULL,NULL,'2019-04-11 18:41:50.036000',NULL,NULL,NULL,NULL,'Dinesh',NULL,'044-86232178',NULL,NULL,'9823457645',NULL,'2019-04-30 20:09:44.551000','16',NULL,NULL,NULL),(42,NULL,NULL,NULL,'2019-04-25 14:46:58.548000',NULL,NULL,NULL,NULL,'Imthayz',NULL,'044-86232178',NULL,'true','9212325489',NULL,'2019-04-25 14:46:58.548000','106',NULL,NULL,NULL),(52,NULL,NULL,NULL,'2019-07-04 15:35:47.910000',NULL,NULL,NULL,NULL,NULL,NULL,NULL,NULL,NULL,NULL,NULL,'2019-07-04 15:35:47.910000','129',NULL,NULL,NULL),(54,NULL,NULL,NULL,'2019-07-05 20:59:41.395000',NULL,NULL,NULL,NULL,NULL,NULL,NULL,NULL,NULL,NULL,NULL,'2019-07-05 20:59:41.395000','132',NULL,NULL,NULL);
/*!40000 ALTER TABLE `m_partner_employee` ENABLE KEYS */;
UNLOCK TABLES;

--
-- Table structure for table `m_partner_gst`
--

DROP TABLE IF EXISTS `m_partner_gst`;
/*!40101 SET @saved_cs_client     = @@character_set_client */;
/*!40101 SET character_set_client = utf8 */;
CREATE TABLE `m_partner_gst` (
  `id` int(11) NOT NULL AUTO_INCREMENT,
  `partner_id` varchar(100) DEFAULT NULL,
  `gst_no` varchar(100) DEFAULT NULL,
  `is_client` varchar(1) DEFAULT NULL,
  `is_enabled` varchar(100) DEFAULT NULL,
  `is_vendor` varchar(1) DEFAULT NULL,
  `created_by` varchar(100) DEFAULT NULL,
  `created_dt` datetime DEFAULT NULL,
  `modified_by` varchar(100) DEFAULT NULL,
  `modified_dt` datetime DEFAULT NULL,
  PRIMARY KEY (`id`)
) ENGINE=InnoDB AUTO_INCREMENT=29 DEFAULT CHARSET=latin1;
/*!40101 SET character_set_client = @saved_cs_client */;

--
-- Dumping data for table `m_partner_gst`
--

LOCK TABLES `m_partner_gst` WRITE;
/*!40000 ALTER TABLE `m_partner_gst` DISABLE KEYS */;
INSERT INTO `m_partner_gst` VALUES (1,'16','1234',NULL,NULL,NULL,NULL,NULL,NULL,NULL),(2,'1','2312',NULL,NULL,NULL,NULL,NULL,NULL,NULL),(3,'2','5434',NULL,NULL,NULL,NULL,NULL,NULL,NULL),(4,'3','6798',NULL,NULL,NULL,NULL,NULL,NULL,NULL),(5,'14','9094',NULL,NULL,NULL,NULL,NULL,NULL,NULL),(6,'17','2212',NULL,NULL,NULL,NULL,NULL,NULL,NULL),(7,'106','4356',NULL,NULL,NULL,NULL,NULL,NULL,NULL),(15,'129','12345',NULL,NULL,NULL,NULL,'2019-07-04 15:35:47',NULL,'2019-07-04 15:35:47'),(16,'129','54321',NULL,NULL,NULL,NULL,'2019-07-04 16:39:33',NULL,'2019-07-04 16:39:33'),(19,'131','121212',NULL,NULL,NULL,NULL,'2019-07-05 13:56:46',NULL,'2019-07-05 13:56:46'),(20,'132','2134322',NULL,NULL,NULL,NULL,'2019-07-05 20:59:41',NULL,'2019-07-05 20:59:41'),(21,'106','12345',NULL,NULL,NULL,NULL,'2019-07-11 18:01:38',NULL,'2019-07-11 18:01:38'),(22,'106','12345',NULL,NULL,NULL,NULL,'2019-07-11 18:03:53',NULL,'2019-07-11 18:03:53'),(23,'16','9094',NULL,NULL,NULL,NULL,'2019-07-12 11:41:50',NULL,'2019-07-12 11:41:50'),(24,'106','12345',NULL,NULL,NULL,NULL,'2019-07-12 13:16:41',NULL,'2019-07-12 13:16:41'),(25,'106','12345',NULL,NULL,NULL,NULL,'2019-07-12 15:14:19',NULL,'2019-07-12 15:14:19'),(26,'132','2134322',NULL,NULL,NULL,NULL,'2019-08-05 10:25:03',NULL,'2019-08-05 10:25:03'),(27,'131','121212',NULL,NULL,NULL,NULL,'2019-08-05 10:53:19',NULL,'2019-08-05 10:53:19'),(28,'131','121212 wed',NULL,NULL,NULL,NULL,'2019-08-05 10:53:35',NULL,'2019-08-05 10:53:35');
/*!40000 ALTER TABLE `m_partner_gst` ENABLE KEYS */;
UNLOCK TABLES;

--
-- Table structure for table `m_product`
--

DROP TABLE IF EXISTS `m_product`;
/*!40101 SET @saved_cs_client     = @@character_set_client */;
/*!40101 SET character_set_client = utf8 */;
CREATE TABLE `m_product` (
  `id` int(11) NOT NULL AUTO_INCREMENT,
  `created_by` varchar(255) DEFAULT NULL,
  `created_dt` datetime(6) DEFAULT NULL,
  `is_enabled` varchar(255) DEFAULT NULL,
  `m_manufacturer_id` varchar(255) DEFAULT NULL,
  `m_product_family_id` varchar(255) DEFAULT NULL,
  `modified_by` varchar(255) DEFAULT NULL,
  `modified_dt` datetime(6) DEFAULT NULL,
  `product_code` varchar(255) DEFAULT NULL,
  `product_name` varchar(255) DEFAULT NULL,
  PRIMARY KEY (`id`)
) ENGINE=InnoDB AUTO_INCREMENT=14 DEFAULT CHARSET=latin1;
/*!40101 SET character_set_client = @saved_cs_client */;

--
-- Dumping data for table `m_product`
--

LOCK TABLES `m_product` WRITE;
/*!40000 ALTER TABLE `m_product` DISABLE KEYS */;
INSERT INTO `m_product` VALUES (3,'1','2018-12-06 17:24:46.662000',NULL,'13','11','33','2019-04-25 15:24:53.874000','Prod13','General'),(4,'33','2019-03-08 11:57:50.743000',NULL,'12','13','33','2019-04-25 15:25:22.268000','P002','Product'),(6,'32','2019-03-08 12:13:53.695000',NULL,'18','11','33','2019-04-25 13:55:02.027000','P004','wires'),(7,'33','2019-03-08 12:25:03.169000',NULL,'14','10','33','2019-05-03 15:33:36.929000','P005','Cable'),(8,'33','2019-03-21 13:57:06.728000',NULL,'1','11','33','2019-04-25 13:57:27.247000','P006','Alan Wire'),(10,'33','2019-03-26 11:05:08.515000',NULL,'18','11','33','2019-04-30 13:53:13.652000','P008','Miscellaneous'),(11,'33','2019-03-26 14:06:47.094000',NULL,'26','48','33','2019-03-26 17:37:10.633000','P009','Contactors'),(13,'33','2019-04-03 16:52:17.500000',NULL,'26','11',NULL,'2019-04-03 16:52:17.500000','P0011','Relays');
/*!40000 ALTER TABLE `m_product` ENABLE KEYS */;
UNLOCK TABLES;

--
-- Table structure for table `m_product_family`
--

DROP TABLE IF EXISTS `m_product_family`;
/*!40101 SET @saved_cs_client     = @@character_set_client */;
/*!40101 SET character_set_client = utf8 */;
CREATE TABLE `m_product_family` (
  `id` int(11) NOT NULL AUTO_INCREMENT,
  `created_by` varchar(255) DEFAULT NULL,
  `created_dt` datetime(6) DEFAULT NULL,
  `is_enabled` varchar(255) DEFAULT NULL,
  `m_manufacturer_id` int(11) DEFAULT NULL,
  `modified_by` varchar(255) DEFAULT NULL,
  `modified_dt` datetime(6) DEFAULT NULL,
  `product_family_name` varchar(255) DEFAULT NULL,
  PRIMARY KEY (`id`),
  KEY `FKde0x8nk7es15iid4yb6k3angb` (`m_manufacturer_id`)
) ENGINE=InnoDB AUTO_INCREMENT=61 DEFAULT CHARSET=latin1;
/*!40101 SET character_set_client = @saved_cs_client */;

--
-- Dumping data for table `m_product_family`
--

LOCK TABLES `m_product_family` WRITE;
/*!40000 ALTER TABLE `m_product_family` DISABLE KEYS */;
INSERT INTO `m_product_family` VALUES (10,NULL,'2019-03-07 13:52:34.444000','Y',12,NULL,'2019-04-30 13:32:11.726000','Digital Energy Meter'),(11,'25','2019-03-07 13:53:09.894000','Y',13,NULL,'2019-04-30 13:32:52.556000','High Voltage Tester'),(12,'25','2019-03-07 13:53:10.153000','Y',13,NULL,'2019-03-07 13:53:39.903000','Fitting'),(13,NULL,'2019-03-07 14:20:01.611000','Y',14,NULL,'2019-04-30 13:33:30.049000','Digital Clamp Meter'),(15,NULL,'2019-03-07 14:24:04.068000',NULL,1,NULL,'2019-04-30 13:30:59.452000','Temperature Data Logger'),(20,NULL,'2019-03-07 15:08:48.484000',NULL,18,NULL,'2019-04-30 13:35:12.313000','Telescoping '),(48,NULL,'2019-03-07 16:45:19.262000',NULL,25,NULL,'2019-04-30 13:36:04.868000','Galvanzied Telecom Tower'),(50,NULL,'2019-03-26 11:02:31.065000',NULL,26,NULL,'2019-04-30 13:29:35.028000','Cable'),(51,NULL,'2019-03-26 11:02:31.066000',NULL,26,NULL,'2019-04-30 13:30:31.644000','Electrical Multimeter'),(56,NULL,'2019-09-19 10:21:59.274000',NULL,30,NULL,'2019-09-19 10:21:59.274000','eerer'),(57,NULL,'2019-09-19 17:09:23.913000',NULL,31,NULL,'2019-09-19 17:09:23.913000',NULL),(58,NULL,'2019-09-19 17:09:47.815000',NULL,25,NULL,'2019-09-19 17:09:47.815000','dee'),(59,NULL,'2019-09-19 17:09:54.984000',NULL,30,NULL,'2019-09-19 17:09:54.984000','der'),(60,NULL,'2019-09-20 10:48:03.985000',NULL,1,NULL,'2019-09-20 10:48:03.985000',NULL);
/*!40000 ALTER TABLE `m_product_family` ENABLE KEYS */;
UNLOCK TABLES;

--
-- Table structure for table `m_product_service`
--

DROP TABLE IF EXISTS `m_product_service`;
/*!40101 SET @saved_cs_client     = @@character_set_client */;
/*!40101 SET character_set_client = utf8 */;
CREATE TABLE `m_product_service` (
  `id` int(11) NOT NULL AUTO_INCREMENT,
  `created_by` varchar(255) DEFAULT NULL,
  `created_dt` datetime(6) DEFAULT NULL,
  `is_enabled` varchar(255) DEFAULT NULL,
  `m_product_id` int(11) DEFAULT NULL,
  `modified_by` varchar(255) DEFAULT NULL,
  `modified_dt` datetime(6) DEFAULT NULL,
  `m_service_id` int(11) DEFAULT NULL,
  PRIMARY KEY (`id`),
  KEY `FK9wqh8hc8202uw25ttti568d4b` (`m_product_id`),
  CONSTRAINT `FK9wqh8hc8202uw25ttti568d4b` FOREIGN KEY (`m_product_id`) REFERENCES `m_product` (`id`)
) ENGINE=InnoDB AUTO_INCREMENT=15 DEFAULT CHARSET=latin1;
/*!40101 SET character_set_client = @saved_cs_client */;

--
-- Dumping data for table `m_product_service`
--

LOCK TABLES `m_product_service` WRITE;
/*!40000 ALTER TABLE `m_product_service` DISABLE KEYS */;
INSERT INTO `m_product_service` VALUES (1,NULL,'2018-12-06 17:24:46.663000',NULL,3,NULL,'2018-12-06 17:24:46.663000',12),(2,NULL,'2018-12-06 17:24:46.664000',NULL,3,NULL,'2018-12-06 17:24:46.664000',7),(3,NULL,'2019-03-08 11:57:50.744000',NULL,4,NULL,'2019-03-08 11:57:50.744000',1),(4,NULL,'2019-03-08 12:13:53.953000',NULL,6,NULL,'2019-03-08 12:13:53.953000',1),(5,NULL,'2019-03-08 12:25:03.179000',NULL,7,NULL,'2019-03-08 12:25:03.179000',1),(6,NULL,'2019-03-21 13:57:06.732000',NULL,8,NULL,'2019-04-25 13:57:27.247000',11),(8,NULL,'2019-03-25 12:08:18.284000',NULL,NULL,NULL,'2019-03-25 12:08:18.284000',2),(10,NULL,'2019-03-26 11:05:08.517000',NULL,10,NULL,'2019-04-30 13:52:46.632000',1),(11,NULL,'2019-03-26 11:05:08.523000',NULL,10,NULL,'2019-03-26 11:05:08.523000',16),(12,NULL,'2019-03-26 14:06:47.102000',NULL,11,NULL,'2019-03-26 14:06:47.102000',1),(14,NULL,'2019-04-03 16:52:17.503000',NULL,13,NULL,'2019-04-03 16:52:17.503000',16);
/*!40000 ALTER TABLE `m_product_service` ENABLE KEYS */;
UNLOCK TABLES;

--
-- Table structure for table `m_profile`
--

DROP TABLE IF EXISTS `m_profile`;
/*!40101 SET @saved_cs_client     = @@character_set_client */;
/*!40101 SET character_set_client = utf8 */;
CREATE TABLE `m_profile` (
  `id` int(11) NOT NULL AUTO_INCREMENT,
  `created_by` varchar(255) DEFAULT NULL,
  `created_dt` datetime(6) DEFAULT NULL,
  `is_enabled` varchar(255) DEFAULT NULL,
  `modified_by` varchar(255) DEFAULT NULL,
  `modified_dt` datetime(6) DEFAULT NULL,
  `profile_code` varchar(255) DEFAULT NULL,
  `profile_name` varchar(255) DEFAULT NULL,
  PRIMARY KEY (`id`)
) ENGINE=InnoDB AUTO_INCREMENT=72 DEFAULT CHARSET=latin1;
/*!40101 SET character_set_client = @saved_cs_client */;

--
-- Dumping data for table `m_profile`
--

LOCK TABLES `m_profile` WRITE;
/*!40000 ALTER TABLE `m_profile` DISABLE KEYS */;
INSERT INTO `m_profile` VALUES (1,'4422','2018-10-24 14:00:56.000000','Y','33','2019-04-02 11:18:42.135000','PRO-10','Senior Electric Engineer'),(2,'4422','2018-10-24 14:00:56.000000','Y','33','2019-04-30 13:37:26.855000','PRO-11','Senior Electronics Design Engineer'),(3,'4422','2018-10-24 14:00:56.000000','Y','33','2019-04-30 13:37:41.182000','PRO-12',' Electronical Engineer'),(4,'4422','2018-10-24 14:00:56.000000','Y','4422','2018-10-24 14:00:56.000000','PRO-13','Principle Electronical Engineer'),(5,'4422','2018-10-24 14:00:56.000000','Y','4422','2018-10-24 14:00:56.000000','PRO-14','Senior Test Engineer'),(6,'4422','2018-10-24 14:00:56.000000','Y','33','2019-05-03 15:39:07.405000','PRO-15','Project Engineer'),(7,'4422','2018-10-24 14:00:56.000000','Y','3','2019-01-29 14:07:15.793000','PRO-16','Transformer Protection - Retofit'),(19,'1','2018-12-08 20:25:49.550000',NULL,'1','2018-12-08 20:34:47.815000','PRO-17','Electrical Foreman'),(20,'1','2018-12-08 20:40:06.118000',NULL,'1','2018-12-08 20:40:30.203000','PRO-18','Electrical Apprentice'),(35,'33','2019-03-25 16:49:04.380000',NULL,'33','2019-05-03 15:38:15.568000','PRO-19','Field Service Technician'),(39,'33','2019-03-26 11:07:20.520000',NULL,'33','2019-05-03 15:37:59.202000','PRO-20','Controls Engineer Project Manager'),(68,'33','2019-03-26 17:30:22.899000',NULL,'33','2019-03-26 17:31:47.644000','PRO-21','Technical Head');
/*!40000 ALTER TABLE `m_profile` ENABLE KEYS */;
UNLOCK TABLES;

--
-- Table structure for table `m_profile_line`
--

DROP TABLE IF EXISTS `m_profile_line`;
/*!40101 SET @saved_cs_client     = @@character_set_client */;
/*!40101 SET character_set_client = utf8 */;
CREATE TABLE `m_profile_line` (
  `id` int(11) NOT NULL AUTO_INCREMENT,
  `product_id` varchar(255) DEFAULT NULL,
  `service_id` varchar(255) DEFAULT NULL,
  `created_by` varchar(255) DEFAULT NULL,
  `created_dt` datetime(6) DEFAULT NULL,
  `is_enabled` varchar(255) DEFAULT NULL,
  `modified_by` varchar(255) DEFAULT NULL,
  `modified_dt` datetime(6) DEFAULT NULL,
  `profile_id` varchar(255) DEFAULT NULL,
  `skill_level` varchar(255) DEFAULT NULL,
  PRIMARY KEY (`id`)
) ENGINE=InnoDB AUTO_INCREMENT=59 DEFAULT CHARSET=latin1;
/*!40101 SET character_set_client = @saved_cs_client */;

--
-- Dumping data for table `m_profile_line`
--

LOCK TABLES `m_profile_line` WRITE;
/*!40000 ALTER TABLE `m_profile_line` DISABLE KEYS */;
INSERT INTO `m_profile_line` VALUES (1,'3','1',NULL,'2018-10-24 14:12:08.000000','Y',NULL,'2019-04-30 13:37:05.878000','1','3'),(2,'3','2',NULL,'2018-10-24 14:12:08.000000','Y',NULL,'2019-04-30 13:37:26.855000','2','2'),(5,'6','6',NULL,'2018-10-24 14:12:08.000000','Y',NULL,'2019-04-30 13:37:41.182000','3','5'),(6,'7','4',NULL,'2018-10-24 14:12:08.000000','Y',NULL,'2018-10-24 14:12:08.000000','4','4'),(7,'4','5',NULL,'2018-10-24 14:12:08.000000','Y',NULL,'2018-10-24 14:12:08.000000','5','3'),(8,'8','6',NULL,'2018-10-24 14:12:08.000000','Y',NULL,'2019-05-03 15:39:07.406000','6','5'),(9,'7','4',NULL,'2018-10-24 14:12:08.000000','Y',NULL,'2018-10-24 14:12:08.000000','7','4'),(10,'4','7',NULL,'2018-10-24 14:12:08.000000','Y',NULL,'2018-10-24 14:12:08.000000','1','2'),(11,'4','8',NULL,'2018-10-24 14:12:08.000000','Y',NULL,'2019-04-30 13:37:26.856000','2','3'),(12,'6','11',NULL,'2018-10-24 14:12:08.000000','Y',NULL,'2018-10-24 14:12:08.000000','3','1'),(13,'7','5',NULL,'2018-10-24 14:12:08.000000','Y',NULL,'2018-10-24 14:12:08.000000','4','1'),(14,'6','4',NULL,'2018-10-24 14:12:08.000000','Y',NULL,'2018-10-24 14:12:08.000000','5','1'),(15,'6','12',NULL,'2018-10-24 14:12:08.000000','Y',NULL,'2019-04-30 13:37:05.879000','1','3'),(16,'7','12',NULL,'2018-10-24 14:12:08.000000','Y',NULL,'2018-10-24 14:12:08.000000','7','4'),(18,'7','12',NULL,'2018-12-08 20:25:49.551000',NULL,NULL,'2018-12-08 20:39:32.874000','19','2'),(19,'6','2',NULL,'2018-12-08 20:39:32.872000',NULL,NULL,'2018-12-08 20:39:32.872000',NULL,'3'),(20,'6','6',NULL,'2018-12-08 20:40:06.119000',NULL,NULL,'2018-12-08 20:40:30.203000','20','2'),(21,'7','1',NULL,'2018-12-08 20:40:06.120000',NULL,NULL,'2018-12-08 20:40:30.204000',NULL,'1'),(22,'7','4',NULL,'2018-12-08 20:40:30.201000',NULL,NULL,'2018-12-08 20:40:30.201000',NULL,'2'),(25,'7','4',NULL,'2018-12-08 20:44:09.076000',NULL,NULL,'2018-12-08 20:44:09.076000',NULL,'3'),(27,'5','8',NULL,'2018-12-08 20:56:20.909000',NULL,NULL,'2018-12-08 20:56:34.503000',NULL,'5'),(28,'6','9',NULL,NULL,NULL,NULL,NULL,'21','5'),(41,'13','1',NULL,'2019-03-25 16:49:04.381000',NULL,NULL,'2019-05-03 15:38:15.568000','35','1'),(45,'10','4',NULL,'2019-03-26 11:07:20.523000',NULL,NULL,'2019-05-03 15:37:59.203000','39','2'),(46,'3','16',NULL,'2019-03-26 11:07:20.524000',NULL,NULL,'2019-05-03 15:37:59.204000','39','3'),(53,'3','1',NULL,'2019-03-26 17:30:22.902000',NULL,NULL,'2019-05-03 15:35:53.177000','68','3'),(54,'4','2',NULL,'2019-03-26 17:34:32.770000',NULL,NULL,'2019-05-03 15:35:53.178000','68','1'),(55,'11','16',NULL,'2019-04-02 11:18:42.127000',NULL,NULL,'2019-04-02 11:18:42.127000','1','3');
/*!40000 ALTER TABLE `m_profile_line` ENABLE KEYS */;
UNLOCK TABLES;

--
-- Table structure for table `m_service`
--

DROP TABLE IF EXISTS `m_service`;
/*!40101 SET @saved_cs_client     = @@character_set_client */;
/*!40101 SET character_set_client = utf8 */;
CREATE TABLE `m_service` (
  `id` int(11) NOT NULL AUTO_INCREMENT,
  `created_by` varchar(255) DEFAULT NULL,
  `created_dt` datetime(6) DEFAULT NULL,
  `is_enabled` varchar(255) DEFAULT NULL,
  `modified_by` varchar(255) DEFAULT NULL,
  `modified_dt` datetime(6) DEFAULT NULL,
  `service_code` varchar(255) DEFAULT NULL,
  `service_description` varchar(255) DEFAULT NULL,
  `service_name` varchar(255) DEFAULT NULL,
  PRIMARY KEY (`id`)
) ENGINE=InnoDB AUTO_INCREMENT=46 DEFAULT CHARSET=latin1;
/*!40101 SET character_set_client = @saved_cs_client */;

--
-- Dumping data for table `m_service`
--

LOCK TABLES `m_service` WRITE;
/*!40000 ALTER TABLE `m_service` DISABLE KEYS */;
INSERT INTO `m_service` VALUES (1,'4428','2018-10-09 17:10:43.000000','Y','33','2019-03-30 13:21:10.971000','S001','Automation Controls & Systems ','Automation Controls & Systems '),(2,'4428','2018-10-09 17:10:43.000000','Y','4428','2018-10-09 17:10:43.000000','S002','Ceiling Fans','Ceiling Fans'),(4,'4428','2018-10-09 17:10:43.000000','Y','30','2019-08-08 12:57:21.900000','S003','Electric Heat','Electric Heat'),(5,'4428','2018-10-09 17:10:43.000000','Y','4428','2018-10-09 17:10:43.000000','S004','Electrical Maintenance ','Electrical Maintenance '),(6,'4428','2018-10-09 17:10:43.000000','Y','4428','2018-10-09 17:10:43.000000','S005','Electrical Safety Inspection','Electrical Safety Inspection'),(7,'4428','2018-10-09 17:10:43.000000','Y','4428','2018-10-09 17:10:43.000000','S006','Generator Installation ','Generator Installation '),(8,'4428','2018-10-09 17:10:43.000000','Y','4428','2018-10-09 17:10:43.000000','S007','Panel Replacements ','Panel Replacements '),(11,'4428','2018-10-09 17:10:43.000000','Y','4428','2018-10-09 17:10:43.000000','S008','Receptacles & Switches','Receptacles & Switches'),(12,'1','2018-12-06 17:23:13.689000',NULL,NULL,'2018-12-06 17:23:13.689000','S009','General service of all instruments','GeneralService'),(16,'33','2019-03-07 17:45:13.290000',NULL,NULL,'2019-03-07 17:45:13.290000','S0011','Free Service','Free Service');
/*!40000 ALTER TABLE `m_service` ENABLE KEYS */;
UNLOCK TABLES;

--
-- Table structure for table `m_service_bundle`
--

DROP TABLE IF EXISTS `m_service_bundle`;
/*!40101 SET @saved_cs_client     = @@character_set_client */;
/*!40101 SET character_set_client = utf8 */;
CREATE TABLE `m_service_bundle` (
  `id` int(11) NOT NULL AUTO_INCREMENT,
  `sb_name` varchar(100) DEFAULT NULL,
  `sac_code` varchar(100) DEFAULT NULL,
  `internal_remarks` varchar(100) DEFAULT NULL,
  `created_by` varchar(100) DEFAULT NULL,
  `modified_by` varchar(100) DEFAULT NULL,
  `created_dt` datetime DEFAULT NULL,
  `modified_dt` datetime DEFAULT NULL,
  `is_enabled` varchar(100) DEFAULT NULL,
  `sb_desc` varchar(100) DEFAULT NULL,
  PRIMARY KEY (`id`)
) ENGINE=InnoDB AUTO_INCREMENT=9 DEFAULT CHARSET=latin1;
/*!40101 SET character_set_client = @saved_cs_client */;

--
-- Dumping data for table `m_service_bundle`
--

LOCK TABLES `m_service_bundle` WRITE;
/*!40000 ALTER TABLE `m_service_bundle` DISABLE KEYS */;
INSERT INTO `m_service_bundle` VALUES (1,'Turbines','SS01','average',NULL,'33',NULL,'2019-04-25 15:18:14',NULL,'wind mill fitting '),(2,'Retro Fitting ','SS02','good',NULL,'33',NULL,'2019-04-25 15:19:19',NULL,'Service'),(4,'Assemble ','SS03','good',NULL,'33',NULL,'2019-04-25 15:19:52',NULL,'Service'),(5,'General Service','SS04','fair','1','33','2018-12-06 17:29:42','2019-04-25 15:21:13',NULL,'General Service'),(6,'TECH','SS05','Tech','33','33','2019-03-26 11:01:21','2019-04-25 15:21:41',NULL,'Testing Record'),(7,'Service','SS06','Tech','33','33','2019-04-03 17:10:19','2019-04-25 15:22:20',NULL,'checking');
/*!40000 ALTER TABLE `m_service_bundle` ENABLE KEYS */;
UNLOCK TABLES;

--
-- Table structure for table `m_skill_type`
--

DROP TABLE IF EXISTS `m_skill_type`;
/*!40101 SET @saved_cs_client     = @@character_set_client */;
/*!40101 SET character_set_client = utf8 */;
CREATE TABLE `m_skill_type` (
  `id` int(11) NOT NULL AUTO_INCREMENT,
  `skill_type_name` varchar(100) NOT NULL,
  `is_enabled` varchar(255) DEFAULT NULL,
  `created_by` varchar(255) DEFAULT NULL,
  `created_dt` datetime(6) DEFAULT NULL,
  `modified_by` varchar(255) DEFAULT NULL,
  `modified_dt` datetime(6) DEFAULT NULL,
  PRIMARY KEY (`id`)
) ENGINE=InnoDB AUTO_INCREMENT=2 DEFAULT CHARSET=latin1;
/*!40101 SET character_set_client = @saved_cs_client */;

--
-- Dumping data for table `m_skill_type`
--

LOCK TABLES `m_skill_type` WRITE;
/*!40000 ALTER TABLE `m_skill_type` DISABLE KEYS */;
INSERT INTO `m_skill_type` VALUES (1,'test skill','Y',NULL,NULL,NULL,NULL);
/*!40000 ALTER TABLE `m_skill_type` ENABLE KEYS */;
UNLOCK TABLES;

--
-- Table structure for table `m_task_type`
--

DROP TABLE IF EXISTS `m_task_type`;
/*!40101 SET @saved_cs_client     = @@character_set_client */;
/*!40101 SET character_set_client = utf8 */;
CREATE TABLE `m_task_type` (
  `id` int(11) NOT NULL AUTO_INCREMENT,
  `created_by` varchar(255) DEFAULT NULL,
  `created_dt` datetime(6) DEFAULT NULL,
  `is_enabled` varchar(255) DEFAULT NULL,
  `modified_by` varchar(255) DEFAULT NULL,
  `modified_dt` datetime(6) DEFAULT NULL,
  `task_type_name` varchar(255) DEFAULT NULL,
  PRIMARY KEY (`id`)
) ENGINE=InnoDB AUTO_INCREMENT=4 DEFAULT CHARSET=latin1;
/*!40101 SET character_set_client = @saved_cs_client */;

--
-- Dumping data for table `m_task_type`
--

LOCK TABLES `m_task_type` WRITE;
/*!40000 ALTER TABLE `m_task_type` DISABLE KEYS */;
INSERT INTO `m_task_type` VALUES (1,NULL,NULL,'Y',NULL,NULL,'Stage 1'),(2,NULL,NULL,'Y',NULL,NULL,'Stage 2'),(3,NULL,NULL,'Y',NULL,NULL,'Relay Building');
/*!40000 ALTER TABLE `m_task_type` ENABLE KEYS */;
UNLOCK TABLES;

--
-- Table structure for table `m_test_prep`
--

DROP TABLE IF EXISTS `m_test_prep`;
/*!40101 SET @saved_cs_client     = @@character_set_client */;
/*!40101 SET character_set_client = utf8 */;
CREATE TABLE `m_test_prep` (
  `id` int(11) NOT NULL AUTO_INCREMENT,
  `test_name` varchar(100) DEFAULT NULL,
  `test_type` varchar(100) DEFAULT NULL,
  `display_section_name` varchar(1) DEFAULT NULL,
  `total_question` varchar(100) DEFAULT NULL,
  `duration` varchar(255) DEFAULT NULL,
  `proposed_start_date` date DEFAULT NULL,
  `pass_percentage` varchar(100) DEFAULT NULL,
  `is_enabled` varchar(1) DEFAULT NULL,
  `created_by` varchar(100) DEFAULT NULL,
  `modified_by` varchar(100) DEFAULT NULL,
  `created_dt` datetime DEFAULT NULL,
  `modified_dt` datetime DEFAULT NULL,
  `test_id` varchar(100) DEFAULT NULL,
  `negative_marking` varchar(100) DEFAULT NULL,
  `mark_per_question` varchar(100) DEFAULT NULL,
  PRIMARY KEY (`id`)
) ENGINE=InnoDB AUTO_INCREMENT=107 DEFAULT CHARSET=latin1;
/*!40101 SET character_set_client = @saved_cs_client */;

--
-- Dumping data for table `m_test_prep`
--

LOCK TABLES `m_test_prep` WRITE;
/*!40000 ALTER TABLE `m_test_prep` DISABLE KEYS */;
INSERT INTO `m_test_prep` VALUES (4,'Aptitude','Difficult','Y','10','30mins',NULL,'50','Y','4','23','2018-07-17 18:29:16','2019-06-12 13:27:32',NULL,'-1','1'),(6,'Sample','Difficult',NULL,'10','60mins','2019-02-27','60','Y','4','23','2019-02-21 11:29:32','2019-04-29 17:45:38',NULL,'0','10'),(9,'EHS-CATEGORY-1','Difficult',NULL,'10','60mins','2019-02-27','60','Y','4','25','2019-02-21 11:29:32','2019-04-22 18:34:37',NULL,'5','10'),(87,NULL,NULL,NULL,NULL,NULL,NULL,NULL,NULL,'23',NULL,'2019-06-12 13:28:48','2019-06-12 13:28:48',NULL,NULL,NULL),(95,NULL,NULL,NULL,NULL,NULL,NULL,NULL,NULL,'25',NULL,'2019-06-27 12:23:03','2019-06-27 12:23:03',NULL,NULL,NULL),(105,NULL,NULL,NULL,NULL,NULL,NULL,NULL,NULL,'103',NULL,'2019-08-31 20:03:39','2019-08-31 20:03:39',NULL,NULL,NULL),(106,NULL,NULL,NULL,NULL,NULL,NULL,NULL,NULL,'103',NULL,'2019-08-31 20:14:53','2019-08-31 20:14:53',NULL,NULL,NULL);
/*!40000 ALTER TABLE `m_test_prep` ENABLE KEYS */;
UNLOCK TABLES;

--
-- Table structure for table `m_test_prep_participnt`
--

DROP TABLE IF EXISTS `m_test_prep_participnt`;
/*!40101 SET @saved_cs_client     = @@character_set_client */;
/*!40101 SET character_set_client = utf8 */;
CREATE TABLE `m_test_prep_participnt` (
  `id` int(11) NOT NULL AUTO_INCREMENT,
  `created_by` varchar(255) DEFAULT NULL,
  `created_dt` datetime(6) DEFAULT NULL,
  `is_enabled` varchar(255) DEFAULT NULL,
  `modified_by` varchar(255) DEFAULT NULL,
  `modified_dt` datetime(6) DEFAULT NULL,
  `participant_id` varchar(255) DEFAULT NULL,
  `test_prep_id` varchar(255) DEFAULT NULL,
  `no_of_participants` varchar(100) DEFAULT NULL,
  `test_prep_name` varchar(100) DEFAULT NULL,
  PRIMARY KEY (`id`)
) ENGINE=InnoDB AUTO_INCREMENT=320 DEFAULT CHARSET=latin1;
/*!40101 SET character_set_client = @saved_cs_client */;

--
-- Dumping data for table `m_test_prep_participnt`
--

LOCK TABLES `m_test_prep_participnt` WRITE;
/*!40000 ALTER TABLE `m_test_prep_participnt` DISABLE KEYS */;
INSERT INTO `m_test_prep_participnt` VALUES (291,NULL,'2019-04-25 14:01:09.626000',NULL,NULL,'2019-04-25 14:01:09.626000','sample','9','10','sample'),(296,NULL,'2019-04-29 17:40:42.000000',NULL,NULL,'2019-04-29 17:40:42.000000','Priya','4','10','Sample'),(297,NULL,'2019-04-29 17:40:42.000000',NULL,NULL,'2019-04-29 17:40:42.000000','joshua','6','10','Sample'),(303,NULL,'2019-06-12 13:27:32.478000',NULL,NULL,'2019-06-12 13:27:32.478000','dsfgh','4',NULL,NULL),(304,NULL,'2019-06-12 13:27:32.492000',NULL,NULL,'2019-06-12 13:27:32.492000','tyuiol','4',NULL,NULL),(313,NULL,'2019-06-27 12:23:04.569000',NULL,NULL,'2019-06-27 12:23:04.569000','test4','95',NULL,NULL),(318,NULL,'2019-08-31 20:03:39.528000',NULL,NULL,'2019-08-31 20:03:39.528000','tessting','105',NULL,NULL),(319,NULL,'2019-08-31 20:14:53.229000',NULL,NULL,'2019-08-31 20:14:53.229000','jjhj','106',NULL,NULL);
/*!40000 ALTER TABLE `m_test_prep_participnt` ENABLE KEYS */;
UNLOCK TABLES;

--
-- Table structure for table `m_test_prep_question`
--

DROP TABLE IF EXISTS `m_test_prep_question`;
/*!40101 SET @saved_cs_client     = @@character_set_client */;
/*!40101 SET character_set_client = utf8 */;
CREATE TABLE `m_test_prep_question` (
  `id` int(11) NOT NULL AUTO_INCREMENT,
  `created_by` varchar(255) DEFAULT NULL,
  `created_dt` datetime(6) DEFAULT NULL,
  `is_enabled` varchar(255) DEFAULT NULL,
  `mark_per_question` varchar(255) DEFAULT NULL,
  `modified_by` varchar(255) DEFAULT NULL,
  `modified_dt` datetime(6) DEFAULT NULL,
  `negative_marks` varchar(255) DEFAULT NULL,
  `qb_id` varchar(255) DEFAULT NULL,
  `test_prep_sec_id` varchar(255) DEFAULT NULL,
  PRIMARY KEY (`id`)
) ENGINE=InnoDB AUTO_INCREMENT=17 DEFAULT CHARSET=latin1;
/*!40101 SET character_set_client = @saved_cs_client */;

--
-- Dumping data for table `m_test_prep_question`
--

LOCK TABLES `m_test_prep_question` WRITE;
/*!40000 ALTER TABLE `m_test_prep_question` DISABLE KEYS */;
/*!40000 ALTER TABLE `m_test_prep_question` ENABLE KEYS */;
UNLOCK TABLES;

--
-- Table structure for table `m_test_prep_sec`
--

DROP TABLE IF EXISTS `m_test_prep_sec`;
/*!40101 SET @saved_cs_client     = @@character_set_client */;
/*!40101 SET character_set_client = utf8 */;
CREATE TABLE `m_test_prep_sec` (
  `id` int(11) NOT NULL AUTO_INCREMENT,
  `test_prep_id` varchar(100) DEFAULT NULL,
  `section_name` varchar(100) DEFAULT NULL,
  `question_category_id` varchar(100) DEFAULT NULL,
  `difficulty_level` varchar(100) DEFAULT NULL,
  `no_of_questions` varchar(100) DEFAULT NULL,
  `negative_marking` varchar(100) DEFAULT NULL,
  `pass_percentage` varchar(100) DEFAULT NULL,
  `is_enabled` varchar(1) DEFAULT NULL,
  `created_by` varchar(100) DEFAULT NULL,
  `modified_by` varchar(100) DEFAULT NULL,
  `created_dt` datetime DEFAULT NULL,
  `modified_dt` datetime DEFAULT NULL,
  `marks_per_question` varchar(100) DEFAULT NULL,
  PRIMARY KEY (`id`)
) ENGINE=InnoDB AUTO_INCREMENT=14 DEFAULT CHARSET=latin1;
/*!40101 SET character_set_client = @saved_cs_client */;

--
-- Dumping data for table `m_test_prep_sec`
--

LOCK TABLES `m_test_prep_sec` WRITE;
/*!40000 ALTER TABLE `m_test_prep_sec` DISABLE KEYS */;
INSERT INTO `m_test_prep_sec` VALUES (3,'4','C2','Aptitude','Medium','10','-1','100','Y',NULL,NULL,NULL,NULL,'10'),(9,'9','C2','EHS-CATEGORY-1','Easy','20','3','60',NULL,NULL,NULL,'2019-03-06 12:01:54','2019-03-06 12:01:54','10');
/*!40000 ALTER TABLE `m_test_prep_sec` ENABLE KEYS */;
UNLOCK TABLES;

--
-- Table structure for table `m_training_type`
--

DROP TABLE IF EXISTS `m_training_type`;
/*!40101 SET @saved_cs_client     = @@character_set_client */;
/*!40101 SET character_set_client = utf8 */;
CREATE TABLE `m_training_type` (
  `id` int(11) NOT NULL AUTO_INCREMENT,
  `training_type_name` varchar(100) DEFAULT NULL,
  `start_dt` datetime DEFAULT NULL,
  `end_dt` datetime DEFAULT NULL,
  `created_by` varchar(100) DEFAULT NULL,
  `modified_by` varchar(100) DEFAULT NULL,
  `created_dt` datetime DEFAULT NULL,
  `modified_dt` datetime DEFAULT NULL,
  `is_enabled` varchar(1) DEFAULT NULL,
  `training_type_id` varchar(100) DEFAULT NULL,
  PRIMARY KEY (`id`)
) ENGINE=InnoDB AUTO_INCREMENT=2 DEFAULT CHARSET=latin1;
/*!40101 SET character_set_client = @saved_cs_client */;

--
-- Dumping data for table `m_training_type`
--

LOCK TABLES `m_training_type` WRITE;
/*!40000 ALTER TABLE `m_training_type` DISABLE KEYS */;
INSERT INTO `m_training_type` VALUES (1,'xyz',NULL,NULL,NULL,NULL,'2018-04-20 16:36:41','2018-04-20 16:37:44',NULL,NULL);
/*!40000 ALTER TABLE `m_training_type` ENABLE KEYS */;
UNLOCK TABLES;

--
-- Table structure for table `m_user_group_emp`
--

DROP TABLE IF EXISTS `m_user_group_emp`;
/*!40101 SET @saved_cs_client     = @@character_set_client */;
/*!40101 SET character_set_client = utf8 */;
CREATE TABLE `m_user_group_emp` (
  `id` int(11) NOT NULL AUTO_INCREMENT,
  `user_group_id` varchar(100) NOT NULL,
  `employee_id` varchar(100) NOT NULL,
  `is_enabled` varchar(1) DEFAULT NULL,
  `created_by` varchar(100) DEFAULT NULL,
  `modified_by` varchar(100) DEFAULT NULL,
  `created_dt` datetime DEFAULT NULL,
  `modified_dt` datetime DEFAULT NULL,
  `auth_user_id` varchar(100) DEFAULT NULL,
  PRIMARY KEY (`id`)
) ENGINE=InnoDB AUTO_INCREMENT=6 DEFAULT CHARSET=latin1;
/*!40101 SET character_set_client = @saved_cs_client */;

--
-- Dumping data for table `m_user_group_emp`
--

LOCK TABLES `m_user_group_emp` WRITE;
/*!40000 ALTER TABLE `m_user_group_emp` DISABLE KEYS */;
INSERT INTO `m_user_group_emp` VALUES (1,'2','318',NULL,'2',NULL,'2019-09-19 18:50:20','2019-09-19 18:50:20','449'),(2,'3','319',NULL,'2',NULL,'2019-09-19 18:51:55','2019-09-19 18:51:55','450'),(3,'4','320',NULL,'2',NULL,'2019-09-19 18:52:54','2019-09-19 18:52:54','451'),(4,'1','317',NULL,'2',NULL,'2019-09-19 19:03:27','2019-09-19 19:03:27','448');
/*!40000 ALTER TABLE `m_user_group_emp` ENABLE KEYS */;
UNLOCK TABLES;

--
-- Table structure for table `m_vendor`
--

DROP TABLE IF EXISTS `m_vendor`;
/*!40101 SET @saved_cs_client     = @@character_set_client */;
/*!40101 SET character_set_client = utf8 */;
CREATE TABLE `m_vendor` (
  `id` int(11) NOT NULL AUTO_INCREMENT,
  `bank_acc_name` varchar(255) DEFAULT NULL,
  `bank_acc_no` int(11) NOT NULL,
  `bank_acc_type` varchar(255) DEFAULT NULL,
  `bank_branch_name` varchar(255) DEFAULT NULL,
  `bank_ifsc_code` varchar(255) DEFAULT NULL,
  `bank_name` varchar(255) DEFAULT NULL,
  `bank_other_info` varchar(255) DEFAULT NULL,
  `contact_email` varchar(255) DEFAULT NULL,
  `contact_name` varchar(255) DEFAULT NULL,
  `contact_phone` int(11) NOT NULL,
  `created_by` varchar(255) DEFAULT NULL,
  `created_dt` datetime(6) DEFAULT NULL,
  `customer_code` varchar(255) DEFAULT NULL,
  `gst_no` varchar(255) DEFAULT NULL,
  `head_office_address_line1` varchar(255) DEFAULT NULL,
  `head_office_address_line2` varchar(255) DEFAULT NULL,
  `head_office_city` varchar(255) DEFAULT NULL,
  `head_office_country` varchar(255) DEFAULT NULL,
  `head_office_number` int(11) NOT NULL,
  `head_office_pincode` int(11) NOT NULL,
  `head_office_state` varchar(255) DEFAULT NULL,
  `is_enabled` varchar(255) DEFAULT NULL,
  `modified_by` varchar(255) DEFAULT NULL,
  `modified_dt` datetime(6) DEFAULT NULL,
  `org_name` varchar(255) DEFAULT NULL,
  `pan_no` varchar(255) DEFAULT NULL,
  `remarks` varchar(255) DEFAULT NULL,
  `tan_no` varchar(255) DEFAULT NULL,
  `vendor_code` varchar(255) DEFAULT NULL,
  PRIMARY KEY (`id`)
) ENGINE=InnoDB AUTO_INCREMENT=2 DEFAULT CHARSET=latin1;
/*!40101 SET character_set_client = @saved_cs_client */;

--
-- Dumping data for table `m_vendor`
--

LOCK TABLES `m_vendor` WRITE;
/*!40000 ALTER TABLE `m_vendor` DISABLE KEYS */;
INSERT INTO `m_vendor` VALUES (1,NULL,0,NULL,NULL,NULL,NULL,NULL,NULL,NULL,0,NULL,'2018-12-22 13:03:22.972000',NULL,NULL,NULL,NULL,NULL,NULL,0,0,NULL,NULL,NULL,'2018-12-22 13:03:22.972000',NULL,NULL,NULL,NULL,NULL);
/*!40000 ALTER TABLE `m_vendor` ENABLE KEYS */;
UNLOCK TABLES;

--
-- Table structure for table `s_config_dtl`
--

DROP TABLE IF EXISTS `s_config_dtl`;
/*!40101 SET @saved_cs_client     = @@character_set_client */;
/*!40101 SET character_set_client = utf8 */;
CREATE TABLE `s_config_dtl` (
  `id` int(11) NOT NULL AUTO_INCREMENT,
  `s_config_header_id` int(11) NOT NULL,
  `config_dtl_code` varchar(50) NOT NULL,
  `config_dtl_name` varchar(100) NOT NULL,
  `config_dtl_value` varchar(50) DEFAULT NULL,
  `attrib1` varchar(50) DEFAULT NULL,
  `attrib2` varchar(50) DEFAULT NULL,
  `attrib3` varchar(50) DEFAULT NULL,
  `remarks` varchar(100) DEFAULT NULL,
  `is_enabled` varchar(1) DEFAULT NULL,
  `created_by` varchar(100) DEFAULT NULL,
  `modified_by` varchar(100) DEFAULT NULL,
  `created_dt` datetime DEFAULT NULL,
  `modified_dt` datetime DEFAULT NULL,
  PRIMARY KEY (`id`)
) ENGINE=InnoDB AUTO_INCREMENT=57 DEFAULT CHARSET=latin1;
/*!40101 SET character_set_client = @saved_cs_client */;

--
-- Dumping data for table `s_config_dtl`
--

LOCK TABLES `s_config_dtl` WRITE;
/*!40000 ALTER TABLE `s_config_dtl` DISABLE KEYS */;
INSERT INTO `s_config_dtl` VALUES (1,1,'MAX-DISTANCE','Max Distance for attendance','5',NULL,NULL,NULL,'in kms','Y',NULL,NULL,NULL,NULL),(2,1,'TEST','Test','3',NULL,NULL,NULL,'in','Y',NULL,NULL,NULL,NULL),(4,3,'SENDER-EMAIL','Sender Email Id','helpdesk.sidsync@gmail.com',NULL,NULL,NULL,'','Y',NULL,NULL,NULL,NULL),(5,3,'SENDER-EMAIL','Sender Email Password','s!dsync@123',NULL,NULL,NULL,NULL,'Y',NULL,NULL,NULL,NULL),(6,4,'MAX- DISTANCE','Max Distance for attendance','5',NULL,NULL,NULL,NULL,'Y',NULL,NULL,NULL,'2018-05-22 00:30:46'),(7,0,'MAX DISTANCE','Max Distance for attendance','5',NULL,NULL,NULL,NULL,'Y',NULL,NULL,'2018-05-16 17:16:31','2018-05-16 17:16:31'),(8,5,'LESS-THAN-60	','Age Less Than 60Years','\"',NULL,NULL,NULL,NULL,'Y',NULL,NULL,'2018-05-16 17:16:31','2018-05-16 17:16:31'),(9,5,'GREATER-THAN-60','Age more Than 60Years','\"',NULL,NULL,NULL,NULL,'Y',NULL,NULL,'2018-05-16 17:16:31','2018-05-16 17:16:31'),(10,6,'CON-EPF-EMP-PERCENT','Contribution in EPF category by Employee','12',NULL,NULL,NULL,NULL,'Y',NULL,NULL,'2018-05-16 17:16:31','2018-05-16 17:16:31'),(11,6,'CON-EPS-EMP-PERCENT','Contribution in EPS category by Employee','0',NULL,NULL,NULL,NULL,'Y',NULL,NULL,'2018-05-16 17:16:31','2018-05-16 17:16:31'),(12,6,'CON-EDLI-EMP-PERCENT','Contribution in EDLI category by Employee','0',NULL,NULL,NULL,NULL,'Y',NULL,NULL,'2018-05-16 17:16:31','2018-05-16 17:16:31'),(13,6,'CON-EPF-COM-PERCENT','Contribution in EPF category by Company','3.67',NULL,NULL,NULL,NULL,'Y',NULL,NULL,'2018-05-16 17:16:31','2018-05-16 17:16:31'),(14,6,'CON-EPS-COM-PERCENT	','Contribution in EPS category by Company','8.33',NULL,NULL,NULL,NULL,'Y',NULL,NULL,'2018-05-16 17:16:31','2018-05-16 17:16:31'),(15,6,'CON-EDLI-COM-PERCENT	','Contribution in EDLI category by Company','0.50',NULL,NULL,NULL,NULL,'Y',NULL,NULL,'2018-05-16 17:16:31','2018-05-16 17:16:31'),(16,6,'ADM-EPF-EMP-PERCENT','Admin Charges in EPF category by Employee','0',NULL,NULL,NULL,NULL,'Y',NULL,NULL,'2018-05-16 17:16:31','2018-05-16 17:16:31'),(17,6,'ADM-EPS-EMP-PERCENT','Admin Charges in EPS category by Employee','0',NULL,NULL,NULL,NULL,'Y',NULL,NULL,'2018-05-16 17:16:31','2018-05-16 17:16:31'),(18,6,'ADM-EPF-COM-PERCENT','Admin Charges in EPF category by Company','0',NULL,NULL,NULL,NULL,'Y',NULL,NULL,'2018-05-16 17:16:31','2018-05-16 17:16:31'),(19,6,'ADM-EPS-COM-PERCENT','Admin Charges in EPS category by Company','0',NULL,NULL,NULL,NULL,'Y',NULL,NULL,'2018-05-16 17:16:31','2018-05-16 17:16:31'),(20,6,'CEILING','Ceiling for EPF','15000',NULL,NULL,NULL,NULL,'Y',NULL,NULL,'2018-05-16 17:16:31','2018-05-16 17:16:31'),(21,7,'CON-EMP-PERCENT','Contribution by Employee','15000',NULL,NULL,NULL,NULL,'Y',NULL,NULL,'2018-05-16 17:16:31','2018-05-16 17:16:31'),(22,7,'CON-COM-PERCENT','Contribution by Company','4.75',NULL,NULL,NULL,NULL,'Y',NULL,NULL,'2018-05-16 17:16:31','2018-05-16 17:16:31'),(23,7,'CEILING	','Ceiling for ESI','21000',NULL,NULL,NULL,NULL,'Y',NULL,NULL,'2018-05-16 17:16:31','2018-05-16 17:16:31'),(24,8,'WBL','Working Day Billable','0',NULL,NULL,NULL,NULL,'Y',NULL,NULL,'2018-05-16 17:16:31','2018-05-16 17:16:31'),(25,8,'WNB','Working Day Non-Billable','0',NULL,NULL,NULL,NULL,'Y',NULL,NULL,'2018-05-16 17:16:31','2018-05-16 17:16:31'),(26,8,'HBL','Holiday Billable','0',NULL,NULL,NULL,NULL,'Y',NULL,NULL,'2018-05-16 17:16:31','2018-05-16 17:16:31'),(27,8,'HNB','Holiday Non-Billable	','0',NULL,NULL,NULL,NULL,'Y',NULL,NULL,'2018-05-16 17:16:31','2018-05-16 17:16:31'),(28,9,'REGULAR-SALARY  ','Regular Salary','',NULL,NULL,NULL,NULL,'Y',NULL,NULL,'2018-05-16 17:16:31','2018-05-16 17:16:31'),(29,9,'EXPENSE-CLAIM','Expense Claim','',NULL,NULL,NULL,NULL,'Y',NULL,NULL,'2018-05-16 17:16:31','2018-05-16 17:16:31'),(30,9,'SITE-ALLOWANCE','Site Allowance','',NULL,NULL,NULL,NULL,'Y',NULL,NULL,'2018-05-16 17:16:31','2018-05-16 17:16:31'),(31,8,'SL','Sick-Leave','0',NULL,NULL,NULL,NULL,NULL,NULL,NULL,NULL,NULL),(32,8,'WAL','Wedding/Adaption Leave','0',NULL,NULL,NULL,NULL,NULL,NULL,NULL,NULL,NULL),(33,8,'PML','Paternety/Maternity Leave','0',NULL,NULL,NULL,NULL,NULL,NULL,NULL,NULL,NULL),(34,8,'ABS','Absent',NULL,NULL,NULL,NULL,NULL,NULL,NULL,NULL,NULL,NULL),(35,10,'EMP','Employee','0',NULL,NULL,NULL,NULL,'Y',NULL,NULL,NULL,NULL),(36,10,'INT','Intern','0',NULL,NULL,NULL,NULL,'Y',NULL,NULL,NULL,NULL),(37,10,'CON','Contractor','0',NULL,NULL,NULL,NULL,'Y',NULL,NULL,NULL,NULL),(38,11,'C1','Core Java','0',NULL,NULL,NULL,NULL,'Y',NULL,NULL,NULL,NULL),(39,11,'C2','Oops','0',NULL,NULL,NULL,NULL,'Y',NULL,NULL,NULL,NULL),(40,11,'C3','Employee Health Service Case-1','0',NULL,NULL,NULL,NULL,'Y',NULL,NULL,NULL,NULL),(41,11,'C4','Employee Health Service Case-2','0',NULL,NULL,NULL,NULL,'Y',NULL,NULL,NULL,NULL),(42,12,'ES','Easy','0',NULL,NULL,NULL,NULL,'Y',NULL,NULL,NULL,NULL),(43,12,'MED','Medium','0',NULL,NULL,NULL,NULL,'Y',NULL,NULL,NULL,NULL),(44,12,'DIFF','Difficult','0',NULL,NULL,NULL,NULL,'Y',NULL,NULL,NULL,NULL),(45,13,'ACM','Accomodation','0',NULL,NULL,NULL,NULL,'Y',NULL,NULL,NULL,NULL),(46,13,'FOOD','Food','0',NULL,NULL,NULL,NULL,'Y',NULL,NULL,NULL,NULL),(47,13,'TRVL','Travel','0',NULL,NULL,NULL,NULL,'Y',NULL,NULL,NULL,NULL),(48,15,'REGULAR','Regular Employee',NULL,NULL,NULL,NULL,NULL,NULL,NULL,NULL,NULL,NULL),(49,15,'CONTRACTOR ','Contractor',NULL,NULL,NULL,NULL,NULL,NULL,NULL,NULL,NULL,NULL),(50,16,'OFFICE -ID','23',NULL,NULL,NULL,NULL,NULL,NULL,NULL,NULL,NULL,NULL),(51,18,'SKILL-TYPE-CODE','1-Beginner','1',NULL,NULL,NULL,NULL,NULL,NULL,NULL,NULL,NULL),(52,18,'SKILL-TYPE-CODE','2-IndependentPerformer','2',NULL,NULL,NULL,NULL,NULL,NULL,NULL,NULL,NULL),(53,18,'SKILL-TYPE-CODE','3-Expert','3',NULL,NULL,NULL,NULL,NULL,NULL,NULL,NULL,NULL),(54,17,'Y','ELIGIBLE','3',NULL,NULL,NULL,NULL,NULL,NULL,NULL,NULL,NULL),(55,17,'N','NOT-ELIGIBLE','3',NULL,NULL,NULL,NULL,NULL,NULL,NULL,NULL,NULL),(56,17,'A','APPROVAL NEEDED','3',NULL,NULL,NULL,NULL,NULL,NULL,NULL,NULL,NULL);
/*!40000 ALTER TABLE `s_config_dtl` ENABLE KEYS */;
UNLOCK TABLES;

--
-- Table structure for table `s_config_header`
--

DROP TABLE IF EXISTS `s_config_header`;
/*!40101 SET @saved_cs_client     = @@character_set_client */;
/*!40101 SET character_set_client = utf8 */;
CREATE TABLE `s_config_header` (
  `id` int(11) NOT NULL AUTO_INCREMENT,
  `config_header_code` varchar(50) NOT NULL,
  `config_header_name` varchar(100) NOT NULL,
  `remarks` varchar(100) DEFAULT NULL,
  `is_enabled` varchar(1) DEFAULT NULL,
  `created_by` varchar(100) DEFAULT NULL,
  `modified_by` varchar(100) DEFAULT NULL,
  `created_dt` datetime DEFAULT NULL,
  `modified_dt` datetime DEFAULT NULL,
  PRIMARY KEY (`id`)
) ENGINE=InnoDB AUTO_INCREMENT=19 DEFAULT CHARSET=latin1;
/*!40101 SET character_set_client = @saved_cs_client */;

--
-- Dumping data for table `s_config_header`
--

LOCK TABLES `s_config_header` WRITE;
/*!40000 ALTER TABLE `s_config_header` DISABLE KEYS */;
INSERT INTO `s_config_header` VALUES (1,'ATTENDANCE','Attendance Configurations',NULL,'Y',NULL,NULL,NULL,NULL),(3,'EMAIL','Email Configurations',NULL,'Y',NULL,NULL,NULL,NULL),(4,'CTC','CTC Configurations',NULL,'Y',NULL,NULL,NULL,NULL),(5,'IT-AGE-CODE','Age Code For Income Tax',NULL,'Y',NULL,NULL,NULL,NULL),(6,'EPF-CONFIG','Configurations for EPF',NULL,'Y',NULL,NULL,NULL,NULL),(7,'ESI-CONFIG','Configurations for ESI',NULL,'Y',NULL,NULL,NULL,NULL),(8,'ATTENDANCE-CODES','Attendance Codes',NULL,'Y',NULL,NULL,NULL,NULL),(9,'PAY-CYCLES','Pay Cycle Codes',NULL,'Y',NULL,NULL,NULL,NULL),(10,'EMPLOYEE-CODES','Employee Codes',NULL,'Y',NULL,NULL,NULL,NULL),(11,'QUESTION-CATEGORY-CODES','Question Category Codes',NULL,'Y',NULL,NULL,NULL,NULL),(12,'DIFFICULTY-CODES','Difficulty Codes',NULL,'Y',NULL,NULL,NULL,NULL),(13,'EXPENSE-CODES','Expense Codes',NULL,'Y',NULL,NULL,NULL,NULL),(14,'EMP-TYPE-CODE','Employee Type Code',NULL,'Y',NULL,NULL,NULL,NULL),(16,'OFFICE-ID','Office ID ',NULL,'Y',NULL,NULL,NULL,NULL),(17,'LEAVE-ELIGLIBILITY-STATUS','LEAVE-ELIGLIBILITY-STATUS',NULL,'Y',NULL,NULL,NULL,NULL),(18,'SKILL-TYPE-CODE','SKILL-TYPE-CODE',NULL,'Y',NULL,NULL,NULL,NULL);
/*!40000 ALTER TABLE `s_config_header` ENABLE KEYS */;
UNLOCK TABLES;

--
-- Table structure for table `s_country`
--

DROP TABLE IF EXISTS `s_country`;
/*!40101 SET @saved_cs_client     = @@character_set_client */;
/*!40101 SET character_set_client = utf8 */;
CREATE TABLE `s_country` (
  `id` int(11) NOT NULL AUTO_INCREMENT,
  `country_code` varchar(255) DEFAULT NULL,
  `country_name` varchar(255) DEFAULT NULL,
  `emp_abbreviation` varchar(100) DEFAULT NULL,
  `is_enabled` varchar(100) DEFAULT NULL,
  `created_by` varchar(100) DEFAULT NULL,
  `created_dt` datetime DEFAULT NULL,
  `modified_by` varchar(100) DEFAULT NULL,
  `modified_dt` datetime DEFAULT NULL,
  PRIMARY KEY (`id`)
) ENGINE=InnoDB AUTO_INCREMENT=5 DEFAULT CHARSET=latin1;
/*!40101 SET character_set_client = @saved_cs_client */;

--
-- Dumping data for table `s_country`
--

LOCK TABLES `s_country` WRITE;
/*!40000 ALTER TABLE `s_country` DISABLE KEYS */;
INSERT INTO `s_country` VALUES (1,'IN','India',NULL,NULL,NULL,NULL,NULL,NULL),(2,'IL','Israel',NULL,NULL,NULL,NULL,NULL,NULL),(3,'DE','Germany',NULL,NULL,NULL,NULL,NULL,NULL),(4,'SL','Colombo',NULL,NULL,NULL,NULL,NULL,NULL);
/*!40000 ALTER TABLE `s_country` ENABLE KEYS */;
UNLOCK TABLES;

--
-- Table structure for table `s_country_state`
--

DROP TABLE IF EXISTS `s_country_state`;
/*!40101 SET @saved_cs_client     = @@character_set_client */;
/*!40101 SET character_set_client = utf8 */;
CREATE TABLE `s_country_state` (
  `id` int(11) NOT NULL AUTO_INCREMENT,
  `country_id` varchar(255) DEFAULT NULL,
  `created_by` varchar(255) DEFAULT NULL,
  `created_dt` datetime(6) DEFAULT NULL,
  `is_enabled` varchar(255) DEFAULT NULL,
  `modified_by` varchar(255) DEFAULT NULL,
  `modified_dt` datetime(6) DEFAULT NULL,
  `state_name` varchar(255) DEFAULT NULL,
  PRIMARY KEY (`id`)
) ENGINE=InnoDB DEFAULT CHARSET=latin1;
/*!40101 SET character_set_client = @saved_cs_client */;

--
-- Dumping data for table `s_country_state`
--

LOCK TABLES `s_country_state` WRITE;
/*!40000 ALTER TABLE `s_country_state` DISABLE KEYS */;
/*!40000 ALTER TABLE `s_country_state` ENABLE KEYS */;
UNLOCK TABLES;

--
-- Table structure for table `s_ctc_config`
--

DROP TABLE IF EXISTS `s_ctc_config`;
/*!40101 SET @saved_cs_client     = @@character_set_client */;
/*!40101 SET character_set_client = utf8 */;
CREATE TABLE `s_ctc_config` (
  `id` int(11) NOT NULL AUTO_INCREMENT,
  `fiscal_year_id` varchar(100) DEFAULT NULL,
  `fiscal_year_code` varchar(100) DEFAULT NULL,
  `header_config_code` varchar(100) DEFAULT NULL,
  `config_code` varchar(100) DEFAULT NULL,
  `config_value` varchar(100) DEFAULT NULL,
  `is_enabled` varchar(1) DEFAULT NULL,
  `created_by` varchar(100) DEFAULT NULL,
  `modified_by` varchar(100) DEFAULT NULL,
  `created_dt` datetime DEFAULT NULL,
  `modified_dt` datetime DEFAULT NULL,
  PRIMARY KEY (`id`)
) ENGINE=InnoDB AUTO_INCREMENT=26 DEFAULT CHARSET=latin1;
/*!40101 SET character_set_client = @saved_cs_client */;

--
-- Dumping data for table `s_ctc_config`
--

LOCK TABLES `s_ctc_config` WRITE;
/*!40000 ALTER TABLE `s_ctc_config` DISABLE KEYS */;
INSERT INTO `s_ctc_config` VALUES (1,'1','FY2018-2019','EPF-CONFIG','CONTRIBUTION-EPF-EMPLOYEE','8','Y',NULL,NULL,NULL,'2018-06-01 01:22:56'),(2,'1','FY2018-2019','EPF-CONFIG','CONTRIBUTION-EPF-EMPLOYER','12','Y',NULL,NULL,NULL,'2018-06-01 01:22:56'),(3,'1','FY2018-2019','EPF-CONFIG','CONTRIBUTION-EPS-EMPLOYEE','3','Y',NULL,NULL,NULL,'2018-06-01 01:22:56'),(4,'1','FY2018-2019','EPF-CONFIG','CONTRIBUTION-EPS-EMPLOYER','1','Y',NULL,NULL,NULL,'2018-06-01 01:22:56'),(5,'1','FY2018-2019','EPF-CONFIG','CONTRIBUTION-EDLI-EMPLOYEE','0','Y',NULL,NULL,NULL,'2018-06-01 01:22:56'),(6,'1','FY2018-2019','EPF-CONFIG','CONTRIBUTION-EDLI-EMPLOYER','1','Y',NULL,NULL,NULL,'2018-06-01 01:22:56'),(7,'1','FY2018-2019','EPF-CONFIG','ADMIN-EPF-EMPLOYEE','2','Y',NULL,NULL,NULL,'2018-06-01 01:22:56'),(8,'1','FY2018-2019','EPF-CONFIG','ADMIN-EPF-EMPLOYER','1','Y',NULL,NULL,NULL,'2018-06-01 01:22:56'),(9,'1','FY2018-2019','EPF-CONFIG','ADMIN-EDLI-EMPLOYEE','1','Y',NULL,NULL,NULL,'2018-06-01 01:22:56'),(10,'1','FY2018-2019','EPF-CONFIG','ADMIN-EDLI-EMPLOYER','1','Y',NULL,NULL,NULL,'2018-06-01 01:22:56'),(11,'1','FY2018-2019','ESI-CONFIG','CONTRIBUTION-EPF-EMPLOYEE','2','Y',NULL,NULL,NULL,'2018-06-01 01:23:08'),(12,'1','FY2018-2019','ESI-CONFIG','CONTRIBUTION-EPF-EMPLOYER','1','Y',NULL,NULL,NULL,'2018-06-01 01:22:57'),(13,'2','FY2017-2018','EPF-CONFIG','CONTRIBUTION-EPF-EMPLOYEE','2','Y',NULL,NULL,NULL,'2018-06-11 15:10:42'),(14,'2','FY2017-2018','EPF-CONFIG','CONTRIBUTION-EPF-EMPLOYER','3.67','Y',NULL,NULL,NULL,'2018-05-31 23:46:30'),(15,'2','FY2017-2018','EPF-CONFIG','CONTRIBUTION-EPS-EMPLOYEE','8.33','Y',NULL,NULL,NULL,'2018-05-31 23:46:30'),(16,'2','FY2017-2018','EPF-CONFIG','CONTRIBUTION-EPS-EMPLOYER','0.50','Y',NULL,NULL,NULL,'2018-05-31 23:46:30'),(17,'2','FY2017-2018','EPF-CONFIG','CONTRIBUTION-EDLI-EMPLOYEE','0','Y',NULL,NULL,NULL,'2018-05-31 23:46:30'),(18,'2','FY2017-2018','EPF-CONFIG','CONTRIBUTION-EDLI-EMPLOYER','0','Y',NULL,NULL,NULL,'2018-05-31 23:46:30'),(19,'2','FY2017-2018','EPF-CONFIG','ADMIN-EPF-EMPLOYEE','0','Y',NULL,NULL,NULL,'2018-05-31 23:46:30'),(20,'2','FY2017-2018','EPF-CONFIG','ADMIN-EPF-EMPLOYER','0','Y',NULL,NULL,NULL,'2018-05-31 23:46:30'),(21,'2','FY2017-2018','EPF-CONFIG','ADMIN-EDLI-EMPLOYEE','2','Y',NULL,NULL,NULL,'2018-06-01 01:24:31'),(22,'2','FY2017-2018','EPF-CONFIG','ADMIN-EDLI-EMPLOYER','2','Y',NULL,NULL,NULL,'2018-06-01 01:24:31'),(23,'2','FY2017-2018','ESI-CONFIG','CONTRIBUTION-EPF-EMPLOYEE','4.75','Y',NULL,NULL,NULL,'2018-05-31 23:48:59'),(25,'2','FY2017-2018','ESI-CONFIG','CONTRIBUTION-EPF-EMPLOYER','4.75','Y',NULL,NULL,'2018-05-31 23:51:02','2018-05-31 23:51:02');
/*!40000 ALTER TABLE `s_ctc_config` ENABLE KEYS */;
UNLOCK TABLES;

--
-- Table structure for table `s_day_range`
--

DROP TABLE IF EXISTS `s_day_range`;
/*!40101 SET @saved_cs_client     = @@character_set_client */;
/*!40101 SET character_set_client = utf8 */;
CREATE TABLE `s_day_range` (
  `id` int(11) NOT NULL AUTO_INCREMENT,
  `day_range_name` varchar(255) DEFAULT NULL,
  `from_day` int(11) DEFAULT NULL,
  `to_day` int(11) DEFAULT NULL,
  `stay_expense_amount` double(10,4) DEFAULT NULL,
  `travel_expense_amount` double(10,4) DEFAULT NULL,
  `is_enabled` varchar(255) DEFAULT NULL,
  `created_by` varchar(255) DEFAULT NULL,
  `created_dt` datetime DEFAULT NULL,
  `modified_by` varchar(255) DEFAULT NULL,
  `modified_dt` datetime DEFAULT NULL,
  PRIMARY KEY (`id`)
) ENGINE=InnoDB AUTO_INCREMENT=225 DEFAULT CHARSET=latin1;
/*!40101 SET character_set_client = @saved_cs_client */;

--
-- Dumping data for table `s_day_range`
--

LOCK TABLES `s_day_range` WRITE;
/*!40000 ALTER TABLE `s_day_range` DISABLE KEYS */;
INSERT INTO `s_day_range` VALUES (223,'01-03',1,3,1000.0000,500.0000,'Y',NULL,NULL,NULL,NULL),(224,'04-07',4,7,2000.0000,1000.0000,'Y',NULL,NULL,NULL,NULL);
/*!40000 ALTER TABLE `s_day_range` ENABLE KEYS */;
UNLOCK TABLES;

--
-- Table structure for table `s_designation`
--

DROP TABLE IF EXISTS `s_designation`;
/*!40101 SET @saved_cs_client     = @@character_set_client */;
/*!40101 SET character_set_client = utf8 */;
CREATE TABLE `s_designation` (
  `id` int(11) NOT NULL AUTO_INCREMENT,
  `grade_id` int(11) DEFAULT NULL,
  `desig_name` varchar(100) DEFAULT NULL,
  `is_enabled` varchar(1) DEFAULT NULL,
  `created_by` varchar(100) DEFAULT NULL,
  `modified_by` varchar(100) DEFAULT NULL,
  `created_dt` datetime DEFAULT NULL,
  `modified_dt` datetime DEFAULT NULL,
  `is_default` varchar(1) DEFAULT NULL,
  PRIMARY KEY (`id`)
) ENGINE=InnoDB AUTO_INCREMENT=15 DEFAULT CHARSET=latin1;
/*!40101 SET character_set_client = @saved_cs_client */;

--
-- Dumping data for table `s_designation`
--

LOCK TABLES `s_designation` WRITE;
/*!40000 ALTER TABLE `s_designation` DISABLE KEYS */;
INSERT INTO `s_designation` VALUES (1,2,'Executive','Y','Master','User','2018-04-26 16:42:33','2018-04-26 16:42:33','Y'),(2,1,'Senior Engineer','Y','Master','User','2018-04-26 16:42:33','2018-04-26 16:42:33',NULL),(3,2,'Senior Manager','Y','Master','User','2018-04-26 16:42:33','2018-04-26 16:42:33',NULL),(4,2,'Engineer','Y','Master','User','2018-04-26 16:42:33','2018-06-03 22:00:14',NULL),(5,2,'Assistant Engineer','Y','Master','User','2018-04-26 16:42:33','2018-04-26 16:42:33',NULL),(6,2,'Grad. Engg. Trainee','Y','Master','User','2018-04-26 16:42:33','2018-04-26 16:42:33',NULL),(8,2,'Junior Engineer','Y','Master','User','2018-04-26 16:42:33','2018-04-26 16:42:33',NULL),(10,2,'Technician','Y','Master','User','2018-04-26 16:42:33','2018-04-26 16:42:33',NULL),(13,10,'Director','Y','Master','User','2018-04-26 16:42:33','2018-04-26 16:42:33',NULL),(14,10,'AI','Y','Master','User','2018-04-26 16:42:33','2018-04-26 16:42:33',NULL);
/*!40000 ALTER TABLE `s_designation` ENABLE KEYS */;
UNLOCK TABLES;

--
-- Table structure for table `s_event_notfn_rule`
--

DROP TABLE IF EXISTS `s_event_notfn_rule`;
/*!40101 SET @saved_cs_client     = @@character_set_client */;
/*!40101 SET character_set_client = utf8 */;
CREATE TABLE `s_event_notfn_rule` (
  `id` int(11) NOT NULL AUTO_INCREMENT,
  `event_name` varchar(100) DEFAULT NULL,
  `notfn_desc` varchar(100) DEFAULT NULL,
  `entity` varchar(100) DEFAULT NULL,
  `entity_status` varchar(100) DEFAULT NULL,
  `is_custom` varchar(100) DEFAULT NULL,
  `know_recipient_details` varchar(100) DEFAULT NULL,
  `email_id` varchar(100) DEFAULT NULL,
  `full_name` varchar(100) DEFAULT NULL,
  `is_grp_message` varchar(100) DEFAULT NULL,
  `send_sms` varchar(100) DEFAULT NULL,
  `sms_message` varchar(511) DEFAULT NULL,
  `send_email` varchar(100) DEFAULT NULL,
  `sms_topic_name` varchar(100) DEFAULT NULL,
  `email_subject` varchar(200) DEFAULT NULL,
  `email_message` varchar(1000) DEFAULT NULL,
  `email_template_name` varchar(100) DEFAULT NULL,
  `email_topic_name` varchar(100) DEFAULT NULL,
  `send_in_app_notfn` varchar(100) DEFAULT NULL,
  `in_app_notfn_message` varchar(2111) DEFAULT NULL,
  `in_app_notfn_topic_name` varchar(100) DEFAULT NULL,
  `n1_is_addl_travel_involved` varchar(100) DEFAULT NULL,
  `recipient_user_gp_key` varchar(100) DEFAULT NULL,
  `recipient_user_key` varchar(100) DEFAULT NULL,
  `recipient_employee_key` varchar(100) DEFAULT NULL,
  `recipient_customer_key` varchar(100) DEFAULT NULL,
  `recipient_vendor_key` varchar(100) DEFAULT NULL,
  `is_enabled` varchar(100) DEFAULT NULL,
  `created_by` varchar(100) DEFAULT NULL,
  `created_dt` datetime DEFAULT NULL,
  `modified_by` varchar(100) DEFAULT NULL,
  `modified_dt` datetime DEFAULT NULL,
  `send_dash` varchar(100) DEFAULT NULL,
  `dash_topic_name` varchar(100) DEFAULT NULL,
  PRIMARY KEY (`id`)
) ENGINE=InnoDB AUTO_INCREMENT=39 DEFAULT CHARSET=latin1;
/*!40101 SET character_set_client = @saved_cs_client */;

--
-- Dumping data for table `s_event_notfn_rule`
--

LOCK TABLES `s_event_notfn_rule` WRITE;
/*!40000 ALTER TABLE `s_event_notfn_rule` DISABLE KEYS */;
INSERT INTO `s_event_notfn_rule` VALUES (1,'TarAppliedEvent','notify TarAppliedEvent-employee','TAR',NULL,'N','N','','','N','Y','Your Travel Approval Request (${bk.tarCode}) for Rs. ${reqAdvAmount} is awaiting 1st level approval from ${n1EmpCode} - ${n1EmpFullName}.','Y','sms-topic','Travel Approval Request  ${bk.tarCode} created','<!DOCTYPE html><head><title >Travel Advance Request Submitted Sucessfully </title><meta http-equiv=\"Content-Type\" content=\"text/html; charset=UTF-8\" /></head><body><p>Dear  ${bk.employeeCode} - ${employeeFullName},</span></p><p>Your Travel Advance Request  ${bk.tarCode}  for Rs. ${reqAdvAmount}   is awaiting for 1st level approval from ${n1EmpCode}-${n1EmpFullName}.  </p><p>Regards, <br /><em>From Admin</em>Pothigai Power Solutions Private Limited-</br>This is system generated message</br></p></body></html>','','email-topic','Y','Your Travel Approval Request (${bk.tarCode}) for Rs. ${reqAdvAmount} is awaiting 1st level approval from ${n1EmpCode} - ${n1EmpFullName}.','inapp-notfn-topic','',NULL,'','bk.employeeId','N','','Y','Arun Marx',NULL,'Arun Marx',NULL,'N',NULL),(2,'TarAppliedEvent','notify TarAppliedEvent - n1-emp','TAR',NULL,'N','N','','','N','Y','Travel Approval Request (${bk.tarCode}) for Rs. ${reqAdvAmount} is awaiting your approval.','Y','sms-topic','Travel Approval Request (${bk.tarCode}) from ${bk.employeeCode} - ${employeeFullName}','<!DOCTYPE html><head><meta http-equiv=\"Content-Type\" content=\"text/html; charset=UTF-8\" /></head><body><p>Dear  ${n1EmpCode} -${n1EmpFullName},</span></p><p>Travel Approval Request  ${bk.tarCode} for Rs. ${reqAdvAmount} is awaiting your approval.  </p><p>Regards, <br /><em>From Admin</em>Pothigai Power Solutions Private Limited-</br>This is system generated message</br></p></body></html>','','email-topic','Y','Travel Approval Request (${bk.tarCode}) for Rs. ${reqAdvAmount} is awaiting your approval.','inapp-notfn-topic','','','','bk.n1EmpId','N','','Y','Arun Marx',NULL,'Arun Marx',NULL,'Y','dash-metric-topic'),(3,'TarN1ApprovedEvent','notify TarN1ApprovedEvent-  employee','TAR',NULL,'N','N','','','N','Y','Your Travel Advance Request (${bk.tarCode}) for Rs. ${reqAdvAmount} is approved by your ${n1EmpCode} - ${n1EmpFullName}.','Y','sms-topic','Travel Approval Request (${bk.tarCode}) from ${bk.employeeCode} - ${employeeFullName}','<!DOCTYPE html><head><meta http-equiv=\"Content-Type\" content=\"text/html; charset=UTF-8\" /></head><body><p>Dear  ${bk.employeeCode} - ${employeeFullName},</span></p><p>Your Travel Advance Request (${bk.tarCode}) for Rs. ${reqAdvAmount} is approved by ${n1EmpCode} - ${n1EmpFullName}. </p><p>Regards, <br /><em>From Admin</em>Pothigai Power Solutions Private Limited-</br>This is system generated message</br></p></body></html>','','email-topic','Y','Your Travel Advance Request (${bk.tarCode}) for Rs. ${reqAdvAmount} is approved by your ${n1EmpCode} - ${n1EmpFullName}.','inapp-notfn-topic','','','','bk.employeeId','N','','Y','Arun Marx',NULL,'Arun Marx',NULL,'Y','dash-metric-topic'),(4,'TarN1ApprovedEvent','notify TarN1ApprovedEvent - acc2-user-grp','TAR',NULL,'N','N',NULL,NULL,'Y','Y','Travel Approval Request (${bk.tarCode}) for Rs. ${reqAdvAmount} is awaiting your approval.','Y','sms-topic','Travel Approval Request (${bk.tarCode}) from ${bk.employeeCode} - ${employeeFullName}','<!DOCTYPE html><head><meta http-equiv=\"Content-Type\" content=\"text/html; charset=UTF-8\" /></head><body><p>Dear  ${acc2usergrp},</span></p><p>Travel Approval Request (${bk.tarCode}) for Rs. ${reqAdvAmount} is awaiting your approval </p><p>Regards, <br /><em>From Admin</em>Pothigai Power Solutions Private Limited-</br>This is system generated message</br></p></body></html>',NULL,'email-topic','Y','Travel Approval Request (${bk.tarCode}) for Rs. ${reqAdvAmount} is awaiting your approval.','inapp-notfn-topic',NULL,'bk.acc2UserGroupId',NULL,'bk.n1EmpId','N',NULL,'Y','Arun Marx',NULL,'Arun Marx',NULL,'Y','dash-metric-topic'),(5,'TarN1RejectedEvent','notify TarN1RejectedEvent -employee','TAR',NULL,'N','N','','','N','Y','Your Travel Advance Request (${bk.tarCode}) for Rs. ${reqAdvAmount} is rejected by your ${n1EmpCode} - ${n1EmpFullName}.','Y','sms-topic','Travel Approval Request (${bk.tarCode}) for ${bk.employeeCode} - ${employeeFullName} - Rejected - ${n1EmpCode} - ${n1EmpFullName}','<!DOCTYPE html><head><meta http-equiv=\"Content-Type\" content=\"text/html; charset=UTF-8\" /></head><body><p>Dear  (${bk.EmpCode})-(${bk.EmpFullName}),</span></p><p>Your Travel Advance Request (${bk.tarCode}) for Rs. ${reqAdvAmount} is rejected by your ${n1EmpCode}- {n1EmpFullName}. </p><p>Regards, <br /><em>From Admin</em>Pothigai Power Solutions Private Limited-</br>This is system generated message</br></p></body></html>','','email-topic','Y','Your Travel Advance Request (${bk.tarCode}) for Rs. ${reqAdvAmount} is rejected by your ${n1EmpCode} - ${n1EmpFullName}.','inapp-notfn-topic','','','','bk.employeeId','N','','Y','Arun Marx',NULL,'Arun Marx',NULL,'N',''),(6,'TarAcc2ApprovedEvent','notify TarAcc2ApprovedEvent - employee','TAR',NULL,'N','N','','','N','Y','Your Travel Advance Request (${bk.tarCode}) for Rs. ${reqAdvAmount} is approved by your ${acc2EmpCode} - ${acc2EmpFullName}.','Y','sms-topic','Your Travel Advance Request (${bk.tarCode}) for Rs. ${reqAdvAmount} is approved by your ${acc2usergrp}','<!DOCTYPE html><head><meta http-equiv=\"Content-Type\" content=\"text/html; charset=UTF-8\" /></head><body><p>Dear  ${bk.employeeCode} - ${employeeFullName},</span></p><p>Your Travel Advance Request (${bk.tarCode}) for Rs. ${reqAdvAmount} is approved by your ${acc2usergrp}. </p><p>Regards, <br /><em>From Admin</em>Pothigai Power Solutions Private Limited-</br>This is system generated message</br></p></body></html>','','email-topic','Y','Your Travel Advance Request (${bk.tarCode}) for Rs. ${reqAdvAmount} is approved by your ${acc2EmpCode} - ${acc2EmpFullName}.','inapp-notfn-topic','','','','bk.employeeId','N','','Y','Arun Marx',NULL,'Arun Marx',NULL,'Y','dash-metric-topic'),(7,'TarAcc2ApprovedEvent','notify TarAcc2ApprovedEvent - n1-emp','TAR',NULL,'N','N','','','N','Y','Travel Advance Request (${bk.tarCode}) for Rs. ${reqAdvAmount} for your employee  ${bk.employeeCode} - ${employeeFullName}  is approved by  ${acc2EmpCode} - ${acc2EmpFullName}.','Y','sms-topic','Travel Advance Request (${bk.tarCode}) for Rs. ${reqAdvAmount} for your employee  ${bk.employeeCode} - ${employeeFullName}  is approved by  ${acc2usergrp}','<!DOCTYPE html><head><meta http-equiv=\"Content-Type\" content=\"text/html; charset=UTF-8\" /></head><body><p>Dear  ${n1EmpCode} -${n1EmpFullName}</span></p><p>Travel Advance Request (${bk.tarCode}) for Rs.${reqAdvAmount} for your employee  ${bk.employeeCode} - ${employeeFullName}  is approved by  ${acc2usergrp}. </p><p>Regards, <br /><em>From Admin</em>Pothigai Power Solutions Private Limited-</br>This is system generated message</br></p></body></html>','','email-topic','Y','Travel Advance Request (${bk.tarCode}) for Rs. ${reqAdvAmount} for your employee  ${bk.employeeCode} - ${employeeFullName}  is approved by  ${acc2EmpCode} - ${acc2EmpFullName}.','inapp-notfn-topic','','','','bk.n1EmpId','N','','Y','Arun Marx',NULL,'Arun Marx',NULL,'Y','dash-metric-topic'),(8,'TarAcc2RejectedEvent','notify TarAcc2RejectedEvent - employee','TAR',NULL,'N','N','','','N','Y','Your Travel Advance Request (${bk.tarCode}) for Rs. ${reqAdvAmount} is rejected by your ${acc2EmpCode} - ${acc2EmpFullName}.','Y','sms-topic','Your Travel Advance Request (${bk.tarCode}) for Rs. ${reqAdvAmount} is rejected by your ${acc2usergrp}','<!DOCTYPE html><head><meta http-equiv=\"Content-Type\" content=\"text/html; charset=UTF-8\" /></head><body><p>Dear  ${bk.employeeCode} - ${employeeFullName} </span></p><p>Your Travel Advance Request (${bk.tarCode}) for Rs.${reqAdvAmount} is rejected by your  ${acc2usergrp} </p><p>Regards, <br /><em>From Admin</em>Pothigai Power Solutions Private Limited-</br>This is system generated message</br></p></body></html>','','email-topic','Y','Your Travel Advance Request (${bk.tarCode}) for Rs. ${reqAdvAmount} is rejected by your ${acc2EmpCode} - ${acc2EmpFullName}.','inapp-notfn-topic','','bk.acc2UserGroupId','','bk.employeeId','N','','Y','Arun Marx',NULL,'Arun Marx',NULL,'N',NULL),(9,'TarAcc2RejectedEvent','notify TarAcc2RejectedEvent  n1-emp','TAR',NULL,'N','N','','','N','Y','Travel Advance Request (${bk.tarCode}) for Rs. ${reqAdvAmount} for your employee  ${bk.employeeCode} - ${employeeFullName}  is R by  rejected by ${acc2EmpCode} - ${acc2EmpFullName}.','Y','sms-topic','Travel Advance Request (${bk.tarCode}) for Rs. ${reqAdvAmount} for your employee  ${bk.employeeCode} - ${employeeFullName}  is Rejected by ${acc2usergrp} ','<!DOCTYPE html><head><meta http-equiv=\"Content-Type\" content=\"text/html; charset=UTF-8\" /></head><body><p>Dear  ${n1EmpCode} -${n1EmpFullName}, </span></p><p>Travel Advance Request (${bk.tarCode}) for Rs. ${reqAdvAmount} for your employee  ${bk.employeeCode} - ${employeeFullName}  is  rejected by ${acc2usergrp}. </p><p>Regards, <br /><em>From Admin</em>Pothigai Power Solutions Private Limited-</br>This is system generated message</br></p></body></html>','','email-topic','Y','Travel Advance Request (${bk.tarCode}) for Rs. ${reqAdvAmount} for your employee  ${bk.employeeCode} - ${employeeFullName}  is rejected by ${acc2EmpCode} - ${acc2EmpFullName}.','inapp-notfn-topic','','bk.acc2UserGroupId','','bk.n1EmpId','N','','Y','Arun Marx',NULL,'Arun Marx',NULL,'N',NULL),(10,'TarCancelledEvent','notify TarCancelledEvent - employee','TAR',NULL,'N','N','','','N','Y','Your Travel Approval Request (${bk.tarCode}) for Rs. ${reqAdvAmount} is canceled by (${bk.EmpCode}) -(${bk.EmpFullName})','Y','sms-topic','Your Travel Approval Request (${bk.tarCode}) for Rs. ${reqAdvAmount} is canceled by (${bk.EmpCode}) -(${bk.EmpFullName})','<!DOCTYPE html><head><meta http-equiv=\"Content-Type\" content=\"text/html; charset=UTF-8\" /></head><body><p>Dear  ${bk.employeeCode} - ${employeeFullName} ,</span></p><p>Your Travel Approval Request (${bk.tarCode}) for Rs. ${reqAdvAmount} is canceled by ${bk.employeeCode} - ${employeeFullName} . </p><p>Regards, <br /><em>From Admin</em>Pothigai Power Solutions Private Limited-</br>This is system generated message</br></p></body></html>','','email-topic','Y','Your Travel Approval Request (${bk.tarCode}) for Rs. ${reqAdvAmount} is canceled by ${bk.employeeCode} - ${employeeFullName}','inapp-notfn-topic','','','','bk.employeeId','N','','Y','Arun Marx',NULL,'Arun Marx',NULL,'N',NULL),(11,'TarCancelledEvent','notify TarCancelledEvent - n1-emp','TAR',NULL,'N','N','','','N','Y','Your Travel Approval Request (${bk.tarCode}) for Rs. ${reqAdvAmount} is canceled by (${bk.EmpCode}) -(${bk.EmpFullName})','Y','sms-topic','Your Travel Approval Request (${bk.tarCode}) for Rs. ${reqAdvAmount} is canceled by (${bk.EmpCode}) -(${bk.EmpFullName})','<!DOCTYPE html><head><meta http-equiv=\"Content-Type\" content=\"text/html; charset=UTF-8\" /></head><body><p>Dear  (${n1EmpCode}) -(${n1EmpFullName}), </span></p><p>Your Travel Approval Request (${bk.tarCode}) for Rs. ${reqAdvAmount} is canceled by (${bk.EmpCode}) -(${bk.EmpFullName}) . </p><p>Regards, <br /><em>From Admin</em>Pothigai Power Solutions Private Limited-</br>This is system generated message</br></p></body></html>','','email-topic','Y','Your Travel Approval Request (${bk.tarCode}) for Rs. ${reqAdvAmount} is canceled by (${bk.EmpCode}) -(${bk.EmpFullName})','inapp-notfn-topic','','','','bk.n1EmpId','N','','Y','Arun Marx',NULL,'Arun Marx',NULL,'N',NULL),(12,'LeaveAppliedEvent','notify LeaveAppliedEvent-employee','LA',NULL,'N','N','','','N','Y','Your Leave Request -(${bk.leaveRequestCode}) has been applied from ${fromDt} (${toDt}) is waiting for approval -(${employeeFullName})','Y','sms-topic','Leave Approval Request (${bk.leaveRequestCode})  first level  Approval - ${n1EmpCode} -${n1EmpFullName}\n','<!DOCTYPE html>\n<head><meta http-equiv=\"Content-Type\" content=\"text/html; charset=UTF-8\" /></head>\n<body>\n<p>Dear  ${bk.employeeCode} - ${employeeFullName}, </span></p>\n<p>Your Leave Approval  Request  (${bk.leaveRequestCode})   is awaiting for 1st level approval from  ${n1EmpCode} -${n1EmpFullName}  . </p>\n<p>Regards, \n<br /><em>From Admin</em>Pothigai Power Solutions Private Limited-</br>This is system generated message</br></p>\n</body></html>','','email-topic','Y','Your Leave Request -(${bk.leaveRequestCode}) has been applied from ${fromDt} (${toDt}) is waiting for approval -(${employeeFullName})','inapp-notfn-topic','',NULL,'','bk.employeeId','N','','Y','Arun Marx',NULL,'Arun Marx',NULL,'N',NULL),(13,'LeaveAppliedEvent','notify LeaveAppliedEvent- n1-emp','LA',NULL,'N','N',NULL,NULL,'N','Y','Your Leave Request -(${bk.leaveRequestCode}) has been applied from ${fromDt} (${toDt}) is waiting for approval -(${employeeFullName})','Y','sms-topic','Leave Approval Request (${bk.leaveRequestCode})  first level  Approval - ${n1EmpCode} -${n1EmpFullName}\n','<!DOCTYPE html>\n<head>\n<title >Leave Approval  Request  from  ${bk.employeeCode} - ${employeeFullName}</title>\n<meta http-equiv=\"Content-Type\" content=\"text/html; charset=UTF-8\" />\n</head><body><p>Dear  ${n1EmpCode} -${n1EmpFullName}\n</span></p><p> Leave Approval  Request  (${bk.leaveRequestCode})   is awaiting for your approval from  ${bk.employeeCode} - ${employeeFullName} </p>\n<p>Regards, <br /><em>From Admin</em>Pothigai Power Solutions Private Limited-</br>This is system generated message</br></p></body></html>',NULL,'email-topic','Y','Your Leave Request -(${bk.leaveRequestCode}) has been applied from ${fromDt} (${toDt}) is waiting for approval -(${employeeFullName})','inapp-notfn-topic',NULL,'bk.hr1UserGroupId',NULL,'bk.n1EmpId','N',NULL,'Y',NULL,NULL,NULL,NULL,'N',NULL),(14,'LeaveN1ApprovedEvent','notify LeaveN1ApprovedEvent -employee','LA',NULL,'N','N',NULL,NULL,'N','Y','Your Leave Request -(${bk.leaveRequestCode}) has been applied from ${fromDt} (${toDt}) is waiting for approval -(${employeeFullName})','Y','sms-topic','Leave Approval Request ${bk.leaveRequestCode}  is Approved - ${n1EmpCode} -${n1EmpFullName}\n','<!DOCTYPE html>\n<head><meta http-equiv=\"Content-Type\" content=\"text/html; charset=UTF-8\" /></head>\n<body>\n<p>Dear  ${bk.employeeCode} - ${employeeFullName}, </span></p>\n<p>Your Leave Approval Request (${bk.leaveRequestCode}) is Approved By ${n1EmpCode} -${n1EmpFullName} . </p>\n<p>Regards, \n<br /><em>From Admin</em>Pothigai Power Solutions Private Limited-</br>This is system generated message</br></p>\n</body></html>',NULL,'email-topic','Y','Your Leave Request -(${bk.leaveRequestCode}) has been applied from ${fromDt} (${toDt}) is waiting for approval -(${employeeFullName})','inapp-notfn-topic',NULL,'bk.hr1UserGroupId',NULL,'bk.employeeId','N',NULL,'Y',NULL,NULL,NULL,NULL,'Y','dash-metric-topic'),(15,'LeaveN1RejectedEvent','notify LeaveN1RejectedEvent -employee','LA',NULL,'N','N',NULL,NULL,'N','Y','Your Leave Request -(${bk.leaveRequestCode}) has been applied from ${fromDt} (${toDt}) is waiting for approval -(${employeeFullName})','Y','sms-topic','Your Leave Request (${bk.leaveRequestCode})  Rejected By - ${n1EmpCode} -${n1EmpFullName}\n','<!DOCTYPE html>\n<head><meta http-equiv=\"Content-Type\" content=\"text/html; charset=UTF-8\" /></head>\n<body>\n<p>Dear  ${bk.employeeCode} - ${employeeFullName}, </span></p>\n<p>Your Leave Approval Request (${bk.leaveRequestCode}) is Rejected by ${n1EmpCode} -${n1EmpFullName} . </p>\n<p>Regards, \n<br /><em>From Admin</em>Pothigai Power Solutions Private Limited-</br>This is system generated message</br></p>\n</body></html>',NULL,'email-topic','Y','Your Leave Request -(${bk.leaveRequestCode}) has been applied from ${fromDt} (${toDt}) is waiting for approval -(${employeeFullName})','inapp-notfn-topic',NULL,'bk.hr1UserGroupId',NULL,'bk.employeeId','N',NULL,'Y',NULL,NULL,NULL,NULL,'N',NULL),(16,'LeaveN2ApprovedEvent','notify LeaveN2ApprovedEvent -employee','LA',NULL,'N','N',NULL,NULL,'N','Y','Your Leave Request -(${bk.leaveRequestCode}) has been applied from ${fromDt} (${toDt}) is waiting for approval -(${employeeFullName})','Y','sms-topic','Leave Approval Request (${bk.leaveRequestCode})  is Approved By- ${n2EmpCode} -${n2EmpFullName}\n','<!DOCTYPE html>\n<head><meta http-equiv=\"Content-Type\" content=\"text/html; charset=UTF-8\" /></head>\n<body>\n<p>Dear  ${bk.employeeCode} - ${employeeFullName}, </span></p>\n<p>Your Leave Approval Request (${bk.leaveRequestCode}) is Approved by ${n2EmpCode} -${n2EmpFullName} . </p>\n<p>Regards, \n<br /><em>From Admin</em>Pothigai Power Solutions Private Limited-</br>This is system generated message</br></p>\n</body></html>',NULL,'email-topic','Y','Your Leave Request -(${bk.leaveRequestCode}) has been applied from ${fromDt} (${toDt}) is waiting for approval -(${employeeFullName})','inapp-notfn-topic',NULL,NULL,NULL,'bk.employeeId','N',NULL,'Y',NULL,NULL,NULL,NULL,'Y','dash-metric-topic'),(17,'LeaveN2ApprovedEvent','notify LeaveN2ApprovedEvent - n1-emp','LA',NULL,'N','N',NULL,NULL,'N','Y','Your Leave Request -(${bk.leaveRequestCode}) has been applied from ${fromDt} (${toDt}) is waiting for approval -(${employeeFullName})','Y','sms-topic','Leave Approval Request (${bk.leaveRequestCode}) is Approved By - ${n2EmpCode} -${n2EmpFullName}','<!DOCTYPE html>\n<head><meta http-equiv=\"Content-Type\" content=\"text/html; charset=UTF-8\" /></head>\n<body>\n<p>Dear  ${bk.n1EmpId} -${n1EmpFullName}, </span></p>\n<p>Leave Approval Request (${bk.leaveRequestCode}) of ${bk.employeeCode} - ${employeeFullName} is Approved by ${n2EmpCode} -${n2EmpFullName} . </p>\n<p>Regards, \n<br /><em>From Admin</em>Pothigai Power Solutions Private Limited-</br>This is system generated message</br></p>\n</body></html>',NULL,'email-topic','Y','Your Leave Request -(${bk.leaveRequestCode}) has been applied from ${fromDt} (${toDt}) is waiting for approval -(${employeeFullName})','inapp-notfn-topic',NULL,NULL,NULL,'bk.n1EmpId',NULL,NULL,'Y',NULL,NULL,NULL,NULL,'Y','dash-metric-topic'),(18,'LeaveN2RejectedEvent','notify LeaveN2RejectedEvent - employee','LA',NULL,'N','N',NULL,NULL,'N','Y','Your Leave Request -(${bk.leaveRequestCode}) has been applied from ${fromDt} (${toDt}) is waiting for approval -(${employeeFullName})','Y','sms-topic','Leave Approval Request (${bk.leaveRequestCode}) Rejected By - ${n2EmpCode} -${n2EmpFullName}','<!DOCTYPE html>\n<head><meta http-equiv=\"Content-Type\" content=\"text/html; charset=UTF-8\" /></head>\n<body>\n<p>Dear  ${bk.employeeCode} - ${employeeFullName}, </span></p>\n<p>Your Leave Approval Request (${bk.leaveRequestCode}) is Rejected by ${n2EmpCode} -${n2EmpFullName}  . </p>\n<p>Regards, \n<br /><em>From Admin</em>Pothigai Power Solutions Private Limited-</br>This is system generated message</br></p>\n</body></html>',NULL,'email-topic','Y','Your Leave Request -(${bk.leaveRequestCode}) has been applied from ${fromDt} (${toDt}) is waiting for approval -(${employeeFullName})','inapp-notfn-topic',NULL,NULL,NULL,'bk.employeeId',NULL,NULL,'Y',NULL,NULL,NULL,NULL,'N',NULL),(19,'LeaveCancelledEvent','notify CancelledEvent- n1-emp','LA',NULL,'N','N',NULL,NULL,'N','Y','Your Leave Request -(${bk.leaveRequestCode}) has been applied from ${fromDt} (${toDt}) is waiting for approval -(${employeeFullName})','Y','sms-topic','Leave Approval Request (${bk.leaveRequestCode})  Cancelled By - ${bk.employeeCode} - ${employeeFullName}','<!DOCTYPE html>\n<head><meta http-equiv=\"Content-Type\" content=\"text/html; charset=UTF-8\" /></head>\n<body>\n<p>Dear  ${n1EmpCode} -${n1EmpFullName}, </span></p>\n<p>Leave Approval Request (${bk.leaveRequestCode}) is Cancelled by ${bk.employeeCode} - ${employeeFullName} . </p>\n<p>Regards, \n<br /><em>From Admin</em>Pothigai Power Solutions Private Limited-</br>This is system generated message</br></p>\n</body></html>',NULL,'email-topic','Y','Your Leave Request -(${bk.leaveRequestCode}) has been applied from ${fromDt} (${toDt}) is waiting for approval -(${employeeFullName})','inapp-notfn-topic',NULL,NULL,NULL,'bk.n1EmpId',NULL,NULL,'Y',NULL,NULL,NULL,NULL,'N',NULL),(20,'LeaveSettledEvent','notify LeaveSettledEvent -employee','LA',NULL,'N','N',NULL,NULL,'N','Y','Your Leave Request -(${bk.leaveRequestCode}) has been applied from ${fromDt} (${toDt}) is waiting for approval -(${employeeFullName})','Y','sms-topic','Leave Approval Request (${bk.leaveRequestCode})  Settled By - ${bk.hr1UserGroupId}','<!DOCTYPE html>\n<head><meta http-equiv=\"Content-Type\" content=\"text/html; charset=UTF-8\" /></head>\n<body>\n<p>Dear  ${bk.employeeCode} - ${employeeFullName}, </span></p>\n<p>Your Leave Approval Request (${bk.leaveRequestCode}) is Settled By  ${bk.hr1UserGroupId} . </p>\n<p>Regards, \n<br /><em>From Admin</em>Pothigai Power Solutions Private Limited-</br>This is system generated message</br></p>\n</body></html>',NULL,'email-topic','Y','Your Leave Request -(${bk.leaveRequestCode}) has been applied from ${fromDt} (${toDt}) is waiting for approval -(${employeeFullName})','inapp-notfn-topic',NULL,NULL,NULL,'bk.employeeId',NULL,NULL,'Y',NULL,NULL,NULL,NULL,'Y','dash-metric-topic'),(21,'AnnouncementEvent','notify AnnouncementEvent -employee','ACC','','Y','N',NULL,NULL,'Y','N',NULL,'Y','sms-topic',NULL,NULL,NULL,'email-topic','Y','Your Leave Request -(${bk.leaveRequestCode}) has been applied from ${fromDt} (${toDt}) is waiting for approval -(${employeeFullName})','inapp-notfn-topic',NULL,'bk.hr1UserGroupId',NULL,'bk.employeeId',NULL,NULL,'Y',NULL,NULL,NULL,NULL,'N',NULL),(22,'ExpenseAppliedEvent','notify ExpenseAppliedEvent-hr1-emp','EC',NULL,'N','N',NULL,NULL,'Y','N','Your Expense claim Request (${bk.expenseClaimCode}) for Rs. ${reqAdvAmount} is awaiting for your 1st level approval from ${bk.hr1EmpId} -${employeeFullName}','Y','sms-topic','Your Expense claim Request (${bk.expenseClaimCode}) for Rs. ${reqAdvAmount} is awaiting for your 1st level approval from ${hr1GrpId} -${employeeFullName}','Your Expense claim Request (${bk.expenseClaimCode}) for Rs. ${reqAdvAmount} is awaiting for your 1st level approval from ${hr1GrpId} -${employeeFullName}',NULL,'email-topic','Y','Your leave Application Request (${bk.leaveRequestCode}) from ${fromDt} to ${toDt} is applied by (${bk.employeeCode}) -(${employeeFullName})','inapp-notfn-topic',NULL,'bk.hr1UserGroupId',NULL,'bk.n1EmpId',NULL,NULL,'Y',NULL,NULL,NULL,NULL,'N',NULL),(23,'ExpenseValidationEvent','notify ExpenseValidationEvent -employee','EC',NULL,'N','N',NULL,NULL,'Y','N','Your Expense claim Request (${bk.expenseClaimCode}) for Rs. ${reqAdvAmount} is awaiting for your 1st level approval from ${bk.hr1EmpId} -${employeeFullName}','Y','sms-topic','Your Expense claim Request (${bk.expenseClaimCode}) for Rs. ${reqAdvAmount} is awaiting for your 1st level approval from ${bk.hr1EmpId} -${employeeFullName}','Your Expense claim Request (${bk.expenseClaimCode}) for Rs. ${reqAdvAmount} is awaiting for your 1st level approval from ${bk.hr1EmpId} -${employeeFullName}',NULL,'email-topic','Y','Your leave Application Request (${bk.leaveRequestCode}) from ${fromDt} to ${toDt} is applied by (${bk.employeeCode}) -(${employeeFullName})','inapp-notfn-topic',NULL,NULL,NULL,'bk.employeeId',NULL,NULL,'Y',NULL,NULL,NULL,NULL,'Y','dash-metric-topic'),(24,'ExpensevalidationRejectedEvent','notify AnnouncementEvent -n1-emp','EC',NULL,'N','N',NULL,NULL,'Y','N','Your Expense claim Request (${bk.expenseClaimCode}) for Rs. ${reqAdvAmount} is awaiting for your 1st level approval from ${bk.hr1EmpId} -${employeeFullName}','Y','sms-topic','Your Expense claim Request (${bk.expenseClaimCode}) for Rs. ${reqAdvAmount} is awaiting for your 1st level approval from ${bk.hr1EmpId} -${employeeFullName}','Your Expense claim Request (${bk.expenseClaimCode}) for Rs. ${reqAdvAmount} is awaiting for your 1st level approval from ${bk.hr1EmpId} -${employeeFullName}',NULL,'email-topic','Y','Your leave Application Request (${bk.leaveRequestCode}) from ${fromDt} to ${toDt} is applied by (${bk.employeeCode}) -(${employeeFullName})','inapp-notfn-topic',NULL,NULL,NULL,'bk.n1EmpId',NULL,NULL,'Y',NULL,NULL,NULL,NULL,'N',NULL),(25,'ExpenseN1ApprovedEvent','notify AnnouncementEvent -employee','EC',NULL,'N','N',NULL,NULL,'Y','N','Your Expense claim Request (${bk.expenseClaimCode}) for Rs. ${reqAdvAmount} is Approved By (${n1EmpCode}) -(${n1EmpFullName})','Y','sms-topic','Your Expense claim Request (${bk.expenseClaimCode}) for Rs. ${reqAdvAmount} is Approved By (${n1EmpCode}) -(${n1EmpFullName})','<!DOCTYPE html>\n<head><meta http-equiv=\"Content-Type\" content=\"text/html; charset=UTF-8\" /></head>\n<body>\n<p>Dear  (${bk.EmpCode}) -(${bk.EmpFullName}), </span></p>\n<p>Your Expense claim Request (${bk.expenseClaimCode}) for Rs. ${reqAdvAmount} is Approved By (${n1EmpCode}) -(${n1EmpFullName}) . </p>\n<p>Regards, \n<br /><em>From Admin</em>Pothigai Power Solutions Private Limited-</br>This is system generated message</br></p>\n</body></html>',NULL,'email-topic','Y','Your leave Application Request (${bk.leaveRequestCode}) from ${fromDt} to ${toDt} is applied by (${bk.employeeCode}) -(${employeeFullName})','inapp-notfn-topic',NULL,NULL,NULL,'bk.employeeId',NULL,NULL,'Y',NULL,NULL,NULL,NULL,'Y','dash-metric-topic'),(26,'ExpenseN1RejectedEvent','notify AnnouncementEvent -employee','EC',NULL,'N','N',NULL,NULL,'Y','N','Your Expense claim Request (${bk.expenseClaimCode}) for Rs. ${reqAdvAmount} is awaiting for your 1st level approval from ${bk.hr1EmpId} -${employeeFullName}','Y','sms-topic','Your Expense claim Request (${bk.expenseClaimCode}) for Rs. ${reqAdvAmount} is Rejected By (${n1EmpCode}) -(${n1EmpFullName})','<!DOCTYPE html>\n<head><meta http-equiv=\"Content-Type\" content=\"text/html; charset=UTF-8\" /></head>\n<body>\n<p>Dear  (${bk.EmpCode}) -(${bk.EmpFullName}), </span></p>\n<p>Your Expense claim Request (${bk.expenseClaimCode}) for Rs. ${reqAdvAmount} is Rejected By (${n1EmpCode}) -(${n1EmpFullName}) . </p>\n<p>Regards, \n<br /><em>From Admin</em>Pothigai Power Solutions Private Limited-</br>This is system generated message</br></p>\n</body></html>',NULL,'email-topic','Y','Your leave Application Request (${bk.leaveRequestCode}) from ${fromDt} to ${toDt} is applied by (${bk.employeeCode}) -(${employeeFullName})','inapp-notfn-topic',NULL,NULL,NULL,'bk.employeeId',NULL,NULL,'Y',NULL,NULL,NULL,NULL,'N',NULL),(27,'ExpenseN2ApprovedEvent','notify ExpenseN2ApprovedEvent -employee','EC',NULL,'N','N',NULL,NULL,'Y','N','Your Expense claim Request (${bk.expenseClaimCode}) for Rs. ${reqAdvAmount} is awaiting for your 1st level approval from ${bk.hr1EmpId} -${employeeFullName}','Y','sms-topic','Your Expense claim Request ${bk.expenseClaimCode} for Rs. ${reqAdvAmount} is Approved By ${n2EmpCode} -${n2EmpFullName}','<!DOCTYPE html>\n<head><meta http-equiv=\"Content-Type\" content=\"text/html; charset=UTF-8\" /></head>\n<body>\n<p>Dear  (${bk.EmpCode}) -(${bk.EmpFullName}), </span></p>\n<p>Your Expense claim Request ${bk.expenseClaimCode} for Rs. ${reqAdvAmount} is Approved By ${n2EmpCode} -${n2EmpFullName} . </p>\n<p>Regards, \n<br /><em>From Admin</em>Pothigai Power Solutions Private Limited-</br>This is system generated message</br></p>\n</body>\n</html>',NULL,'email-topic','Y','Your leave Application Request (${bk.leaveRequestCode}) from ${fromDt} to ${toDt} is applied by (${bk.employeeCode}) -(${employeeFullName})','inapp-notfn-topic',NULL,NULL,NULL,'bk.employeeId',NULL,NULL,'Y',NULL,NULL,NULL,NULL,'Y','dash-metric-topic'),(28,'ExpenseN2RejectedEvent','notify ExpenseN2RejectedEvent -employee','EC',NULL,'N','N',NULL,NULL,'Y','N','Your Expense claim Request (${bk.expenseClaimCode}) for Rs. ${reqAdvAmount} is awaiting for your 1st level approval from ${bk.hr1EmpId} -${employeeFullName}','Y','sms-topic','Your Expense claim Request (${bk.expenseClaimCode}) for Rs. ${reqAdvAmount} is Rejected By  ${n2EmpCode} -${n2EmpFullName}','<!DOCTYPE html>\n<head><meta http-equiv=\"Content-Type\" content=\"text/html; charset=UTF-8\" /></head>\n<body>\n<p>Dear  (${bk.EmpCode}) -(${bk.EmpFullName}), </span></p>\n<p>Your Expense claim Request ${bk.expenseClaimCode} for Rs. ${reqAdvAmount} is Rejected By ${n2EmpCode} -${n2EmpFullName} . </p>\n<p>Regards, \n<br /><em>From Admin</em>Pothigai Power Solutions Private Limited-</br>This is system generated message</br></p>\n</body>\n</html>',NULL,'email-topic','Y','Your leave Application Request (${bk.leaveRequestCode}) from ${fromDt} to ${toDt} is applied by (${bk.employeeCode}) -(${employeeFullName})','inapp-notfn-topic',NULL,NULL,NULL,'bk.employeeId',NULL,NULL,'Y',NULL,NULL,NULL,NULL,'N',NULL),(29,'ExpenseCancelledEvent','notify ExpenseCancelledEvent -employee','EC',NULL,'N','N',NULL,NULL,'Y','N','Your Expense claim Request (${bk.expenseClaimCode}) for Rs. ${reqAdvAmount} is awaiting for your 1st level approval from ${bk.hr1EmpId} -${employeeFullName}','Y','sms-topic','Your Expense claim Request (${bk.expenseClaimCode}) for Rs. ${reqAdvAmount} is Cancelled','<!DOCTYPE html>\n<head><meta http-equiv=\"Content-Type\" content=\"text/html; charset=UTF-8\" /></head>\n<body>\n<p>Dear  ${bk.EmpCode} -${bk.EmpFullName}, </span></p>\n<p>Your Expense claim Request ${bk.expenseClaimCode} for Rs. ${reqAdvAmount} is Cancelled By ${bk.EmpCode} -${bk.EmpFullName} . </p>\n<p>Regards, \n<br /><em>From Admin</em>Pothigai Power Solutions Private Limited-</br>This is system generated message</br></p>\n</body>\n</html>',NULL,'email-topic','Y','Your leave Application Request (${bk.leaveRequestCode}) from ${fromDt} to ${toDt} is applied by (${bk.employeeCode}) -(${employeeFullName})','inapp-notfn-topic',NULL,NULL,NULL,'bk.employeeId',NULL,NULL,'Y',NULL,NULL,NULL,NULL,'N',NULL),(30,'ExpenseSettledEvent','notify ExpenseSettledEvent -employee','EC',NULL,'N','N',NULL,NULL,'Y','N','Your Expense claim Request (${bk.expenseClaimCode}) for Rs. ${reqAdvAmount} is awaiting for your 1st level approval from ${bk.hr1EmpId} -${employeeFullName}','Y','sms-topic','Your Expense claim Request (${bk.expenseClaimCode}) for Rs. ${reqAdvAmount} is awaiting for your 1st level approval from ${bk.hr1EmpId} -${employeeFullName}','Your Expense claim Request (${bk.expenseClaimCode}) for Rs. ${reqAdvAmount} is awaiting for your 1st level approval from ${bk.hr1EmpId} -${employeeFullName}',NULL,'email-topic','Y','Your leave Application Request (${bk.leaveRequestCode}) from ${fromDt} to ${toDt} is applied by (${bk.employeeCode}) -(${employeeFullName})','inapp-notfn-topic',NULL,NULL,NULL,'bk.employeeId',NULL,NULL,'Y',NULL,NULL,NULL,NULL,'Y','dash-metric-topic'),(31,'ExpenseSettleRejectedEvent','notify ExpenseSettleRejectedEvent -employee','EC',NULL,'N','N',NULL,NULL,'Y','N','Your Expense claim Request (${bk.expenseClaimCode}) for Rs. ${reqAdvAmount} is awaiting for your 1st level approval from ${bk.hr1EmpId} -${employeeFullName}','Y','sms-topic','Your Expense claim Request (${bk.expenseClaimCode}) for Rs. ${reqAdvAmount} is awaiting for your 1st level approval from ${bk.hr1EmpId} -${employeeFullName}','Your Expense claim Request (${bk.expenseClaimCode}) for Rs. ${reqAdvAmount} is awaiting for your 1st level approval from ${bk.hr1EmpId} -${employeeFullName}',NULL,'email-topic','Y','Your leave Application Request (${bk.leaveRequestCode}) from ${fromDt} to ${toDt} is applied by (${bk.employeeCode}) -(${employeeFullName})','inapp-notfn-topic',NULL,NULL,NULL,'bk.employeeId',NULL,NULL,'Y',NULL,NULL,NULL,NULL,'N',NULL),(32,'ExpenseN2ApprovedEvent','notify ExpenseN2ApprovedEvent -acc2-group','EC',NULL,'N','N',NULL,NULL,'Y','N','Your Expense claim Request (${bk.expenseClaimCode}) for Rs. ${reqAdvAmount} is awaiting for your 1st level approval from ${bk.hr1EmpId} -${employeeFullName}','Y','sms-topic','Your Expense claim Request ${bk.expenseClaimCode} for Rs. ${reqAdvAmount} is Approved By ${n2EmpCode} -${n2EmpFullName}','<!DOCTYPE html>\n<head><meta http-equiv=\"Content-Type\" content=\"text/html; charset=UTF-8\" /></head>\n<body>\n<p>Dear  (${bk.EmpCode}) -(${bk.EmpFullName}), </span></p>\n<p>Your Expense claim Request ${bk.expenseClaimCode} for Rs. ${reqAdvAmount} is Approved By ${n2EmpCode} -${n2EmpFullName} . </p>\n<p>Regards, \n<br /><em>From Admin</em>Pothigai Power Solutions Private Limited-</br>This is system generated message</br></p>\n</body>\n</html>',NULL,'email-topic','Y','Your leave Application Request (${bk.leaveRequestCode}) from ${fromDt} to ${toDt} is applied by (${bk.employeeCode}) -(${employeeFullName})','inapp-notfn-topic',NULL,'bk.acc2UserGroupId',NULL,'bk.employeeId',NULL,NULL,'Y',NULL,NULL,NULL,NULL,'Y','dash-metric-topic'),(33,'ExpenseSettleRejectedEvent','notify ExpenseSettleRejectedEvent -n1-emp','EC',NULL,'N','N',NULL,NULL,'Y','N','Your Expense claim Request (${bk.expenseClaimCode}) for Rs. ${reqAdvAmount} is awaiting for your 1st level approval from ${bk.hr1EmpId} -${employeeFullName}','Y','sms-topic','Your Expense claim Request (${bk.expenseClaimCode}) for Rs. ${reqAdvAmount} is awaiting for your 1st level approval from ${bk.hr1EmpId} -${employeeFullName}','Your Expense claim Request (${bk.expenseClaimCode}) for Rs. ${reqAdvAmount} is awaiting for your 1st level approval from ${bk.hr1EmpId} -${employeeFullName}',NULL,'email-topic','Y','Your leave Application Request (${bk.leaveRequestCode}) from ${fromDt} to ${toDt} is applied by (${bk.employeeCode}) -(${employeeFullName})','inapp-notfn-topic',NULL,NULL,NULL,'bk.n1EmpId',NULL,NULL,'Y',NULL,NULL,NULL,NULL,'N',NULL),(34,'ExpenseSettleRejectedEvent','notify ExpenseSettleRejectedEvent -n2-emp','EC',NULL,'N','N',NULL,NULL,'Y','N','Your Expense claim Request (${bk.expenseClaimCode}) for Rs. ${reqAdvAmount} is awaiting for your 1st level approval from ${bk.hr1EmpId} -${employeeFullName}','Y','sms-topic','Your Expense claim Request (${bk.expenseClaimCode}) for Rs. ${reqAdvAmount} is awaiting for your 1st level approval from ${bk.hr1EmpId} -${employeeFullName}','Your Expense claim Request (${bk.expenseClaimCode}) for Rs. ${reqAdvAmount} is awaiting for your 1st level approval from ${bk.hr1EmpId} -${employeeFullName}',NULL,'email-topic','Y','Your leave Application Request (${bk.leaveRequestCode}) from ${fromDt} to ${toDt} is applied by (${bk.employeeCode}) -(${employeeFullName})','inapp-notfn-topic',NULL,NULL,NULL,'bk.n2EmpId',NULL,NULL,'Y',NULL,NULL,NULL,NULL,'N',NULL),(35,'LeaveN1ApprovedEvent','notify LeaveN1ApprovedEvent -n2-emp','LA','N2-APPROVAL-PENDING','N','N',NULL,NULL,'N','Y','Your Leave Request -(${bk.leaveRequestCode}) has been applied from ${fromDt} (${toDt}) is waiting for approval -(${employeeFullName})','Y','sms-topic','Leave Approval Request ${bk.leaveRequestCode}  from - ${bk.employeeCode} - ${employeeFullName}','<!DOCTYPE html>\n<head>\n<title >Leave Approval  Request  from  ${bk.employeeCode} - ${employeeFullName}</title>\n<meta http-equiv=\"Content-Type\" content=\"text/html; charset=UTF-8\" />\n</head><body><p>Dear  ${n2EmpCode} -${n2EmpFullName}\n</span></p><p> Leave Approval  Request  ${bk.leaveRequestCode})   is awaiting for your approval from  ${bk.employeeCode} - ${employeeFullName} </p>\n<p>Regards, <br /><em>From Admin</em>Pothigai Power Solutions Private Limited-</br>This is system generated message</br></p></body></html>',NULL,'email-topic','Y','Your Leave Request -(${bk.leaveRequestCode}) has been applied from ${fromDt} (${toDt}) is waiting for approval -(${employeeFullName})','inapp-notfn-topic',NULL,NULL,NULL,'bk.n2EmpId','N',NULL,'Y',NULL,NULL,NULL,NULL,'N',NULL),(36,'LeaveN1ApprovedEvent','notify LeaveN1ApprovedEvent -hr1-group','LA','APPROVED','N','N',NULL,NULL,'N','Y','Your Leave Request -(${bk.leaveRequestCode}) has been applied from ${fromDt} (${toDt}) is waiting for approval -(${employeeFullName})','Y','sms-topic','Leave Approval Request ${bk.leaveRequestCode} - of  ${bk.employeeCode} - ${employeeFullName}','<!DOCTYPE html>\n<head><meta http-equiv=\"Content-Type\" content=\"text/html; charset=UTF-8\" /></head>\n<body>\n<p>Dear  ${bk.hr1UserGroupId} Members, </span></p>\n<p>Leave Approval Request ${bk.leaveRequestCode} of ${bk.employeeCode} - ${employeeFullName} is awaiting for leave settlement . </p>\n<p>Regards, \n<br /><em>From Admin</em>Pothigai Power Solutions Private Limited-</br>This is system generated message</br></p>\n</body></html>',NULL,'email-topic','Y','Your Leave Request -(${bk.leaveRequestCode}) has been applied from ${fromDt} (${toDt}) is waiting for approval -(${employeeFullName})','inapp-notfn-topic',NULL,'bk.hr1UserGroupId',NULL,NULL,'N',NULL,'Y',NULL,NULL,NULL,NULL,'N',NULL),(37,'LeaveN2RejectedEvent','notify LeaveN2RejectedEvent - n1-emp','LA',NULL,'N','N',NULL,NULL,'N','Y','Your Leave Request -(${bk.leaveRequestCode}) has been applied from ${fromDt} (${toDt}) is waiting for approval -(${employeeFullName})','Y','sms-topic','Leave Approval Request (${bk.leaveRequestCode}) Rejected By - ${n2EmpCode} -${n2EmpFullName}','<!DOCTYPE html>\n<head><meta http-equiv=\"Content-Type\" content=\"text/html; charset=UTF-8\" /></head>\n<body>\n<p>Dear  ${n1EmpCode} -${n1EmpFullName}, </span></p>\n<p>Leave Approval Request (${bk.leaveRequestCode}) of ${bk.employeeCode} - ${employeeFullName} is Rejected by ${bk.n2EmpId} -${n2EmpFullName}  . </p>\n<p>Regards, \n<br /><em>From Admin</em>Pothigai Power Solutions Private Limited-</br>This is system generated message</br></p>\n</body></html>',NULL,'email-topic','Y','Your Leave Request -(${bk.leaveRequestCode}) has been applied from ${fromDt} (${toDt}) is waiting for approval -(${employeeFullName})','inapp-notfn-topic',NULL,NULL,NULL,'bk.n1EmpId',NULL,NULL,'Y',NULL,NULL,NULL,NULL,'N',NULL),(38,'LeaveN2ApprovedEvent','notify LeaveN1ApprovedEvent -hr1-group','LA','APPROVED','N','N',NULL,NULL,'N','Y','Your Leave Request -(${bk.leaveRequestCode}) has been applied from ${fromDt} (${toDt}) is waiting for approval -(${employeeFullName})','Y','sms-topic','Leave Approval Request ${bk.leaveRequestCode} - of  ${bk.employeeCode} - ${employeeFullName}','<!DOCTYPE html>\n<head><meta http-equiv=\"Content-Type\" content=\"text/html; charset=UTF-8\" /></head>\n<body>\n<p>Dear  ${bk.hr1UserGroupId} Members, </span></p>\n<p>Leave Approval Request ${bk.leaveRequestCode} of ${bk.employeeCode} - ${employeeFullName} is awaiting for leave settlement . </p>\n<p>Regards, \n<br /><em>From Admin</em>Pothigai Power Solutions Private Limited-</br>This is system generated message</br></p>\n</body></html>',NULL,'email-topic','Y','Your Leave Request -(${bk.leaveRequestCode}) has been applied from ${fromDt} (${toDt}) is waiting for approval -(${employeeFullName})','inapp-notfn-topic',NULL,'bk.hr1UserGroupId',NULL,'bk.employeeId','N',NULL,'Y',NULL,NULL,NULL,NULL,'N',NULL);
/*!40000 ALTER TABLE `s_event_notfn_rule` ENABLE KEYS */;
UNLOCK TABLES;

--
-- Table structure for table `s_event_rule`
--

DROP TABLE IF EXISTS `s_event_rule`;
/*!40101 SET @saved_cs_client     = @@character_set_client */;
/*!40101 SET character_set_client = utf8 */;
CREATE TABLE `s_event_rule` (
  `id` int(11) NOT NULL AUTO_INCREMENT,
  `process` varchar(100) DEFAULT NULL,
  `activity` varchar(100) DEFAULT NULL,
  `event_type` varchar(100) DEFAULT NULL,
  `event_category` varchar(100) DEFAULT NULL,
  `topic` varchar(100) DEFAULT NULL,
  `action` varchar(100) DEFAULT NULL,
  `created_by` varchar(100) DEFAULT NULL,
  `created_dt` date DEFAULT NULL,
  `event_desc` varchar(100) DEFAULT NULL,
  PRIMARY KEY (`id`)
) ENGINE=InnoDB AUTO_INCREMENT=53 DEFAULT CHARSET=latin1;
/*!40101 SET character_set_client = @saved_cs_client */;

--
-- Dumping data for table `s_event_rule`
--

LOCK TABLES `s_event_rule` WRITE;
/*!40000 ALTER TABLE `s_event_rule` DISABLE KEYS */;
INSERT INTO `s_event_rule` VALUES (1,'na','na','CheckInEvent','BuisnessEvent','business-topic','Completed','Tested',NULL,'Check In'),(2,'na','na','CheckOutEvent','BuisnessEvent','business-topic','Completed','Tested',NULL,'Check Out'),(3,'na','na','ManualPaySlipProcessEvent','BuisnessEvent','business-topic','Completed','Tested',NULL,'PaySlip Process'),(4,'na','na','NewUserEvent','BuisnessEvent','business-topic','Completed','Tested',NULL,'New User'),(5,'na','na','EmployeeSalaryCreatedEvent','NotificationEvent','notification-topic','Completed','Tested',NULL,'Employee Salary Created'),(6,'na','na','EmployeeUpdateEvent','NotificationEvent','notification-topic','Completed','Tested',NULL,'Employee Update'),(7,'na','na','EmployeePasswordResetEvent','NotificationEvent','notification-topic','not actively in use\n',NULL,NULL,'Password Reset'),(8,'na','na','Manager1UpdateEvent','NotificationEvent','notification-topic','Completed','Tested',NULL,'N1 Update'),(9,'na','na','EmployeeLeaveApplyingEvent','NotificationEvent','notification-topic','Completed','Tested',NULL,'Leave Apply'),(10,'na','na','JobConfirmationEvent','NotificationEvent','notification-topic','Completed','Tested',NULL,'Job Confirmation'),(11,'na','na','OrderAcknowlegmentProcessorEvent','NotificationEvent','notification-topic','Completed','Tested',NULL,'Order Acknowledgement'),(12,'na','na','VendorPoEmailEvent','NotificationEvent','notification-topic','Completed(AttachmentKeyStructure)\n','Tested',NULL,'Vendor Po'),(13,'na','na','ApplicantAddEvent','NotificationEvent','notification-topic','Completed','Tested',NULL,'Applicant Add'),(14,'na','na','TestCompleteEvent','NotificationEvent','notification-topic','Completed(AttachmentKeyStructure)\n','Tested',NULL,'Test Complete'),(15,'na','na','PassEvent','NotificationEvent','notification-topic','not actively in use\n','Tested',NULL,'Pass'),(16,'na','na','FailEvent','NotificationEvent','notification-topic','Completed(AttachmentKeyStructure)\n','Tested',NULL,'Fail'),(17,'na','na','Hr1UpdateEvent','UnknownEvent','unknown-topic','not actively in use\n',NULL,NULL,'HR-1 Update'),(18,'na','na','Hr2UpdateEvent','UnknownEvent','unknown-topic','not actively in use\n',NULL,NULL,'HR -2 Update'),(19,'na','na','Acc1UpdateEvent','UnknownEvent','unknown-topic','not actively in use\n',NULL,NULL,'ACC-1 Update'),(20,'na','na','Acc2UpdateEvent','UnknownEvent','unknown-topic','not actively in use\n',NULL,NULL,'ACC-2 Update'),(21,'na','na','ProxyCheckInEvent','UnknownEvent','unknown-topic','not actively in use\n',NULL,NULL,'Proxy Check In'),(22,'na','na','ProxyCheckOutEvent','UnknownEvent','unknown-topic','not actively in use\n',NULL,NULL,'Proxy Check Out'),(23,'na','na','LeaveApprovalEvent','UnknownEvent','unknown-topic','not actively in use\n',NULL,NULL,'Leave Approval'),(24,'na','na','SaleOrderCreationEvent','UnknownEvent','unknown-topic','not actively in use\n',NULL,NULL,'Sale Order Creation'),(25,'na','na','UnResolvedAttendanceEvent','UnknownEvent','unknown-topic','not actively in use\n',NULL,NULL,'UnResolved Event'),(26,'na','na','Manager2UpdateEvent','NotificationEvent','notification-topic','Completed','Tested',NULL,'N2 -Update'),(27,'na','na','TarAppliedEvent','NotificationEvent','notification-topic','Completed',NULL,NULL,'Tar Applied'),(28,'na','na','TarN1ApprovedEvent','NotificationEvent','notification-topic','',NULL,NULL,'Tar N1 Approve'),(29,'na','na','TarN1RejectedEvent','NotificationEvent','notification-topic',NULL,'',NULL,'Tar N1 Reject'),(30,'na','na','TarAcc2ApprovedEvent','NotificationEvent','notification-topic',NULL,NULL,NULL,'Tar Acc2 Approve'),(31,'na','na','TarAcc2RejectedEvent','NotificationEvent','notification-topic',NULL,NULL,NULL,'Tar Acc2 Reject'),(32,'na','na','TarCancelledEvent','NotificationEvent','notification-topic',NULL,NULL,NULL,'Tar Cancel'),(33,'na','na','LeaveAppliedEvent','NotificationEvent','notification-topic',NULL,NULL,NULL,'Leave Apply'),(34,'na','na','LeaveN1ApprovedEvent','NotificationEvent','notification-topic',NULL,NULL,NULL,'Leave N1 Approve'),(35,'na','na','LeaveN1RejectedEvent','NotificationEvent','notification-topic',NULL,NULL,NULL,'Leave N1 Reject'),(36,'na','na','LeaveN2ApprovedEvent','NotificationEvent','notification-topic',NULL,NULL,NULL,'Leave N2 Approve'),(37,'na','na','LeaveN2RejectedEvent','NotificationEvent','notification-topic',NULL,NULL,NULL,'Leave N2 Reject'),(38,'na','na','LeaveCancelledEvent','NotificationEvent','notification-topic',NULL,NULL,NULL,'Leave Cancel'),(39,'na','na','LeaveSettledEvent','NotificationEvent','notification-topic',NULL,NULL,NULL,'Leave Settle'),(40,'na','na','LeaveUpdatedEvent','NotificationEvent','notification-topic',NULL,NULL,NULL,'Leave Update'),(41,'na','na','ExpenseAppliedEvent','NotificationEvent','notification-topic',NULL,NULL,NULL,'Expense Apply'),(42,'na','na','ExpenseValidationEvent','NotificationEvent','notification-topic',NULL,NULL,NULL,'Expense Validate'),(43,'na','na','ExpenseValidationRejectedEvent','NotificationEvent','notification-topic',NULL,NULL,NULL,'Expense Validate Reject'),(44,'na','na','ExpenseN1ApprovedEvent','NotificationEvent','notification-topic',NULL,NULL,NULL,'Expense N1 Approve'),(45,'na','na','ExpenseN1RejectedEvent','NotificationEvent','notification-topic',NULL,NULL,NULL,'Expense N1 Reject'),(46,'na','na','ExpenseN2ApprovedEvent','NotificationEvent','notification-topic',NULL,NULL,NULL,'Expense N2 Approve'),(47,'na','na','ExpenseN2RejectedEvent','NotificationEvent','notification-topic',NULL,NULL,NULL,'Expense N2 Reject'),(48,'na','na','ExpenseCancelledEvent','NotificationEvent','notification-topic',NULL,NULL,NULL,'Expense Cancel'),(49,'na','na','ExpenseSettledEvent','NotificationEvent','notification-topic',NULL,NULL,NULL,'Expense Settle'),(50,'na','na','ExpenseSettleRejectedEvent','NotificationEvent','notification-topic',NULL,NULL,NULL,'Expense Settle Reject'),(51,'na','na','AnnouncementEvent','NotificationEvent','notification-topic',NULL,NULL,NULL,'Announcement Event');
/*!40000 ALTER TABLE `s_event_rule` ENABLE KEYS */;
UNLOCK TABLES;

--
-- Table structure for table `s_fiscal_year`
--

DROP TABLE IF EXISTS `s_fiscal_year`;
/*!40101 SET @saved_cs_client     = @@character_set_client */;
/*!40101 SET character_set_client = utf8 */;
CREATE TABLE `s_fiscal_year` (
  `id` int(11) NOT NULL AUTO_INCREMENT,
  `fiscal_code` varchar(100) DEFAULT NULL,
  `from_dt` date DEFAULT NULL,
  `to_dt` date DEFAULT NULL,
  `is_enabled` varchar(1) DEFAULT NULL,
  `created_by` varchar(100) DEFAULT NULL,
  `modified_by` varchar(100) DEFAULT NULL,
  `created_dt` datetime DEFAULT NULL,
  `modified_dt` datetime DEFAULT NULL,
  `fy_prefix` varchar(100) DEFAULT NULL,
  PRIMARY KEY (`id`)
) ENGINE=InnoDB AUTO_INCREMENT=5 DEFAULT CHARSET=latin1;
/*!40101 SET character_set_client = @saved_cs_client */;

--
-- Dumping data for table `s_fiscal_year`
--

LOCK TABLES `s_fiscal_year` WRITE;
/*!40000 ALTER TABLE `s_fiscal_year` DISABLE KEYS */;
INSERT INTO `s_fiscal_year` VALUES (1,'FY2018-2019','2020-11-05','2019-03-31','Y','admin',NULL,NULL,'2018-06-12 23:57:41','19'),(2,'FY2017-2018','2017-04-01','2018-03-31','Y',NULL,NULL,'2018-05-29 23:43:33','2018-05-29 23:43:33','18'),(3,'FY2016-2017','2016-04-01','2017-03-31','Y',NULL,NULL,'2018-05-29 23:55:32','2018-05-30 00:07:37','17'),(4,'FY2018-2018','2018-07-12','2018-07-04',NULL,NULL,NULL,'2018-07-01 15:56:09','2018-07-01 15:56:09','18');
/*!40000 ALTER TABLE `s_fiscal_year` ENABLE KEYS */;
UNLOCK TABLES;

--
-- Table structure for table `s_grade`
--

DROP TABLE IF EXISTS `s_grade`;
/*!40101 SET @saved_cs_client     = @@character_set_client */;
/*!40101 SET character_set_client = utf8 */;
CREATE TABLE `s_grade` (
  `id` int(11) NOT NULL AUTO_INCREMENT,
  `grade_code` varchar(100) DEFAULT NULL,
  `grade_name` varchar(100) DEFAULT NULL,
  `location_id` int(11) DEFAULT NULL,
  `is_enabled` varchar(1) DEFAULT NULL,
  `created_by` varchar(100) DEFAULT NULL,
  `modified_by` varchar(100) DEFAULT NULL,
  `created_dt` datetime DEFAULT NULL,
  `modified_dt` datetime DEFAULT NULL,
  `grade_order` varchar(100) DEFAULT NULL,
  PRIMARY KEY (`id`)
) ENGINE=InnoDB AUTO_INCREMENT=17 DEFAULT CHARSET=latin1;
/*!40101 SET character_set_client = @saved_cs_client */;

--
-- Dumping data for table `s_grade`
--

LOCK TABLES `s_grade` WRITE;
/*!40000 ALTER TABLE `s_grade` DISABLE KEYS */;
INSERT INTO `s_grade` VALUES (1,'0A','OA',1,'Y','Master','User','2018-04-26 16:42:33','2018-06-09 06:56:50','12'),(2,'0B','0B',2,'Y','Master','User','2018-04-26 16:42:33','2018-04-26 16:42:33','13'),(3,'3B','3B',3,'Y','Master','User','2018-04-26 16:42:33','2018-04-26 16:42:33','14'),(4,'0D','0D',4,'Y','Master','User','2018-04-26 16:42:33','2018-04-26 16:42:33','15'),(5,'4B','4B',5,'Y','Master','User','2018-04-26 16:42:33','2018-04-26 16:42:33','16'),(6,'4A','4A',6,'Y','Master','User','2018-04-26 16:42:33','2018-04-26 16:42:33','17'),(7,'5B','5B',6,'Y','Master','User','2018-04-26 16:42:33','2018-04-26 16:42:33','18'),(8,'8','8',6,'Y','Master','User','2018-04-26 16:42:33','2018-04-26 16:42:33','19'),(9,'3A','3A',6,'Y','Master','User','2018-04-26 16:42:33','2018-04-26 16:42:33','20'),(10,'3B','3B',6,'Y','Master','User','2018-04-26 16:42:33','2018-04-26 16:42:33','21');
/*!40000 ALTER TABLE `s_grade` ENABLE KEYS */;
UNLOCK TABLES;

--
-- Table structure for table `s_grade_leave`
--

DROP TABLE IF EXISTS `s_grade_leave`;
/*!40101 SET @saved_cs_client     = @@character_set_client */;
/*!40101 SET character_set_client = utf8 */;
CREATE TABLE `s_grade_leave` (
  `id` int(11) NOT NULL AUTO_INCREMENT,
  `grade_id` varchar(100) DEFAULT NULL,
  `leave_type_id` varchar(100) DEFAULT NULL,
  `fiscal_year_id` varchar(100) DEFAULT NULL,
  `opening_leave_balance` varchar(100) DEFAULT NULL,
  `is_enabled` varchar(1) DEFAULT NULL,
  `created_by` varchar(100) DEFAULT NULL,
  `modified_by` varchar(100) DEFAULT NULL,
  `created_dt` datetime DEFAULT NULL,
  `modified_dt` datetime DEFAULT NULL,
  PRIMARY KEY (`id`)
) ENGINE=InnoDB DEFAULT CHARSET=latin1;
/*!40101 SET character_set_client = @saved_cs_client */;

--
-- Dumping data for table `s_grade_leave`
--

LOCK TABLES `s_grade_leave` WRITE;
/*!40000 ALTER TABLE `s_grade_leave` DISABLE KEYS */;
/*!40000 ALTER TABLE `s_grade_leave` ENABLE KEYS */;
UNLOCK TABLES;

--
-- Table structure for table `s_holiday`
--

DROP TABLE IF EXISTS `s_holiday`;
/*!40101 SET @saved_cs_client     = @@character_set_client */;
/*!40101 SET character_set_client = utf8 */;
CREATE TABLE `s_holiday` (
  `id` int(11) NOT NULL AUTO_INCREMENT,
  `holiday_name` varchar(100) DEFAULT NULL,
  `holiday_dt` date DEFAULT NULL,
  `first_session` varchar(1) DEFAULT NULL,
  `restricted_holiday` varchar(100) DEFAULT NULL,
  `location_id` int(11) DEFAULT NULL,
  `is_enabled` varchar(1) DEFAULT NULL,
  `created_by` varchar(100) DEFAULT NULL,
  `modified_by` varchar(100) DEFAULT NULL,
  `created_dt` datetime DEFAULT NULL,
  `modified_dt` datetime DEFAULT NULL,
  `second_session` varchar(1) DEFAULT NULL,
  `is_adhoc` varchar(100) DEFAULT NULL,
  PRIMARY KEY (`id`)
) ENGINE=InnoDB AUTO_INCREMENT=39 DEFAULT CHARSET=latin1;
/*!40101 SET character_set_client = @saved_cs_client */;

--
-- Dumping data for table `s_holiday`
--

LOCK TABLES `s_holiday` WRITE;
/*!40000 ALTER TABLE `s_holiday` DISABLE KEYS */;
INSERT INTO `s_holiday` VALUES (17,'UZHAVAR THIRUNAL','2019-01-16','Y','N',10,'Y','Master','User','2018-04-26 16:42:33','2018-06-01 16:49:24','Y','Y'),(18,'REPUBLIC DAY','2019-01-26','Y','N',11,'Y','Master','User','2018-04-26 16:42:33','2018-06-01 11:32:06','Y','Y'),(19,'TELUGU NEW YEAR DAY','2019-03-18','Y','N',1,'Y','Master','User','2018-04-26 16:42:33','2018-04-26 16:42:33','Y','Y'),(20,'MAHAVEER JAYANTHI','2019-04-17','Y','Y',1,'Y','Master','User','2018-04-26 16:42:33','2018-04-26 16:42:33','Y','Y'),(21,'GOOD FRIDAY','2019-04-19','Y','N',1,'Y','Master','User','2018-04-26 16:42:33','2018-04-26 16:42:33','Y','Y'),(22,'ANNUAL CLOSING OF ACCOUNTS FOR COMMERCIAL BANKS AND CO-OPERATIVE BANK','2019-04-01','Y','Y',1,'Y','Master','User','2018-04-26 16:42:33','2018-06-01 16:48:34','Y','Y'),(23,'TAMIL NEW YEAR AND DR.B.R.AMBEDHKAR BIRTHDAY','2019-04-14','Y','N',1,'Y','Master','User','2018-04-26 16:42:33','2018-04-26 16:42:33','Y','Y'),(24,'MAY DAY','2019-05-01','Y','N',1,'Y','Master','User','2018-04-26 16:42:33','2018-04-26 16:42:33','Y','Y'),(25,'RAMZAN(IDU\'L FILTR)','2019-06-04','Y','N',1,'Y','Master','User','2018-04-26 16:42:33','2018-04-26 16:42:33','Y','Y'),(26,'INDEPENDENCE DAY','2019-08-15','Y','N',1,'Y','Master','User','2018-04-26 16:42:33','2018-04-26 16:42:33','Y','Y'),(27,'BAKRID','2019-08-11','Y','N',1,'Y','Master','User','2018-04-26 16:42:33','2018-04-26 16:42:33','Y','Y'),(28,'KRISHNA JAYANTHI','2019-08-24','Y','N',1,'Y','Master','User','2018-04-26 16:42:33','2018-04-26 16:42:33','Y','Y'),(29,'VINAYAGAR CHATHURTHI','2019-09-02','Y','Y',1,'Y','Master','User','2018-04-26 16:42:33','2018-04-26 16:42:33','Y','Y'),(30,'MUHARRAM','2019-09-10','Y','Y',1,'Y','Master','User','2018-04-26 16:42:33','2018-04-26 16:42:33','Y','Y'),(31,'GANDHI JAYANTHI','2019-10-02','Y','N',1,'Y','Master','User','2018-04-26 16:42:33','2018-04-26 16:42:33','Y','Y'),(32,'AYUDHA POOJA','2019-10-07','Y','Y',1,'Y','Master','User','2018-04-26 16:42:33','2018-04-26 16:42:33','Y','Y'),(33,'VIJAYA DASAMI','2019-10-08','Y','Y',1,'Y','Master','User','2018-04-26 16:42:33','2019-05-04 10:46:21','Y','Y'),(34,'DEEPAVALI','2019-10-27','Y','N',1,'Y','Master','User','2018-04-26 16:42:33','2018-04-26 16:42:33','Y','Y'),(35,'MILAD-UN NABI','2019-11-10','Y','Y',1,'Y','Master','User','2018-04-26 16:42:33','2018-04-26 16:42:33','Y','Y'),(36,'CHRISTMAS','2019-12-25','Y','N',1,'Y','Master','User','2018-04-26 16:42:33','2018-04-26 16:42:33','Y','Y'),(38,'krishna Jayanthi','2019-08-23','Y','N',1,'Y',NULL,NULL,'2019-08-20 17:28:13','2019-08-20 17:28:13','Y','Y');
/*!40000 ALTER TABLE `s_holiday` ENABLE KEYS */;
UNLOCK TABLES;

--
-- Table structure for table `s_it_config`
--

DROP TABLE IF EXISTS `s_it_config`;
/*!40101 SET @saved_cs_client     = @@character_set_client */;
/*!40101 SET character_set_client = utf8 */;
CREATE TABLE `s_it_config` (
  `id` int(11) NOT NULL AUTO_INCREMENT,
  `age_code` varchar(100) DEFAULT NULL,
  `from_amt` bigint(20) DEFAULT NULL,
  `to_amt` bigint(20) DEFAULT NULL,
  `tax_percent` float DEFAULT NULL,
  `edu_cess_percent` float DEFAULT NULL,
  `spl_edu_cess_percent` float DEFAULT NULL,
  `is_enabled` varchar(1) DEFAULT NULL,
  `created_by` varchar(100) DEFAULT NULL,
  `modified_by` varchar(100) DEFAULT NULL,
  `created_dt` datetime DEFAULT NULL,
  `modified_dt` datetime DEFAULT NULL,
  `fiscal_year_id` varchar(100) DEFAULT NULL,
  PRIMARY KEY (`id`)
) ENGINE=InnoDB AUTO_INCREMENT=9 DEFAULT CHARSET=latin1;
/*!40101 SET character_set_client = @saved_cs_client */;

--
-- Dumping data for table `s_it_config`
--

LOCK TABLES `s_it_config` WRITE;
/*!40000 ALTER TABLE `s_it_config` DISABLE KEYS */;
INSERT INTO `s_it_config` VALUES (1,'LESS-THAN-60',0,250000,20,0,1,'Y','USER','USER',NULL,'2018-06-01 01:23:08','1'),(2,'LESS-THAN-60',250001,500000,5,2,1,'Y','USER','USER',NULL,'2018-05-25 18:01:55','1'),(3,'LESS-THAN-60',500001,1000000,20,2,1,'Y','USER','USER',NULL,NULL,'1'),(4,'LESS-THAN-60',1000001,1000001,30,3,2,'Y','USER','USER',NULL,'2018-05-23 10:46:06','1'),(5,'GREATER-THAN-60',0,300000,1,0,1,'Y','USER','USER',NULL,'2018-05-31 22:32:11','1'),(6,'GREATER-THAN-60',300000,500000,5,2,1,'Y','USER','USER',NULL,NULL,'1'),(7,'GREATER-THAN-60',500001,1000000,20,2,1,'Y','USER','USER',NULL,NULL,'1'),(8,'GREATER-THAN-60',1000001,10000001,30,3,2,'Y','USER','USER',NULL,'2018-05-23 10:46:06','1');
/*!40000 ALTER TABLE `s_it_config` ENABLE KEYS */;
UNLOCK TABLES;

--
-- Table structure for table `s_leave_type`
--

DROP TABLE IF EXISTS `s_leave_type`;
/*!40101 SET @saved_cs_client     = @@character_set_client */;
/*!40101 SET character_set_client = utf8 */;
CREATE TABLE `s_leave_type` (
  `id` int(11) NOT NULL AUTO_INCREMENT,
  `leave_type_code` varchar(100) DEFAULT NULL,
  `leave_type_name` varchar(100) DEFAULT NULL,
  `remarks` varchar(511) DEFAULT NULL,
  `is_enabled` varchar(1) DEFAULT NULL,
  `created_by` varchar(100) DEFAULT NULL,
  `modified_by` varchar(100) DEFAULT NULL,
  `created_dt` datetime DEFAULT NULL,
  `modified_dt` datetime DEFAULT NULL,
  `min_duration` varchar(100) DEFAULT NULL,
  `max_duration` varchar(100) DEFAULT NULL,
  `approval_driven` varchar(100) DEFAULT NULL,
  `yearly_balance` varchar(100) DEFAULT NULL,
  `accumulation` varchar(100) DEFAULT NULL,
  PRIMARY KEY (`id`)
) ENGINE=InnoDB AUTO_INCREMENT=85 DEFAULT CHARSET=latin1;
/*!40101 SET character_set_client = @saved_cs_client */;

--
-- Dumping data for table `s_leave_type`
--

LOCK TABLES `s_leave_type` WRITE;
/*!40000 ALTER TABLE `s_leave_type` DISABLE KEYS */;
INSERT INTO `s_leave_type` VALUES (1,'CL',' Leave','na','Y','User','User','2019-08-16 17:00:48','2019-09-03 17:09:09','1','2','N','6',NULL),(2,'SL ','Sick Leave','Medical Certificate needed if leave duration > 2days.','Y','User','User','2019-08-16 17:00:48','2019-08-30 17:04:57','1','2','Y','6',NULL),(3,'PL ','Privilege Leave','Leave balance increase by one as an employee completes one month of employment.','N','User','User','2019-08-16 17:00:48','2019-08-16 17:00:48','3','0','N','0','5 days can be carried over with max of 20days accumulation'),(4,'WAL','Wedding/Adoption Leave','na','Y','User','User','2019-08-16 17:00:48','2019-09-03 12:35:02','5','4','Y','0',NULL),(6,'PML ','Paternety/Maternity Leave','Applicable only to women emp 3 Months leave subject to doctors advice with 50% of pay (OR) 1.5 months with 100% of pay (OR) 1.5 Months with 100% pay + 50% of annual PL entitlement and total extension should not exceed 3 Months. ','Y','User','User','2019-08-16 17:00:48','2019-09-03 13:21:25','4','2','Y','0',NULL),(7,'PTL','Paternity Leave','na','Y','User','User','2019-08-16 17:00:48','2019-09-06 12:16:53','2','3','Y','0',NULL);
/*!40000 ALTER TABLE `s_leave_type` ENABLE KEYS */;
UNLOCK TABLES;

--
-- Table structure for table `s_location`
--

DROP TABLE IF EXISTS `s_location`;
/*!40101 SET @saved_cs_client     = @@character_set_client */;
/*!40101 SET character_set_client = utf8 */;
CREATE TABLE `s_location` (
  `id` int(11) NOT NULL AUTO_INCREMENT,
  `location_code` varchar(100) DEFAULT NULL,
  `location_name` varchar(100) DEFAULT NULL,
  `country_code` varchar(100) DEFAULT NULL,
  `address` varchar(100) DEFAULT NULL,
  `time_zone` varchar(100) DEFAULT NULL,
  `is_enabled` varchar(100) DEFAULT NULL,
  `created_by` varchar(100) DEFAULT NULL,
  `modified_by` varchar(100) DEFAULT NULL,
  `created_dt` datetime DEFAULT NULL,
  `modified_dt` datetime DEFAULT NULL,
  `lats` varchar(100) DEFAULT NULL,
  `longs` varchar(100) DEFAULT NULL,
  PRIMARY KEY (`id`)
) ENGINE=InnoDB AUTO_INCREMENT=5 DEFAULT CHARSET=latin1;
/*!40101 SET character_set_client = @saved_cs_client */;

--
-- Dumping data for table `s_location`
--

LOCK TABLES `s_location` WRITE;
/*!40000 ALTER TABLE `s_location` DISABLE KEYS */;
INSERT INTO `s_location` VALUES (1,'CHN','Chennai','IN','Urapakkam,Chennai','IST','Y','User','User','2018-04-26 16:42:33','2018-04-26 16:42:33',NULL,NULL),(2,'TN','Chennai','IN','Medavakkam,Chennai','IST','Y','Master','User','2018-04-26 16:42:33','2018-04-26 16:42:33',NULL,NULL),(3,'CHN','Sidsync Technologies Pvt Ltd','IN','Royapettah,Chennai ','IST','Y',NULL,NULL,NULL,NULL,'13.0589','80.2650'),(4,'CNN','Tangedco','IN','Chennai','IST','Y',NULL,NULL,NULL,NULL,'13.0869',' 80.1981');
/*!40000 ALTER TABLE `s_location` ENABLE KEYS */;
UNLOCK TABLES;

--
-- Table structure for table `s_manual_upload_map`
--

DROP TABLE IF EXISTS `s_manual_upload_map`;
/*!40101 SET @saved_cs_client     = @@character_set_client */;
/*!40101 SET character_set_client = utf8 */;
CREATE TABLE `s_manual_upload_map` (
  `id` int(11) NOT NULL AUTO_INCREMENT,
  `map_type` varchar(100) DEFAULT NULL,
  `payout_type_id` varchar(100) DEFAULT NULL,
  `csv_label` varchar(100) DEFAULT NULL,
  `csv_value` varchar(100) DEFAULT NULL,
  `payout_column_name` varchar(100) DEFAULT NULL,
  `grouping` varchar(100) DEFAULT NULL,
  `csv_period_value` varchar(100) DEFAULT NULL,
  `csv_arrear_value` varchar(100) DEFAULT NULL,
  `csv_ytd_value` varchar(100) DEFAULT NULL,
  `leave_value_opening` varchar(100) DEFAULT NULL,
  `leave_value_accured` varchar(100) DEFAULT NULL,
  `leave_value_availed` varchar(100) DEFAULT NULL,
  `leave_value_balance` varchar(100) DEFAULT NULL,
  PRIMARY KEY (`id`)
) ENGINE=InnoDB AUTO_INCREMENT=32 DEFAULT CHARSET=latin1;
/*!40101 SET character_set_client = @saved_cs_client */;

--
-- Dumping data for table `s_manual_upload_map`
--

LOCK TABLES `s_manual_upload_map` WRITE;
/*!40000 ALTER TABLE `s_manual_upload_map` DISABLE KEYS */;
INSERT INTO `s_manual_upload_map` VALUES (1,'ALLOWANCE','1','a11Name','a11ValueEarningPeriod','-','a1','a11ValueCurrentPeriod','a11ValueArrears','a11ValueYtdEarnings','-','-','-','-'),(2,'ALLOWANCE','2','a12Name','a12ValueEarningPeriod','-','a1','a12ValueCurrentPeriod','a12ValueArrears','a12ValueYtdEarnings','-','-','-','-'),(3,'ALLOWANCE','5','a13Name','a13ValueEarningPeriod','-','a1','a13ValueCurrentPeriod','a13ValueArrears','a13ValueYtdEarnings','-','-','-','-'),(4,'ALLOWANCE','4','a14Name','a14ValueEarningPeriod','-','a1','a14ValueCurrentPeriod','a14ValueArrears','a14ValueYtdEarnings','-','-','-','-'),(5,'ALLOWANCE','13','a15Name','a15ValueEarningPeriod','-','a1','a15ValueCurrentPeriod','a15ValueArrears','a15ValueYtdEarnings','-','-','-','-'),(6,'ALLOWANCE','15','a16Name','a16ValueEarningPeriod','-','a1','a16ValueCurrentPeriod','a16ValueArrears','a16ValueYtdEarnings','-','-','-','-'),(7,'ALLOWANCE','6','a17Name','a17ValueEarningPeriod','-','a1','a17ValueCurrentPeriod','a17ValueArrears','a17ValueYtdEarnings','-','-','-','-'),(8,'ALLOWANCE','40','a18Name','a18ValueEarningPeriod','-','a1','a18ValueCurrentPeriod','a18ValueArrears','a18ValueYtdEarnings','-','-','-','-'),(9,'ALLOWANCE','41','a19Name','a19ValueEarningPeriod','-','a1','a19ValueCurrentPeriod','a19ValueArrears','a19ValueYtdEarnings','-','-','-','-'),(10,'ALLOWANCE','16','a21Name','a21ValueEarningPeriod','-','a2','a21ValueCurrentPeriod','a21ValueArrears','a21ValueYtdEarnings','-','-','-','-'),(11,'ALLOWANCE','20','a22Name','a22ValueEarningPeriod','-','a2','a22ValueCurrentPeriod','a22ValueArrears','a22ValueYtdEarnings','-','-','-','-'),(12,'ALLOWANCE','37','a23Name','a23ValueEarningPeriod','-','a2','a23ValueCurrentPeriod','a23ValueArrears','a23ValueYtdEarnings','-','-','-','-'),(13,'ALLOWANCE','30','a24Name','a24ValueEarningPeriod','-','a2','a24ValueCurrentPeriod','a24ValueArrears','a24ValueYtdEarnings','-','-','-','-'),(14,'ALLOWANCE','38','a25Name','a25ValueEarningPeriod','-','a2','a25ValueCurrentPeriod','a25ValueArrears','a25ValueYtdEarnings','-','-','-','-'),(15,'ALLOWANCE','42','a26Name','a26ValueEarningPeriod','-','a2','a26ValueCurrentPeriod','a26ValueArrears','a26ValueYtdEarnings','-','-','-','-'),(16,'ALLOWANCE','43','a27Name','a27ValueEarningPeriod','-','a2','a27ValueCurrentPeriod','a27ValueArrears','a27ValueYtdEarnings','-','-','-','-'),(17,'ALLOWANCE','18','b11Name','b11ValueEarningPeriod','-','b','b11ValueCurrentPeriod','b11ValueArrears','b11ValueYtdEarnings','-','-','-','-'),(18,'ALLOWANCE','39','b12Name','b12ValueEarningPeriod','-','b','b12ValueCurrentPeriod','b12ValueArrears','b12ValueYtdEarnings','-','-','-','-'),(19,'ALLOWANCE','44','b13Name','b13ValueEarningPeriod','-','b','b13ValueCurrentPeriod','b13ValueArrears','b13ValueYtdEarnings','-','-','-','-'),(20,'ALLOWANCE','45','b14Name','b14ValueEarningPeriod','-','b','b14ValueCurrentPeriod','b14ValueArrears','b14ValueYtdEarnings','-','-','-','-'),(21,'DEDUCTION','7','d11Name','d11ValueCurrentPeriod','-','d','d11ValueCurrentPeriod','-','d11ValueYtdDeductions','-','-','-','-'),(22,'DEDUCTION','9','d12Name','d12ValueCurrentPeriod','-','d','d12ValueCurrentPeriod','-','d12ValueYtdDeductions','-','-','-','-'),(23,'DEDUCTION','31','d13Name','d13ValueCurrentPeriod','-','d','d13ValueCurrentPeriod','-','		d13ValueYtdDeductions','-','-','-','-'),(24,'DEDUCTION','31','d14Name','d14ValueCurrentPeriod','-','d','d14ValueCurrentPeriod','-','d14ValueYtdDeductions','-','-','-','-'),(25,'DEDUCTION','8','d15Name','d15ValueCurrentPeriod','-','d','d15ValueCurrentPeriod','-','d15ValueYtdDeductions',NULL,'-','-','-'),(26,'DEDUCTION','32','d16Name','d16ValueCurrentPeriod','-','d','d16ValueCurrentPeriod','-','d16ValueYtdDeductions',NULL,'-','-','-'),(27,'DEDUCTION','46','d17Name','d17ValueCurrentPeriod','-','d','d17ValueCurrentPeriod','-','d17ValueYtdDeductions',NULL,'-','-','-'),(28,'LEAVE','33','leave1Name','-',NULL,'-','-','-','-','leave1ValueOpening','leave1ValueAccured','leave1ValueAvailed','leave1ValueBalance'),(29,'LEAVE','34','leave2Name','-',NULL,'-','-','-','-','leave2ValueOpening','leave2ValueAccured','leave2ValueAvailed','leave2ValueBalance'),(30,'LEAVE','35','leave3Name','-',NULL,'-','-','-','-','leave3ValueOpening','leave3ValueAccured','leave3ValueAvailed','leave3ValueBalance'),(31,'LEAVE','36','leave4Name','-',NULL,'-','-','-','-','leave4ValueOpening','leave4ValueAccured','leave4ValueAvailed','leave4ValueBalance');
/*!40000 ALTER TABLE `s_manual_upload_map` ENABLE KEYS */;
UNLOCK TABLES;

--
-- Table structure for table `s_pay_period`
--

DROP TABLE IF EXISTS `s_pay_period`;
/*!40101 SET @saved_cs_client     = @@character_set_client */;
/*!40101 SET character_set_client = utf8 */;
CREATE TABLE `s_pay_period` (
  `id` int(11) NOT NULL AUTO_INCREMENT,
  `location_id` int(11) DEFAULT NULL,
  `is_enabled` varchar(1) DEFAULT NULL,
  `created_by` varchar(100) DEFAULT NULL,
  `modified_by` varchar(100) DEFAULT NULL,
  `created_dt` datetime DEFAULT NULL,
  `modified_dt` datetime DEFAULT NULL,
  `holiday_count` varchar(100) DEFAULT NULL,
  `remarks` varchar(100) DEFAULT NULL,
  `pay_type_code` varchar(100) DEFAULT NULL,
  `pp_code` varchar(100) DEFAULT NULL,
  `from_dt` date DEFAULT NULL,
  `to_dt` date DEFAULT NULL,
  `pay_dt` date DEFAULT NULL,
  `pay_order` int(11) DEFAULT NULL,
  PRIMARY KEY (`id`)
) ENGINE=InnoDB AUTO_INCREMENT=18 DEFAULT CHARSET=latin1;
/*!40101 SET character_set_client = @saved_cs_client */;

--
-- Dumping data for table `s_pay_period`
--

LOCK TABLES `s_pay_period` WRITE;
/*!40000 ALTER TABLE `s_pay_period` DISABLE KEYS */;
INSERT INTO `s_pay_period` VALUES (8,1,'Y','Master','User','2018-04-26 16:42:33','2018-04-26 16:42:33','No','Test','PAYROLL','A1','2018-03-16','2018-04-15','2018-05-30',14568),(9,2,'Y','Master','User','2018-04-26 16:42:33','2018-04-26 16:42:33','No','Test','SITE_ALLOW','A2','2018-04-16','2018-05-15','2018-06-30',14569),(10,3,'Y','Master','User','2018-04-26 16:42:33','2018-04-26 16:42:33','No','Test','REIMBURSEMENT','A3','2018-05-16','2018-06-15','2018-07-30',14569),(11,4,'Y','Master','User','2018-04-26 16:42:33','2018-04-26 16:42:33','No','Test','PAYROLL','A4','2018-06-16','2018-07-15','2018-08-30',1500),(12,5,'Y','Master','User','2018-04-26 16:42:33','2018-04-26 16:42:33','No','Test','SITE_ALLOW','A5','2018-07-16','2018-08-15','2018-09-30',16528),(13,6,'Y','Master','User','2018-04-26 16:42:33','2018-04-26 16:42:33','No','Test','REIMBURSEMENT','A6','2018-08-16','2018-09-15','2018-10-30',15475),(14,7,'Y','Master','User','2018-04-26 16:42:33','2018-04-26 16:42:33','No','Test','PAYROLL','A7','2018-09-16','2018-10-15','2018-11-30',458585),(15,8,'Y','Master','User','2018-04-26 16:42:33','2018-04-26 16:42:33','No','Test','SITE_ALLOW','A8','2018-10-16','2018-11-15','2018-12-30',58585),(16,9,'Y','Master','User','2018-04-26 16:42:33','2018-04-26 16:42:33','No','Test','REIMBURSEMENT','A9','2018-11-16','2018-12-15','2019-01-30',85857),(17,10,'Y','Master','User','2018-04-26 16:42:33','2018-04-26 16:42:33','No','Test','PAYROLL','A10','2018-12-16','2019-01-15','2019-03-02',NULL);
/*!40000 ALTER TABLE `s_pay_period` ENABLE KEYS */;
UNLOCK TABLES;

--
-- Table structure for table `s_payout_type`
--

DROP TABLE IF EXISTS `s_payout_type`;
/*!40101 SET @saved_cs_client     = @@character_set_client */;
/*!40101 SET character_set_client = utf8 */;
CREATE TABLE `s_payout_type` (
  `id` int(11) NOT NULL AUTO_INCREMENT,
  `pay_type_code` varchar(100) DEFAULT NULL,
  `pay_type_name` varchar(100) DEFAULT NULL,
  `pay_type_desc` varchar(1000) DEFAULT NULL,
  `is_allowance` varchar(1) DEFAULT NULL,
  `is_enabled` varchar(1) DEFAULT NULL,
  `created_by` varchar(100) DEFAULT NULL,
  `created_dt` datetime DEFAULT NULL,
  `modified_dt` datetime DEFAULT NULL,
  `modified_by` varchar(100) DEFAULT NULL,
  PRIMARY KEY (`id`)
) ENGINE=InnoDB AUTO_INCREMENT=47 DEFAULT CHARSET=latin1;
/*!40101 SET character_set_client = @saved_cs_client */;

--
-- Dumping data for table `s_payout_type`
--

LOCK TABLES `s_payout_type` WRITE;
/*!40000 ALTER TABLE `s_payout_type` DISABLE KEYS */;
INSERT INTO `s_payout_type` VALUES (1,'BAS','Basic Allowance','','Y','Y','USER',NULL,NULL,'USER'),(2,'HRA','House Rent Allowance','Proof is must for IT Benefits','Y','Y','USER',NULL,NULL,'USER'),(3,'TRA','Transport Allowance','Proof is must for IT Benefits','Y','Y','USER',NULL,NULL,'USER'),(4,'MEA','Medical Allowance','','Y','Y','USER',NULL,NULL,'USER'),(5,'CON','Conveyance Allowance','','Y','Y','USER',NULL,NULL,'USER'),(6,'SPA','Special Allowance','','Y','Y','USER',NULL,NULL,'USER'),(7,'EPF','Employee Provident Fund','','Y','Y','USER',NULL,NULL,'USER'),(8,'TDS','Tax Deduction on Source','','Y','Y','USER',NULL,NULL,'USER'),(9,'ESI','Employee State Insurance','','Y','Y','USER',NULL,NULL,'USER'),(10,'DEA','Deduction In Advance','','Y','Y','USER',NULL,NULL,'USER'),(11,'SPD','Special Deduction','','Y','Y','USER',NULL,NULL,'USER'),(13,'COM','Communication Allowance','','Y','Y','USER',NULL,NULL,'USER'),(15,'LTA','LeaveTour Allowance','IT Benefits allowed as per IT Rules','Y','Y',NULL,NULL,NULL,NULL),(16,'LEW','Leave Wage','Benefit is only against No leave taken during the Attendance Period except the declared Holidays','Y','Y','USER',NULL,NULL,'USER'),(17,'SSR','Skill Search Reward','','Y','Y','USER',NULL,NULL,'USER'),(18,'SIA','Site Allowance','Benefit value based on the Designation Structure. Benefit payable is only against billing for the visit','Y','Y','USER',NULL,NULL,'USER'),(19,'TUI','Turbo Incentive','Based on the Key performances fixed (Key contriutor of Business)','Y','Y','USER',NULL,NULL,'USER'),(20,'PEB','Performance Bonus','Based on the Annual Performance Evaluation (Variable Performance Plan - VPP)','Y','Y','USER',NULL,NULL,'USER'),(21,'ESI','Employee State Insurance','Not Applicable if the Monthly Gross Salary (A1+A2+B) is more than 21,000/-','Y','Y','USER',NULL,NULL,'USER'),(22,'GRA','Gratuity','','Y','Y','USER',NULL,NULL,'USER'),(23,'SFC','SubTotalFixedCompensation(A1)','','Y','Y','USER',NULL,NULL,'USER'),(24,'TAF','SubTotalAdditionalFixedPay(A2)','','Y','Y','USER',NULL,NULL,'USER'),(25,'TFC','TotalFixedCompensation(A1 + A2)','','Y','Y','USER',NULL,NULL,'USER'),(26,'TVP','SubTotalvariablePay(B)','','Y','Y','USER',NULL,NULL,'USER'),(27,'GRS','GrossSalary','','Y','Y','USER',NULL,NULL,'USER'),(28,'TLD','TotalDeduction','','Y','Y','USER',NULL,NULL,'USER'),(29,'NTS','NetSalary','','Y','Y','USER',NULL,NULL,'USER'),(30,'IEP','IncentivePay','','Y','Y','USER',NULL,NULL,'USER'),(31,'EPE','AddiEPFByEmployee','','Y','Y','USER',NULL,NULL,'USER'),(32,'ATD','AdditionalDeduction1','','Y','Y','USER',NULL,NULL,'USER'),(33,'CLL','Casual Leave','','Y','Y','USER',NULL,NULL,'USER'),(34,'SLL','Special Leave','','Y','Y','USER',NULL,NULL,'USER'),(35,'PLL','Personal Leave','','Y','Y','USER',NULL,NULL,'USER'),(36,'RDH','Restricted Holidays','','Y','Y','USER',NULL,NULL,'USER'),(37,'SLB','Special Bonus','','Y','Y','USER',NULL,NULL,'USER'),(38,'SIP','Special Incentive Pay','','Y','Y','USER',NULL,NULL,'USER'),(39,'PEI','Performance Incentive','Benefit value based on the Designation Structure. Benefit payable is only against billing for the visit','Y','Y','USER',NULL,NULL,'USER'),(40,'FXDCMP1','FixedCompensation1',NULL,'Y','Y','USER',NULL,NULL,'USER'),(41,'FXDCMP2','FixedCompensation2',NULL,'Y','Y','USER',NULL,NULL,'USER'),(42,'ADFC1','AdditionalFixedCompensation1',NULL,'Y','Y','USER',NULL,NULL,'USER'),(43,'ADFC2','AdditionalFixedCompensation2',NULL,'Y','Y','USER',NULL,NULL,'USER'),(44,'ADVC1','AdditionalVariableCompensation1',NULL,'Y','Y','USER',NULL,NULL,'USER'),(45,'ADVC2','AdditionalVariableCompensation2',NULL,'Y','Y','USER',NULL,NULL,'USER'),(46,'ADVC2','AdditionalDeduction2',NULL,'N','Y','USER',NULL,NULL,'USER');
/*!40000 ALTER TABLE `s_payout_type` ENABLE KEYS */;
UNLOCK TABLES;

--
-- Table structure for table `s_sequence`
--

DROP TABLE IF EXISTS `s_sequence`;
/*!40101 SET @saved_cs_client     = @@character_set_client */;
/*!40101 SET character_set_client = utf8 */;
CREATE TABLE `s_sequence` (
  `id` int(11) NOT NULL AUTO_INCREMENT,
  `current_value` int(11) DEFAULT NULL,
  `prefix_value` varchar(255) DEFAULT NULL,
  `sequence_code` varchar(255) DEFAULT NULL,
  `sequence_name` varchar(255) DEFAULT NULL,
  `start_value` int(11) DEFAULT NULL,
  PRIMARY KEY (`id`)
) ENGINE=InnoDB AUTO_INCREMENT=23 DEFAULT CHARSET=latin1;
/*!40101 SET character_set_client = @saved_cs_client */;

--
-- Dumping data for table `s_sequence`
--

LOCK TABLES `s_sequence` WRITE;
/*!40000 ALTER TABLE `s_sequence` DISABLE KEYS */;
INSERT INTO `s_sequence` VALUES (1,57,'SO-','SALE-ORDER','Sale Order',1),(2,2,'BU-','BUSINESS-UNIT','Business Unit',1),(3,17,'PO-','PURCHASE-ORDER','Purchase Order',1),(4,65,'JOB-','JOB','Job',1),(5,16,'PROJ-','PROJECT','Project',1),(6,497,'EC-','EXPENSE-CLAIM','EC',1),(7,2,'COST-','COST-CENTER','Cost Center',1),(8,2,'QNO-','CAMPUS-INTERVIEW','Question Bank',1),(9,2,'ACC-','ACADEMIC COURSE','Academic Course',1),(10,2,'ACCOLL-','ACADEMIC COLLEGE','Academic College',1),(11,23,'MANU-','MANUFACTURER','Manufacturer',1),(12,13,'S00','SERVICE','Service',1),(13,11,'P00','PRODUCT','Product',1),(14,6,'PRO-','PROFILE','Profile',1),(15,48,'JT-','JOB-TYPE-MASTER','Job Type Master',1),(16,6,'VS-','VIRTUAL-SALE-ORDER','Virtual Sale Order',1),(17,100259,'','INTERNAL-ID','EMPLOYEE',100000),(18,67,'','MINIO-ID','MINIO',1),(19,100018,'','INTERNAL-CONTRACTOR-ID','CONTRACTOR',100000),(20,501,'TA-','TA-','TAR',1),(21,100208,'LA-','LA-','LA',100099),(22,138,'ACC-','ANNOUNCEMENT-CODE','ACC',1);
/*!40000 ALTER TABLE `s_sequence` ENABLE KEYS */;
UNLOCK TABLES;

--
-- Table structure for table `s_status`
--

DROP TABLE IF EXISTS `s_status`;
/*!40101 SET @saved_cs_client     = @@character_set_client */;
/*!40101 SET character_set_client = utf8 */;
CREATE TABLE `s_status` (
  `id` int(11) NOT NULL AUTO_INCREMENT,
  `status_code` varchar(100) DEFAULT NULL,
  `status_name` varchar(100) DEFAULT NULL,
  `status_desc` varchar(100) DEFAULT NULL,
  `entity_code` varchar(100) DEFAULT NULL,
  `is_enabled` varchar(100) DEFAULT NULL,
  `created_by` varchar(100) DEFAULT NULL,
  `modified_by` varchar(100) DEFAULT NULL,
  `created_dt` datetime DEFAULT NULL,
  `modified_dt` datetime DEFAULT NULL,
  PRIMARY KEY (`id`)
) ENGINE=InnoDB AUTO_INCREMENT=32 DEFAULT CHARSET=latin1;
/*!40101 SET character_set_client = @saved_cs_client */;

--
-- Dumping data for table `s_status`
--

LOCK TABLES `s_status` WRITE;
/*!40000 ALTER TABLE `s_status` DISABLE KEYS */;
INSERT INTO `s_status` VALUES (1,'CREATED','CREATED','CREATED','LEAVE-APPLICATION','Y','24','24',NULL,NULL),(2,'APPLIED','APPLIED','APPLIED','LEAVE-APPLICATION','Y','24','24',NULL,NULL),(3,'CANCELLED','CANCELLED','CANCELLED','LEAVE-APPLICATION','Y','24','24',NULL,NULL),(4,'APPROVED','APPROVED','APPROVED','LEAVE-APPLICATION','Y','24','24',NULL,NULL),(9,'expense_status','CREATED','CREATED','EXPENSE-CLAIM','Y','24','24',NULL,NULL),(10,'expense_status','APPLIED','APPLIED','EXPENSE-CLAIM','Y','24','24',NULL,NULL),(11,'expense_status','CANCELLED','CANCELLED','EXPENSE-CLAIM','Y','24','24',NULL,NULL),(12,'expense_status','PENDING-VALIDATION','PENDING-VALIDATION','EXPENSE-CLAIM','Y','24','24',NULL,NULL),(13,'expense_status','CLAIM-VALID','CLAIM-VALID','EXPENSE-CLAIM','Y','24','24',NULL,NULL),(14,'expense_status','CLAIM-INVALID','CLAIM-INVALID','EXPENSE-CLAIM','Y','24','24',NULL,NULL),(15,'expense_status','PENDING-MANAGER-APPROVAL','PENDING-MANAGER-APPROVAL','EXPENSE-CLAIM','Y','24','24',NULL,NULL),(16,'expense_status','APPROVED','APPROVED','EXPENSE-CLAIM','Y','24','24',NULL,NULL),(17,'expense_status','REJECTED','REJECTED','EXPENSE-CLAIM','Y','24','24',NULL,NULL),(18,'expense_status','PENDING-MANAGER2-APPROVAL','PENDING-MANAGER2-APPROVAL','EXPENSE-CLAIM','Y','24','24',NULL,NULL),(19,'expense_status','MANAGER2-APPROVED','MANAGER2-APPROVED','EXPENSE-CLAIM','Y','24','24',NULL,NULL),(20,'expense_status','MANAGER2-REJECTED','MANAGER2-REJECTED','EXPENSE-CLAIM','Y','24','24',NULL,NULL),(21,'expense_status','PENDING-ACCOUNTS-APPROVAL','PENDING-ACCOUNTS-APPROVAL','EXPENSE-CLAIM','Y','24','24',NULL,NULL),(22,'expense_status','ACCOUNTS-APPROVED','ACCOUNTS-APPROVED','EXPENSE-CLAIM','Y','24','24',NULL,NULL),(23,'expense_status','ACCOUNTS-REJECTED','ACCOUNTS-REJECTED','EXPENSE-CLAIM','Y','24','24',NULL,NULL),(24,'expense_status','PENDING-SETTLE','PENDING-SETTLE','EXPENSE-CLAIM','Y','24','24',NULL,NULL),(25,'expense_status','SETTLED','SETTLED','EXPENSE-CLAIM','Y','24','24',NULL,NULL),(26,'N1-APPROVAL-PENDING','N1-APPROVAL-PENDING','N1-APPROVAL-PENDING','LEAVE-APPLICATION','Y','24','24',NULL,NULL),(27,'N1-APPROVED','N1-APPROVED','N1-APPROVED','LEAVE-APPLICATION','Y','24','24',NULL,NULL),(28,'N1-REJECTED','N1-REJECTED','N1-REJECTED','LEAVE-APPLICATION','Y','24','24',NULL,NULL),(29,'N2-APPROVAL-PENDING','N2-APPROVAL-PENDING','N2-APPROVAL-PENDING','LEAVE-APPLICATION','Y','24','24',NULL,NULL),(30,'N2-APPROVED','N2-APPROVED','N2-APPROVED','LEAVE-APPLICATION','Y','24','24',NULL,NULL),(31,'N2-REJECTED','N2-REJECTED','N2-REJECTED','LEAVE-APPLICATION','Y','24','24',NULL,NULL);
/*!40000 ALTER TABLE `s_status` ENABLE KEYS */;
UNLOCK TABLES;

--
-- Table structure for table `s_user_group`
--

DROP TABLE IF EXISTS `s_user_group`;
/*!40101 SET @saved_cs_client     = @@character_set_client */;
/*!40101 SET character_set_client = utf8 */;
CREATE TABLE `s_user_group` (
  `id` int(11) NOT NULL AUTO_INCREMENT,
  `is_hr_l1` varchar(10) DEFAULT NULL,
  `is_hr_l2` varchar(10) DEFAULT NULL,
  `is_acct_l1` varchar(10) DEFAULT NULL,
  `is_acct_l2` varchar(10) DEFAULT NULL,
  `user_group_name` varchar(100) DEFAULT NULL,
  `description` varchar(200) DEFAULT NULL,
  `is_enabled` varchar(1) DEFAULT NULL,
  `created_by` varchar(45) DEFAULT NULL,
  `modified_by` varchar(45) DEFAULT NULL,
  `created_dt` datetime DEFAULT NULL,
  `modified_dt` datetime DEFAULT NULL,
  `office_id` varchar(100) DEFAULT NULL,
  PRIMARY KEY (`id`)
) ENGINE=InnoDB AUTO_INCREMENT=52 DEFAULT CHARSET=latin1;
/*!40101 SET character_set_client = @saved_cs_client */;

--
-- Dumping data for table `s_user_group`
--

LOCK TABLES `s_user_group` WRITE;
/*!40000 ALTER TABLE `s_user_group` DISABLE KEYS */;
INSERT INTO `s_user_group` VALUES (1,'Y',NULL,NULL,NULL,'Chennai HR Level1 Group','HR Level#1 for Chennai Office',NULL,NULL,'262',NULL,'2019-07-08 13:15:46','6'),(2,NULL,'Y',NULL,NULL,'Chennai HR Level2 Group','HR Level#2 for Chennai Office',NULL,NULL,'262',NULL,'2019-07-08 13:15:46','22'),(3,NULL,NULL,'Y',NULL,'Chennai Accounts Level1 Group','Accounts Level#1 for Chennai Office',NULL,NULL,NULL,NULL,NULL,'7'),(4,NULL,NULL,NULL,'Y','Chennai Accounts Level2 Group','ACCT Level#2 for Chennai Office',NULL,NULL,'262',NULL,'2019-07-08 17:40:43','8'),(49,'Y','N','N','N','Bangulore HR Level1 Group',NULL,NULL,'455',NULL,'2019-09-23 12:20:43','2019-09-23 12:20:43',NULL),(50,'N','Y','N','N','Bangulore HR Level2 Group',NULL,NULL,'455',NULL,'2019-09-23 12:21:05','2019-09-23 12:21:05',NULL);
/*!40000 ALTER TABLE `s_user_group` ENABLE KEYS */;
UNLOCK TABLES;

--
-- Table structure for table `sample_invoice`
--

DROP TABLE IF EXISTS `sample_invoice`;
/*!40101 SET @saved_cs_client     = @@character_set_client */;
/*!40101 SET character_set_client = utf8 */;
CREATE TABLE `sample_invoice` (
  `number` int(11) DEFAULT NULL,
  `name` varchar(100) DEFAULT NULL,
  `amount` float DEFAULT NULL,
  `date` date DEFAULT NULL,
  `id` int(11) NOT NULL AUTO_INCREMENT,
  PRIMARY KEY (`id`)
) ENGINE=InnoDB AUTO_INCREMENT=25 DEFAULT CHARSET=latin1 COMMENT=' ';
/*!40101 SET character_set_client = @saved_cs_client */;

--
-- Dumping data for table `sample_invoice`
--

LOCK TABLES `sample_invoice` WRITE;
/*!40000 ALTER TABLE `sample_invoice` DISABLE KEYS */;
INSERT INTO `sample_invoice` VALUES (999,'mnj',16000,NULL,1),(4554,'bbb',25000,NULL,2),(78,'sdns',3500,NULL,3),(77,'andor',10000,NULL,5),(22,'tty',25000,NULL,6),(784,'da',15000,NULL,7),(88,'aradfa',30000,NULL,8),(44,'yz',14000,NULL,9),(555,'ms',17000,NULL,10),(123,'jrrjer',7500,NULL,11),(123,'zba',20000,NULL,12),(788,'sr',10000,NULL,13),(111,'fff',98000,NULL,14),(NULL,'nknk',5000,NULL,15),(NULL,'nvn',5000,NULL,16),(NULL,'n',5000,NULL,17),(NULL,'aj',5000,NULL,18),(NULL,'j',5000,NULL,19),(NULL,'xx',15000,NULL,20),(NULL,'xxkk',15000,NULL,21),(NULL,'jjnh',15000,NULL,22),(NULL,NULL,0,NULL,23),(NULL,NULL,0,NULL,24);
/*!40000 ALTER TABLE `sample_invoice` ENABLE KEYS */;
UNLOCK TABLES;

--
-- Table structure for table `spl_in`
--

DROP TABLE IF EXISTS `spl_in`;
/*!40101 SET @saved_cs_client     = @@character_set_client */;
/*!40101 SET character_set_client = utf8 */;
CREATE TABLE `spl_in` (
  `id_d` int(11) NOT NULL AUTO_INCREMENT,
  `age` int(11) DEFAULT NULL,
  `place` varchar(100) DEFAULT NULL,
  `amnt` float DEFAULT NULL,
  `idd` varchar(100) DEFAULT NULL,
  PRIMARY KEY (`id_d`)
) ENGINE=InnoDB AUTO_INCREMENT=212 DEFAULT CHARSET=latin1;
/*!40101 SET character_set_client = @saved_cs_client */;

--
-- Dumping data for table `spl_in`
--

LOCK TABLES `spl_in` WRITE;
/*!40000 ALTER TABLE `spl_in` DISABLE KEYS */;
INSERT INTO `spl_in` VALUES (2,36,'sdf',18000,'1'),(3,33,'jnj',36000,'3'),(4,37,'jugy',10000,'5'),(6,29,'mk',15000,'8'),(10,40,'mk',17000,'10'),(15,64,'nvs',22000,'24'),(47,32,'asa',77000,'35'),(54,44,'llwop',51000,'78');
/*!40000 ALTER TABLE `spl_in` ENABLE KEYS */;
UNLOCK TABLES;

--
-- Table structure for table `ss_in`
--

DROP TABLE IF EXISTS `ss_in`;
/*!40101 SET @saved_cs_client     = @@character_set_client */;
/*!40101 SET character_set_client = utf8 */;
CREATE TABLE `ss_in` (
  `id` int(11) NOT NULL AUTO_INCREMENT,
  `salary` float DEFAULT NULL,
  `customername` varchar(100) DEFAULT NULL,
  `sample_invoice_id` int(11) DEFAULT NULL,
  PRIMARY KEY (`id`)
) ENGINE=InnoDB AUTO_INCREMENT=8 DEFAULT CHARSET=latin1;
/*!40101 SET character_set_client = @saved_cs_client */;

--
-- Dumping data for table `ss_in`
--

LOCK TABLES `ss_in` WRITE;
/*!40000 ALTER TABLE `ss_in` DISABLE KEYS */;
INSERT INTO `ss_in` VALUES (1,55000,'lkl',4),(2,3500,'fsfs',11),(3,10000,'aee',3),(4,22000,'sdns',2),(5,30000,'ds',1),(6,25000,'bbb',8),(7,17000,'yz',5);
/*!40000 ALTER TABLE `ss_in` ENABLE KEYS */;
UNLOCK TABLES;

--
-- Table structure for table `t_announcement`
--

DROP TABLE IF EXISTS `t_announcement`;
/*!40101 SET @saved_cs_client     = @@character_set_client */;
/*!40101 SET character_set_client = utf8 */;
CREATE TABLE `t_announcement` (
  `id` int(11) NOT NULL AUTO_INCREMENT,
  `announcement_code` varchar(100) DEFAULT NULL,
  `subject` varchar(200) DEFAULT NULL,
  `message` varchar(255) DEFAULT NULL,
  `created_by` varchar(45) DEFAULT NULL,
  `modified_by` varchar(45) DEFAULT NULL,
  `created_dt` datetime DEFAULT NULL,
  `modified_dt` datetime DEFAULT NULL,
  `announcement_category` varchar(30) DEFAULT NULL,
  PRIMARY KEY (`id`)
) ENGINE=InnoDB AUTO_INCREMENT=178 DEFAULT CHARSET=latin1;
/*!40101 SET character_set_client = @saved_cs_client */;

--
-- Dumping data for table `t_announcement`
--

LOCK TABLES `t_announcement` WRITE;
/*!40000 ALTER TABLE `t_announcement` DISABLE KEYS */;
INSERT INTO `t_announcement` VALUES (47,'ACC-7',NULL,'hi all it is the vinayagar chaturthi gretting from sidsync','3',NULL,'2019-08-29 12:21:09','2019-08-29 12:21:09','All'),(48,'ACC-8',NULL,'hi all it is the vinayagar chaturthi gretting from sidsync','3',NULL,'2019-08-29 12:25:58','2019-08-29 12:25:58','All'),(49,'ACC-9',NULL,'hi all it is the vinayagar chaturthi gretting from sidsync','3',NULL,'2019-08-29 12:29:06','2019-08-29 12:29:06','All'),(50,'ACC-10',NULL,'hi all it is the vinayagar chaturthi gretting from sidsync','3',NULL,'2019-08-29 12:33:01','2019-08-29 12:33:01','All'),(51,'ACC-11','Vinayagar Chaturthi','hi all it is the vinayagar chaturthi gretting from sidsync','3',NULL,'2019-08-29 12:33:26','2019-08-29 12:33:26','All'),(52,'ACC-12','Vinayagar Chaturthi','hi all it is the vinayagar chaturthi gretting from sidsync','3',NULL,'2019-08-29 12:49:26','2019-08-29 12:49:26','All'),(53,'ACC-13','Vinayagar Chaturthi','hi all it is the vinayagar chaturthi gretting from sidsync','3',NULL,'2019-08-29 12:50:03','2019-08-29 12:50:03','All'),(54,'ACC-14','Vinayagar Chaturthi','hi all it is the vinayagar chaturthi gretting from sidsync','3',NULL,'2019-08-29 13:01:27','2019-08-29 13:01:27','All'),(55,'ACC-15','Vinayagar Chaturthi','hi all it is the vinayagar chaturthi gretting from sidsync','3',NULL,'2019-08-29 13:04:13','2019-08-29 13:04:13','All'),(56,'ACC-16','Vinayagar Chaturthi','hi all it is the vinayagar chaturthi gretting from sidsync','3',NULL,'2019-08-29 13:12:04','2019-08-29 13:12:04','All'),(57,'ACC-17','Vinayagar Chaturthi','hi all it is the vinayagar chaturthi gretting from sidsync','3',NULL,'2019-08-29 13:29:33','2019-08-29 13:29:33','All'),(58,'ACC-18','Vinayagar Chaturthi','hi all it is the vinayagar chaturthi gretting from sidsync','3',NULL,'2019-08-29 15:44:14','2019-08-29 15:44:14','All'),(59,'ACC-19','Vinayagar Chaturthi','hi all it is the vinayagar chaturthi gretting from sidsync','3',NULL,'2019-09-03 09:52:31','2019-09-03 09:52:31','All'),(60,'ACC-20','Vinayagar Chaturthi','hi all it is the vinayagar chaturthi gretting from sidsync','3',NULL,'2019-09-03 09:56:12','2019-09-03 09:56:12','All'),(61,'ACC-21','Vinayagar Chaturthi','hi all it is the vinayagar chaturthi gretting from sidsync','3',NULL,'2019-09-03 09:58:50','2019-09-03 09:58:50','All'),(62,'ACC-22','Vinayagar Chaturthi','hi all it is the vinayagar chaturthi gretting from sidsync','3',NULL,'2019-09-03 10:03:46','2019-09-03 10:03:46','All'),(63,'ACC-23','Vinayagar Chaturthi','hi all it is the vinayagar chaturthi gretting from sidsync','3',NULL,'2019-09-03 10:12:37','2019-09-03 10:12:37','All'),(64,'ACC-24','Vinayagar Chaturthi','hi all it is the vinayagar chaturthi gretting from sidsync','3',NULL,'2019-09-03 11:07:32','2019-09-03 11:07:32','All'),(65,'ACC-25','Vinayagar Chaturthi','hi all it is the vinayagar chaturthi gretting from sidsync','3',NULL,'2019-09-03 11:43:14','2019-09-03 11:43:14','All'),(66,'ACC-26','Vinayagar Chaturthi','hi all it is the vinayagar chaturthi gretting from sidsync','3',NULL,'2019-09-03 11:47:09','2019-09-03 11:47:09','All'),(67,'ACC-27','Vinayagar Chaturthi','hi all it is the vinayagar chaturthi gretting from sidsync','3',NULL,'2019-09-03 12:07:36','2019-09-03 12:07:36','All'),(68,'ACC-28','Vinayagar Chaturthi','hi all it is the vinayagar chaturthi gretting from sidsync','3',NULL,'2019-09-03 12:17:19','2019-09-03 12:17:19','All'),(69,'ACC-29','Vinayagar Chaturthi','hi all it is the vinayagar chaturthi gretting from sidsync','3',NULL,'2019-09-03 12:19:10','2019-09-03 12:19:10','All'),(70,'ACC-30','Vinayagar Chaturthi','hi all it is the vinayagar chaturthi gretting from sidsync','3',NULL,'2019-09-03 12:20:41','2019-09-03 12:20:41','All'),(71,'ACC-31','Vinayagar Chaturthi','hi all it is the vinayagar chaturthi gretting from sidsync','3',NULL,'2019-09-03 12:23:28','2019-09-03 12:23:28','All'),(72,'ACC-32','Vinayagar Chaturthi','hi all it is the vinayagar chaturthi gretting from sidsync','3',NULL,'2019-09-03 12:29:44','2019-09-03 12:29:44','All'),(73,'ACC-33','Vinayagar Chaturthi','hi all it is the vinayagar chaturthi gretting from sidsync','3',NULL,'2019-09-03 12:31:46','2019-09-03 12:31:46','All'),(74,'ACC-34','Vinayagar Chaturthi','hi all it is the vinayagar chaturthi gretting from sidsync','3',NULL,'2019-09-03 12:33:25','2019-09-03 12:33:25','All'),(75,'ACC-35','Vinayagar Chaturthi','hi all it is the vinayagar chaturthi gretting from sidsync','3',NULL,'2019-09-03 12:47:14','2019-09-03 12:47:14','All'),(76,'ACC-36','Vinayagar Chaturthi','hi all it is the vinayagar chaturthi gretting from sidsync','3',NULL,'2019-09-03 12:49:40','2019-09-03 12:49:40','All'),(77,'ACC-37','Vinayagar Chaturthi','hi all it is the vinayagar chaturthi gretting from sidsync','3',NULL,'2019-09-03 13:14:08','2019-09-03 13:14:08','All'),(78,'ACC-38','Vinayagar Chaturthi','hi all it is the vinayagar chaturthi gretting from sidsync','3',NULL,'2019-09-03 13:18:52','2019-09-03 13:18:52','All'),(79,'ACC-39','Vinayagar Chaturthi','hi all it is the vinayagar chaturthi gretting from sidsync','3',NULL,'2019-09-03 13:21:02','2019-09-03 13:21:02','All'),(80,'ACC-40','Vinayagar Chaturthi','hi all it is the vinayagar chaturthi gretting from sidsync','5',NULL,'2019-09-11 15:29:13','2019-09-11 15:29:13','All'),(81,'ACC-41','Vinayagar Chaturthi','hi all it is the vinayagar chaturthi gretting from sidsync','5',NULL,'2019-09-11 15:31:34','2019-09-11 15:31:34','All'),(82,'ACC-42','Vinayagar Chaturthi','hi all it is the vinayagar chaturthi gretting from sidsync','5',NULL,'2019-09-11 15:48:56','2019-09-11 15:48:56','All'),(83,'ACC-43','Vinayagar Chaturthi','hi all it is the vinayagar chaturthi gretting from sidsync','5',NULL,'2019-09-11 15:52:50','2019-09-11 15:52:50','All'),(84,'ACC-44','Vinayagar Chaturthi','hi all it is the vinayagar chaturthi gretting from sidsync','5',NULL,'2019-09-11 15:54:24','2019-09-11 15:54:24','All'),(85,'ACC-45','Vinayagar Chaturthi','hi all it is the vinayagar chaturthi gretting from sidsync','5',NULL,'2019-09-11 15:54:43','2019-09-11 15:54:43','All'),(86,'ACC-46','Vinayagar Chaturthi','hi all it is the vinayagar chaturthi gretting from sidsync','5',NULL,'2019-09-11 15:58:35','2019-09-11 15:58:35','All'),(87,'ACC-47','Vinayagar Chaturthi','hi all it is the vinayagar chaturthi gretting from sidsync','5',NULL,'2019-09-11 16:09:01','2019-09-11 16:09:01','All'),(88,'ACC-48','Vinayagar Chaturthi','hi all it is the vinayagar chaturthi gretting from sidsync','5',NULL,'2019-09-11 16:11:35','2019-09-11 16:11:35','All'),(89,'ACC-49','Vinayagar Chaturthi','hi all it is the vinayagar chaturthi gretting from sidsync','5',NULL,'2019-09-11 16:56:02','2019-09-11 16:56:02','All'),(90,'ACC-50','Vinayagar Chaturthi','hi all it is the vinayagar chaturthi gretting from sidsync','5',NULL,'2019-09-11 16:56:28','2019-09-11 16:56:28','All'),(91,'ACC-51','Vinayagar Chaturthi','hi all it is the vinayagar chaturthi gretting from sidsync','5',NULL,'2019-09-11 17:04:28','2019-09-11 17:04:28','All'),(92,'ACC-52','Vinayagar Chaturthi','hi all it is the vinayagar chaturthi gretting from sidsync','5',NULL,'2019-09-11 17:05:31','2019-09-11 17:05:31','All'),(93,'ACC-53','Vinayagar Chaturthi','hi all it is the vinayagar chaturthi gretting from sidsync','5',NULL,'2019-09-11 17:07:52','2019-09-11 17:07:52','All'),(94,'ACC-54','Vinayagar Chaturthi','hi all it is the vinayagar chaturthi gretting from sidsync','5',NULL,'2019-09-11 17:11:22','2019-09-11 17:11:22','All'),(95,'ACC-55','Vinayagar Chaturthi','hi all it is the vinayagar chaturthi gretting from sidsync','5',NULL,'2019-09-11 17:12:55','2019-09-11 17:12:55','All'),(96,'ACC-56','Vinayagar Chaturthi','hi all it is the vinayagar chaturthi gretting from sidsync','5',NULL,'2019-09-11 17:14:21','2019-09-11 17:14:21','All'),(97,'ACC-57','Vinayagar Chaturthi','hi all it is the vinayagar chaturthi gretting from sidsync','5',NULL,'2019-09-11 17:15:27','2019-09-11 17:15:27','All'),(98,'ACC-58','Vinayagar Chaturthi','hi all it is the vinayagar chaturthi gretting from sidsync','5',NULL,'2019-09-11 17:41:53','2019-09-11 17:41:53','All'),(99,'ACC-59','Vinayagar Chaturthi','hi all it is the vinayagar chaturthi gretting from sidsync','5',NULL,NULL,NULL,'All'),(100,'ACC-60','Vinayagar Chaturthi','hi all it is the vinayagar chaturthi gretting from sidsync','5',NULL,NULL,NULL,'All'),(101,'ACC-61','Vinayagar Chaturthi','hi all it is the vinayagar chaturthi gretting from sidsync','5',NULL,NULL,NULL,'All'),(102,'ACC-62','Vinayagar Chaturthi','hi all it is the vinayagar chaturthi gretting from sidsync','5',NULL,NULL,NULL,'All'),(103,'ACC-63','Vinayagar Chaturthi','hi all it is the vinayagar chaturthi gretting from sidsync','5',NULL,NULL,NULL,'All'),(104,'ACC-64','Vinayagar Chaturthi','hi all it is the vinayagar chaturthi gretting from sidsync','5',NULL,NULL,NULL,'All'),(105,'ACC-65','Vinayagar Chaturthi','hi all it is the vinayagar chaturthi gretting from sidsync','5',NULL,NULL,NULL,'All'),(106,'ACC-66','Vinayagar Chaturthi','hi all it is the vinayagar chaturthi gretting from sidsync','5',NULL,NULL,NULL,'All'),(107,'ACC-67','Vinayagar Chaturthi','hi all it is the vinayagar chaturthi gretting from sidsync','5',NULL,NULL,NULL,'All'),(108,'ACC-68','Vinayagar Chaturthi','hi all it is the vinayagar chaturthi gretting from sidsync','5',NULL,NULL,NULL,'All'),(109,'ACC-69','Vinayagar Chaturthi','hi all it is the vinayagar chaturthi gretting from sidsync','5',NULL,NULL,NULL,'All'),(110,'ACC-70','Vinayagar Chaturthi','hi all it is the vinayagar chaturthi gretting from sidsync','5',NULL,NULL,NULL,'All'),(111,'ACC-71','Vinayagar Chaturthi','hi all it is the vinayagar chaturthi gretting from sidsync','5',NULL,NULL,NULL,'All'),(112,'ACC-72','Vinayagar Chaturthi','hi all it is the vinayagar chaturthi gretting from sidsync','5',NULL,NULL,NULL,'All'),(113,'ACC-73','Vinayagar Chaturthi','hi all it is the vinayagar chaturthi gretting from sidsync','5',NULL,NULL,NULL,'All'),(114,'ACC-74','Vinayagar Chaturthi','hi all it is the vinayagar chaturthi gretting from sidsync','5',NULL,NULL,NULL,'All'),(115,'ACC-76','ssss','ssss','2',NULL,'2019-09-12 12:07:11','2019-09-12 12:07:11','All'),(116,'ACC-77','sss','sss','2',NULL,'2019-09-12 12:10:04','2019-09-12 12:10:04','All'),(117,'ACC-78','www','www','2',NULL,'2019-09-12 12:11:29','2019-09-12 12:11:29','All'),(118,'ACC-79','ss','ss','2',NULL,NULL,NULL,'All'),(119,'ACC-80','Vinayagar Chaturthi','hi all it is the vinayagar chaturthi gretting from sidsync','5',NULL,NULL,NULL,'All'),(120,'ACC-81','Vinayagar Chaturthi','hi all it is the vinayagar chaturthi gretting from sidsync','5',NULL,NULL,NULL,'All'),(121,'ACC-82','Vinayagar Chaturthi','hi all it is the vinayagar chaturthi gretting from sidsync','5',NULL,NULL,NULL,'All'),(122,'ACC-83','Vinayagar Chaturthi','hi all it is the vinayagar chaturthi gretting from sidsync','5',NULL,NULL,NULL,'All'),(123,'ACC-84','Vinayagar Chaturthi','hi all it is the vinayagar chaturthi gretting from sidsync','5',NULL,NULL,NULL,'All'),(124,'ACC-85','Vinayagar Chaturthi','hi all it is the vinayagar chaturthi gretting from sidsync','5',NULL,NULL,NULL,'All'),(125,'ACC-86','Vinayagar Chaturthi','hi all it is the vinayagar chaturthi gretting from sidsync','5',NULL,NULL,NULL,'All'),(126,'ACC-87','Vinayagar Chaturthi','hi all it is the vinayagar chaturthi gretting from sidsync','5',NULL,NULL,NULL,'All'),(127,'ACC-88','Vinayagar Chaturthi','hi all it is the vinayagar chaturthi gretting from sidsync','5',NULL,NULL,NULL,'All'),(128,'ACC-89','Vinayagar Chaturthi','hi all it is the vinayagar chaturthi gretting from sidsync','5',NULL,NULL,NULL,'All'),(129,'ACC-90','Vinayagar Chaturthi','hi all it is the vinayagar chaturthi gretting from sidsync','5',NULL,NULL,NULL,'All'),(130,'ACC-91','Vinayagar Chaturthi','hi all it is the vinayagar chaturthi gretting from sidsync','5',NULL,NULL,NULL,'All'),(131,'ACC-92','test','test','2',NULL,NULL,NULL,'All'),(132,'ACC-93','Vinayagar Chaturthi','hi all it is the vinayagar chaturthi gretting from sidsync','5',NULL,NULL,NULL,'All'),(133,'ACC-94','Vinayagar Chaturthi','hi all it is the vinayagar chaturthi gretting from sidsync','4',NULL,NULL,NULL,'All'),(134,'ACC-95','Vinayagar Chaturthi','hi all it is the vinayagar chaturthi gretting from sidsync','4',NULL,NULL,NULL,'All'),(135,'ACC-96','Vinayagar Chaturthi','hi all it is the vinayagar chaturthi gretting from sidsync','4',NULL,NULL,NULL,'All'),(136,'ACC-97','Vinayagar Chaturthi','hi all it is the vinayagar chaturthi gretting from sidsync','4',NULL,NULL,NULL,'All'),(137,'ACC-98','Vinayagar Chaturthi','hi all it is the vinayagar chaturthi gretting from sidsync','4',NULL,NULL,NULL,'All'),(138,'ACC-99','Vinayagar Chaturthi','hi all it is the vinayagar chaturthi gretting from sidsync','4',NULL,NULL,NULL,'All'),(139,'ACC-100','Vinayagar Chaturthi','hi all it is the vinayagar chaturthi gretting from sidsync','4',NULL,NULL,NULL,'All'),(140,'ACC-101','Vinayagar Chaturthi','hi all it is the vinayagar chaturthi gretting from sidsync','4',NULL,NULL,NULL,'All'),(141,'ACC-102','Vinayagar Chaturthi','hi all it is the vinayagar chaturthi gretting from sidsync','4',NULL,NULL,NULL,'All'),(142,'ACC-103','Vinayagar Chaturthi','hi all it is the vinayagar chaturthi gretting from sidsync','4',NULL,NULL,NULL,'All'),(143,'ACC-104','Vinayagar Chaturthi','hi all it is the vinayagar chaturthi gretting from sidsync','4',NULL,NULL,NULL,'All'),(144,'ACC-105','Vinayagar Chaturthi','hi all it is the vinayagar chaturthi gretting from sidsync','4',NULL,NULL,NULL,'All'),(145,'ACC-106','Vinayagar Chaturthi','hi all it is the vinayagar chaturthi gretting from sidsync','4',NULL,NULL,NULL,'All'),(146,'ACC-107','Vinayagar Chaturthi','hi all it is the vinayagar chaturthi gretting from sidsync','4',NULL,NULL,NULL,'All'),(147,'ACC-108','Vinayagar Chaturthi','hi all it is the vinayagar chaturthi gretting from sidsync','4',NULL,NULL,NULL,'All'),(148,'ACC-109','Vinayagar Chaturthi','hi all it is the vinayagar chaturthi gretting from sidsync','4',NULL,NULL,NULL,'All'),(149,'ACC-110','Vinayagar Chaturthi','hi all it is the vinayagar chaturthi gretting from sidsync','4',NULL,NULL,NULL,'All'),(150,'ACC-111','Vinayagar Chaturthi','Hi all','5',NULL,NULL,NULL,'All'),(151,'ACC-112','Greetings from ScrunchWorks','Hi All, good Evening','5',NULL,NULL,NULL,'All'),(152,'ACC-113','Vinayagar Chaturthi','hi all it is the vinayagar chaturthi gretting from sidsync','323',NULL,NULL,NULL,'All'),(153,'ACC-114','Vinayagar Chaturthi','hi all it is the vinayagar chaturthi gretting from sidsync','323',NULL,NULL,NULL,'All'),(154,'ACC-115','Vinayagar Chaturthi','hi all it is the vinayagar chaturthi gretting from sidsync','323',NULL,NULL,NULL,'All'),(155,'ACC-116','Vinayagar Chaturthi','hi all it is the vinayagar chaturthi gretting from sidsync','323',NULL,NULL,NULL,'All'),(156,'ACC-117','Vinayagar Chaturthi','hi all it is the vinayagar chaturthi gretting from sidsync','323',NULL,NULL,NULL,'All'),(157,'ACC-118','Vinayagar Chaturthi','hi all it is the vinayagar chaturthi gretting from sidsync','323',NULL,NULL,NULL,'All'),(158,'ACC-119','Vinayagar Chaturthi','hi all it is the vinayagar chaturthi gretting from sidsync','323',NULL,NULL,NULL,'All'),(159,'ACC-120','Vinayagar Chaturthi','hi all it is the vinayagar chaturthi gretting from sidsync','323',NULL,NULL,NULL,'All'),(160,'ACC-121','Vinayagar Chaturthi','hi all it is the vinayagar chaturthi gretting from sidsync','323',NULL,NULL,NULL,'All'),(161,'ACC-122','Vinayagar Chaturthi','hi all it is the vinayagar chaturthi gretting from sidsync','323',NULL,NULL,NULL,'All'),(162,'ACC-123','Vinayagar Chaturthi','hi all it is the vinayagar chaturthi gretting from sidsync','323',NULL,NULL,NULL,'All'),(163,'ACC-124','Vinayagar Chaturthi','hi all it is the vinayagar chaturthi gretting from sidsync','323',NULL,NULL,NULL,'All'),(164,'ACC-125','Vinayagar Chaturthi','hi all it is the vinayagar chaturthi gretting from sidsync','323',NULL,NULL,NULL,'All'),(165,'ACC-126','Vinayagar Chaturthi','hi all it is the vinayagar chaturthi gretting from sidsync','323',NULL,NULL,NULL,'All'),(166,'ACC-127','Vinayagar Chaturthi','hi all it is the vinayagar chaturthi gretting from sidsync','323',NULL,NULL,NULL,'All'),(167,'ACC-128','Vinayagar Chaturthi','hi all it is the vinayagar chaturthi gretting from sidsync','323',NULL,NULL,NULL,'All'),(168,'ACC-129','Vinayagar Chaturthi','hi all it is the vinayagar chaturthi gretting from sidsync','323',NULL,NULL,NULL,'Manager'),(169,'ACC-130','Vinayagar Chaturthi','hi all it is the vinayagar chaturthi gretting from sidsync','323',NULL,NULL,NULL,'Manager'),(170,'ACC-131','Testing','Testing','323',NULL,NULL,NULL,'All'),(171,'ACC-132','Testing','Testing','323',NULL,NULL,NULL,'All'),(172,'ACC-133','Testing','Testing','323',NULL,NULL,NULL,'All'),(173,'ACC-134','Testing','Testing','323',NULL,NULL,NULL,'Manager'),(174,'ACC-135','Testing','Testing','323',NULL,NULL,NULL,'Manager'),(175,'ACC-136','Testing','Testing','323',NULL,NULL,NULL,'Manager'),(176,'ACC-137','Testing','Testing','323',NULL,NULL,NULL,'Manager'),(177,'ACC-138','Testing','Testing','323',NULL,NULL,NULL,'Manager');
/*!40000 ALTER TABLE `t_announcement` ENABLE KEYS */;
UNLOCK TABLES;

--
-- Table structure for table `t_applicant`
--

DROP TABLE IF EXISTS `t_applicant`;
/*!40101 SET @saved_cs_client     = @@character_set_client */;
/*!40101 SET character_set_client = utf8 */;
CREATE TABLE `t_applicant` (
  `id` int(11) NOT NULL AUTO_INCREMENT,
  `aadhar_no` varchar(255) DEFAULT NULL,
  `annual_remun` varchar(255) DEFAULT NULL,
  `applicant_code` varchar(505) DEFAULT NULL,
  `benefits_remun` varchar(255) DEFAULT NULL,
  `blood_group` varchar(255) DEFAULT NULL,
  `contact_email_id` varchar(255) DEFAULT NULL,
  `contact_mobile_no` varchar(255) DEFAULT NULL,
  `contact_no` varchar(255) DEFAULT NULL,
  `created_by` varchar(255) DEFAULT NULL,
  `cur_address` varchar(255) DEFAULT NULL,
  `dob` varchar(255) DEFAULT NULL,
  `driving_license` varchar(255) DEFAULT NULL,
  `end_dt` datetime(6) DEFAULT NULL,
  `epf_no` varchar(255) DEFAULT NULL,
  `esi_no` varchar(255) DEFAULT NULL,
  `eye_left_power` varchar(255) DEFAULT NULL,
  `eye_power` varchar(255) DEFAULT NULL,
  `eye_right_power` varchar(255) DEFAULT NULL,
  `first_name` varchar(255) DEFAULT NULL,
  `gender` varchar(255) DEFAULT NULL,
  `gross_other_remun` varchar(255) DEFAULT NULL,
  `gross_remun` varchar(255) DEFAULT NULL,
  `height` varchar(255) DEFAULT NULL,
  `hobbies` varchar(255) DEFAULT NULL,
  `hr_manager_id` varchar(255) DEFAULT NULL,
  `identifn_mrk1` varchar(255) DEFAULT NULL,
  `identifn_mrk2` varchar(255) DEFAULT NULL,
  `is_enabled` varchar(255) DEFAULT NULL,
  `job_opening` varchar(255) DEFAULT NULL,
  `last_name` varchar(255) DEFAULT NULL,
  `login_user_id` varchar(255) DEFAULT NULL,
  `marital_status` varchar(255) DEFAULT NULL,
  `modified_by` varchar(255) DEFAULT NULL,
  `monthly_remun` varchar(255) DEFAULT NULL,
  `name` varchar(255) DEFAULT NULL,
  `next_incr_remun` varchar(255) DEFAULT NULL,
  `no_of_children` int(11) DEFAULT NULL,
  `no_of_dependant` int(11) DEFAULT NULL,
  `offences` varchar(255) DEFAULT NULL,
  `pan_no` varchar(255) DEFAULT NULL,
  `passport` varchar(255) DEFAULT NULL,
  `perm_address` varchar(255) DEFAULT NULL,
  `physical_chalng` varchar(255) DEFAULT NULL,
  `reference1` varchar(255) DEFAULT NULL,
  `reference2` varchar(255) DEFAULT NULL,
  `rel_in_podhigai` varchar(255) DEFAULT NULL,
  `rel_name` varchar(255) DEFAULT NULL,
  `relation` varchar(255) DEFAULT NULL,
  `relations` varchar(255) DEFAULT NULL,
  `remarks` varchar(255) DEFAULT NULL,
  `spouse_name` varchar(255) DEFAULT NULL,
  `spouse_occup` varchar(255) DEFAULT NULL,
  `start_dt` datetime(6) DEFAULT NULL,
  `take_home_remun` varchar(255) DEFAULT NULL,
  `weight` varchar(255) DEFAULT NULL,
  `doc_id` varchar(100) DEFAULT NULL,
  `email_id` varchar(100) DEFAULT NULL,
  `college_name` varchar(100) DEFAULT NULL,
  `degree_name` varchar(100) DEFAULT NULL,
  `course_name` varchar(100) DEFAULT NULL,
  `passed_out` varchar(100) DEFAULT NULL,
  `app_pdf_id` varchar(100) DEFAULT NULL,
  `is_check` varchar(1) DEFAULT NULL,
  `hr_1_id` varchar(100) DEFAULT NULL,
  `hr_2_id` varchar(100) DEFAULT NULL,
  PRIMARY KEY (`id`)
) ENGINE=InnoDB AUTO_INCREMENT=224 DEFAULT CHARSET=latin1;
/*!40101 SET character_set_client = @saved_cs_client */;

--
-- Dumping data for table `t_applicant`
--

LOCK TABLES `t_applicant` WRITE;
/*!40000 ALTER TABLE `t_applicant` DISABLE KEYS */;
INSERT INTO `t_applicant` VALUES (7,'785532368486768','888888','http://35.211.71.48:9000/albums/25-b6d68794-4dd3-49cc-ab6d-c949a6ef3588-2019-07-11T11%3A01%3A17.648?X-Amz-Algorithm=AWS4-HMAC-SHA256&X-Amz-Credential=priya%2F20190711%2F%2Fs3%2Faws4_request&X-Amz-Date=20190711T095922Z&X-Amz-Expires=432000&X-Amz-SignedHeaders=host&X-Amz-Signature=1cc5a5732bf149961df91fb59487ff31113de4bd5644a3102fc516f9dca89f13','88888','b+ve','priyadarshini.s@sidsync.com','8668458965','78955655125',NULL,'kk nagar chennai','2019-02-09T00:00:00.000Z','GDTNNDW85',NULL,'ESI0089898','KJDKJJSD985','6',NULL,'6','darshini',NULL,'8888','88886666','5','Reading novels',NULL,'near eye','near leg',NULL,'','selva ',NULL,'N',NULL,'88888','Selvakumar','2019-02-13T00:00:00.000Z',NULL,NULL,'no','DFMPPF8988','PYHTDS98865','kk nagar chennai','no','Priya','Priya','Y','Priya','friend','Father',NULL,NULL,NULL,NULL,'8888','55','833eabc9-83b3-4388-845b-0303934473bd',NULL,'Francis xavier college','Bachelor Of Electrical and Electronics Engineering','Electrical and Electronics Engineering','2019','a3ee851c-bd43-42f5-815f-c601207e6110',NULL,'23',NULL),(8,'0983246324','100000','http://35.211.71.48:9000/albums/25-b6d68794-4dd3-49cc-ab6d-c949a6ef3588-2019-07-11T11%3A01%3A17.648?X-Amz-Algorithm=AWS4-HMAC-SHA256&X-Amz-Credential=priya%2F20190711%2F%2Fs3%2Faws4_request&X-Amz-Date=20190711T095922Z&X-Amz-Expires=432000&X-Amz-SignedHeaders=host&X-Amz-Signature=1cc5a5732bf149961df91fb59487ff31113de4bd5644a3102fc516f9dca89f13','10000','o+ve','pria@gmail.com','785666868535','8987345476',NULL,'Chennai 1','2019-02-01T00:00:00.000Z','874HJ92398',NULL,'ESI0089898','3244523','0',NULL,'0','Sam',NULL,'1000','10000','5','Reading Books',NULL,'near eye','near leg',NULL,'Friend','Anderson ',NULL,'N',NULL,'10000','sam','2019-05-25T00:00:00.000Z',NULL,NULL,NULL,'DFMPPF8988','PYHTDS98865','Chennai 1',NULL,'Nil','Nil','N',NULL,NULL,'Brother',NULL,NULL,NULL,NULL,'10000','55','833eabc9-83b3-4388-845b-0303934473bd',NULL,'Francis xavier college','Bachelor Of Electrical and Electronics Engineering','Electrical and Electronics Engineering','2019','33e82a9d-3e0a-44b1-a5f4-794e1d28edd2',NULL,'1',NULL),(125,'0983246324','100000','http://35.211.71.48:9000/albums/25-b6d68794-4dd3-49cc-ab6d-c949a6ef3588-2019-07-11T11%3A01%3A17.648?X-Amz-Algorithm=AWS4-HMAC-SHA256&X-Amz-Credential=priya%2F20190711%2F%2Fs3%2Faws4_request&X-Amz-Date=20190711T095922Z&X-Amz-Expires=432000&X-Amz-SignedHeaders=host&X-Amz-Signature=1cc5a5732bf149961df91fb59487ff31113de4bd5644a3102fc516f9dca89f13','10000','b+ve','priyadarshini2013.pd@gmail.com','9094345634','8987345476',NULL,'Chennai','07-10-1966','874HJ92398',NULL,'ESI0089898','3244523','-1',NULL,'-1','Priya',NULL,'1000','10000','5','Reading Books',NULL,'near eye','near leg','Y',NULL,'darshini',NULL,'N','4','10000','muthu',NULL,NULL,NULL,NULL,'DFMPPF8988','PYHTDS98865','Chennai','no','Nil','Nil','Y',NULL,NULL,'Brother',NULL,NULL,NULL,NULL,'10000','55','833eabc9-83b3-4388-845b-0303934473bd',NULL,'Francis xavier college','Bachelor Of Electrical and Electronics Engineering','Electrical and Electronics Engineering','2019','a3ee851c-bd43-42f5-815f-c601207e6110',NULL,'5',NULL),(146,'0983246324','100000','http://35.211.71.48:9000/albums/25-b6d68794-4dd3-49cc-ab6d-c949a6ef3588-2019-07-11T11%3A01%3A17.648?X-Amz-Algorithm=AWS4-HMAC-SHA256&X-Amz-Credential=priya%2F20190711%2F%2Fs3%2Faws4_request&X-Amz-Date=20190711T095922Z&X-Amz-Expires=432000&X-Amz-SignedHeaders=host&X-Amz-Signature=1cc5a5732bf149961df91fb59487ff31113de4bd5644a3102fc516f9dca89f13','10000','o+ve','joshuajayaseelan1@gmail.com','9094345634','8987345476',NULL,'Chennai','2019-06-18','874HJ92398',NULL,'ESI0089898','3244523','0',NULL,'0','joshua',NULL,'1000','10000','5','Reading Books',NULL,'near eye','near leg','Y',NULL,'jayaseelan',NULL,'N','1','10000','jayaseelan','2019-05-01T00:00:00.000Z',NULL,NULL,NULL,'DFMPPF8988','PYHTDS98865','Chennai',NULL,'Nil','Nil','N',NULL,NULL,'Father',NULL,NULL,NULL,NULL,'10000','55','833eabc9-83b3-4388-845b-0303934473bd',NULL,'Francis xavier college','Bachelor Of Electrical and Electronics Engineering','Electrical and Electronics Engineering','2017','33e82a9d-3e0a-44b1-a5f4-794e1d28edd2',NULL,NULL,'4'),(151,'0983246324','100000','http://35.211.71.48:9000/albums/25-b6d68794-4dd3-49cc-ab6d-c949a6ef3588-2019-07-11T11%3A01%3A17.648?X-Amz-Algorithm=AWS4-HMAC-SHA256&X-Amz-Credential=priya%2F20190711%2F%2Fs3%2Faws4_request&X-Amz-Date=20190711T095922Z&X-Amz-Expires=432000&X-Amz-SignedHeaders=host&X-Amz-Signature=1cc5a5732bf149961df91fb59487ff31113de4bd5644a3102fc516f9dca89f13','10000','b+ve','jhon@gmail.com','9094345634','8987345476',NULL,'Chennai','11-11-11','874HJ92398',NULL,'ESI0089898','3244523','-1',NULL,'-1','jhon',NULL,'1000','10000','5','Reading Books',NULL,'near eye','near leg','Y',NULL,'sabo',NULL,'N','2','10000',NULL,NULL,NULL,NULL,NULL,'DFMPPF8988','PYHTDS98865','Chennai',NULL,'Nil','Nil','Y',NULL,NULL,NULL,NULL,NULL,NULL,NULL,'10000','55','833eabc9-83b3-4388-845b-0303934473bd',NULL,'Francis xavier college','Bachelor Of Electrical and Electronics Engineering','Electrical and Electronics Engineering','2016','a3ee851c-bd43-42f5-815f-c601207e6110',NULL,NULL,'22'),(181,'0983246324','100000','http://35.211.71.48:9000/albums/25-b6d68794-4dd3-49cc-ab6d-c949a6ef3588-2019-07-11T11%3A01%3A17.648?X-Amz-Algorithm=AWS4-HMAC-SHA256&X-Amz-Credential=priya%2F20190711%2F%2Fs3%2Faws4_request&X-Amz-Date=20190711T095922Z&X-Amz-Expires=432000&X-Amz-SignedHeaders=host&X-Amz-Signature=1cc5a5732bf149961df91fb59487ff31113de4bd5644a3102fc516f9dca89f13','10000','o+ve','sam@gm.com','9094345634','8987345476',NULL,'Chennai','2019-04-16','874HJ92398',NULL,'ESI0089898','3244523','0',NULL,'0','sam',NULL,'1000','10000','5','Reading Books',NULL,'near eye','near leg','Y',NULL,'vijay',NULL,'N','23','10000',NULL,NULL,NULL,NULL,NULL,'DFMPPF8988','PYHTDS98865','Chennai',NULL,'Nil','Nil','Y',NULL,NULL,NULL,NULL,NULL,NULL,NULL,'10000','55','833eabc9-83b3-4388-845b-0303934473bd',NULL,'Francis xavier college','Bachelor Of Electrical and Electronics Engineering','Electrical and Electronics Engineering','2018','33e82a9d-3e0a-44b1-a5f4-794e1d28edd2',NULL,NULL,NULL),(211,'0983246324','100000','http://35.211.71.48:9000/albums/25-b6d68794-4dd3-49cc-ab6d-c949a6ef3588-2019-07-11T11%3A01%3A17.648?X-Amz-Algorithm=AWS4-HMAC-SHA256&X-Amz-Credential=priya%2F20190711%2F%2Fs3%2Faws4_request&X-Amz-Date=20190711T095922Z&X-Amz-Expires=432000&X-Amz-SignedHeaders=host&X-Amz-Signature=1cc5a5732bf149961df91fb59487ff31113de4bd5644a3102fc516f9dca89f13','10000','b+ve','test@gmail.com','9094345634','8987345476',NULL,'Chennai','2019-04-02','874HJ92398',NULL,'ESI0089898','3244523','-1',NULL,'-1','test',NULL,'1000','10000','5','Reading Books',NULL,'near eye','near leg','Y',NULL,'test',NULL,'N','23','10000','sam',NULL,NULL,NULL,NULL,'DFMPPF8988','PYHTDS98865','Chennai',NULL,'Nil','Nil','Y',NULL,NULL,'Brother',NULL,NULL,NULL,NULL,'10000','55','833eabc9-83b3-4388-845b-0303934473bd','test@gmail.com','Rajalakshmi College Of Engg','Bachelor Of Electrical and Electronics Engineering','Electrical and Electronics Engineering','2015','36b18b75-4778-4b44-ba36-e883b0d577a1',NULL,NULL,NULL),(213,NULL,NULL,NULL,NULL,NULL,'test1@gmail.com',NULL,NULL,NULL,NULL,'2019-06-18',NULL,NULL,NULL,NULL,NULL,NULL,NULL,'test1',NULL,NULL,NULL,NULL,NULL,NULL,NULL,NULL,'Y',NULL,'test1',NULL,NULL,'1',NULL,NULL,NULL,NULL,NULL,NULL,NULL,NULL,NULL,NULL,NULL,NULL,NULL,NULL,NULL,NULL,NULL,NULL,NULL,NULL,NULL,NULL,NULL,NULL,'Francis xavier college','Bachelor Of Electrical and Electronics Engineering','Electrical and Electronics Engineering','2017',NULL,NULL,NULL,NULL),(214,NULL,NULL,NULL,NULL,NULL,'test2@gmail.com',NULL,NULL,NULL,NULL,'2019-06-18',NULL,NULL,NULL,NULL,NULL,NULL,NULL,'test2',NULL,NULL,NULL,NULL,NULL,NULL,NULL,NULL,'Y',NULL,'test1',NULL,NULL,'1',NULL,NULL,NULL,NULL,NULL,NULL,NULL,NULL,NULL,NULL,NULL,NULL,NULL,NULL,NULL,NULL,NULL,NULL,NULL,NULL,NULL,NULL,NULL,NULL,'Francis xavier college','Bachelor Of Electrical and Electronics Engineering','Electrical and Electronics Engineering','2017',NULL,NULL,NULL,NULL),(215,NULL,NULL,NULL,NULL,NULL,'test3@gmail.com',NULL,NULL,NULL,NULL,'2019-06-18',NULL,NULL,NULL,NULL,NULL,NULL,NULL,'test3',NULL,NULL,NULL,NULL,NULL,NULL,NULL,NULL,'Y',NULL,'test1',NULL,NULL,'25',NULL,NULL,NULL,NULL,NULL,NULL,NULL,NULL,NULL,NULL,NULL,NULL,NULL,NULL,NULL,NULL,NULL,NULL,NULL,NULL,NULL,NULL,NULL,'test3@gmail.com','Francis xavier college','Bachelor Of Electrical and Electronics Engineering','Electrical and Electronics Engineering','2017',NULL,NULL,NULL,NULL),(216,NULL,NULL,NULL,NULL,NULL,'test4@gmail.com',NULL,NULL,NULL,NULL,'2019-06-18',NULL,NULL,NULL,NULL,NULL,NULL,NULL,'new',NULL,NULL,NULL,NULL,NULL,NULL,NULL,NULL,'Y',NULL,'update',NULL,NULL,'25',NULL,NULL,NULL,NULL,NULL,NULL,NULL,NULL,NULL,NULL,NULL,NULL,NULL,NULL,NULL,NULL,NULL,NULL,NULL,NULL,NULL,NULL,NULL,'test3@gmail.com','Francis xavier college','Bachelor Of Electrical and Electronics Engineering','Electrical and Electronics Engineering','2017',NULL,NULL,NULL,NULL);
/*!40000 ALTER TABLE `t_applicant` ENABLE KEYS */;
UNLOCK TABLES;

--
-- Table structure for table `t_applicant_academic_acheiv`
--

DROP TABLE IF EXISTS `t_applicant_academic_acheiv`;
/*!40101 SET @saved_cs_client     = @@character_set_client */;
/*!40101 SET character_set_client = utf8 */;
CREATE TABLE `t_applicant_academic_acheiv` (
  `id` int(11) NOT NULL AUTO_INCREMENT,
  `t_applicant_id` int(11) DEFAULT NULL,
  `created_by` varchar(255) DEFAULT NULL,
  `created_dt` datetime(6) DEFAULT NULL,
  `from_dt` date DEFAULT NULL,
  `is_enabled` varchar(255) DEFAULT NULL,
  `modified_by` varchar(255) DEFAULT NULL,
  `modified_dt` datetime(6) DEFAULT NULL,
  `organization` varchar(255) DEFAULT NULL,
  `to_dt` date DEFAULT NULL,
  `train_details` varchar(255) DEFAULT NULL,
  PRIMARY KEY (`id`),
  KEY `FKc4y1x1i4qarovxuqlpg7gpbem` (`t_applicant_id`)
) ENGINE=InnoDB AUTO_INCREMENT=18 DEFAULT CHARSET=latin1;
/*!40101 SET character_set_client = @saved_cs_client */;

--
-- Dumping data for table `t_applicant_academic_acheiv`
--

LOCK TABLES `t_applicant_academic_acheiv` WRITE;
/*!40000 ALTER TABLE `t_applicant_academic_acheiv` DISABLE KEYS */;
INSERT INTO `t_applicant_academic_acheiv` VALUES (5,7,NULL,'2019-02-12 17:29:40.705000','2019-01-01',NULL,NULL,'2019-02-12 17:29:40.705000','niit','2019-02-01','java'),(6,8,NULL,'2019-02-13 12:06:43.800000','2019-01-01',NULL,NULL,'2019-02-13 12:06:43.800000','Qspider','2019-02-01','SQL'),(7,125,NULL,'2019-02-17 19:08:48.659000','2019-01-01',NULL,NULL,'2019-02-17 19:08:48.659000','Qspider','2019-02-01','java'),(8,146,NULL,'2019-02-17 19:19:11.362000','2019-01-01',NULL,NULL,'2019-02-17 19:19:11.362000','Qspider','2019-02-01','SQL'),(12,151,NULL,'2019-04-01 18:57:29.724000','2019-01-01',NULL,NULL,'2019-04-01 18:57:29.724000','Qspider','2019-02-01','SQL'),(13,181,NULL,'2019-04-16 10:43:10.595000','2019-01-01',NULL,NULL,'2019-04-16 10:43:10.595000','Qspider','2019-02-01','java'),(14,146,NULL,'2019-04-25 16:06:26.775000','2018-05-01',NULL,NULL,'2019-05-02 11:03:09.318000','Qspider','2019-05-18','SQL'),(15,211,NULL,'2019-05-02 15:34:37.206000',NULL,NULL,NULL,'2019-05-02 15:34:37.206000',NULL,NULL,NULL);
/*!40000 ALTER TABLE `t_applicant_academic_acheiv` ENABLE KEYS */;
UNLOCK TABLES;

--
-- Table structure for table `t_applicant_educational_info`
--

DROP TABLE IF EXISTS `t_applicant_educational_info`;
/*!40101 SET @saved_cs_client     = @@character_set_client */;
/*!40101 SET character_set_client = utf8 */;
CREATE TABLE `t_applicant_educational_info` (
  `id` int(11) NOT NULL AUTO_INCREMENT,
  `t_applicant_id` int(11) DEFAULT NULL,
  `created_by` varchar(255) DEFAULT NULL,
  `created_dt` datetime(6) DEFAULT NULL,
  `exam_name` varchar(255) DEFAULT NULL,
  `is_enabled` varchar(255) DEFAULT NULL,
  `modified_by` varchar(255) DEFAULT NULL,
  `modified_dt` datetime(6) DEFAULT NULL,
  `place` varchar(255) DEFAULT NULL,
  `score` varchar(255) DEFAULT NULL,
  `specialization` varchar(255) DEFAULT NULL,
  `type` varchar(255) DEFAULT NULL,
  `year_of_passing` int(11) DEFAULT NULL,
  PRIMARY KEY (`id`),
  KEY `FKcvh7813cn5mhqblkioosdsmmb` (`t_applicant_id`)
) ENGINE=InnoDB AUTO_INCREMENT=14 DEFAULT CHARSET=latin1;
/*!40101 SET character_set_client = @saved_cs_client */;

--
-- Dumping data for table `t_applicant_educational_info`
--

LOCK TABLES `t_applicant_educational_info` WRITE;
/*!40000 ALTER TABLE `t_applicant_educational_info` DISABLE KEYS */;
INSERT INTO `t_applicant_educational_info` VALUES (2,7,NULL,'2019-02-12 17:29:40.715000','Secondary',NULL,NULL,'2019-02-12 17:29:40.715000','school','89','12','Matric',2011),(3,8,NULL,'2019-02-13 12:06:43.889000','B.E CSE',NULL,NULL,'2019-02-13 12:06:43.889000','SAVEETHA','8.1','CSE','full time',2018),(4,125,NULL,'2019-02-17 19:08:48.662000','B.Tech IT',NULL,NULL,'2019-02-17 19:08:48.662000','SRM','8.1','CSE','full time',2018),(5,181,NULL,'2019-02-17 19:19:11.363000','B.E CSE',NULL,NULL,'2019-02-17 19:19:11.363000','SAVEETHA','8.1','CSE','full time',2018),(6,126,NULL,'2019-02-18 20:11:48.785000','B.Tech IT',NULL,NULL,'2019-02-18 20:11:48.785000','SRM','8.1','CSE','full time',2018),(7,137,NULL,'2019-02-19 15:42:35.542000','B.E CSE',NULL,NULL,'2019-02-19 15:42:35.542000','SAVEETHA','8.1','CSE','full time',2018),(8,146,NULL,'2019-02-19 15:54:13.131000','B.Tech IT',NULL,NULL,'2019-02-19 15:54:13.131000','SRM','8.1','CSE','full time',2018),(9,151,NULL,'2019-04-01 18:57:29.727000','B.E CSE',NULL,NULL,'2019-04-01 18:57:29.727000','SAVEETHA','8.1','CSE','full time',2018),(10,211,NULL,'2019-04-16 10:43:10.600000','B.Tech IT',NULL,NULL,'2019-04-16 10:43:10.600000','SRM','8.1','CSE','full time',2018),(11,146,NULL,'2019-04-25 16:06:26.776000','B.E CSE',NULL,NULL,'2019-05-02 11:03:09.323000','SRM','8.1','CSE','full time',2018);
/*!40000 ALTER TABLE `t_applicant_educational_info` ENABLE KEYS */;
UNLOCK TABLES;

--
-- Table structure for table `t_applicant_family_info`
--

DROP TABLE IF EXISTS `t_applicant_family_info`;
/*!40101 SET @saved_cs_client     = @@character_set_client */;
/*!40101 SET character_set_client = utf8 */;
CREATE TABLE `t_applicant_family_info` (
  `id` int(11) NOT NULL AUTO_INCREMENT,
  `t_applicant_id` int(11) DEFAULT NULL,
  `contact_no` varchar(255) DEFAULT NULL,
  `created_by` varchar(255) DEFAULT NULL,
  `created_dt` datetime(6) DEFAULT NULL,
  `email` varchar(255) DEFAULT NULL,
  `is_enabled` varchar(255) DEFAULT NULL,
  `modified_by` varchar(255) DEFAULT NULL,
  `modified_dt` datetime(6) DEFAULT NULL,
  `name` varchar(255) DEFAULT NULL,
  `occupation` varchar(255) DEFAULT NULL,
  `relation` varchar(255) DEFAULT NULL,
  PRIMARY KEY (`id`),
  KEY `FKo3qta7dyijywbmq8mpccb2h74` (`t_applicant_id`)
) ENGINE=InnoDB AUTO_INCREMENT=15 DEFAULT CHARSET=latin1;
/*!40101 SET character_set_client = @saved_cs_client */;

--
-- Dumping data for table `t_applicant_family_info`
--

LOCK TABLES `t_applicant_family_info` WRITE;
/*!40000 ALTER TABLE `t_applicant_family_info` DISABLE KEYS */;
INSERT INTO `t_applicant_family_info` VALUES (2,7,'7895528526',NULL,'2019-02-12 17:29:40.721000','selva@gmail.com',NULL,NULL,'2019-02-12 17:29:40.721000','Selvakumar','Buisness','Father'),(3,8,'8987345476',NULL,'2019-02-13 12:06:43.956000','sam@gmail.com',NULL,NULL,'2019-02-13 12:06:43.956000','sam','Business','Brother'),(4,125,'8987345476',NULL,'2019-02-17 19:08:48.665000','muthu@gmail.com',NULL,NULL,'2019-02-17 19:08:48.665000','muthu','Business','Brother'),(5,146,'8987345476',NULL,'2019-02-17 19:19:11.364000','sam@gmail.com',NULL,NULL,'2019-02-17 19:19:11.364000','sam','Business','Brother'),(7,126,'8987345476',NULL,'2019-02-18 20:11:48.786000','sam@gmail.com',NULL,NULL,'2019-02-18 20:11:48.786000','sam','Business','Brother'),(8,137,'8987345476',NULL,'2019-02-19 15:42:35.543000','muthu@gmail.com',NULL,NULL,'2019-02-19 15:42:35.543000','muthu','Business','Brother'),(9,181,'8987345476',NULL,'2019-02-19 15:54:13.133000','sam@gmail.com',NULL,NULL,'2019-02-19 15:54:13.133000','sam','Business','Brother'),(10,151,'8987345476',NULL,'2019-04-01 18:57:29.731000','muthu@gmail.com',NULL,NULL,'2019-04-01 18:57:29.731000','muthu','Business','Brother'),(11,211,'8987345476',NULL,'2019-04-16 10:43:10.604000','sam@gmail.com',NULL,NULL,'2019-04-16 10:43:10.604000','sam','Business','Brother'),(12,146,'8987345476',NULL,'2019-04-25 16:06:26.777000','jayaseelan@gm.com',NULL,NULL,'2019-05-02 11:03:09.326000','jayaseelan','Business','Father');
/*!40000 ALTER TABLE `t_applicant_family_info` ENABLE KEYS */;
UNLOCK TABLES;

--
-- Table structure for table `t_applicant_languages`
--

DROP TABLE IF EXISTS `t_applicant_languages`;
/*!40101 SET @saved_cs_client     = @@character_set_client */;
/*!40101 SET character_set_client = utf8 */;
CREATE TABLE `t_applicant_languages` (
  `id` int(11) NOT NULL AUTO_INCREMENT,
  `t_applicant_id` int(11) DEFAULT NULL,
  `created_by` varchar(255) DEFAULT NULL,
  `created_dt` datetime(6) DEFAULT NULL,
  `is_enabled` varchar(255) DEFAULT NULL,
  `lang_read` varchar(255) DEFAULT NULL,
  `lang_speak` varchar(255) DEFAULT NULL,
  `lang_write` varchar(255) DEFAULT NULL,
  `language` varchar(255) DEFAULT NULL,
  `modified_by` varchar(255) DEFAULT NULL,
  `modified_dt` datetime(6) DEFAULT NULL,
  PRIMARY KEY (`id`),
  KEY `FK4kh3ov7hi9o9h69vjvmg3pbg4` (`t_applicant_id`)
) ENGINE=InnoDB AUTO_INCREMENT=18 DEFAULT CHARSET=latin1;
/*!40101 SET character_set_client = @saved_cs_client */;

--
-- Dumping data for table `t_applicant_languages`
--

LOCK TABLES `t_applicant_languages` WRITE;
/*!40000 ALTER TABLE `t_applicant_languages` DISABLE KEYS */;
INSERT INTO `t_applicant_languages` VALUES (3,7,NULL,'2019-02-12 17:29:40.722000',NULL,'Y','Y','Y','English',NULL,'2019-02-12 17:29:40.722000'),(4,7,NULL,'2019-02-12 17:29:40.729000',NULL,'Y','Y','Y','Tamil',NULL,'2019-05-02 10:58:57.906000'),(5,8,NULL,'2019-02-13 12:06:43.960000',NULL,'Y','Y','Y','English',NULL,'2019-02-17 18:14:25.363000'),(6,47,NULL,'2019-02-17 19:08:48.668000',NULL,'N','N','N','Tamil',NULL,'2019-02-17 19:08:48.668000'),(7,125,NULL,'2019-02-17 19:19:11.365000',NULL,'Y','Y','Y','ENGLISH',NULL,'2019-02-17 19:19:11.365000'),(8,126,NULL,'2019-02-18 20:11:48.789000',NULL,'Y','Y','Y','ENGLISH',NULL,'2019-02-18 20:11:48.789000'),(9,211,NULL,'2019-02-18 20:11:48.790000',NULL,'Y','Y','Y','TAMIL',NULL,'2019-02-18 20:11:48.790000'),(10,211,NULL,'2019-02-19 15:42:35.544000',NULL,'Y','Y','Y','ENGLISH',NULL,'2019-02-19 15:44:27.941000'),(11,141,NULL,'2019-02-19 15:54:13.135000',NULL,'Y','Y','Y','ENGLISH',NULL,'2019-02-19 15:54:13.135000'),(12,151,NULL,'2019-04-01 18:57:29.734000',NULL,'Y','Y','Y','ENGLISH',NULL,'2019-04-01 18:58:21.310000'),(13,181,NULL,'2019-04-16 10:43:10.607000',NULL,'Y','Y','Y','ENGLISH',NULL,'2019-04-16 11:38:04.921000'),(14,146,NULL,'2019-04-25 16:06:26.778000',NULL,'Y','Y','Y','English',NULL,'2019-05-02 11:03:09.327000'),(15,146,NULL,'2019-05-02 11:03:09.292000',NULL,'Y','Y','Y','Tamil',NULL,'2019-05-02 11:03:09.292000');
/*!40000 ALTER TABLE `t_applicant_languages` ENABLE KEYS */;
UNLOCK TABLES;

--
-- Table structure for table `t_applicant_prev_employ_details`
--

DROP TABLE IF EXISTS `t_applicant_prev_employ_details`;
/*!40101 SET @saved_cs_client     = @@character_set_client */;
/*!40101 SET character_set_client = utf8 */;
CREATE TABLE `t_applicant_prev_employ_details` (
  `id` int(11) NOT NULL AUTO_INCREMENT,
  `t_applicant_id` int(11) DEFAULT NULL,
  `created_by` varchar(255) DEFAULT NULL,
  `created_dt` datetime(6) DEFAULT NULL,
  `from_dt` date DEFAULT NULL,
  `is_enabled` varchar(255) DEFAULT NULL,
  `job_desc` varchar(255) DEFAULT NULL,
  `modified_by` varchar(255) DEFAULT NULL,
  `modified_dt` datetime(6) DEFAULT NULL,
  `org_name` varchar(255) DEFAULT NULL,
  `org_position` varchar(255) DEFAULT NULL,
  `to_dt` date DEFAULT NULL,
  PRIMARY KEY (`id`),
  KEY `FKd8x4gwsv3myvsf1norglwlcma` (`t_applicant_id`)
) ENGINE=InnoDB AUTO_INCREMENT=15 DEFAULT CHARSET=latin1;
/*!40101 SET character_set_client = @saved_cs_client */;

--
-- Dumping data for table `t_applicant_prev_employ_details`
--

LOCK TABLES `t_applicant_prev_employ_details` WRITE;
/*!40000 ALTER TABLE `t_applicant_prev_employ_details` DISABLE KEYS */;
INSERT INTO `t_applicant_prev_employ_details` VALUES (2,7,NULL,'2019-02-12 17:29:40.734000','2019-02-01',NULL,'CUSTOMER',NULL,'2019-02-12 17:29:40.734000','HCL','CUSTOMER','2019-02-02'),(3,8,NULL,'2019-02-13 12:06:43.964000','2018-05-01',NULL,'Spring Boot Developer',NULL,'2019-02-13 12:06:43.964000','Sysco','Developer','2019-05-01'),(4,125,NULL,'2019-02-17 19:08:48.670000','2018-05-01',NULL,'Spring Boot Developer',NULL,'2019-02-17 19:08:48.670000','HCL','Developer','2019-05-01'),(5,146,NULL,'2019-02-17 19:19:11.366000','2018-05-01',NULL,'Spring Boot Developer',NULL,'2019-02-17 19:19:11.366000','HCL','Developer','2019-05-01'),(6,181,NULL,'2019-02-18 20:04:45.266000','2018-05-01',NULL,'Spring Boot Developer',NULL,'2019-02-18 20:04:45.266000','Sysco','Developer','2019-05-01'),(7,126,NULL,'2019-02-18 20:11:48.791000','2018-05-01',NULL,'Spring Boot Developer',NULL,'2019-02-18 20:11:48.791000','HCL','Developer','2019-05-01'),(8,137,NULL,'2019-02-19 15:42:35.544000','2018-05-01',NULL,'Spring Boot Developer',NULL,'2019-02-19 15:42:35.544000','Sysco','Developer','2019-05-01'),(9,141,NULL,'2019-02-19 15:54:13.135000','2018-05-01',NULL,'Spring Boot Developer',NULL,'2019-02-19 15:54:13.135000','HCL','Developer','2019-05-01'),(10,151,NULL,'2019-04-01 18:57:29.737000','2018-05-01',NULL,'Spring Boot Developer',NULL,'2019-04-01 18:57:29.737000','HCL','Developer','2019-05-01'),(11,211,NULL,'2019-04-16 10:43:10.611000','2018-05-01',NULL,'Spring Boot Developer',NULL,'2019-04-16 10:43:10.611000','Sysco','Developer','2019-05-01'),(12,146,NULL,'2019-04-25 16:06:26.779000','2018-05-01',NULL,'Spring Boot Developer',NULL,'2019-05-02 11:22:39.671000','Sysco','Developer','2019-05-01');
/*!40000 ALTER TABLE `t_applicant_prev_employ_details` ENABLE KEYS */;
UNLOCK TABLES;

--
-- Table structure for table `t_attendance`
--

DROP TABLE IF EXISTS `t_attendance`;
/*!40101 SET @saved_cs_client     = @@character_set_client */;
/*!40101 SET character_set_client = utf8 */;
CREATE TABLE `t_attendance` (
  `id` int(11) NOT NULL AUTO_INCREMENT,
  `attendance_dt` date DEFAULT NULL,
  `attendance_month` int(11) DEFAULT NULL,
  `attendance_status` varchar(255) DEFAULT NULL,
  `attendance_year` int(11) DEFAULT NULL,
  `check_in` time DEFAULT NULL,
  `check_out` time DEFAULT NULL,
  `created_by` varchar(255) DEFAULT NULL,
  `created_dt` datetime(6) DEFAULT NULL,
  `employee_id` varchar(255) DEFAULT NULL,
  `end_dt` datetime DEFAULT NULL,
  `first_session` varchar(255) DEFAULT NULL,
  `in_lats` varchar(255) DEFAULT NULL,
  `in_loc_name` varchar(255) DEFAULT NULL,
  `in_longs` varchar(255) DEFAULT NULL,
  `is_enabled` varchar(255) DEFAULT NULL,
  `modified_by` varchar(255) DEFAULT NULL,
  `modified_dt` datetime(6) DEFAULT NULL,
  `out_lats` varchar(255) DEFAULT NULL,
  `out_loc_name` varchar(255) DEFAULT NULL,
  `out_longs` varchar(255) DEFAULT NULL,
  `proxy_employee_id` int(11) DEFAULT NULL,
  `remarks` varchar(255) DEFAULT NULL,
  `second_session` varchar(255) DEFAULT NULL,
  `start_dt` datetime DEFAULT NULL,
  `total_time_logged` int(11) DEFAULT NULL,
  `did_system_check_out` varchar(100) DEFAULT NULL,
  PRIMARY KEY (`id`)
) ENGINE=InnoDB AUTO_INCREMENT=31 DEFAULT CHARSET=latin1;
/*!40101 SET character_set_client = @saved_cs_client */;

--
-- Dumping data for table `t_attendance`
--

LOCK TABLES `t_attendance` WRITE;
/*!40000 ALTER TABLE `t_attendance` DISABLE KEYS */;
INSERT INTO `t_attendance` VALUES (1,'2018-12-17',12,NULL,2018,'10:49:41','18:38:13',NULL,NULL,'4','2018-12-12 18:38:13',NULL,NULL,NULL,NULL,NULL,NULL,'2018-12-12 18:38:17.180000',NULL,NULL,NULL,NULL,NULL,NULL,'2018-12-12 10:08:26',NULL,NULL),(2,'2018-12-17',12,NULL,2018,'10:49:41','18:38:13',NULL,NULL,'1','2018-12-12 18:38:13',NULL,NULL,NULL,NULL,NULL,NULL,'2018-12-12 18:38:17.235000',NULL,NULL,NULL,NULL,NULL,NULL,'2018-12-12 10:08:26',NULL,NULL),(3,'2018-12-17',12,NULL,2018,'10:49:41','18:38:14',NULL,NULL,'2','2018-12-12 18:38:14',NULL,NULL,NULL,NULL,NULL,NULL,'2018-12-12 18:38:17.794000',NULL,NULL,NULL,NULL,NULL,NULL,'2018-12-12 10:08:26',NULL,NULL),(4,'2018-12-17',12,NULL,2018,'10:49:41','18:38:14',NULL,NULL,'3','2018-12-12 18:38:14',NULL,NULL,NULL,NULL,NULL,NULL,'2018-12-12 18:38:18.386000',NULL,NULL,NULL,NULL,NULL,NULL,'2018-12-12 10:08:26',NULL,NULL),(5,'2018-12-17',12,NULL,2018,'10:49:41','18:38:15',NULL,NULL,'17','2018-12-12 18:38:15',NULL,NULL,NULL,NULL,NULL,NULL,'2018-12-12 18:38:18.859000',NULL,NULL,NULL,NULL,NULL,NULL,'2018-12-12 10:08:26',NULL,NULL),(13,'2018-12-18',12,'CREATED',2018,'20:40:42',NULL,NULL,'2018-12-18 20:40:42.048000','4',NULL,'WBL','13.0399671','Tangedco','80.1953155',NULL,NULL,'2018-12-19 12:15:00.190000',NULL,NULL,NULL,NULL,NULL,'WBL','2018-12-18 20:40:42',NULL,'Y'),(22,'2018-12-19',12,'CREATED',2018,'17:50:11','23:57:00',NULL,'2018-12-19 17:50:11.543000','4','2018-12-19 23:57:00','WBL','12.9654033','Tangedco','80.2123392',NULL,NULL,'2018-12-19 23:57:00.388000','12.9655','Tangedco','80.2121',NULL,NULL,'WBL','2018-12-19 17:50:11',6,'Y'),(23,'2019-01-09',1,'CREATED',2019,'13:57:35',NULL,NULL,'2019-01-09 13:57:35.921000','2',NULL,'WBL','12.9648213',NULL,'80.1943196',NULL,NULL,'2019-01-09 23:57:00.302000',NULL,NULL,NULL,NULL,NULL,'WBL','2019-01-09 13:57:35',NULL,'Y'),(24,'2019-01-18',1,'CREATED',2019,'18:00:47','23:57:00',NULL,'2019-01-18 18:00:47.322000','3','2019-01-18 23:57:00','WBL','12.8643827','Sidsync Technologies Pvt Ltd','80.0774993',NULL,NULL,'2019-01-18 23:57:00.866000','12.9655','Sidsync Technologies Pvt Ltd','80.2121',NULL,NULL,'WBL','2019-01-18 18:00:47',5,'Y'),(25,'2019-01-25',1,'CREATED',2019,'15:54:36','23:57:00',NULL,'2019-01-25 15:54:36.525000','23','2019-01-25 23:57:00','WBL',NULL,NULL,NULL,NULL,NULL,'2019-01-25 23:57:00.776000','12.9655',NULL,'80.2121',NULL,NULL,'WBL','2019-01-25 15:54:36',8,'Y'),(26,'2019-02-02',2,'CREATED',2019,'17:23:19','23:57:00',NULL,'2019-02-02 17:23:19.879000','27','2019-02-02 23:57:00','WBL','12.9654029',NULL,'80.2122653',NULL,NULL,'2019-02-02 23:57:00.898000','12.9655',NULL,'80.2121',NULL,NULL,'WBL','2019-02-02 17:23:19',6,'Y'),(27,'2019-02-04',2,'CREATED',2019,'11:53:31','23:57:00',NULL,'2019-02-04 11:53:31.447000','26','2019-02-04 23:57:00','WBL','13.0484536',NULL,'80.2497398',NULL,NULL,'2019-02-04 23:57:00.868000','12.9655',NULL,'80.2121',NULL,NULL,'WBL','2019-02-04 11:53:31',12,'Y'),(28,'2019-03-02',3,'CREATED',2019,'15:25:45','23:57:00',NULL,'2019-03-02 15:25:45.164000','2','2019-03-02 23:57:00','WBL','13.0476988',NULL,'80.2493823',NULL,NULL,'2019-03-02 23:57:00.891000','12.9655',NULL,'80.2121',NULL,NULL,'WBL','2019-03-02 15:25:45',8,'Y'),(29,'2019-03-22',3,'CREATED',2019,'16:27:17',NULL,NULL,'2019-03-22 16:27:17.780000','4',NULL,'WBL','12.8631301','Tangedco','80.0802071',NULL,NULL,'2019-03-22 23:57:00.679000',NULL,NULL,NULL,NULL,NULL,'WBL','2019-03-22 16:27:17',NULL,'Y'),(30,'2019-03-26',3,'CREATED',2019,'14:45:13','23:57:01',NULL,'2019-03-26 14:45:13.095000','4','2019-03-26 23:57:01','WBL','12.9653934','Tangedco','80.212253',NULL,NULL,'2019-03-26 23:57:01.223000','12.9655','Tangedco','80.2121',NULL,NULL,'WBL','2019-03-26 14:45:13',9,'Y');
/*!40000 ALTER TABLE `t_attendance` ENABLE KEYS */;
UNLOCK TABLES;

--
-- Table structure for table `t_cash_balance_import`
--

DROP TABLE IF EXISTS `t_cash_balance_import`;
/*!40101 SET @saved_cs_client     = @@character_set_client */;
/*!40101 SET character_set_client = utf8 */;
CREATE TABLE `t_cash_balance_import` (
  `id` int(11) NOT NULL AUTO_INCREMENT,
  `import_dt` varchar(255) DEFAULT NULL,
  `import_code` varchar(255) DEFAULT NULL,
  `import_status` varchar(255) DEFAULT NULL,
  `success_count` varchar(255) DEFAULT NULL,
  `error_count` varchar(255) DEFAULT NULL,
  `error_code` varchar(255) DEFAULT NULL,
  `error_desc` varchar(255) DEFAULT NULL,
  `is_enabled` varchar(255) DEFAULT NULL,
  `created_by` varchar(255) DEFAULT NULL,
  `modified_by` varchar(255) DEFAULT NULL,
  `created_dt` datetime(6) DEFAULT NULL,
  `modified_dt` datetime(6) DEFAULT NULL,
  `remarks` varchar(100) DEFAULT NULL,
  PRIMARY KEY (`id`)
) ENGINE=InnoDB AUTO_INCREMENT=123 DEFAULT CHARSET=latin1;
/*!40101 SET character_set_client = @saved_cs_client */;

--
-- Dumping data for table `t_cash_balance_import`
--

LOCK TABLES `t_cash_balance_import` WRITE;
/*!40000 ALTER TABLE `t_cash_balance_import` DISABLE KEYS */;
/*!40000 ALTER TABLE `t_cash_balance_import` ENABLE KEYS */;
UNLOCK TABLES;

--
-- Table structure for table `t_certificate_tracker`
--

DROP TABLE IF EXISTS `t_certificate_tracker`;
/*!40101 SET @saved_cs_client     = @@character_set_client */;
/*!40101 SET character_set_client = utf8 */;
CREATE TABLE `t_certificate_tracker` (
  `id` int(11) NOT NULL AUTO_INCREMENT,
  `emp_code` varchar(100) DEFAULT NULL,
  `designation_id` varchar(100) DEFAULT NULL,
  `dt_of_join` varchar(100) DEFAULT NULL,
  `participant_id` varchar(100) DEFAULT NULL,
  `certificate_name` varchar(100) DEFAULT NULL,
  `certificate_code` varchar(100) DEFAULT NULL,
  `certified_on` date DEFAULT NULL,
  `score` varchar(100) DEFAULT NULL,
  `status` varchar(100) DEFAULT NULL,
  `is_enable` varchar(1) DEFAULT NULL,
  `created_by` varchar(100) DEFAULT NULL,
  `modified_by` varchar(100) DEFAULT NULL,
  `created_dt` datetime DEFAULT NULL,
  `modified_dt` datetime DEFAULT NULL,
  PRIMARY KEY (`id`)
) ENGINE=InnoDB AUTO_INCREMENT=233 DEFAULT CHARSET=latin1;
/*!40101 SET character_set_client = @saved_cs_client */;

--
-- Dumping data for table `t_certificate_tracker`
--

LOCK TABLES `t_certificate_tracker` WRITE;
/*!40000 ALTER TABLE `t_certificate_tracker` DISABLE KEYS */;
INSERT INTO `t_certificate_tracker` VALUES (1,'99','1',NULL,'darshni','ENI','1234',NULL,'65','valid',NULL,NULL,NULL,NULL,NULL),(2,'100','2',NULL,'darshni','ENI','1234',NULL,'78','valid',NULL,NULL,NULL,'2019-03-02 15:50:10','2019-03-02 15:50:10'),(3,'101','3',NULL,'darshni','ENI','1234',NULL,'78','valid',NULL,NULL,NULL,'2019-03-02 15:50:41','2019-03-02 15:50:41'),(232,'102','3',NULL,'darshni','ENI','1234',NULL,'78','valid',NULL,NULL,NULL,'2019-03-04 12:45:50','2019-03-04 12:45:50');
/*!40000 ALTER TABLE `t_certificate_tracker` ENABLE KEYS */;
UNLOCK TABLES;

--
-- Table structure for table `t_client_po`
--

DROP TABLE IF EXISTS `t_client_po`;
/*!40101 SET @saved_cs_client     = @@character_set_client */;
/*!40101 SET character_set_client = utf8 */;
CREATE TABLE `t_client_po` (
  `id` int(11) NOT NULL AUTO_INCREMENT,
  `client_id` varchar(255) DEFAULT NULL,
  `created_by` varchar(255) DEFAULT NULL,
  `created_dt` datetime(6) DEFAULT NULL,
  `doc_id` varchar(255) DEFAULT NULL,
  `is_enabled` varchar(255) DEFAULT NULL,
  `modified_by` varchar(255) DEFAULT NULL,
  `modified_dt` datetime(6) DEFAULT NULL,
  `po_date` date DEFAULT NULL,
  `po_desc` varchar(255) DEFAULT NULL,
  `po_ref_no` varchar(255) DEFAULT NULL,
  PRIMARY KEY (`id`)
) ENGINE=InnoDB AUTO_INCREMENT=18 DEFAULT CHARSET=latin1;
/*!40101 SET character_set_client = @saved_cs_client */;

--
-- Dumping data for table `t_client_po`
--

LOCK TABLES `t_client_po` WRITE;
/*!40000 ALTER TABLE `t_client_po` DISABLE KEYS */;
INSERT INTO `t_client_po` VALUES (1,'3','30','2018-12-06 17:57:09.971000','b8348c10-a8fe-4976-8bc2-7312827623ed','Y','30','2019-08-02 13:01:31.281000','2018-12-06','GM','NP1'),(2,'3','33','2018-12-06 17:57:09.000000','c2c489cd-94e6-4331-b8a0-5444730a86e5','Y','33','2019-04-30 15:19:05.431000','2018-12-06','high refrence project','OM1'),(3,'106','33','2018-12-07 14:41:34.969000','2ee79fad-c915-4397-a905-a200ca58b0fc','Y','33','2019-04-25 15:44:03.326000','2018-12-05','sample data','GM2'),(5,'3','33','2018-12-12 12:45:40.335000','f07258f3-3906-4e58-b245-86569c70d25d','Y','33','2019-04-25 15:44:22.438000','2018-12-22','GM Statement','NP2'),(6,'3','33','2019-01-21 15:48:39.380000','4d2b6159-82c3-4833-8c61-723d89297aee','Y','33','2019-04-25 15:44:32.345000','2019-01-22','new OM product','NP3'),(7,'16','33','2019-02-02 15:01:09.810000','c2c489cd-94e6-4331-b8a0-5444730a86e5','Y','33','2019-04-30 15:19:44.405000','2019-02-02','new OM product','OM5'),(11,'1','33','2019-03-15 13:40:32.088000','c2c489cd-94e6-4331-b8a0-5444730a86e5','Y','33','2019-04-25 15:44:55.050000','2019-03-15','GM Statement','GM3'),(12,'3','33','2019-03-20 12:53:40.984000','c2c489cd-94e6-4331-b8a0-5444730a86e5','Y','33','2019-04-25 15:45:18.117000','2019-03-20','high refrence project','NP4'),(13,'16','33','2019-03-20 14:10:16.795000','f07258f3-3906-4e58-b245-86569c70d25d','Y','33','2019-03-20 14:10:16.801000','2019-03-20','high refrence project','ES1234'),(14,'16','33','2019-03-26 11:11:32.911000','62bf3a18-882f-4057-a908-1c9ac13065c2','Y','33','2019-03-26 11:11:32.915000','2019-03-29','high refrence project','PO-24'),(15,'106','33','2019-05-02 15:51:11.769000',NULL,'Y','33','2019-05-02 15:51:11.784000','2019-05-31','new project','np04'),(17,'16','262','2019-05-02 15:53:40.586000','73cfbcc5-62aa-4c8e-846f-a7c55f3c7fff','Y','262','2019-07-12 11:50:40.467000','2019-05-02','New project','ne4');
/*!40000 ALTER TABLE `t_client_po` ENABLE KEYS */;
UNLOCK TABLES;

--
-- Table structure for table `t_comment`
--

DROP TABLE IF EXISTS `t_comment`;
/*!40101 SET @saved_cs_client     = @@character_set_client */;
/*!40101 SET character_set_client = utf8 */;
CREATE TABLE `t_comment` (
  `id` int(11) NOT NULL AUTO_INCREMENT,
  `comment_desc` varchar(255) DEFAULT NULL,
  `created_by` varchar(255) DEFAULT NULL,
  `created_dt` datetime(6) DEFAULT NULL,
  `employee_id` varchar(255) DEFAULT NULL,
  `end_client_id` varchar(255) DEFAULT NULL,
  `is_enabled` varchar(255) DEFAULT NULL,
  `job_id` varchar(255) DEFAULT NULL,
  `job_milestone_id` varchar(255) DEFAULT NULL,
  `job_tasklist_id` varchar(255) DEFAULT NULL,
  `log_dt` datetime(6) DEFAULT NULL,
  `modified_by` varchar(255) DEFAULT NULL,
  `modified_dt` datetime(6) DEFAULT NULL,
  `partner_id` varchar(255) DEFAULT NULL,
  `task_id` varchar(255) DEFAULT NULL,
  `user_id` varchar(255) DEFAULT NULL,
  PRIMARY KEY (`id`)
) ENGINE=InnoDB AUTO_INCREMENT=4 DEFAULT CHARSET=latin1;
/*!40101 SET character_set_client = @saved_cs_client */;

--
-- Dumping data for table `t_comment`
--

LOCK TABLES `t_comment` WRITE;
/*!40000 ALTER TABLE `t_comment` DISABLE KEYS */;
INSERT INTO `t_comment` VALUES (1,'segeg',NULL,'2018-12-10 09:25:08.358000',NULL,NULL,NULL,'3','4','4','2018-12-10 09:25:08.358000',NULL,'2018-12-10 09:25:08.358000',NULL,'2',NULL),(2,'Retrofit',NULL,'2019-05-06 18:16:08.033000','3',NULL,NULL,'3','4','4','2019-05-06 18:16:08.033000',NULL,'2019-05-06 18:16:08.033000',NULL,'3',NULL),(3,'Retrofit',NULL,'2019-05-06 18:16:17.901000','3',NULL,NULL,'3','4','4','2019-05-06 18:16:17.901000',NULL,'2019-05-06 18:16:17.901000',NULL,'2',NULL);
/*!40000 ALTER TABLE `t_comment` ENABLE KEYS */;
UNLOCK TABLES;

--
-- Table structure for table `t_dashboard_alert`
--

DROP TABLE IF EXISTS `t_dashboard_alert`;
/*!40101 SET @saved_cs_client     = @@character_set_client */;
/*!40101 SET character_set_client = utf8 */;
CREATE TABLE `t_dashboard_alert` (
  `id` int(11) NOT NULL AUTO_INCREMENT,
  `m_employee_id` varchar(100) DEFAULT NULL,
  `auth_feature_id` varchar(100) DEFAULT NULL,
  `target_route` varchar(100) DEFAULT NULL,
  `dash_count` varchar(50) DEFAULT '0',
  `is_enabled` varchar(1) DEFAULT 'Y',
  `created_by` varchar(100) DEFAULT NULL,
  `created_dt` datetime DEFAULT NULL,
  `modified_by` varchar(100) DEFAULT NULL,
  `modified_dt` datetime DEFAULT NULL,
  PRIMARY KEY (`id`)
) ENGINE=InnoDB AUTO_INCREMENT=57 DEFAULT CHARSET=latin1;
/*!40101 SET character_set_client = @saved_cs_client */;

--
-- Dumping data for table `t_dashboard_alert`
--

LOCK TABLES `t_dashboard_alert` WRITE;
/*!40000 ALTER TABLE `t_dashboard_alert` DISABLE KEYS */;
INSERT INTO `t_dashboard_alert` VALUES (2,'139','19',NULL,'12','Y','33','2019-09-14 20:20:57',NULL,NULL),(3,'139','20',NULL,'0','Y','33','2019-09-14 20:20:57',NULL,NULL),(4,'3','21',NULL,'2','Y','33','2019-09-14 20:20:57',NULL,NULL),(5,'139','22',NULL,'1','Y','33','2019-09-14 20:20:57',NULL,NULL),(6,'139','23',NULL,'4','Y','33','2019-09-14 20:20:57',NULL,NULL),(7,'139','24',NULL,'5','Y','33','2019-09-14 20:20:57',NULL,NULL);
/*!40000 ALTER TABLE `t_dashboard_alert` ENABLE KEYS */;
UNLOCK TABLES;

--
-- Table structure for table `t_emp_cash_balance`
--

DROP TABLE IF EXISTS `t_emp_cash_balance`;
/*!40101 SET @saved_cs_client     = @@character_set_client */;
/*!40101 SET character_set_client = utf8 */;
CREATE TABLE `t_emp_cash_balance` (
  `id` int(11) NOT NULL AUTO_INCREMENT,
  `m_employee_id` varchar(255) DEFAULT NULL,
  `import_dt` date DEFAULT NULL,
  `pay_to_comp_amt` varchar(255) DEFAULT NULL,
  `pay_to_emp_amt` varchar(255) DEFAULT NULL,
  `t_cash_balance_import_id` varchar(255) DEFAULT NULL,
  `is_enabled` varchar(255) DEFAULT NULL,
  `created_by` varchar(255) DEFAULT NULL,
  `modified_by` varchar(255) DEFAULT NULL,
  `created_dt` datetime(6) DEFAULT NULL,
  `modified_dt` datetime(6) DEFAULT NULL,
  PRIMARY KEY (`id`)
) ENGINE=InnoDB AUTO_INCREMENT=49 DEFAULT CHARSET=latin1;
/*!40101 SET character_set_client = @saved_cs_client */;

--
-- Dumping data for table `t_emp_cash_balance`
--

LOCK TABLES `t_emp_cash_balance` WRITE;
/*!40000 ALTER TABLE `t_emp_cash_balance` DISABLE KEYS */;
INSERT INTO `t_emp_cash_balance` VALUES (1,'323','2019-09-11','10','10',NULL,'Y','2',NULL,'2019-09-19 18:49:16.332000','2019-09-19 18:49:16.332000'),(8,'455',NULL,'0','0',NULL,'Y','2',NULL,'2019-09-19 20:20:30.890000','2019-09-19 20:20:30.890000'),(17,'338',NULL,'0','0',NULL,'Y','2',NULL,'2019-09-22 10:45:43.070000','2019-09-22 10:45:43.070000'),(48,'373',NULL,'0','0',NULL,'Y','2',NULL,'2019-09-23 12:11:34.654000','2019-09-23 12:11:34.654000');
/*!40000 ALTER TABLE `t_emp_cash_balance` ENABLE KEYS */;
UNLOCK TABLES;

--
-- Table structure for table `t_emp_leave_appln`
--

DROP TABLE IF EXISTS `t_emp_leave_appln`;
/*!40101 SET @saved_cs_client     = @@character_set_client */;
/*!40101 SET character_set_client = utf8 */;
CREATE TABLE `t_emp_leave_appln` (
  `id` int(11) NOT NULL AUTO_INCREMENT,
  `leave_code` varchar(100) DEFAULT NULL,
  `m_employee_id` varchar(100) DEFAULT NULL,
  `s_leave_type_id` varchar(100) DEFAULT NULL,
  `leave_appln_dt` date DEFAULT NULL,
  `start_dt` date DEFAULT NULL,
  `start_session` varchar(100) DEFAULT NULL,
  `end_dt` date DEFAULT NULL,
  `end_session` varchar(100) DEFAULT NULL,
  `reason` varchar(100) DEFAULT NULL,
  `leave_status` varchar(100) DEFAULT NULL,
  `eligibility_status_code` varchar(100) DEFAULT NULL,
  `eligible_duration` varchar(100) DEFAULT NULL,
  `eligible_remarks` varchar(100) DEFAULT NULL,
  `n1emp_id` varchar(100) DEFAULT NULL,
  `n1decision_dt` datetime DEFAULT NULL,
  `n1remarks` varchar(100) DEFAULT NULL,
  `needn2approval` varchar(100) DEFAULT NULL,
  `n2emp_id` varchar(100) DEFAULT NULL,
  `n2decision` varchar(100) DEFAULT NULL,
  `n2decision_dt` datetime DEFAULT NULL,
  `n2remarks` varchar(100) DEFAULT NULL,
  `is_settled` varchar(100) DEFAULT NULL,
  `hr1settlement_dt` datetime DEFAULT NULL,
  `hr1user_group_id` varchar(100) DEFAULT NULL,
  `hr1emp_id` varchar(100) DEFAULT NULL,
  `is_enabled` varchar(100) DEFAULT NULL,
  `created_by` varchar(100) DEFAULT NULL,
  `created_dt` datetime DEFAULT NULL,
  `modified_by` varchar(100) DEFAULT NULL,
  `modified_dt` datetime DEFAULT NULL,
  `leave_applied_date` date DEFAULT NULL,
  `n1decision` varchar(100) DEFAULT NULL,
  PRIMARY KEY (`id`)
) ENGINE=InnoDB AUTO_INCREMENT=142 DEFAULT CHARSET=latin1;
/*!40101 SET character_set_client = @saved_cs_client */;

--
-- Dumping data for table `t_emp_leave_appln`
--

LOCK TABLES `t_emp_leave_appln` WRITE;
/*!40000 ALTER TABLE `t_emp_leave_appln` DISABLE KEYS */;
INSERT INTO `t_emp_leave_appln` VALUES (126,'LA-100193-CL','323','1',NULL,'2019-09-20','FN','2019-09-20','AN','test','APPROVED',NULL,NULL,'Applied Leave Duration0.5 is less than Minimum Duration1 permitted for CL','321','2019-09-20 15:32:58','okay','N','322',NULL,NULL,NULL,'Y',NULL,'1',NULL,'Y','323','2019-09-20 14:42:47','317','2019-09-20 17:16:45','2019-09-20','N1-APPROVED'),(127,'LA-100194-CL','323','1',NULL,'2019-09-20','FN','2019-09-20','AN','test','APPROVED',NULL,NULL,'Applied Leave Duration0.5 is less than Minimum Duration1 permitted for CL','321','2019-09-20 17:41:49','okay','Y','322','N2-APPROVED','2019-09-20 19:33:40','kk','N',NULL,'1',NULL,'Y','323','2019-09-20 15:03:00','322','2019-09-20 19:33:40','2019-09-20','N1-APPROVED'),(128,'LA-100195-CL','323','1',NULL,'2019-09-20','FN','2019-09-20','AN','test','APPROVED',NULL,NULL,'Applied Leave Duration0.5 is less than Minimum Duration1 permitted for CL','321','2019-09-20 19:34:21','tt','N','322',NULL,NULL,NULL,'N',NULL,'1',NULL,'Y','323','2019-09-20 15:54:44','321','2019-09-20 19:34:21','2019-09-20','N1-APPROVED'),(129,'LA-100196-SL','323','2',NULL,'2019-09-20','FN','2019-09-20','AN','test','APPROVED',NULL,NULL,'Applied Leave Duration0.5 is less than Minimum Duration1 permitted for WL','321','2019-09-20 19:14:31','test','N','322',NULL,NULL,NULL,'N',NULL,'1',NULL,'Y','323','2019-09-20 18:06:35','321','2019-09-20 19:14:31','2019-09-20','N1-APPROVED'),(130,'LA-100197-SL','323','2',NULL,'2019-09-23','FN','2019-09-23','AN','test','APPROVED',NULL,NULL,'Applied Leave Duration0.5 is less than Minimum Duration1 permitted for WL','321','2019-09-23 10:41:28','tt','N','322',NULL,NULL,NULL,'N',NULL,'1',NULL,'Y','323','2019-09-23 10:02:51','321','2019-09-23 10:41:28','2019-09-23','N1-APPROVED'),(131,'LA-100198-SL','323','2',NULL,'2019-09-23','AN','2019-09-24','AN','test','APPROVED',NULL,NULL,'Applied Leave Duration1.0 is less than Maximum Duration2 permitted for WL','321','2019-09-23 10:42:01','need n2','Y','322','N2-APPROVED','2019-09-23 10:42:24','tt','N',NULL,'1',NULL,'Y','323','2019-09-23 10:06:34','322','2019-09-23 10:42:24','2019-09-23','N1-APPROVED'),(132,'LA-100199-CL','323','1',NULL,'2019-09-23','FN','2019-09-23','AN','tt','N1-APPROVAL-PENDING',NULL,NULL,'Applied Leave Duration0.5 is less than Minimum Duration1 permitted for CL','321',NULL,NULL,NULL,'322',NULL,NULL,NULL,'N',NULL,'1',NULL,'Y','323','2019-09-23 10:08:26','323','2019-09-23 10:08:26','2019-09-23',NULL),(133,'LA-100200-CL','323','1',NULL,'2019-09-20','FN','2019-09-20','AN','test','N1-APPROVAL-PENDING',NULL,NULL,'Applied Leave Duration0.5 is less than Minimum Duration1 permitted for CL',NULL,NULL,NULL,NULL,NULL,NULL,NULL,NULL,'N',NULL,'1',NULL,'Y','323','2019-09-23 10:17:20','323','2019-09-23 10:17:20','2019-09-23',NULL),(134,'LA-100201-CL','323','1',NULL,'2019-09-20','FN','2019-09-20','AN','test','N1-APPROVAL-PENDING',NULL,NULL,'Applied Leave Duration0.5 is less than Minimum Duration1 permitted for CL',NULL,NULL,NULL,NULL,NULL,NULL,NULL,NULL,'N',NULL,'1',NULL,'Y','323','2019-09-23 10:27:39','323','2019-09-23 10:27:40','2019-09-23',NULL),(135,'LA-100202-CL','323','1',NULL,'2019-09-20','FN','2019-09-20','AN','test','N1-APPROVAL-PENDING',NULL,NULL,'Applied Leave Duration0.5 is less than Minimum Duration1 permitted for CL',NULL,NULL,NULL,NULL,NULL,NULL,NULL,NULL,'N',NULL,'1',NULL,'Y','323','2019-09-23 10:28:39','323','2019-09-23 10:28:40','2019-09-23',NULL),(136,'LA-100203-CL','323','1',NULL,'2019-09-20','FN','2019-09-20','AN','test','N1-APPROVAL-PENDING',NULL,NULL,'Applied Leave Duration0.5 is less than Minimum Duration1 permitted for CL',NULL,NULL,NULL,NULL,NULL,NULL,NULL,NULL,'N',NULL,'1',NULL,'Y','323','2019-09-23 10:29:49','323','2019-09-23 10:29:49','2019-09-23',NULL),(137,'LA-100204-CL','323','1',NULL,'2019-09-20','FN','2019-09-20','AN','test','N1-APPROVAL-PENDING',NULL,NULL,'Applied Leave Duration0.5 is less than Minimum Duration1 permitted for CL',NULL,NULL,NULL,NULL,NULL,NULL,NULL,NULL,'N',NULL,'1',NULL,'Y','323','2019-09-23 10:32:18','323','2019-09-23 10:32:18','2019-09-23',NULL),(138,'LA-100205-CL','323','1',NULL,'2019-09-20','FN','2019-09-20','AN','test','N1-APPROVAL-PENDING',NULL,NULL,'Applied Leave Duration0.5 is less than Minimum Duration1 permitted for CL',NULL,NULL,NULL,NULL,NULL,NULL,NULL,NULL,'N',NULL,'1',NULL,'Y','323','2019-09-23 10:32:49','323','2019-09-23 10:32:49','2019-09-23',NULL),(139,'LA-100206-CL','323','1',NULL,'2019-09-20','FN','2019-09-20','AN','test','N1-APPROVAL-PENDING',NULL,NULL,'Applied Leave Duration0.5 is less than Minimum Duration1 permitted for CL',NULL,NULL,NULL,NULL,NULL,NULL,NULL,NULL,'N',NULL,'1',NULL,'Y','323','2019-09-23 10:35:10','323','2019-09-23 10:35:11','2019-09-23',NULL),(140,'LA-100207-CL','323','1',NULL,'2019-09-20','FN','2019-09-20','AN','test','N1-APPROVAL-PENDING',NULL,NULL,'Applied Leave Duration0.5 is less than Minimum Duration1 permitted for CL',NULL,NULL,NULL,NULL,NULL,NULL,NULL,NULL,'N',NULL,'1',NULL,'Y','323','2019-09-23 10:35:35','323','2019-09-23 10:35:35','2019-09-23',NULL),(141,'LA-100208-CL','323','1',NULL,'2019-09-23','FN','2019-09-23','AN','tt','N1-APPROVAL-PENDING',NULL,NULL,'Applied Leave Duration0.5 is less than Minimum Duration1 permitted for CL','321',NULL,NULL,NULL,'322',NULL,NULL,NULL,'N',NULL,'1',NULL,'Y','323','2019-09-23 10:40:29','323','2019-09-23 10:40:29','2019-09-23',NULL);
/*!40000 ALTER TABLE `t_emp_leave_appln` ENABLE KEYS */;
UNLOCK TABLES;

--
-- Table structure for table `t_emp_location`
--

DROP TABLE IF EXISTS `t_emp_location`;
/*!40101 SET @saved_cs_client     = @@character_set_client */;
/*!40101 SET character_set_client = utf8 */;
CREATE TABLE `t_emp_location` (
  `id` int(11) NOT NULL AUTO_INCREMENT,
  `app_token` varchar(1000) DEFAULT NULL,
  `app_client_id` varchar(100) DEFAULT NULL,
  `employee_id` varchar(100) DEFAULT NULL,
  `employee_code` varchar(100) DEFAULT NULL,
  `employee_first_name` varchar(100) DEFAULT NULL,
  `employee_last_name` varchar(100) DEFAULT NULL,
  `date_time` varchar(100) DEFAULT NULL,
  `city` varchar(100) DEFAULT NULL,
  `state` varchar(100) DEFAULT NULL,
  `country` varchar(100) DEFAULT NULL,
  `latitude` varchar(100) DEFAULT NULL,
  `longitude` varchar(100) DEFAULT NULL,
  `location_status` varchar(100) DEFAULT NULL,
  `remarks` varchar(100) DEFAULT NULL,
  `proxy_employee_id` varchar(100) DEFAULT NULL,
  `proxy_employee_code` varchar(100) DEFAULT NULL,
  `proxy_employee_first_name` varchar(100) DEFAULT NULL,
  `proxy_employee_last_name` varchar(100) DEFAULT NULL,
  `processing_status` varchar(100) DEFAULT NULL,
  `processing_remarks` varchar(100) DEFAULT NULL,
  PRIMARY KEY (`id`)
) ENGINE=InnoDB AUTO_INCREMENT=298 DEFAULT CHARSET=latin1;
/*!40101 SET character_set_client = @saved_cs_client */;

--
-- Dumping data for table `t_emp_location`
--

LOCK TABLES `t_emp_location` WRITE;
/*!40000 ALTER TABLE `t_emp_location` DISABLE KEYS */;
INSERT INTO `t_emp_location` VALUES (22,'f01eff6b-053f-436b-bb34-dd4ea371232d','podhigai-power','4','1008','Priya',NULL,'2018-12-12 12:57:38',NULL,NULL,NULL,'13.0578',NULL,'Created',NULL,NULL,NULL,NULL,NULL,NULL,NULL),(23,'3908ed96-c6c5-4d1b-a32a-de9ea8cb810a','pothigai-power','4','1008','Priya',NULL,'2019-03-22 04:27:17','Chennai','Tamil Nadu','India','12.8631301','80.0802071','Created',NULL,NULL,NULL,NULL,NULL,NULL,NULL),(24,'f01eff6b-053f-436b-bb34-dd4ea371232d','podhigai-power','4','1008','Priya',NULL,'2018-12-12 12:58:38',NULL,NULL,NULL,'13.0578',NULL,'Created',NULL,NULL,NULL,NULL,NULL,NULL,NULL),(25,'3908ed96-c6c5-4d1b-a32a-de9ea8cb810a','pothigai-power','4','1008','Priya',NULL,'2019-03-22 04:27:25','Chennai','Tamil Nadu','India','12.8631301','80.0802071','Created',NULL,NULL,NULL,NULL,NULL,NULL,NULL),(26,'f01eff6b-053f-436b-bb34-dd4ea371232d','podhigai-power','4','1008','Priya',NULL,'2018-12-12 01:12:49',NULL,'Batha','Chad','13.0578','18.0580','Created',NULL,NULL,NULL,NULL,NULL,NULL,NULL),(27,'3f3b4207-3491-4b5b-b6e0-c1066035fb6d','pothigai-power','3','101','Arun',NULL,'2018-12-19 03:05:37','Chennai','Tamil Nadu','India','12.9654322','80.212377','Created',NULL,NULL,NULL,NULL,NULL,NULL,NULL),(28,'f01eff6b-053f-436b-bb34-dd4ea371232d','podhigai-power','4','1008','Priya',NULL,'2018-12-12 01:12:56',NULL,'Batha','Chad','13.0578','18.0580','Created',NULL,NULL,NULL,NULL,NULL,NULL,NULL),(29,'f01eff6b-053f-436b-bb34-dd4ea371232d','podhigai-power','4','1008','Priya',NULL,'2018-12-12 01:12:59',NULL,'Batha','Chad','13.0578','18.0580','Created',NULL,NULL,NULL,NULL,NULL,NULL,NULL),(30,'f01eff6b-053f-436b-bb34-dd4ea371232d','podhigai-power','4','1008','Priya',NULL,'2018-12-12 01:13:03',NULL,'Batha','Chad','13.0578','18.0580','Created',NULL,NULL,NULL,NULL,NULL,NULL,NULL),(31,'1d640412-0e33-4838-a079-b49ddbb4a4f4','pothigai-power','3','101','Arun',NULL,'2018-12-19 03:10:44','Chennai','Tamil Nadu','India','12.9653705','80.2123082','Created',NULL,NULL,NULL,NULL,NULL,NULL,NULL),(32,'f01eff6b-053f-436b-bb34-dd4ea371232d','podhigai-power','4','1008','Priya',NULL,'2018-12-12 01:13:25',NULL,'Batha','Chad','13.0578','18.0580','Created',NULL,NULL,NULL,NULL,NULL,NULL,NULL),(33,'dcf51746-e4a2-446b-a9b8-d98b4de53e36','pothigai-power','3','101','Arun',NULL,'2018-12-19 03:23:17',NULL,NULL,NULL,NULL,NULL,'Created',NULL,NULL,NULL,NULL,NULL,NULL,NULL),(34,'c3098bda-346b-45a5-9801-10283b272544','pothigai-power','27','1012','Test',NULL,'2019-02-02 05:23:19','Chennai','Tamil Nadu','India','12.9654029','80.2122653','Created',NULL,NULL,NULL,NULL,NULL,NULL,NULL),(35,'be07ce60-c39d-4c1d-b6f0-8a95463c00f5','pothigai-power','3','101','Arun',NULL,'2018-12-19 03:23:41','Chennai','Tamil Nadu','India','12.9654322','80.212377','Created',NULL,NULL,NULL,NULL,NULL,NULL,NULL),(36,'f01eff6b-053f-436b-bb34-dd4ea371232d','podhigai-power','4','1008','Priya',NULL,'2018-12-12 01:14:45',NULL,'Batha','Chad','13.0578','18.0580','Created',NULL,NULL,NULL,NULL,NULL,NULL,NULL),(37,'f01eff6b-053f-436b-bb34-dd4ea371232d','podhigai-power','4','1008','Priya',NULL,'2018-12-12 01:14:49',NULL,'Batha','Chad','13.0578','18.0580','Created',NULL,NULL,NULL,NULL,NULL,NULL,NULL),(38,'f01eff6b-053f-436b-bb34-dd4ea371232d','podhigai-power','4','1008','Priya',NULL,'2018-12-12 01:14:53',NULL,'Batha','Chad','13.0578','18.0580','Created',NULL,NULL,NULL,NULL,NULL,NULL,NULL),(39,'0dcee506-f266-4a79-94f5-6a82ad261e51','pothigai-power','4','1008','Priyadarshini',NULL,'2019-03-26 02:45:12','Chennai','Tamil Nadu','India','12.9653934','80.212253','Created',NULL,NULL,NULL,NULL,NULL,NULL,NULL),(40,'f01eff6b-053f-436b-bb34-dd4ea371232d','podhigai-power','4','1008','Priya',NULL,'2018-12-12 01:15:00',NULL,'Batha','Chad','13.0578','18.0580','Created',NULL,NULL,NULL,NULL,NULL,NULL,NULL),(41,'0dcee506-f266-4a79-94f5-6a82ad261e51','pothigai-power','4','1008','Priyadarshini',NULL,'2019-03-26 02:45:21','Chennai','Tamil Nadu','India','12.9653934','80.212253','Created',NULL,NULL,NULL,NULL,NULL,NULL,NULL),(42,'f01eff6b-053f-436b-bb34-dd4ea371232d','podhigai-power','4','1008','Priya',NULL,'2018-12-12 01:20:20',NULL,'Batha','Chad','13.0578','18.0580','Created',NULL,NULL,NULL,NULL,NULL,NULL,NULL),(43,'f01eff6b-053f-436b-bb34-dd4ea371232d','podhigai-power','4','1008','Priya',NULL,'2018-12-12 01:20:24',NULL,'Batha','Chad','13.0578','18.0580','Created',NULL,NULL,NULL,NULL,NULL,NULL,NULL),(44,'f01eff6b-053f-436b-bb34-dd4ea371232d','podhigai-power','4','1008','Priya',NULL,'2018-12-12 01:20:28',NULL,'Batha','Chad','13.0578','18.0580','Created',NULL,NULL,NULL,NULL,NULL,NULL,NULL),(45,'f01eff6b-053f-436b-bb34-dd4ea371232d','podhigai-power','4','1008','Priya',NULL,'2018-12-12 01:20:31',NULL,'Batha','Chad','13.0578','18.0580','Created',NULL,NULL,NULL,NULL,NULL,NULL,NULL),(46,'f01eff6b-053f-436b-bb34-dd4ea371232d','podhigai-power','4','1008','Priya',NULL,'2018-12-12 01:24:39',NULL,'Batha','Chad','13.0578','18.0580','Created',NULL,NULL,NULL,NULL,NULL,NULL,NULL),(47,'f01eff6b-053f-436b-bb34-dd4ea371232d','podhigai-power','4','1008','Priya',NULL,'2018-12-12 01:24:43',NULL,'Batha','Chad','13.0578','18.0580','Created',NULL,NULL,NULL,NULL,NULL,NULL,NULL),(48,'f01eff6b-053f-436b-bb34-dd4ea371232d','podhigai-power','4','1008','Priya',NULL,'2018-12-12 01:24:47',NULL,'Batha','Chad','13.0578','18.0580','Created',NULL,NULL,NULL,NULL,NULL,NULL,NULL),(49,'f01eff6b-053f-436b-bb34-dd4ea371232d','podhigai-power','4','1008','Priya',NULL,'2018-12-12 01:24:51',NULL,'Batha','Chad','13.0578','18.0580','Created',NULL,NULL,NULL,NULL,NULL,NULL,NULL),(50,'f01eff6b-053f-436b-bb34-dd4ea371232d','podhigai-power','4','1008','Priya',NULL,'2018-12-12 01:24:54',NULL,'Batha','Chad','13.0578','18.0580','Created',NULL,NULL,NULL,NULL,NULL,NULL,NULL),(51,'f01eff6b-053f-436b-bb34-dd4ea371232d','podhigai-power','4','1008','Priya',NULL,'2018-12-12 01:24:58',NULL,'Batha','Chad','13.0578','18.0580','Created',NULL,NULL,NULL,NULL,NULL,NULL,NULL),(52,'f01eff6b-053f-436b-bb34-dd4ea371232d','podhigai-power','4','1008','Priya',NULL,'2018-12-12 01:28:37',NULL,'Batha','Chad','13.0578','18.0580','Created',NULL,NULL,NULL,NULL,NULL,NULL,NULL),(53,'f01eff6b-053f-436b-bb34-dd4ea371232d','podhigai-power','4','1008','Priya',NULL,'2018-12-12 01:28:41',NULL,'Batha','Chad','13.0578','18.0580','Created',NULL,NULL,NULL,NULL,NULL,NULL,NULL),(54,'f01eff6b-053f-436b-bb34-dd4ea371232d','podhigai-power','4','1008','Priya',NULL,'2018-12-12 01:28:44',NULL,'Batha','Chad','13.0578','18.0580','Created',NULL,NULL,NULL,NULL,NULL,NULL,NULL),(55,'f01eff6b-053f-436b-bb34-dd4ea371232d','podhigai-power','4','1008','Priya',NULL,'2018-12-12 01:28:48',NULL,'Batha','Chad','13.0578','18.0580','Created',NULL,NULL,NULL,NULL,NULL,NULL,NULL),(56,'f01eff6b-053f-436b-bb34-dd4ea371232d','podhigai-power','4','1008','Priya',NULL,'2018-12-12 01:28:51',NULL,'Batha','Chad','13.0578','18.0580','Created',NULL,NULL,NULL,NULL,NULL,NULL,NULL),(57,'f01eff6b-053f-436b-bb34-dd4ea371232d','podhigai-power','4','1008','Priya',NULL,'2018-12-12 01:30:16',NULL,'Batha','Chad','13.0578','18.0580','Created',NULL,NULL,NULL,NULL,NULL,NULL,NULL),(58,'f01eff6b-053f-436b-bb34-dd4ea371232d','podhigai-power','4','1008','Priya',NULL,'2018-12-12 01:30:20',NULL,'Batha','Chad','13.0578','18.0580','Created',NULL,NULL,NULL,NULL,NULL,NULL,NULL),(59,'f01eff6b-053f-436b-bb34-dd4ea371232d','podhigai-power','4','1008','Priya',NULL,'2018-12-12 01:30:24',NULL,'Batha','Chad','13.0578','18.0580','Created',NULL,NULL,NULL,NULL,NULL,NULL,NULL),(60,'f01eff6b-053f-436b-bb34-dd4ea371232d','podhigai-power','4','1008','Priya',NULL,'2018-12-12 01:30:28',NULL,'Batha','Chad','13.0578','18.0580','Created',NULL,NULL,NULL,NULL,NULL,NULL,NULL),(61,'a07f18f5-30d2-45ed-8ede-5e2e1f41fc27','pothigai-power','1','99','admin',NULL,'2019-07-15 05:02:09','Chennai','Tamil Nadu','India','12.9700244','80.2183628','Created',NULL,NULL,NULL,NULL,NULL,NULL,NULL),(62,'f01eff6b-053f-436b-bb34-dd4ea371232d','podhigai-power',NULL,NULL,NULL,NULL,NULL,NULL,NULL,NULL,'13.0578','18.0580',NULL,NULL,NULL,NULL,NULL,NULL,NULL,NULL),(63,'a07f18f5-30d2-45ed-8ede-5e2e1f41fc27','pothigai-power','1','99','admin',NULL,'2019-07-15 05:02:09','Chennai','Tamil Nadu','India','12.9700244','80.2183628','Created',NULL,NULL,NULL,NULL,NULL,NULL,NULL),(64,'f01eff6b-053f-436b-bb34-dd4ea371232d','podhigai-power',NULL,NULL,NULL,NULL,NULL,NULL,NULL,NULL,'13.0578','18.0580',NULL,NULL,NULL,NULL,NULL,NULL,NULL,NULL),(65,'a07f18f5-30d2-45ed-8ede-5e2e1f41fc27','pothigai-power','1','99','admin',NULL,'2019-07-15 05:02:23','Chennai','Tamil Nadu','India','12.9700244','80.2183628','Created',NULL,NULL,NULL,NULL,NULL,NULL,NULL),(66,'33af4360-2da9-41be-a282-196afb1f7367','podhigai-power',NULL,NULL,NULL,NULL,NULL,NULL,NULL,NULL,'13.0578','18.0580',NULL,NULL,NULL,NULL,NULL,NULL,NULL,NULL),(67,'ac551bb4-2ae7-4649-84a6-327b6126b323','pothigai-power','1','99','admin',NULL,'2019-07-15 05:17:53','Chennai','Tamil Nadu','India','12.9683294','80.215073','Created',NULL,NULL,NULL,NULL,NULL,NULL,NULL),(68,'33af4360-2da9-41be-a282-196afb1f7367','podhigai-power',NULL,NULL,NULL,NULL,NULL,NULL,NULL,NULL,'13.0578','18.0580',NULL,NULL,NULL,NULL,NULL,NULL,NULL,NULL),(69,'ac551bb4-2ae7-4649-84a6-327b6126b323','pothigai-power','1','99','admin',NULL,'2019-07-15 05:19:35',NULL,NULL,NULL,NULL,NULL,'Created',NULL,NULL,NULL,NULL,NULL,NULL,NULL),(70,'33af4360-2da9-41be-a282-196afb1f7367','podhigai-power',NULL,NULL,NULL,NULL,NULL,NULL,NULL,NULL,'13.0578','18.0580',NULL,NULL,NULL,NULL,NULL,NULL,NULL,NULL),(71,'33af4360-2da9-41be-a282-196afb1f7367','podhigai-power',NULL,NULL,NULL,NULL,NULL,NULL,NULL,NULL,'13.0578','18.0580',NULL,NULL,NULL,NULL,NULL,NULL,NULL,NULL),(72,'33af4360-2da9-41be-a282-196afb1f7367','podhigai-power',NULL,NULL,NULL,NULL,NULL,NULL,NULL,NULL,'13.0578','18.0580',NULL,NULL,NULL,NULL,NULL,NULL,NULL,NULL),(73,'33af4360-2da9-41be-a282-196afb1f7367','podhigai-power',NULL,NULL,NULL,NULL,NULL,NULL,NULL,NULL,'13.0578','18.0580',NULL,NULL,NULL,NULL,NULL,NULL,NULL,NULL),(74,'33af4360-2da9-41be-a282-196afb1f7367','podhigai-power',NULL,NULL,NULL,NULL,NULL,NULL,NULL,NULL,'13.0578','18.0580',NULL,NULL,NULL,NULL,NULL,NULL,NULL,NULL),(75,'33af4360-2da9-41be-a282-196afb1f7367','podhigai-power',NULL,NULL,NULL,NULL,NULL,NULL,NULL,NULL,'13.0578','18.0580',NULL,NULL,NULL,NULL,NULL,NULL,NULL,NULL),(76,'d77f6b9a-4d01-47d4-88db-7da053c2ab05','podhigai-power',NULL,NULL,NULL,NULL,NULL,NULL,NULL,NULL,'13.0558','8.0258',NULL,NULL,NULL,NULL,NULL,NULL,NULL,NULL),(77,'d77f6b9a-4d01-47d4-88db-7da053c2ab05','podhigai-power',NULL,NULL,NULL,NULL,NULL,NULL,NULL,NULL,'13.0558','8.0258',NULL,NULL,NULL,NULL,NULL,NULL,NULL,NULL),(78,'d77f6b9a-4d01-47d4-88db-7da053c2ab05','podhigai-power',NULL,NULL,NULL,NULL,NULL,NULL,NULL,NULL,'13.0558','8.0258',NULL,NULL,NULL,NULL,NULL,NULL,NULL,NULL),(79,NULL,NULL,NULL,NULL,NULL,NULL,NULL,NULL,NULL,NULL,NULL,NULL,NULL,NULL,NULL,NULL,NULL,NULL,NULL,NULL),(80,NULL,NULL,NULL,NULL,NULL,NULL,NULL,NULL,NULL,NULL,NULL,NULL,NULL,NULL,NULL,NULL,NULL,NULL,NULL,NULL),(81,NULL,NULL,NULL,NULL,NULL,NULL,NULL,NULL,NULL,NULL,NULL,NULL,NULL,NULL,NULL,NULL,NULL,NULL,NULL,NULL),(82,'61cd9018-202c-490b-b285-74476877ee26',NULL,NULL,NULL,NULL,NULL,NULL,NULL,NULL,NULL,NULL,NULL,NULL,NULL,NULL,NULL,NULL,NULL,NULL,NULL),(83,'61cd9018-202c-490b-b285-74476877ee26',NULL,NULL,NULL,NULL,NULL,NULL,NULL,NULL,NULL,NULL,NULL,NULL,NULL,NULL,NULL,NULL,NULL,NULL,NULL),(84,'61cd9018-202c-490b-b285-74476877ee26',NULL,NULL,NULL,NULL,NULL,NULL,NULL,NULL,NULL,NULL,NULL,NULL,NULL,NULL,NULL,NULL,NULL,NULL,NULL),(85,'61cd9018-202c-490b-b285-74476877ee26',NULL,NULL,NULL,NULL,NULL,NULL,NULL,NULL,NULL,NULL,NULL,NULL,NULL,NULL,NULL,NULL,NULL,NULL,NULL),(86,'b21f99bb-0b19-4475-8b66-bdbddabb83a1','pothigai-power','4','1008','Priya',NULL,'2018-12-18 08:40:41','Chennai','Tamil Nadu','India','13.0399671','80.1953155','Created',NULL,NULL,NULL,NULL,NULL,NULL,NULL),(87,'b21f99bb-0b19-4475-8b66-bdbddabb83a1','pothigai-power','4','1008','Priya',NULL,'2018-12-18 08:40:45','Chennai','Tamil Nadu','India','13.0399671','80.1953155','Created',NULL,NULL,NULL,NULL,NULL,NULL,NULL),(88,'b21f99bb-0b19-4475-8b66-bdbddabb83a1','pothigai-power','4','1008','Priya',NULL,'2018-12-18 08:40:46','Chennai','Tamil Nadu','India','13.0399671','80.1953155','Created',NULL,NULL,NULL,NULL,NULL,NULL,NULL),(89,'b21f99bb-0b19-4475-8b66-bdbddabb83a1','pothigai-power','4','1008','Priya',NULL,'2018-12-18 08:40:57','Chennai','Tamil Nadu','India','13.0399968','80.1952831','Created',NULL,NULL,NULL,NULL,NULL,NULL,NULL),(90,'c438ba24-afd1-4117-b149-78184804b419','pothigai-power','4','1008','Priya',NULL,'2018-12-19 12:13:09',NULL,NULL,NULL,NULL,NULL,'Created',NULL,NULL,NULL,NULL,NULL,NULL,NULL),(91,'c438ba24-afd1-4117-b149-78184804b419','pothigai-power','4','1008','Priya',NULL,'2018-12-19 12:13:46','Chennai','Tamil Nadu','India','12.9653745','80.2123095','Created',NULL,NULL,NULL,NULL,NULL,NULL,NULL),(92,'c438ba24-afd1-4117-b149-78184804b419','pothigai-power','4','1008','Priya',NULL,'2018-12-19 12:13:56','Chennai','Tamil Nadu','India','12.9653747','80.2123098','Created',NULL,NULL,NULL,NULL,NULL,NULL,NULL),(93,'c438ba24-afd1-4117-b149-78184804b419',NULL,NULL,NULL,NULL,NULL,NULL,NULL,NULL,NULL,'12.9655','80.2121',NULL,NULL,NULL,NULL,NULL,NULL,NULL,NULL),(97,'c438ba24-afd1-4117-b149-78184804b419',NULL,NULL,NULL,NULL,NULL,NULL,NULL,NULL,NULL,'12.9655','80.2121',NULL,NULL,NULL,NULL,NULL,NULL,NULL,NULL),(98,NULL,NULL,NULL,NULL,NULL,NULL,NULL,NULL,NULL,NULL,'12.9655','80.2121',NULL,NULL,NULL,NULL,NULL,NULL,NULL,NULL),(99,NULL,NULL,NULL,NULL,NULL,NULL,NULL,NULL,NULL,NULL,'12.9655','80.2121',NULL,NULL,NULL,NULL,NULL,NULL,NULL,NULL),(100,'b443a807-8450-47e4-a6f4-cd120cb02a8d','pothigai-power','3','101','Arun',NULL,'2018-12-19 03:33:21','Chennai','Tamil Nadu','India','12.9653746','80.2123097','Created',NULL,NULL,NULL,NULL,NULL,NULL,NULL),(101,NULL,NULL,NULL,NULL,NULL,NULL,NULL,NULL,NULL,NULL,'12.9655','80.2121',NULL,NULL,NULL,NULL,NULL,NULL,NULL,NULL),(102,'d63f7df7-0e8d-4f5d-bc3a-b6d17b55b5db','pothigai-power','3','101','Arun',NULL,'2018-12-19 03:59:42','Chennai','Tamil Nadu','India','12.9653735','80.2123083','Created',NULL,NULL,NULL,NULL,NULL,NULL,NULL),(103,'b6b917f4-5517-4c2d-bebf-f476cd4dbee8','pothigai-power','2','100','Dinesh',NULL,'2018-12-19 04:24:43',NULL,NULL,NULL,NULL,NULL,'Created',NULL,NULL,NULL,NULL,NULL,NULL,NULL),(105,NULL,NULL,NULL,NULL,NULL,NULL,NULL,NULL,NULL,NULL,'12.9655','80.2121',NULL,NULL,NULL,NULL,NULL,NULL,NULL,NULL),(106,NULL,NULL,NULL,NULL,NULL,NULL,NULL,NULL,NULL,NULL,'12.9655','80.2121',NULL,NULL,NULL,NULL,NULL,NULL,NULL,NULL),(108,'ee725bb8-b46f-4480-987b-88759ebbed92','pothigai-power','4','1008','Priya',NULL,'2018-12-19 04:47:36',NULL,NULL,NULL,NULL,NULL,'Created',NULL,NULL,NULL,NULL,NULL,NULL,NULL),(109,'ee725bb8-b46f-4480-987b-88759ebbed92','pothigai-power','4','1008','Priya',NULL,'2018-12-19 04:48:23','Chennai','Tamil Nadu','India','12.9654045','80.2123409','Created',NULL,NULL,NULL,NULL,NULL,NULL,NULL),(110,NULL,NULL,NULL,NULL,NULL,NULL,NULL,NULL,NULL,NULL,'12.9655','80.2121',NULL,NULL,NULL,NULL,NULL,NULL,NULL,NULL),(111,NULL,NULL,NULL,NULL,NULL,NULL,NULL,NULL,NULL,NULL,'12.9655','80.2121',NULL,NULL,NULL,NULL,NULL,NULL,NULL,NULL),(112,NULL,NULL,NULL,NULL,NULL,NULL,NULL,NULL,NULL,NULL,'12.9655','80.2121',NULL,NULL,NULL,NULL,NULL,NULL,NULL,NULL),(113,NULL,NULL,NULL,NULL,NULL,NULL,NULL,NULL,NULL,NULL,'12.9655','80.2121',NULL,NULL,NULL,NULL,NULL,NULL,NULL,NULL),(114,NULL,NULL,NULL,NULL,NULL,NULL,NULL,NULL,NULL,NULL,'12.9655','80.2121',NULL,NULL,NULL,NULL,NULL,NULL,NULL,NULL),(115,NULL,NULL,NULL,NULL,NULL,NULL,NULL,NULL,NULL,NULL,'12.9655','80.2121',NULL,NULL,NULL,NULL,NULL,NULL,NULL,NULL),(116,NULL,NULL,NULL,NULL,NULL,NULL,NULL,NULL,NULL,NULL,'12.9655','80.2121',NULL,NULL,NULL,NULL,NULL,NULL,NULL,NULL),(117,NULL,NULL,NULL,NULL,NULL,NULL,NULL,NULL,NULL,NULL,'12.9655','80.2121',NULL,NULL,NULL,NULL,NULL,NULL,NULL,NULL),(118,NULL,NULL,NULL,NULL,NULL,NULL,NULL,NULL,NULL,NULL,'12.9655','80.2121',NULL,NULL,NULL,NULL,NULL,NULL,NULL,NULL),(119,NULL,NULL,NULL,NULL,NULL,NULL,NULL,NULL,NULL,NULL,'12.9655','80.2121',NULL,NULL,NULL,NULL,NULL,NULL,NULL,NULL),(120,NULL,NULL,NULL,NULL,NULL,NULL,NULL,NULL,NULL,NULL,'12.9655','80.2121',NULL,NULL,NULL,NULL,NULL,NULL,NULL,NULL),(121,NULL,NULL,NULL,NULL,NULL,NULL,NULL,NULL,NULL,NULL,'12.9655','80.2121',NULL,NULL,NULL,NULL,NULL,NULL,NULL,NULL),(122,NULL,NULL,NULL,NULL,NULL,NULL,NULL,NULL,NULL,NULL,'12.9655','80.2121',NULL,NULL,NULL,NULL,NULL,NULL,NULL,NULL),(123,NULL,NULL,NULL,NULL,NULL,NULL,NULL,NULL,NULL,NULL,'12.9655','80.2121',NULL,NULL,NULL,NULL,NULL,NULL,NULL,NULL),(124,NULL,NULL,NULL,NULL,NULL,NULL,NULL,NULL,NULL,NULL,'12.9655','80.2121',NULL,NULL,NULL,NULL,NULL,NULL,NULL,NULL),(125,NULL,NULL,NULL,NULL,NULL,NULL,NULL,NULL,NULL,NULL,'12.9655','80.2121',NULL,NULL,NULL,NULL,NULL,NULL,NULL,NULL),(126,NULL,NULL,NULL,NULL,NULL,NULL,NULL,NULL,NULL,NULL,'12.9655','80.2121',NULL,NULL,NULL,NULL,NULL,NULL,NULL,NULL),(127,NULL,NULL,NULL,NULL,NULL,NULL,NULL,NULL,NULL,NULL,'12.9655','80.2121',NULL,NULL,NULL,NULL,NULL,NULL,NULL,NULL),(128,NULL,NULL,NULL,NULL,NULL,NULL,NULL,NULL,NULL,NULL,'12.9655','80.2121',NULL,NULL,NULL,NULL,NULL,NULL,NULL,NULL),(129,NULL,NULL,NULL,NULL,NULL,NULL,NULL,NULL,NULL,NULL,'12.9655','80.2121',NULL,NULL,NULL,NULL,NULL,NULL,NULL,NULL),(130,NULL,NULL,NULL,NULL,NULL,NULL,NULL,NULL,NULL,NULL,'12.9655','80.2121',NULL,NULL,NULL,NULL,NULL,NULL,NULL,NULL),(131,NULL,NULL,NULL,NULL,NULL,NULL,NULL,NULL,NULL,NULL,'12.9655','80.2121',NULL,NULL,NULL,NULL,NULL,NULL,NULL,NULL),(132,NULL,NULL,NULL,NULL,NULL,NULL,NULL,NULL,NULL,NULL,'12.9655','80.2121',NULL,NULL,NULL,NULL,NULL,NULL,NULL,NULL),(133,NULL,NULL,NULL,NULL,NULL,NULL,NULL,NULL,NULL,NULL,'12.9655','80.2121',NULL,NULL,NULL,NULL,NULL,NULL,NULL,NULL),(134,NULL,NULL,NULL,NULL,NULL,NULL,NULL,NULL,NULL,NULL,'12.9655','80.2121',NULL,NULL,NULL,NULL,NULL,NULL,NULL,NULL),(135,NULL,NULL,NULL,NULL,NULL,NULL,NULL,NULL,NULL,NULL,'12.9655','80.2121',NULL,NULL,NULL,NULL,NULL,NULL,NULL,NULL),(136,'56285900-1a41-4be6-b71d-e28f295934b0','pothigai-power','2','100','Dinesh',NULL,'2019-01-09 01:57:35','Chennai','Tamil Nadu','India','12.9648213','80.1943196','Created',NULL,NULL,NULL,NULL,NULL,NULL,NULL),(138,NULL,NULL,NULL,NULL,NULL,NULL,NULL,NULL,NULL,NULL,'12.9655','80.2121',NULL,NULL,NULL,NULL,NULL,NULL,NULL,NULL),(139,NULL,NULL,NULL,NULL,NULL,NULL,NULL,NULL,NULL,NULL,'12.9655','80.2121',NULL,NULL,NULL,NULL,NULL,NULL,NULL,NULL),(140,NULL,NULL,NULL,NULL,NULL,NULL,NULL,NULL,NULL,NULL,'12.9655','80.2121',NULL,NULL,NULL,NULL,NULL,NULL,NULL,NULL),(141,NULL,NULL,NULL,NULL,NULL,NULL,NULL,NULL,NULL,NULL,'12.9655','80.2121',NULL,NULL,NULL,NULL,NULL,NULL,NULL,NULL),(142,NULL,NULL,NULL,NULL,NULL,NULL,NULL,NULL,NULL,NULL,'12.9655','80.2121',NULL,NULL,NULL,NULL,NULL,NULL,NULL,NULL),(143,NULL,NULL,NULL,NULL,NULL,NULL,NULL,NULL,NULL,NULL,'12.9655','80.2121',NULL,NULL,NULL,NULL,NULL,NULL,NULL,NULL),(144,'a9c8aac4-c80a-4b3a-a024-5e440d3e7d9f','pothigai-power','4','1008','Priya',NULL,'2019-01-15 08:36:48',NULL,NULL,NULL,NULL,NULL,'Created',NULL,NULL,NULL,NULL,NULL,NULL,NULL),(145,NULL,NULL,NULL,NULL,NULL,NULL,NULL,NULL,NULL,NULL,'12.9655','80.2121',NULL,NULL,NULL,NULL,NULL,NULL,NULL,NULL),(146,NULL,NULL,NULL,NULL,NULL,NULL,NULL,NULL,NULL,NULL,'12.9655','80.2121',NULL,NULL,NULL,NULL,NULL,NULL,NULL,NULL),(147,NULL,NULL,NULL,NULL,NULL,NULL,NULL,NULL,NULL,NULL,'12.9655','80.2121',NULL,NULL,NULL,NULL,NULL,NULL,NULL,NULL),(148,'e39d7653-247a-458b-a8b2-222d1085fea6','pothigai-power','3','101','Arun',NULL,'2019-01-18 06:00:47','Chennai','Tamil Nadu','India','12.8643827','80.0774993','Created',NULL,NULL,NULL,NULL,NULL,NULL,NULL),(149,NULL,NULL,NULL,NULL,NULL,NULL,NULL,NULL,NULL,NULL,'12.9655','80.2121',NULL,NULL,NULL,NULL,NULL,NULL,NULL,NULL),(150,NULL,NULL,NULL,NULL,NULL,NULL,NULL,NULL,NULL,NULL,'12.9655','80.2121',NULL,NULL,NULL,NULL,NULL,NULL,NULL,NULL),(151,NULL,NULL,NULL,NULL,NULL,NULL,NULL,NULL,NULL,NULL,'12.9655','80.2121',NULL,NULL,NULL,NULL,NULL,NULL,NULL,NULL),(152,NULL,NULL,NULL,NULL,NULL,NULL,NULL,NULL,NULL,NULL,'12.9655','80.2121',NULL,NULL,NULL,NULL,NULL,NULL,NULL,NULL),(153,NULL,NULL,NULL,NULL,NULL,NULL,NULL,NULL,NULL,NULL,'12.9655','80.2121',NULL,NULL,NULL,NULL,NULL,NULL,NULL,NULL),(154,NULL,NULL,NULL,NULL,NULL,NULL,NULL,NULL,NULL,NULL,'12.9655','80.2121',NULL,NULL,NULL,NULL,NULL,NULL,NULL,NULL),(155,NULL,NULL,NULL,NULL,NULL,NULL,NULL,NULL,NULL,NULL,'12.9655','80.2121',NULL,NULL,NULL,NULL,NULL,NULL,NULL,NULL),(156,'fdf774b1-bee0-42ca-afe3-f09059f7838e','pothigai-power','4','1008','Priya',NULL,'2019-01-25 03:52:14',NULL,NULL,NULL,NULL,NULL,'Created',NULL,NULL,NULL,NULL,NULL,NULL,NULL),(157,'fdf774b1-bee0-42ca-afe3-f09059f7838e','pothigai-power','4','1008','Priya',NULL,'2019-01-25 03:52:14',NULL,NULL,NULL,NULL,NULL,'Created',NULL,NULL,NULL,NULL,NULL,NULL,NULL),(158,'fdf774b1-bee0-42ca-afe3-f09059f7838e','pothigai-power','4','1008','Priya',NULL,'2019-01-25 03:52:36',NULL,NULL,NULL,NULL,NULL,'Created',NULL,NULL,NULL,NULL,NULL,NULL,NULL),(159,'fdf774b1-bee0-42ca-afe3-f09059f7838e','pothigai-power','4','1008','Priya',NULL,'2019-01-25 03:52:41',NULL,NULL,NULL,NULL,NULL,'Created',NULL,NULL,NULL,NULL,NULL,NULL,NULL),(160,'87ac6763-3108-43e7-82c8-e3ff65c5742c','pothigai-power','23','1009','Sundar',NULL,'2019-01-25 03:54:36',NULL,NULL,NULL,NULL,NULL,'Created',NULL,NULL,NULL,NULL,NULL,NULL,NULL),(161,NULL,NULL,NULL,NULL,NULL,NULL,NULL,NULL,NULL,NULL,'12.9655','80.2121',NULL,NULL,NULL,NULL,NULL,NULL,NULL,NULL),(162,NULL,NULL,NULL,NULL,NULL,NULL,NULL,NULL,NULL,NULL,'12.9655','80.2121',NULL,NULL,NULL,NULL,NULL,NULL,NULL,NULL),(163,NULL,NULL,NULL,NULL,NULL,NULL,NULL,NULL,NULL,NULL,'12.9655','80.2121',NULL,NULL,NULL,NULL,NULL,NULL,NULL,NULL),(164,NULL,NULL,NULL,NULL,NULL,NULL,NULL,NULL,NULL,NULL,'12.9655','80.2121',NULL,NULL,NULL,NULL,NULL,NULL,NULL,NULL),(165,NULL,NULL,NULL,NULL,NULL,NULL,NULL,NULL,NULL,NULL,'12.9655','80.2121',NULL,NULL,NULL,NULL,NULL,NULL,NULL,NULL),(166,NULL,NULL,NULL,NULL,NULL,NULL,NULL,NULL,NULL,NULL,'12.9655','80.2121',NULL,NULL,NULL,NULL,NULL,NULL,NULL,NULL),(167,NULL,NULL,NULL,NULL,NULL,NULL,NULL,NULL,NULL,NULL,'12.9655','80.2121',NULL,NULL,NULL,NULL,NULL,NULL,NULL,NULL),(168,NULL,NULL,NULL,NULL,NULL,NULL,NULL,NULL,NULL,NULL,'12.9655','80.2121',NULL,NULL,NULL,NULL,NULL,NULL,NULL,NULL),(169,NULL,NULL,NULL,NULL,NULL,NULL,NULL,NULL,NULL,NULL,'12.9655','80.2121',NULL,NULL,NULL,NULL,NULL,NULL,NULL,NULL),(170,NULL,NULL,NULL,NULL,NULL,NULL,NULL,NULL,NULL,NULL,'12.9655','80.2121',NULL,NULL,NULL,NULL,NULL,NULL,NULL,NULL),(171,NULL,NULL,NULL,NULL,NULL,NULL,NULL,NULL,NULL,NULL,'12.9655','80.2121',NULL,NULL,NULL,NULL,NULL,NULL,NULL,NULL),(172,NULL,NULL,NULL,NULL,NULL,NULL,NULL,NULL,NULL,NULL,'12.9655','80.2121',NULL,NULL,NULL,NULL,NULL,NULL,NULL,NULL),(173,NULL,NULL,NULL,NULL,NULL,NULL,NULL,NULL,NULL,NULL,'12.9655','80.2121',NULL,NULL,NULL,NULL,NULL,NULL,NULL,NULL),(174,NULL,NULL,NULL,NULL,NULL,NULL,NULL,NULL,NULL,NULL,'12.9655','80.2121',NULL,NULL,NULL,NULL,NULL,NULL,NULL,NULL),(175,NULL,NULL,NULL,NULL,NULL,NULL,NULL,NULL,NULL,NULL,'12.9655','80.2121',NULL,NULL,NULL,NULL,NULL,NULL,NULL,NULL),(176,NULL,NULL,NULL,NULL,NULL,NULL,NULL,NULL,NULL,NULL,'12.9655','80.2121',NULL,NULL,NULL,NULL,NULL,NULL,NULL,NULL),(177,NULL,NULL,NULL,NULL,NULL,NULL,NULL,NULL,NULL,NULL,'12.9655','80.2121',NULL,NULL,NULL,NULL,NULL,NULL,NULL,NULL),(178,NULL,NULL,NULL,NULL,NULL,NULL,NULL,NULL,NULL,NULL,'12.9655','80.2121',NULL,NULL,NULL,NULL,NULL,NULL,NULL,NULL),(179,NULL,NULL,NULL,NULL,NULL,NULL,NULL,NULL,NULL,NULL,'12.9655','80.2121',NULL,NULL,NULL,NULL,NULL,NULL,NULL,NULL),(180,NULL,NULL,NULL,NULL,NULL,NULL,NULL,NULL,NULL,NULL,'12.9655','80.2121',NULL,NULL,NULL,NULL,NULL,NULL,NULL,NULL),(181,NULL,NULL,NULL,NULL,NULL,NULL,NULL,NULL,NULL,NULL,'12.9655','80.2121',NULL,NULL,NULL,NULL,NULL,NULL,NULL,NULL),(182,NULL,NULL,NULL,NULL,NULL,NULL,NULL,NULL,NULL,NULL,'12.9655','80.2121',NULL,NULL,NULL,NULL,NULL,NULL,NULL,NULL),(183,NULL,NULL,NULL,NULL,NULL,NULL,NULL,NULL,NULL,NULL,'12.9655','80.2121',NULL,NULL,NULL,NULL,NULL,NULL,NULL,NULL),(184,NULL,NULL,NULL,NULL,NULL,NULL,NULL,NULL,NULL,NULL,'12.9655','80.2121',NULL,NULL,NULL,NULL,NULL,NULL,NULL,NULL),(185,NULL,NULL,NULL,NULL,NULL,NULL,NULL,NULL,NULL,NULL,'12.9655','80.2121',NULL,NULL,NULL,NULL,NULL,NULL,NULL,NULL),(186,NULL,NULL,NULL,NULL,NULL,NULL,NULL,NULL,NULL,NULL,'12.9655','80.2121',NULL,NULL,NULL,NULL,NULL,NULL,NULL,NULL),(187,NULL,NULL,NULL,NULL,NULL,NULL,NULL,NULL,NULL,NULL,'12.9655','80.2121',NULL,NULL,NULL,NULL,NULL,NULL,NULL,NULL),(188,NULL,NULL,NULL,NULL,NULL,NULL,NULL,NULL,NULL,NULL,'12.9655','80.2121',NULL,NULL,NULL,NULL,NULL,NULL,NULL,NULL),(189,NULL,NULL,NULL,NULL,NULL,NULL,NULL,NULL,NULL,NULL,'12.9655','80.2121',NULL,NULL,NULL,NULL,NULL,NULL,NULL,NULL),(190,NULL,NULL,NULL,NULL,NULL,NULL,NULL,NULL,NULL,NULL,'12.9655','80.2121',NULL,NULL,NULL,NULL,NULL,NULL,NULL,NULL),(191,NULL,NULL,NULL,NULL,NULL,NULL,NULL,NULL,NULL,NULL,'12.9655','80.2121',NULL,NULL,NULL,NULL,NULL,NULL,NULL,NULL),(192,NULL,NULL,NULL,NULL,NULL,NULL,NULL,NULL,NULL,NULL,'12.9655','80.2121',NULL,NULL,NULL,NULL,NULL,NULL,NULL,NULL),(193,NULL,NULL,NULL,NULL,NULL,NULL,NULL,NULL,NULL,NULL,'12.9655','80.2121',NULL,NULL,NULL,NULL,NULL,NULL,NULL,NULL),(194,NULL,NULL,NULL,NULL,NULL,NULL,NULL,NULL,NULL,NULL,'12.9655','80.2121',NULL,NULL,NULL,NULL,NULL,NULL,NULL,NULL),(195,NULL,NULL,NULL,NULL,NULL,NULL,NULL,NULL,NULL,NULL,'12.9655','80.2121',NULL,NULL,NULL,NULL,NULL,NULL,NULL,NULL),(196,NULL,NULL,NULL,NULL,NULL,NULL,NULL,NULL,NULL,NULL,'12.9655','80.2121',NULL,NULL,NULL,NULL,NULL,NULL,NULL,NULL),(197,'e2fc03cf-4091-4ccc-805e-15542b5318b1','pothigai-power','2','1011','Dinesh',NULL,'2019-03-02 03:25:45','Chennai','Tamil Nadu','India','13.0476988','80.2493823','Created',NULL,NULL,NULL,NULL,NULL,NULL,NULL),(199,NULL,NULL,NULL,NULL,NULL,NULL,NULL,NULL,NULL,NULL,'12.9655','80.2121',NULL,NULL,NULL,NULL,NULL,NULL,NULL,NULL),(200,NULL,NULL,NULL,NULL,NULL,NULL,NULL,NULL,NULL,NULL,'12.9655','80.2121',NULL,NULL,NULL,NULL,NULL,NULL,NULL,NULL),(201,NULL,NULL,NULL,NULL,NULL,NULL,NULL,NULL,NULL,NULL,'12.9655','80.2121',NULL,NULL,NULL,NULL,NULL,NULL,NULL,NULL),(202,NULL,NULL,NULL,NULL,NULL,NULL,NULL,NULL,NULL,NULL,'12.9655','80.2121',NULL,NULL,NULL,NULL,NULL,NULL,NULL,NULL),(203,NULL,NULL,NULL,NULL,NULL,NULL,NULL,NULL,NULL,NULL,'12.9655','80.2121',NULL,NULL,NULL,NULL,NULL,NULL,NULL,NULL),(204,NULL,NULL,NULL,NULL,NULL,NULL,NULL,NULL,NULL,NULL,'12.9655','80.2121',NULL,NULL,NULL,NULL,NULL,NULL,NULL,NULL),(205,NULL,NULL,NULL,NULL,NULL,NULL,NULL,NULL,NULL,NULL,'12.9655','80.2121',NULL,NULL,NULL,NULL,NULL,NULL,NULL,NULL),(206,NULL,NULL,NULL,NULL,NULL,NULL,NULL,NULL,NULL,NULL,'12.9655','80.2121',NULL,NULL,NULL,NULL,NULL,NULL,NULL,NULL),(207,NULL,NULL,NULL,NULL,NULL,NULL,NULL,NULL,NULL,NULL,'12.9655','80.2121',NULL,NULL,NULL,NULL,NULL,NULL,NULL,NULL),(208,NULL,NULL,NULL,NULL,NULL,NULL,NULL,NULL,NULL,NULL,'12.9655','80.2121',NULL,NULL,NULL,NULL,NULL,NULL,NULL,NULL),(209,NULL,NULL,NULL,NULL,NULL,NULL,NULL,NULL,NULL,NULL,'12.9655','80.2121',NULL,NULL,NULL,NULL,NULL,NULL,NULL,NULL),(210,NULL,NULL,NULL,NULL,NULL,NULL,NULL,NULL,NULL,NULL,'12.9655','80.2121',NULL,NULL,NULL,NULL,NULL,NULL,NULL,NULL),(211,NULL,NULL,NULL,NULL,NULL,NULL,NULL,NULL,NULL,NULL,'12.9655','80.2121',NULL,NULL,NULL,NULL,NULL,NULL,NULL,NULL),(212,NULL,NULL,NULL,NULL,NULL,NULL,NULL,NULL,NULL,NULL,'12.9655','80.2121',NULL,NULL,NULL,NULL,NULL,NULL,NULL,NULL),(213,NULL,NULL,NULL,NULL,NULL,NULL,NULL,NULL,NULL,NULL,'12.9655','80.2121',NULL,NULL,NULL,NULL,NULL,NULL,NULL,NULL),(214,NULL,NULL,NULL,NULL,NULL,NULL,NULL,NULL,NULL,NULL,'12.9655','80.2121',NULL,NULL,NULL,NULL,NULL,NULL,NULL,NULL),(215,NULL,NULL,NULL,NULL,NULL,NULL,NULL,NULL,NULL,NULL,'12.9655','80.2121',NULL,NULL,NULL,NULL,NULL,NULL,NULL,NULL),(216,NULL,NULL,NULL,NULL,NULL,NULL,NULL,NULL,NULL,NULL,'12.9655','80.2121',NULL,NULL,NULL,NULL,NULL,NULL,NULL,NULL),(217,NULL,NULL,NULL,NULL,NULL,NULL,NULL,NULL,NULL,NULL,'12.9655','80.2121',NULL,NULL,NULL,NULL,NULL,NULL,NULL,NULL),(218,NULL,NULL,NULL,NULL,NULL,NULL,NULL,NULL,NULL,NULL,'12.9655','80.2121',NULL,NULL,NULL,NULL,NULL,NULL,NULL,NULL),(219,NULL,NULL,NULL,NULL,NULL,NULL,NULL,NULL,NULL,NULL,'12.9655','80.2121',NULL,NULL,NULL,NULL,NULL,NULL,NULL,NULL),(220,NULL,NULL,NULL,NULL,NULL,NULL,NULL,NULL,NULL,NULL,'12.9655','80.2121',NULL,NULL,NULL,NULL,NULL,NULL,NULL,NULL),(221,NULL,NULL,NULL,NULL,NULL,NULL,NULL,NULL,NULL,NULL,'12.9655','80.2121',NULL,NULL,NULL,NULL,NULL,NULL,NULL,NULL),(222,NULL,NULL,NULL,NULL,NULL,NULL,NULL,NULL,NULL,NULL,'12.9655','80.2121',NULL,NULL,NULL,NULL,NULL,NULL,NULL,NULL),(223,NULL,NULL,NULL,NULL,NULL,NULL,NULL,NULL,NULL,NULL,'12.9655','80.2121',NULL,NULL,NULL,NULL,NULL,NULL,NULL,NULL),(224,NULL,NULL,NULL,NULL,NULL,NULL,NULL,NULL,NULL,NULL,'12.9655','80.2121',NULL,NULL,NULL,NULL,NULL,NULL,NULL,NULL),(225,NULL,NULL,NULL,NULL,NULL,NULL,NULL,NULL,NULL,NULL,'12.9655','80.2121',NULL,NULL,NULL,NULL,NULL,NULL,NULL,NULL),(226,NULL,NULL,NULL,NULL,NULL,NULL,NULL,NULL,NULL,NULL,'12.9655','80.2121',NULL,NULL,NULL,NULL,NULL,NULL,NULL,NULL),(227,NULL,NULL,NULL,NULL,NULL,NULL,NULL,NULL,NULL,NULL,'12.9655','80.2121',NULL,NULL,NULL,NULL,NULL,NULL,NULL,NULL),(228,NULL,NULL,NULL,NULL,NULL,NULL,NULL,NULL,NULL,NULL,'12.9655','80.2121',NULL,NULL,NULL,NULL,NULL,NULL,NULL,NULL),(229,NULL,NULL,NULL,NULL,NULL,NULL,NULL,NULL,NULL,NULL,'12.9655','80.2121',NULL,NULL,NULL,NULL,NULL,NULL,NULL,NULL),(230,NULL,NULL,NULL,NULL,NULL,NULL,NULL,NULL,NULL,NULL,'12.9655','80.2121',NULL,NULL,NULL,NULL,NULL,NULL,NULL,NULL),(231,NULL,NULL,NULL,NULL,NULL,NULL,NULL,NULL,NULL,NULL,'12.9655','80.2121',NULL,NULL,NULL,NULL,NULL,NULL,NULL,NULL),(232,NULL,NULL,NULL,NULL,NULL,NULL,NULL,NULL,NULL,NULL,'12.9655','80.2121',NULL,NULL,NULL,NULL,NULL,NULL,NULL,NULL),(233,NULL,NULL,NULL,NULL,NULL,NULL,NULL,NULL,NULL,NULL,'12.9655','80.2121',NULL,NULL,NULL,NULL,NULL,NULL,NULL,NULL),(234,NULL,NULL,NULL,NULL,NULL,NULL,NULL,NULL,NULL,NULL,'12.9655','80.2121',NULL,NULL,NULL,NULL,NULL,NULL,NULL,NULL),(235,NULL,NULL,NULL,NULL,NULL,NULL,NULL,NULL,NULL,NULL,'12.9655','80.2121',NULL,NULL,NULL,NULL,NULL,NULL,NULL,NULL),(236,NULL,NULL,NULL,NULL,NULL,NULL,NULL,NULL,NULL,NULL,'12.9655','80.2121',NULL,NULL,NULL,NULL,NULL,NULL,NULL,NULL),(237,NULL,NULL,NULL,NULL,NULL,NULL,NULL,NULL,NULL,NULL,NULL,NULL,NULL,NULL,NULL,NULL,NULL,NULL,NULL,NULL),(238,NULL,NULL,NULL,NULL,NULL,NULL,NULL,NULL,NULL,NULL,NULL,NULL,NULL,NULL,NULL,NULL,NULL,NULL,NULL,NULL),(239,NULL,NULL,NULL,NULL,NULL,NULL,NULL,NULL,NULL,NULL,NULL,NULL,NULL,NULL,NULL,NULL,NULL,NULL,NULL,NULL),(240,NULL,NULL,NULL,NULL,NULL,NULL,NULL,NULL,NULL,NULL,NULL,NULL,NULL,NULL,NULL,NULL,NULL,NULL,NULL,NULL),(241,NULL,NULL,NULL,NULL,NULL,NULL,NULL,NULL,NULL,NULL,NULL,NULL,NULL,NULL,NULL,NULL,NULL,NULL,NULL,NULL),(242,NULL,NULL,NULL,NULL,NULL,NULL,NULL,NULL,NULL,NULL,NULL,NULL,NULL,NULL,NULL,NULL,NULL,NULL,NULL,NULL),(243,NULL,NULL,NULL,NULL,NULL,NULL,NULL,NULL,NULL,NULL,'12.9655','80.2121',NULL,NULL,NULL,NULL,NULL,NULL,NULL,NULL),(244,NULL,NULL,NULL,NULL,NULL,NULL,NULL,NULL,NULL,NULL,'12.9655','80.2121',NULL,NULL,NULL,NULL,NULL,NULL,NULL,NULL),(245,NULL,NULL,NULL,NULL,NULL,NULL,NULL,NULL,NULL,NULL,'12.9655','80.2121',NULL,NULL,NULL,NULL,NULL,NULL,NULL,NULL),(246,NULL,NULL,NULL,NULL,NULL,NULL,NULL,NULL,NULL,NULL,'12.9655','80.2121',NULL,NULL,NULL,NULL,NULL,NULL,NULL,NULL),(247,NULL,NULL,NULL,NULL,NULL,NULL,NULL,NULL,NULL,NULL,'12.9655','80.2121',NULL,NULL,NULL,NULL,NULL,NULL,NULL,NULL),(248,NULL,NULL,NULL,NULL,NULL,NULL,NULL,NULL,NULL,NULL,'12.9655','80.2121',NULL,NULL,NULL,NULL,NULL,NULL,NULL,NULL),(249,NULL,NULL,NULL,NULL,NULL,NULL,NULL,NULL,NULL,NULL,'12.9655','80.2121',NULL,NULL,NULL,NULL,NULL,NULL,NULL,NULL),(250,NULL,NULL,NULL,NULL,NULL,NULL,NULL,NULL,NULL,NULL,'12.9655','80.2121',NULL,NULL,NULL,NULL,NULL,NULL,NULL,NULL),(251,NULL,NULL,NULL,NULL,NULL,NULL,NULL,NULL,NULL,NULL,'12.9655','80.2121',NULL,NULL,NULL,NULL,NULL,NULL,NULL,NULL),(252,NULL,NULL,NULL,NULL,NULL,NULL,NULL,NULL,NULL,NULL,'12.9655','80.2121',NULL,NULL,NULL,NULL,NULL,NULL,NULL,NULL),(253,NULL,NULL,NULL,NULL,NULL,NULL,NULL,NULL,NULL,NULL,'12.9655','80.2121',NULL,NULL,NULL,NULL,NULL,NULL,NULL,NULL),(254,NULL,NULL,NULL,NULL,NULL,NULL,NULL,NULL,NULL,NULL,'12.9655','80.2121',NULL,NULL,NULL,NULL,NULL,NULL,NULL,NULL),(255,NULL,NULL,NULL,NULL,NULL,NULL,NULL,NULL,NULL,NULL,'12.9655','80.2121',NULL,NULL,NULL,NULL,NULL,NULL,NULL,NULL),(256,NULL,NULL,NULL,NULL,NULL,NULL,NULL,NULL,NULL,NULL,'12.9655','80.2121',NULL,NULL,NULL,NULL,NULL,NULL,NULL,NULL),(257,NULL,NULL,NULL,NULL,NULL,NULL,NULL,NULL,NULL,NULL,'12.9655','80.2121',NULL,NULL,NULL,NULL,NULL,NULL,NULL,NULL),(258,NULL,NULL,NULL,NULL,NULL,NULL,NULL,NULL,NULL,NULL,'12.9655','80.2121',NULL,NULL,NULL,NULL,NULL,NULL,NULL,NULL),(259,NULL,NULL,NULL,NULL,NULL,NULL,NULL,NULL,NULL,NULL,NULL,NULL,NULL,NULL,NULL,NULL,NULL,NULL,NULL,NULL),(260,NULL,NULL,NULL,NULL,NULL,NULL,NULL,NULL,NULL,NULL,NULL,NULL,NULL,NULL,NULL,NULL,NULL,NULL,NULL,NULL),(261,NULL,NULL,NULL,NULL,NULL,NULL,NULL,NULL,NULL,NULL,NULL,NULL,NULL,NULL,NULL,NULL,NULL,NULL,NULL,NULL),(262,NULL,NULL,NULL,NULL,NULL,NULL,NULL,NULL,NULL,NULL,NULL,NULL,NULL,NULL,NULL,NULL,NULL,NULL,NULL,NULL),(263,NULL,NULL,NULL,NULL,NULL,NULL,NULL,NULL,NULL,NULL,NULL,NULL,NULL,NULL,NULL,NULL,NULL,NULL,NULL,NULL),(264,NULL,NULL,NULL,NULL,NULL,NULL,NULL,NULL,NULL,NULL,NULL,NULL,NULL,NULL,NULL,NULL,NULL,NULL,NULL,NULL),(265,NULL,NULL,NULL,NULL,NULL,NULL,NULL,NULL,NULL,NULL,NULL,NULL,NULL,NULL,NULL,NULL,NULL,NULL,NULL,NULL),(266,NULL,NULL,NULL,NULL,NULL,NULL,NULL,NULL,NULL,NULL,NULL,NULL,NULL,NULL,NULL,NULL,NULL,NULL,NULL,NULL),(267,NULL,NULL,NULL,NULL,NULL,NULL,NULL,NULL,NULL,NULL,NULL,NULL,NULL,NULL,NULL,NULL,NULL,NULL,NULL,NULL),(268,NULL,NULL,NULL,NULL,NULL,NULL,NULL,NULL,NULL,NULL,NULL,NULL,NULL,NULL,NULL,NULL,NULL,NULL,NULL,NULL),(269,NULL,NULL,NULL,NULL,NULL,NULL,NULL,NULL,NULL,NULL,'12.9655','80.2121',NULL,NULL,NULL,NULL,NULL,NULL,NULL,NULL),(270,NULL,NULL,NULL,NULL,NULL,NULL,NULL,NULL,NULL,NULL,'12.9655','80.2121',NULL,NULL,NULL,NULL,NULL,NULL,NULL,NULL),(271,NULL,NULL,NULL,NULL,NULL,NULL,NULL,NULL,NULL,NULL,'12.9655','80.2121',NULL,NULL,NULL,NULL,NULL,NULL,NULL,NULL),(272,NULL,NULL,NULL,NULL,NULL,NULL,NULL,NULL,NULL,NULL,'12.9655','80.2121',NULL,NULL,NULL,NULL,NULL,NULL,NULL,NULL),(273,NULL,NULL,NULL,NULL,NULL,NULL,NULL,NULL,NULL,NULL,'12.9655','80.2121',NULL,NULL,NULL,NULL,NULL,NULL,NULL,NULL),(274,NULL,NULL,NULL,NULL,NULL,NULL,NULL,NULL,NULL,NULL,'12.9655','80.2121',NULL,NULL,NULL,NULL,NULL,NULL,NULL,NULL),(275,NULL,NULL,NULL,NULL,NULL,NULL,NULL,NULL,NULL,NULL,'12.9655','80.2121',NULL,NULL,NULL,NULL,NULL,NULL,NULL,NULL),(276,NULL,NULL,NULL,NULL,NULL,NULL,NULL,NULL,NULL,NULL,'12.9655','80.2121',NULL,NULL,NULL,NULL,NULL,NULL,NULL,NULL),(277,NULL,NULL,NULL,NULL,NULL,NULL,NULL,NULL,NULL,NULL,'12.9655','80.2121',NULL,NULL,NULL,NULL,NULL,NULL,NULL,NULL),(278,NULL,NULL,NULL,NULL,NULL,NULL,NULL,NULL,NULL,NULL,'12.9655','80.2121',NULL,NULL,NULL,NULL,NULL,NULL,NULL,NULL),(279,NULL,NULL,NULL,NULL,NULL,NULL,NULL,NULL,NULL,NULL,'12.9655','80.2121',NULL,NULL,NULL,NULL,NULL,NULL,NULL,NULL),(280,NULL,NULL,NULL,NULL,NULL,NULL,NULL,NULL,NULL,NULL,'12.9655','80.2121',NULL,NULL,NULL,NULL,NULL,NULL,NULL,NULL),(281,NULL,NULL,NULL,NULL,NULL,NULL,NULL,NULL,NULL,NULL,'12.9655','80.2121',NULL,NULL,NULL,NULL,NULL,NULL,NULL,NULL),(282,NULL,NULL,NULL,NULL,NULL,NULL,NULL,NULL,NULL,NULL,'12.9655','80.2121',NULL,NULL,NULL,NULL,NULL,NULL,NULL,NULL),(283,NULL,NULL,NULL,NULL,NULL,NULL,NULL,NULL,NULL,NULL,'12.9655','80.2121',NULL,NULL,NULL,NULL,NULL,NULL,NULL,NULL),(284,NULL,NULL,NULL,NULL,NULL,NULL,NULL,NULL,NULL,NULL,'12.9655','80.2121',NULL,NULL,NULL,NULL,NULL,NULL,NULL,NULL),(285,NULL,NULL,NULL,NULL,NULL,NULL,NULL,NULL,NULL,NULL,'12.9655','80.2121',NULL,NULL,NULL,NULL,NULL,NULL,NULL,NULL),(286,NULL,NULL,NULL,NULL,NULL,NULL,NULL,NULL,NULL,NULL,'12.9655','80.2121',NULL,NULL,NULL,NULL,NULL,NULL,NULL,NULL),(287,NULL,NULL,NULL,NULL,NULL,NULL,NULL,NULL,NULL,NULL,'12.9655','80.2121',NULL,NULL,NULL,NULL,NULL,NULL,NULL,NULL),(288,NULL,NULL,NULL,NULL,NULL,NULL,NULL,NULL,NULL,NULL,'12.9655','80.2121',NULL,NULL,NULL,NULL,NULL,NULL,NULL,NULL),(289,NULL,NULL,NULL,NULL,NULL,NULL,NULL,NULL,NULL,NULL,'12.9655','80.2121',NULL,NULL,NULL,NULL,NULL,NULL,NULL,NULL),(290,NULL,NULL,NULL,NULL,NULL,NULL,NULL,NULL,NULL,NULL,'12.9655','80.2121',NULL,NULL,NULL,NULL,NULL,NULL,NULL,NULL),(291,NULL,NULL,NULL,NULL,NULL,NULL,NULL,NULL,NULL,NULL,'12.9655','80.2121',NULL,NULL,NULL,NULL,NULL,NULL,NULL,NULL),(292,NULL,NULL,NULL,NULL,NULL,NULL,NULL,NULL,NULL,NULL,'12.9655','80.2121',NULL,NULL,NULL,NULL,NULL,NULL,NULL,NULL),(293,NULL,NULL,NULL,NULL,NULL,NULL,NULL,NULL,NULL,NULL,'12.9655','80.2121',NULL,NULL,NULL,NULL,NULL,NULL,NULL,NULL),(294,NULL,NULL,NULL,NULL,NULL,NULL,NULL,NULL,NULL,NULL,'12.9655','80.2121',NULL,NULL,NULL,NULL,NULL,NULL,NULL,NULL),(295,NULL,NULL,NULL,NULL,NULL,NULL,NULL,NULL,NULL,NULL,'12.9655','80.2121',NULL,NULL,NULL,NULL,NULL,NULL,NULL,NULL),(296,NULL,NULL,NULL,NULL,NULL,NULL,NULL,NULL,NULL,NULL,'12.9655','80.2121',NULL,NULL,NULL,NULL,NULL,NULL,NULL,NULL),(297,'61cd9018-202c-490b-b285-74476877ee26','pothigai-power','25','1010',' jenkins-user',NULL,'2019-08-01 01:33:23','Chennai','Tamil Nadu','India','13.0869','80.1981','Created',NULL,NULL,NULL,NULL,NULL,NULL,NULL);
/*!40000 ALTER TABLE `t_emp_location` ENABLE KEYS */;
UNLOCK TABLES;

--
-- Table structure for table `t_emp_payout`
--

DROP TABLE IF EXISTS `t_emp_payout`;
/*!40101 SET @saved_cs_client     = @@character_set_client */;
/*!40101 SET character_set_client = utf8 */;
CREATE TABLE `t_emp_payout` (
  `id` int(11) NOT NULL AUTO_INCREMENT,
  `aadhar_no` varchar(255) DEFAULT NULL,
  `additional_fixed_pay` varchar(255) DEFAULT NULL,
  `additional_info_1` varchar(255) DEFAULT NULL,
  `additional_info_2` varchar(255) DEFAULT NULL,
  `additional_info_3` varchar(255) DEFAULT NULL,
  `annual_bonus_provision` varchar(255) DEFAULT NULL,
  `arrear_days` varchar(255) DEFAULT NULL,
  `buisness` varchar(255) DEFAULT NULL,
  `comp_pay_cycle_id` varchar(255) DEFAULT NULL,
  `created_by` varchar(255) DEFAULT NULL,
  `created_dt` datetime(6) DEFAULT NULL,
  `ctc_amt` varchar(255) DEFAULT NULL,
  `currency` varchar(255) DEFAULT NULL,
  `d_account_number` varchar(255) DEFAULT NULL,
  `d_bank_name` varchar(255) DEFAULT NULL,
  `d_days` varchar(255) DEFAULT NULL,
  `d_designation` varchar(255) DEFAULT NULL,
  `d_email` varchar(255) DEFAULT NULL,
  `d_esi_number` varchar(255) DEFAULT NULL,
  `d_grade` varchar(255) DEFAULT NULL,
  `d_lop` varchar(255) DEFAULT NULL,
  `d_mobile_number` varchar(255) DEFAULT NULL,
  `d_pan_number` varchar(255) DEFAULT NULL,
  `d_payment_mode` varchar(255) DEFAULT NULL,
  `d_pf_no` varchar(255) DEFAULT NULL,
  `d_salary_for_month` varchar(255) DEFAULT NULL,
  `d_salary_for_year` varchar(255) DEFAULT NULL,
  `d_salary_paid_month` varchar(255) DEFAULT NULL,
  `d_salary_paid_year` varchar(255) DEFAULT NULL,
  `department` varchar(255) DEFAULT NULL,
  `dob` varchar(255) DEFAULT NULL,
  `doj` varchar(255) DEFAULT NULL,
  `m_emp_ctc_id` varchar(255) DEFAULT NULL,
  `employee_code` varchar(255) DEFAULT NULL,
  `employee_id` varchar(255) DEFAULT NULL,
  `employee_name` varchar(255) DEFAULT NULL,
  `eps_no` varchar(255) DEFAULT NULL,
  `esi_amt` varchar(255) DEFAULT NULL,
  `fixed_benefits` varchar(255) DEFAULT NULL,
  `fixed_compensation` varchar(255) DEFAULT NULL,
  `from_dt` date DEFAULT NULL,
  `gratuity_amt` varchar(255) DEFAULT NULL,
  `gross_salary` varchar(255) DEFAULT NULL,
  `ifsc_code` varchar(255) DEFAULT NULL,
  `is_active` varchar(255) DEFAULT NULL,
  `is_enabled` varchar(255) DEFAULT NULL,
  `late_days_deduction` varchar(255) DEFAULT NULL,
  `location_of_position` varchar(255) DEFAULT NULL,
  `lop_and_lwop` varchar(255) DEFAULT NULL,
  `modified_by` varchar(255) DEFAULT NULL,
  `modified_dt` datetime(6) DEFAULT NULL,
  `nature_of_position` varchar(255) DEFAULT NULL,
  `net_pay_amt` varchar(255) DEFAULT NULL,
  `net_pay_in_words` varchar(255) DEFAULT NULL,
  `overtime_hours` varchar(255) DEFAULT NULL,
  `pay_dt` varchar(255) DEFAULT NULL,
  `t_payout_process_line_id` varchar(255) DEFAULT NULL,
  `payslip_doc_id` varchar(255) DEFAULT NULL,
  `period_days` varchar(255) DEFAULT NULL,
  `period_holidays` varchar(255) DEFAULT NULL,
  `pf_accumulation_by_employer` varchar(255) DEFAULT NULL,
  `pf_amt` varchar(255) DEFAULT NULL,
  `pf_balance_value` varchar(255) DEFAULT NULL,
  `pf_current_value` varchar(255) DEFAULT NULL,
  `pf_opening_value` varchar(255) DEFAULT NULL,
  `remarks` varchar(255) DEFAULT NULL,
  `retention_bonus` varchar(255) DEFAULT NULL,
  `skill` varchar(255) DEFAULT NULL,
  `special_designation` varchar(255) DEFAULT NULL,
  `to_dt` date DEFAULT NULL,
  `total_a1_arrear_amt` float DEFAULT NULL,
  `total_a1_current_period` float DEFAULT NULL,
  `total_a1_value` float DEFAULT NULL,
  `total_a1_ytd` float DEFAULT NULL,
  `total_a2_arrear_amt` float DEFAULT NULL,
  `total_a2_current_period` float DEFAULT NULL,
  `total_a2_value` float DEFAULT NULL,
  `total_a2_ytd` float DEFAULT NULL,
  `total_accured` int(11) DEFAULT NULL,
  `total_allowance_amt` varchar(255) DEFAULT NULL,
  `total_arrear_amt` float NOT NULL,
  `total_availed` int(11) DEFAULT NULL,
  `total_b_arrear_amt` float DEFAULT NULL,
  `total_b_current_period` float DEFAULT NULL,
  `total_b_value` float DEFAULT NULL,
  `total_b_ytd` float DEFAULT NULL,
  `total_balance` int(11) DEFAULT NULL,
  `total_current_period` float NOT NULL,
  `total_d1_ytd` float DEFAULT NULL,
  `total_d1_value` float DEFAULT NULL,
  `total_deduction_amt` varchar(255) DEFAULT NULL,
  `total_earnings` varchar(255) DEFAULT NULL,
  `total_leave_opening` int(11) DEFAULT NULL,
  `total_tax` varchar(255) DEFAULT NULL,
  `total_variable_pay` varchar(255) DEFAULT NULL,
  `total_ytd` float NOT NULL,
  `uan_no` varchar(255) DEFAULT NULL,
  `wage_days` varchar(255) DEFAULT NULL,
  `worked_days` varchar(255) DEFAULT NULL,
  `ytd_allowance_amt` varchar(255) DEFAULT NULL,
  `ytd_deduction_amt` varchar(255) DEFAULT NULL,
  PRIMARY KEY (`id`)
) ENGINE=InnoDB AUTO_INCREMENT=2 DEFAULT CHARSET=latin1;
/*!40101 SET character_set_client = @saved_cs_client */;

--
-- Dumping data for table `t_emp_payout`
--

LOCK TABLES `t_emp_payout` WRITE;
/*!40000 ALTER TABLE `t_emp_payout` DISABLE KEYS */;
INSERT INTO `t_emp_payout` VALUES (1,'6000000000000',NULL,'Remarks','','',NULL,'1','Testing',NULL,NULL,'2019-09-17 16:21:26.016000',NULL,'INR','111123454','ICICI',NULL,'Assistant Engineer','sundarv@sidsync.com','1258741','0A',NULL,'9094348585','DFMPF1648',NULL,'123456','9','2019',NULL,NULL,'Electric','1994-03-24','23 02 2000',NULL,'CH88','6','sundar vijayan','78945612',NULL,NULL,NULL,NULL,NULL,'19556.0','345','Y','Y','1','Manager','1',NULL,'2019-09-17 16:21:30.516000','Manager','17056.0','Seventeen Thousand Fifty Six Rupees Only','10',NULL,NULL,'ee117364-9a69-47b7-9b22-2777c721c8f1','10','10','Employer Contribution',NULL,'7500','1500','1000','Bonus And Incentives are Remark For Your Work',NULL,'Testing','Manager',NULL,200,11456,11656,11456,1400,5100,4400,5100,0,'19556.0',1700,0,100,3000,3100,3000,0,19556,2500,2500,NULL,'19556.0',0,NULL,'3000.0',19556,'123456','10','10',NULL,NULL);
/*!40000 ALTER TABLE `t_emp_payout` ENABLE KEYS */;
UNLOCK TABLES;

--
-- Table structure for table `t_emp_payout_lb`
--

DROP TABLE IF EXISTS `t_emp_payout_lb`;
/*!40101 SET @saved_cs_client     = @@character_set_client */;
/*!40101 SET character_set_client = utf8 */;
CREATE TABLE `t_emp_payout_lb` (
  `id` int(11) NOT NULL AUTO_INCREMENT,
  `accured` varchar(255) DEFAULT NULL,
  `availed` varchar(255) DEFAULT NULL,
  `balance` varchar(255) DEFAULT NULL,
  `created_by` varchar(255) DEFAULT NULL,
  `created_dt` datetime(6) DEFAULT NULL,
  `employee_id` varchar(255) DEFAULT NULL,
  `is_enabled` varchar(255) DEFAULT NULL,
  `leave_type` varchar(255) DEFAULT NULL,
  `m_emp_payout_id` varchar(255) DEFAULT NULL,
  `modified_by` varchar(255) DEFAULT NULL,
  `modified_dt` datetime(6) DEFAULT NULL,
  `opening_balance` varchar(255) DEFAULT NULL,
  `total_accured` varchar(255) DEFAULT NULL,
  `total_availed` varchar(255) DEFAULT NULL,
  `total_balance` varchar(255) DEFAULT NULL,
  `total_opening_balance` varchar(255) DEFAULT NULL,
  PRIMARY KEY (`id`)
) ENGINE=InnoDB DEFAULT CHARSET=latin1;
/*!40101 SET character_set_client = @saved_cs_client */;

--
-- Dumping data for table `t_emp_payout_lb`
--

LOCK TABLES `t_emp_payout_lb` WRITE;
/*!40000 ALTER TABLE `t_emp_payout_lb` DISABLE KEYS */;
/*!40000 ALTER TABLE `t_emp_payout_lb` ENABLE KEYS */;
UNLOCK TABLES;

--
-- Table structure for table `t_emp_payout_line`
--

DROP TABLE IF EXISTS `t_emp_payout_line`;
/*!40101 SET @saved_cs_client     = @@character_set_client */;
/*!40101 SET character_set_client = utf8 */;
CREATE TABLE `t_emp_payout_line` (
  `id` int(11) NOT NULL AUTO_INCREMENT,
  `arrear_amt` varchar(255) DEFAULT NULL,
  `created_by` varchar(255) DEFAULT NULL,
  `created_dt` datetime(6) DEFAULT NULL,
  `d_pay_type_code` varchar(255) DEFAULT NULL,
  `d_pay_type_name` varchar(255) DEFAULT NULL,
  `emp_code` varchar(255) DEFAULT NULL,
  `m_emp_payout_id` varchar(255) DEFAULT NULL,
  `grouping` varchar(255) DEFAULT NULL,
  `is_allowance` varchar(255) DEFAULT NULL,
  `is_enabled` varchar(255) DEFAULT NULL,
  `line_amt` varchar(255) DEFAULT NULL,
  `line_order` int(11) DEFAULT NULL,
  `modified_by` varchar(255) DEFAULT NULL,
  `modified_dt` datetime(6) DEFAULT NULL,
  `period_amt` varchar(255) DEFAULT NULL,
  `s_payout_type_id` varchar(255) DEFAULT NULL,
  `ytd_amt` varchar(255) DEFAULT NULL,
  PRIMARY KEY (`id`)
) ENGINE=InnoDB AUTO_INCREMENT=28 DEFAULT CHARSET=latin1;
/*!40101 SET character_set_client = @saved_cs_client */;

--
-- Dumping data for table `t_emp_payout_line`
--

LOCK TABLES `t_emp_payout_line` WRITE;
/*!40000 ALTER TABLE `t_emp_payout_line` DISABLE KEYS */;
INSERT INTO `t_emp_payout_line` VALUES (1,'100.0',NULL,'2019-09-17 16:21:26.030000','Basic','Basic','CH88','1','a1','Y',NULL,'1000.0',1,NULL,'2019-09-17 16:21:26.030000','1100.0','1','1000.0'),(2,'0.0',NULL,'2019-09-17 16:21:26.034000','HRA','HRA','CH88','1','a1','Y',NULL,'4326.0',2,NULL,'2019-09-17 16:21:26.034000','4326.0','2','4326.0'),(3,'0.0',NULL,'2019-09-17 16:21:26.053000','LocalConvyence','LocalConvyence','CH88','1','a1','Y',NULL,'1166.0',3,NULL,'2019-09-17 16:21:26.053000','1166.0','5','1166.0'),(4,'0.0',NULL,'2019-09-17 16:21:26.069000','MedicalAllowance','MedicalAllowance','CH88','1','a1','Y',NULL,'1166.0',4,NULL,'2019-09-17 16:21:26.069000','1166.0','4','1166.0'),(5,'0.0',NULL,'2019-09-17 16:21:26.077000','CommunicationAllowance','CommunicationAllowance','CH88','1','a1','Y',NULL,'1399.0',5,NULL,'2019-09-17 16:21:26.077000','1399.0','13','1399.0'),(6,'0.0',NULL,'2019-09-17 16:21:26.083000','LeaveTravelAllowance','LeaveTravelAllowance','CH88','1','a1','Y',NULL,'1399.0',6,NULL,'2019-09-17 16:21:26.083000','1399.0','15','1399.0'),(7,'0.0',NULL,'2019-09-17 16:21:26.091000','Special Allowance','Special Allowance','CH88','1','a1','Y',NULL,'0.0',7,NULL,'2019-09-17 16:21:26.091000','0.0','6','0.0'),(8,'100.0',NULL,'2019-09-17 16:21:26.100000','FixedCompensation1','FixedCompensation1','CH88','1','a1','Y',NULL,'1000.0',8,NULL,'2019-09-17 16:21:26.100000','1100.0','40','1000.0'),(9,'0.0',NULL,'2019-09-17 16:21:26.109000','FixedCompensation2','FixedCompensation2','CH88','1','a1','Y',NULL,'0.0',9,NULL,'2019-09-17 16:21:26.109000','0.0','41','0.0'),(10,'100.0',NULL,'2019-09-17 16:21:26.118000','LeaveWage','LeaveWage','CH88','1','a2','Y',NULL,'1000.0',10,NULL,'2019-09-17 16:21:26.118000','0.0','16','1000.0'),(11,'0.0',NULL,'2019-09-17 16:21:26.126000','Bonus','Bonus','CH88','1','a2','Y',NULL,'100.0',11,NULL,'2019-09-17 16:21:26.126000','100.0','20','100.0'),(12,'1000.0',NULL,'2019-09-17 16:21:26.135000','Special Bonus','Special Bonus','CH88','1','a2','Y',NULL,'1000.0',12,NULL,'2019-09-17 16:21:26.135000','1000.0','37','1000.0'),(13,'100.0',NULL,'2019-09-17 16:21:26.142000','Incentives','Incentives','CH88','1','a2','Y',NULL,'1000.0',13,NULL,'2019-09-17 16:21:26.142000','1100.0','30','1000.0'),(14,'100.0',NULL,'2019-09-17 16:21:26.149000','Special Incentives','Special Incentives','CH88','1','a2','Y',NULL,'1000.0',14,NULL,'2019-09-17 16:21:26.149000','1100.0','38','1000.0'),(15,'100.0',NULL,'2019-09-17 16:21:26.157000','AdditionalFixedCompensation1','AdditionalFixedCompensation1','CH88','1','a2','Y',NULL,'1000.0',15,NULL,'2019-09-17 16:21:26.157000','1100.0','42','1000.0'),(16,'0.0',NULL,'2019-09-17 16:21:26.165000','AdditionalFixedCompensation2','AdditionalFixedCompensation2','CH88','1','a2','Y',NULL,'0.0',16,NULL,'2019-09-17 16:21:26.165000','0.0','43','0.0'),(17,'0.0',NULL,'2019-09-17 16:21:26.175000','SiteAllowance','SiteAllowance','CH88','1','b','Y',NULL,'1000.0',17,NULL,'2019-09-17 16:21:26.175000','1000.0','18','1000.0'),(18,'0.0',NULL,'2019-09-17 16:21:26.184000','Performance Incentive','Performance Incentive','CH88','1','b','Y',NULL,'1000.0',18,NULL,'2019-09-17 16:21:26.184000','1000.0','39','1000.0'),(19,'100.0',NULL,'2019-09-17 16:21:26.192000','AdditionalVariableCompensation1','AdditionalVariableCompensation1','CH88','1','b','Y',NULL,'1000.0',19,NULL,'2019-09-17 16:21:26.192000','1100.0','44','1000.0'),(20,'0.0',NULL,'2019-09-17 16:21:26.200000','AdditionalVariableCompensation2','AdditionalVariableCompensation2','CH88','1','b','Y',NULL,'0.0',20,NULL,'2019-09-17 16:21:26.200000','0.0','45','0.0'),(21,NULL,NULL,'2019-09-17 16:21:26.207000','EPF by Employee','EPF by Employee','CH88','1','d','N',NULL,'1800.0',21,NULL,'2019-09-17 16:21:26.207000',NULL,'7','1800.0'),(22,NULL,NULL,'2019-09-17 16:21:26.214000','ESI by Employee','ESI by Employee','CH88','1','d','N',NULL,'200.0',22,NULL,'2019-09-17 16:21:26.214000',NULL,'9','200.0'),(23,NULL,NULL,'2019-09-17 16:21:26.222000','Addi.EPF','Addi.EPF','CH88','1','d','N',NULL,'100.0',23,NULL,'2019-09-17 16:21:26.222000',NULL,'31','100.0'),(24,NULL,NULL,'2019-09-17 16:21:26.231000','Advance Deduction','Advance Deduction','CH88','1','d','N',NULL,'100.0',24,NULL,'2019-09-17 16:21:26.231000',NULL,'31','100.0'),(25,NULL,NULL,'2019-09-17 16:21:26.240000','Income Tax','Income Tax','CH88','1','d','N',NULL,'200.0',25,NULL,'2019-09-17 16:21:26.240000',NULL,'8','200.0'),(26,NULL,NULL,'2019-09-17 16:21:26.249000','AdditionalDeduction1','AdditionalDeduction1','CH88','1','d','N',NULL,'100.0',26,NULL,'2019-09-17 16:21:26.249000',NULL,'32','100.0'),(27,NULL,NULL,'2019-09-17 16:21:26.258000','AdditionalDeduction2','AdditionalDeduction2','CH88','1','d','N',NULL,'0.0',27,NULL,'2019-09-17 16:21:26.258000',NULL,'46','0.0');
/*!40000 ALTER TABLE `t_emp_payout_line` ENABLE KEYS */;
UNLOCK TABLES;

--
-- Table structure for table `t_event`
--

DROP TABLE IF EXISTS `t_event`;
/*!40101 SET @saved_cs_client     = @@character_set_client */;
/*!40101 SET character_set_client = utf8 */;
CREATE TABLE `t_event` (
  `id` int(11) NOT NULL AUTO_INCREMENT,
  `name` varchar(211) DEFAULT NULL,
  `category` varchar(211) DEFAULT NULL,
  `entity_status` varchar(100) DEFAULT NULL,
  `process` varchar(100) DEFAULT NULL,
  `activity` varchar(100) DEFAULT NULL,
  `app_token` varchar(100) DEFAULT NULL,
  `topic` varchar(100) DEFAULT NULL,
  `created_by` varchar(100) DEFAULT NULL,
  `error_message` varchar(100) DEFAULT NULL,
  `error_desc` varchar(100) DEFAULT NULL,
  `error_code` varchar(100) DEFAULT NULL,
  `payload` varchar(1111) DEFAULT NULL,
  `event_desc` varchar(100) DEFAULT NULL,
  PRIMARY KEY (`id`)
) ENGINE=InnoDB AUTO_INCREMENT=896 DEFAULT CHARSET=latin1;
/*!40101 SET character_set_client = @saved_cs_client */;

--
-- Dumping data for table `t_event`
--

LOCK TABLES `t_event` WRITE;
/*!40000 ALTER TABLE `t_event` DISABLE KEYS */;
INSERT INTO `t_event` VALUES (868,'LeaveAppliedEvent','NotificationEvent','N1-APPROVAL-PENDING',NULL,NULL,'cd42f815-1296-40ad-80ca-f92796540ec6',NULL,NULL,NULL,NULL,NULL,NULL,'Leave Apply'),(869,'LeaveAppliedEvent','NotificationEvent','N1-APPROVAL-PENDING',NULL,NULL,'cd42f815-1296-40ad-80ca-f92796540ec6',NULL,NULL,NULL,NULL,NULL,NULL,'Leave Apply'),(870,'LeaveAppliedEvent','NotificationEvent','N1-APPROVAL-PENDING',NULL,NULL,'cd42f815-1296-40ad-80ca-f92796540ec6',NULL,NULL,NULL,NULL,NULL,NULL,'Leave Apply'),(871,'LeaveAppliedEvent','NotificationEvent','N1-APPROVAL-PENDING',NULL,NULL,'45030d0f-0fc4-4a65-a0ec-d5b63b6a06d4',NULL,NULL,NULL,NULL,NULL,NULL,'Leave Apply'),(872,'LeaveN1ApprovedEvent','NotificationEvent','N1-APPROVAL-PENDING',NULL,NULL,'206b21fe-ed35-45ec-8e06-75e269db8616',NULL,NULL,NULL,NULL,NULL,NULL,'Leave N1 Approve'),(873,'LeaveN1ApprovedEvent','NotificationEvent','N1-APPROVAL-PENDING',NULL,NULL,'206b21fe-ed35-45ec-8e06-75e269db8616',NULL,NULL,NULL,NULL,NULL,NULL,'Leave N1 Approve'),(874,'LeaveN2ApprovedEvent','NotificationEvent','N2-APPROVAL-PENDING',NULL,NULL,'d22a9f07-7d3e-467e-8b4c-4bdb8418f082',NULL,NULL,NULL,NULL,NULL,NULL,'Leave N2 Approve'),(875,'ExpenseAppliedEvent','NotificationEvent',NULL,NULL,NULL,'30f084ea-c16b-4cf7-b66d-ff31d262829e',NULL,NULL,NULL,NULL,NULL,NULL,'Expense Apply'),(876,'ExpenseAppliedEvent','NotificationEvent',NULL,NULL,NULL,'30f084ea-c16b-4cf7-b66d-ff31d262829e',NULL,NULL,NULL,NULL,NULL,NULL,'Expense Apply'),(877,'ExpenseValidatedEvent','NotificationEvent',NULL,NULL,NULL,NULL,NULL,NULL,NULL,NULL,NULL,NULL,NULL),(878,'ExpenseAppliedEvent','NotificationEvent',NULL,NULL,NULL,'55904cc0-79e0-4588-987b-834773c67d44',NULL,NULL,NULL,NULL,NULL,NULL,'Expense Apply'),(879,'TarAppliedEvent','NotificationEvent',NULL,NULL,NULL,'6108086d-8aee-4722-90d3-0b3a0562fe71',NULL,NULL,NULL,NULL,NULL,NULL,'Tar Applied'),(880,'NewUserEvent','BuisnessEvent',NULL,NULL,NULL,'d3394b6d-3d8d-434f-a5e6-23a46722e893',NULL,NULL,NULL,NULL,NULL,NULL,'New User'),(881,'TarAppliedEvent','NotificationEvent',NULL,NULL,NULL,'6108086d-8aee-4722-90d3-0b3a0562fe71',NULL,NULL,NULL,NULL,NULL,NULL,'Tar Applied'),(882,'NewUserEvent','BuisnessEvent',NULL,NULL,NULL,'94d0a7af-99f1-4bd4-97fa-b131d270bc86',NULL,NULL,NULL,NULL,NULL,NULL,'New User'),(883,'NewUserEvent','BuisnessEvent',NULL,NULL,NULL,'3f2fa692-7e10-41e0-be21-169165c87843',NULL,NULL,NULL,NULL,NULL,NULL,'New User'),(884,'NewUserEvent','BuisnessEvent',NULL,NULL,NULL,'a0d8ff2b-2d53-4026-be1b-8d427dcc51f3',NULL,NULL,NULL,NULL,NULL,NULL,'New User'),(885,'ExpenseAppliedEvent','NotificationEvent',NULL,NULL,NULL,'f088dacc-453e-41f4-bf55-528674c79c40',NULL,NULL,NULL,NULL,NULL,NULL,'Expense Apply'),(886,'TarAppliedEvent','NotificationEvent',NULL,NULL,NULL,'d8d70344-6df4-4c9a-bec0-e5580edca40c',NULL,NULL,NULL,NULL,NULL,NULL,'Tar Applied'),(887,'NewUserEvent','BuisnessEvent',NULL,NULL,NULL,'b294b8fa-4788-4fc1-8f1a-64ea388efc91',NULL,NULL,NULL,NULL,NULL,NULL,'New User'),(888,'TarAppliedEvent','NotificationEvent',NULL,NULL,NULL,'6a56014d-1eb6-4a16-aca3-cc294b10bec3',NULL,NULL,NULL,NULL,NULL,NULL,'Tar Applied'),(889,'NewUserEvent','BuisnessEvent',NULL,NULL,NULL,'2b80fb92-871f-4146-80c9-7d44c6d0b574',NULL,NULL,NULL,NULL,NULL,NULL,'New User'),(890,'TarAppliedEvent','NotificationEvent',NULL,NULL,NULL,'6a56014d-1eb6-4a16-aca3-cc294b10bec3',NULL,NULL,NULL,NULL,NULL,NULL,'Tar Applied'),(891,'TarAppliedEvent','NotificationEvent',NULL,NULL,NULL,'6a56014d-1eb6-4a16-aca3-cc294b10bec3',NULL,NULL,NULL,NULL,NULL,NULL,'Tar Applied'),(892,'ExpenseValidatedEvent','NotificationEvent',NULL,NULL,NULL,NULL,NULL,NULL,NULL,NULL,NULL,NULL,NULL),(893,'TarAppliedEvent','NotificationEvent',NULL,NULL,NULL,'13ffd9dd-3d98-43ff-a3bf-8d41dd83c502',NULL,NULL,NULL,NULL,NULL,NULL,'Tar Applied'),(894,'TarAppliedEvent','NotificationEvent',NULL,NULL,NULL,'13ffd9dd-3d98-43ff-a3bf-8d41dd83c502',NULL,NULL,NULL,NULL,NULL,NULL,'Tar Applied'),(895,'TarAppliedEvent','NotificationEvent',NULL,NULL,NULL,'13ffd9dd-3d98-43ff-a3bf-8d41dd83c502',NULL,NULL,NULL,NULL,NULL,NULL,'Tar Applied');
/*!40000 ALTER TABLE `t_event` ENABLE KEYS */;
UNLOCK TABLES;

--
-- Table structure for table `t_event_attmnt`
--

DROP TABLE IF EXISTS `t_event_attmnt`;
/*!40101 SET @saved_cs_client     = @@character_set_client */;
/*!40101 SET character_set_client = utf8 */;
CREATE TABLE `t_event_attmnt` (
  `id` int(11) NOT NULL AUTO_INCREMENT,
  `t_event_id` varchar(100) DEFAULT NULL,
  `doc_id1` varchar(100) DEFAULT NULL,
  `doc_id2` varchar(100) DEFAULT NULL,
  `doc_id3` varchar(100) DEFAULT NULL,
  `doc_id4` varchar(100) DEFAULT NULL,
  `doc_id5` varchar(100) DEFAULT NULL,
  `email_body` varchar(100) DEFAULT NULL,
  `email_subject` varchar(100) DEFAULT NULL,
  `email_id` varchar(100) DEFAULT NULL,
  `purchase_order_id` varchar(100) DEFAULT NULL,
  `vendor_name` varchar(100) DEFAULT NULL,
  `applicant_name` varchar(100) DEFAULT NULL,
  PRIMARY KEY (`id`)
) ENGINE=InnoDB DEFAULT CHARSET=latin1;
/*!40101 SET character_set_client = @saved_cs_client */;

--
-- Dumping data for table `t_event_attmnt`
--

LOCK TABLES `t_event_attmnt` WRITE;
/*!40000 ALTER TABLE `t_event_attmnt` DISABLE KEYS */;
/*!40000 ALTER TABLE `t_event_attmnt` ENABLE KEYS */;
UNLOCK TABLES;

--
-- Table structure for table `t_event_business_key`
--

DROP TABLE IF EXISTS `t_event_business_key`;
/*!40101 SET @saved_cs_client     = @@character_set_client */;
/*!40101 SET character_set_client = utf8 */;
CREATE TABLE `t_event_business_key` (
  `id` int(11) NOT NULL AUTO_INCREMENT,
  `t_event_id` varchar(100) DEFAULT NULL,
  `user_id` varchar(100) DEFAULT NULL,
  `employee_id` varchar(100) DEFAULT NULL,
  `internal_id` varchar(100) DEFAULT NULL,
  `employee_code` varchar(100) DEFAULT NULL,
  `tar_id` varchar(100) DEFAULT NULL,
  `tar_code` varchar(100) DEFAULT NULL,
  `leave_request_id` varchar(100) DEFAULT NULL,
  `leave_request_code` varchar(100) DEFAULT NULL,
  `expense_claim_id` varchar(100) DEFAULT NULL,
  `expense_claim_code` varchar(100) DEFAULT NULL,
  `n1_emp_id` varchar(100) DEFAULT NULL,
  `n2_emp_id` varchar(100) DEFAULT NULL,
  `hr1_user_group_id` varchar(100) DEFAULT NULL,
  `hr2_user_group_id` varchar(100) DEFAULT NULL,
  `hr1_emp_id` varchar(100) DEFAULT NULL,
  `hr2_emp_id` varchar(100) DEFAULT NULL,
  `acc1_user_group_id` varchar(100) DEFAULT NULL,
  `acc2_user_group_id` varchar(100) DEFAULT NULL,
  `acc1_emp_id` varchar(100) DEFAULT NULL,
  `acc2_emp_id` varchar(100) DEFAULT NULL,
  `upload_payslip_hdr_id` varchar(100) DEFAULT NULL,
  `latitudes` varchar(100) DEFAULT NULL,
  `longtitudes` varchar(100) DEFAULT NULL,
  `emp_payout_id` varchar(100) DEFAULT NULL,
  `client_id` varchar(100) DEFAULT NULL,
  `customer_id` varchar(100) DEFAULT NULL,
  `sale_order_id` varchar(100) DEFAULT NULL,
  `sale_order_code` varchar(100) DEFAULT NULL,
  `purchase_order_id` varchar(100) DEFAULT NULL,
  `purchase_order_code` varchar(100) DEFAULT NULL,
  `applicant_id` varchar(100) DEFAULT NULL,
  `key1` varchar(100) DEFAULT NULL,
  `key2` varchar(100) DEFAULT NULL,
  `key3` varchar(100) DEFAULT NULL,
  `key4` varchar(100) DEFAULT NULL,
  `key5` varchar(100) DEFAULT NULL,
  `key6` varchar(100) DEFAULT NULL,
  `key7` varchar(100) DEFAULT NULL,
  `key8` varchar(100) DEFAULT NULL,
  `key9` varchar(100) DEFAULT NULL,
  `key10` varchar(100) DEFAULT NULL,
  PRIMARY KEY (`id`)
) ENGINE=InnoDB AUTO_INCREMENT=694 DEFAULT CHARSET=latin1;
/*!40101 SET character_set_client = @saved_cs_client */;

--
-- Dumping data for table `t_event_business_key`
--

LOCK TABLES `t_event_business_key` WRITE;
/*!40000 ALTER TABLE `t_event_business_key` DISABLE KEYS */;
INSERT INTO `t_event_business_key` VALUES (658,'860',NULL,'323',NULL,'CH272',NULL,NULL,NULL,'LA-100197-SL',NULL,NULL,'321',NULL,NULL,NULL,NULL,NULL,NULL,NULL,NULL,NULL,NULL,NULL,NULL,NULL,NULL,NULL,NULL,NULL,NULL,NULL,NULL,NULL,NULL,NULL,NULL,NULL,NULL,NULL,NULL,NULL,NULL),(659,'861',NULL,'323',NULL,'CH272',NULL,NULL,NULL,'LA-100198-SL',NULL,NULL,'321',NULL,NULL,NULL,NULL,NULL,NULL,NULL,NULL,NULL,NULL,NULL,NULL,NULL,NULL,NULL,NULL,NULL,NULL,NULL,NULL,NULL,NULL,NULL,NULL,NULL,NULL,NULL,NULL,NULL,NULL),(660,'862',NULL,'323',NULL,'CH272',NULL,NULL,NULL,'LA-100199-CL',NULL,NULL,'321',NULL,NULL,NULL,NULL,NULL,NULL,NULL,NULL,NULL,NULL,NULL,NULL,NULL,NULL,NULL,NULL,NULL,NULL,NULL,NULL,NULL,NULL,NULL,NULL,NULL,NULL,NULL,NULL,NULL,NULL),(661,'863',NULL,'323',NULL,'CH272',NULL,NULL,NULL,'LA-100200-CL',NULL,NULL,NULL,NULL,NULL,NULL,NULL,NULL,NULL,NULL,NULL,NULL,NULL,NULL,NULL,NULL,NULL,NULL,NULL,NULL,NULL,NULL,NULL,NULL,NULL,NULL,NULL,NULL,NULL,NULL,NULL,NULL,NULL),(662,'864',NULL,'323',NULL,'CH272',NULL,NULL,NULL,'LA-100201-CL',NULL,NULL,NULL,NULL,NULL,NULL,NULL,NULL,NULL,NULL,NULL,NULL,NULL,NULL,NULL,NULL,NULL,NULL,NULL,NULL,NULL,NULL,NULL,NULL,NULL,NULL,NULL,NULL,NULL,NULL,NULL,NULL,NULL),(663,'865',NULL,'323',NULL,'CH272',NULL,NULL,NULL,'LA-100202-CL',NULL,NULL,NULL,NULL,NULL,NULL,NULL,NULL,NULL,NULL,NULL,NULL,NULL,NULL,NULL,NULL,NULL,NULL,NULL,NULL,NULL,NULL,NULL,NULL,NULL,NULL,NULL,NULL,NULL,NULL,NULL,NULL,NULL),(664,'866',NULL,'323',NULL,'CH272',NULL,NULL,NULL,'LA-100203-CL',NULL,NULL,NULL,NULL,NULL,NULL,NULL,NULL,NULL,NULL,NULL,NULL,NULL,NULL,NULL,NULL,NULL,NULL,NULL,NULL,NULL,NULL,NULL,NULL,NULL,NULL,NULL,NULL,NULL,NULL,NULL,NULL,NULL),(665,'867',NULL,'323',NULL,'CH272',NULL,NULL,NULL,'LA-100204-CL',NULL,NULL,NULL,NULL,NULL,NULL,NULL,NULL,NULL,NULL,NULL,NULL,NULL,NULL,NULL,NULL,NULL,NULL,NULL,NULL,NULL,NULL,NULL,NULL,NULL,NULL,NULL,NULL,NULL,NULL,NULL,NULL,NULL),(666,'868',NULL,'323',NULL,'CH272',NULL,NULL,NULL,'LA-100205-CL',NULL,NULL,NULL,NULL,NULL,NULL,NULL,NULL,NULL,NULL,NULL,NULL,NULL,NULL,NULL,NULL,NULL,NULL,NULL,NULL,NULL,NULL,NULL,NULL,NULL,NULL,NULL,NULL,NULL,NULL,NULL,NULL,NULL),(667,'869',NULL,'323',NULL,'CH272',NULL,NULL,NULL,'LA-100206-CL',NULL,NULL,NULL,NULL,NULL,NULL,NULL,NULL,NULL,NULL,NULL,NULL,NULL,NULL,NULL,NULL,NULL,NULL,NULL,NULL,NULL,NULL,NULL,NULL,NULL,NULL,NULL,NULL,NULL,NULL,NULL,NULL,NULL),(668,'870',NULL,'323',NULL,'CH272',NULL,NULL,NULL,'LA-100207-CL',NULL,NULL,NULL,NULL,NULL,NULL,NULL,NULL,NULL,NULL,NULL,NULL,NULL,NULL,NULL,NULL,NULL,NULL,NULL,NULL,NULL,NULL,NULL,NULL,NULL,NULL,NULL,NULL,NULL,NULL,NULL,NULL,NULL),(669,'871',NULL,'323',NULL,'CH272',NULL,NULL,NULL,'LA-100208-CL',NULL,NULL,'321',NULL,NULL,NULL,NULL,NULL,NULL,NULL,NULL,NULL,NULL,NULL,NULL,NULL,NULL,NULL,NULL,NULL,NULL,NULL,NULL,NULL,NULL,NULL,NULL,NULL,NULL,NULL,NULL,NULL,NULL),(670,'872',NULL,'323',NULL,'CH272',NULL,NULL,NULL,'LA-100197-SL',NULL,NULL,'321',NULL,'1',NULL,NULL,NULL,NULL,NULL,NULL,NULL,NULL,NULL,NULL,NULL,NULL,NULL,NULL,NULL,NULL,NULL,NULL,NULL,NULL,NULL,NULL,NULL,NULL,NULL,NULL,NULL,NULL),(671,'873',NULL,'323',NULL,'CH272',NULL,NULL,NULL,'LA-100198-SL',NULL,NULL,'321',NULL,'1',NULL,NULL,NULL,NULL,NULL,NULL,NULL,NULL,NULL,NULL,NULL,NULL,NULL,NULL,NULL,NULL,NULL,NULL,NULL,NULL,NULL,NULL,NULL,NULL,NULL,NULL,NULL,NULL),(672,'874',NULL,'323',NULL,'CH272',NULL,NULL,NULL,'LA-100198-SL',NULL,NULL,NULL,'322','1',NULL,NULL,NULL,NULL,NULL,NULL,NULL,NULL,NULL,NULL,NULL,NULL,NULL,NULL,NULL,NULL,NULL,NULL,NULL,NULL,NULL,NULL,NULL,NULL,NULL,NULL,NULL,NULL),(673,'875',NULL,'323',NULL,'CH272',NULL,NULL,NULL,NULL,NULL,'EC-494-CC','321',NULL,'1',NULL,NULL,NULL,NULL,NULL,NULL,NULL,NULL,NULL,NULL,NULL,NULL,NULL,NULL,NULL,NULL,NULL,NULL,NULL,NULL,NULL,NULL,NULL,NULL,NULL,NULL,NULL,NULL),(674,'876',NULL,'323',NULL,'CH272',NULL,NULL,NULL,NULL,NULL,'EC-495-CC','321',NULL,'1',NULL,NULL,NULL,NULL,NULL,NULL,NULL,NULL,NULL,NULL,NULL,NULL,NULL,NULL,NULL,NULL,NULL,NULL,NULL,NULL,NULL,NULL,NULL,NULL,NULL,NULL,NULL,NULL),(675,NULL,NULL,'323',NULL,'CH272',NULL,NULL,NULL,NULL,NULL,'EC-495-CC','321',NULL,'1',NULL,NULL,NULL,NULL,NULL,NULL,NULL,NULL,NULL,NULL,NULL,NULL,NULL,NULL,NULL,NULL,NULL,NULL,NULL,NULL,NULL,NULL,NULL,NULL,NULL,NULL,NULL,NULL),(676,'878',NULL,'323',NULL,'CH272',NULL,NULL,NULL,NULL,NULL,'EC-496-JC',NULL,NULL,'1',NULL,NULL,NULL,NULL,NULL,NULL,NULL,NULL,NULL,NULL,NULL,NULL,NULL,NULL,NULL,NULL,NULL,NULL,NULL,NULL,NULL,NULL,NULL,NULL,NULL,NULL,NULL,NULL),(677,'879',NULL,'323',NULL,'CH272',NULL,'TA-493',NULL,NULL,NULL,NULL,'321',NULL,NULL,NULL,NULL,NULL,NULL,NULL,NULL,NULL,NULL,NULL,NULL,NULL,NULL,NULL,NULL,NULL,NULL,NULL,NULL,NULL,NULL,NULL,NULL,NULL,NULL,NULL,NULL,NULL,NULL),(678,'880',NULL,'367',NULL,NULL,NULL,NULL,NULL,NULL,NULL,NULL,NULL,NULL,NULL,NULL,NULL,NULL,NULL,NULL,NULL,NULL,NULL,NULL,NULL,NULL,NULL,NULL,NULL,NULL,NULL,NULL,NULL,NULL,NULL,NULL,NULL,NULL,NULL,NULL,NULL,NULL,NULL),(679,'881',NULL,'323',NULL,'CH272',NULL,'TA-494',NULL,NULL,NULL,NULL,'321',NULL,NULL,NULL,NULL,NULL,NULL,NULL,NULL,NULL,NULL,NULL,NULL,NULL,NULL,NULL,NULL,NULL,NULL,NULL,NULL,NULL,NULL,NULL,NULL,NULL,NULL,NULL,NULL,NULL,NULL),(680,'882',NULL,'369',NULL,NULL,NULL,NULL,NULL,NULL,NULL,NULL,NULL,NULL,NULL,NULL,NULL,NULL,NULL,NULL,NULL,NULL,NULL,NULL,NULL,NULL,NULL,NULL,NULL,NULL,NULL,NULL,NULL,NULL,NULL,NULL,NULL,NULL,NULL,NULL,NULL,NULL,NULL),(681,'883',NULL,'369',NULL,NULL,NULL,NULL,NULL,NULL,NULL,NULL,NULL,NULL,NULL,NULL,NULL,NULL,NULL,NULL,NULL,NULL,NULL,NULL,NULL,NULL,NULL,NULL,NULL,NULL,NULL,NULL,NULL,NULL,NULL,NULL,NULL,NULL,NULL,NULL,NULL,NULL,NULL),(682,'884',NULL,'371',NULL,NULL,NULL,NULL,NULL,NULL,NULL,NULL,NULL,NULL,NULL,NULL,NULL,NULL,NULL,NULL,NULL,NULL,NULL,NULL,NULL,NULL,NULL,NULL,NULL,NULL,NULL,NULL,NULL,NULL,NULL,NULL,NULL,NULL,NULL,NULL,NULL,NULL,NULL),(683,'885',NULL,'323',NULL,'CH272',NULL,NULL,NULL,NULL,NULL,'EC-497-CC',NULL,NULL,'1',NULL,NULL,NULL,NULL,NULL,NULL,NULL,NULL,NULL,NULL,NULL,NULL,NULL,NULL,NULL,NULL,NULL,NULL,NULL,NULL,NULL,NULL,NULL,NULL,NULL,NULL,NULL,NULL),(684,'886',NULL,'323',NULL,'CH272',NULL,'TA-495',NULL,NULL,NULL,NULL,NULL,NULL,NULL,NULL,NULL,NULL,NULL,NULL,NULL,NULL,NULL,NULL,NULL,NULL,NULL,NULL,NULL,NULL,NULL,NULL,NULL,NULL,NULL,NULL,NULL,NULL,NULL,NULL,NULL,NULL,NULL),(685,'887',NULL,'373',NULL,NULL,NULL,NULL,NULL,NULL,NULL,NULL,NULL,NULL,NULL,NULL,NULL,NULL,NULL,NULL,NULL,NULL,NULL,NULL,NULL,NULL,NULL,NULL,NULL,NULL,NULL,NULL,NULL,NULL,NULL,NULL,NULL,NULL,NULL,NULL,NULL,NULL,NULL),(686,'888',NULL,'323',NULL,'CH272',NULL,'TA-496',NULL,NULL,NULL,NULL,NULL,NULL,NULL,NULL,NULL,NULL,NULL,NULL,NULL,NULL,NULL,NULL,NULL,NULL,NULL,NULL,NULL,NULL,NULL,NULL,NULL,NULL,NULL,NULL,NULL,NULL,NULL,NULL,NULL,NULL,NULL),(687,'889',NULL,'373',NULL,NULL,NULL,NULL,NULL,NULL,NULL,NULL,NULL,NULL,NULL,NULL,NULL,NULL,NULL,NULL,NULL,NULL,NULL,NULL,NULL,NULL,NULL,NULL,NULL,NULL,NULL,NULL,NULL,NULL,NULL,NULL,NULL,NULL,NULL,NULL,NULL,NULL,NULL),(688,'890',NULL,'323',NULL,'CH272',NULL,'TA-497',NULL,NULL,NULL,NULL,NULL,NULL,NULL,NULL,NULL,NULL,NULL,NULL,NULL,NULL,NULL,NULL,NULL,NULL,NULL,NULL,NULL,NULL,NULL,NULL,NULL,NULL,NULL,NULL,NULL,NULL,NULL,NULL,NULL,NULL,NULL),(689,'891',NULL,'323',NULL,'CH272',NULL,'TA-498',NULL,NULL,NULL,NULL,NULL,NULL,NULL,NULL,NULL,NULL,NULL,NULL,NULL,NULL,NULL,NULL,NULL,NULL,NULL,NULL,NULL,NULL,NULL,NULL,NULL,NULL,NULL,NULL,NULL,NULL,NULL,NULL,NULL,NULL,NULL),(690,NULL,NULL,'323',NULL,'CH272',NULL,NULL,NULL,NULL,NULL,'EC-497-CC',NULL,NULL,'1',NULL,NULL,NULL,NULL,NULL,NULL,NULL,NULL,NULL,NULL,NULL,NULL,NULL,NULL,NULL,NULL,NULL,NULL,NULL,NULL,NULL,NULL,NULL,NULL,NULL,NULL,NULL,NULL),(691,'893',NULL,'323',NULL,'CH272',NULL,'TA-499',NULL,NULL,NULL,NULL,NULL,NULL,NULL,NULL,NULL,NULL,NULL,NULL,NULL,NULL,NULL,NULL,NULL,NULL,NULL,NULL,NULL,NULL,NULL,NULL,NULL,NULL,NULL,NULL,NULL,NULL,NULL,NULL,NULL,NULL,NULL),(692,'894',NULL,'323',NULL,'CH272',NULL,'TA-500',NULL,NULL,NULL,NULL,NULL,NULL,NULL,NULL,NULL,NULL,NULL,NULL,NULL,NULL,NULL,NULL,NULL,NULL,NULL,NULL,NULL,NULL,NULL,NULL,NULL,NULL,NULL,NULL,NULL,NULL,NULL,NULL,NULL,NULL,NULL),(693,'895',NULL,'323',NULL,'CH272',NULL,'TA-501',NULL,NULL,NULL,NULL,NULL,NULL,NULL,NULL,NULL,NULL,NULL,NULL,NULL,NULL,NULL,NULL,NULL,NULL,NULL,NULL,NULL,NULL,NULL,NULL,NULL,NULL,NULL,NULL,NULL,NULL,NULL,NULL,NULL,NULL,NULL);
/*!40000 ALTER TABLE `t_event_business_key` ENABLE KEYS */;
UNLOCK TABLES;

--
-- Table structure for table `t_event_kv`
--

DROP TABLE IF EXISTS `t_event_kv`;
/*!40101 SET @saved_cs_client     = @@character_set_client */;
/*!40101 SET character_set_client = utf8 */;
CREATE TABLE `t_event_kv` (
  `id` int(11) NOT NULL AUTO_INCREMENT,
  `t_event_id` varchar(100) DEFAULT NULL,
  `key_pair` varchar(211) DEFAULT NULL,
  `value` varchar(211) DEFAULT NULL,
  PRIMARY KEY (`id`)
) ENGINE=InnoDB AUTO_INCREMENT=1414 DEFAULT CHARSET=latin1;
/*!40101 SET character_set_client = @saved_cs_client */;

--
-- Dumping data for table `t_event_kv`
--

LOCK TABLES `t_event_kv` WRITE;
/*!40000 ALTER TABLE `t_event_kv` DISABLE KEYS */;
INSERT INTO `t_event_kv` VALUES (1293,'860','n1EmpCode','CH270'),(1294,'860','n1EmpFullName','testnOne'),(1295,'860','toDt','2019-09-23'),(1296,'860','employeeFullName','testEmployee'),(1297,'861','n1EmpCode','CH270'),(1298,'861','n1EmpFullName','testnOne'),(1299,'861','toDt','2019-09-24'),(1300,'861','employeeFullName','testEmployee'),(1301,'862','n1EmpCode','CH270'),(1302,'862','n1EmpFullName','testnOne'),(1303,'862','toDt','2019-09-23'),(1304,'862','employeeFullName','testEmployee'),(1305,'863','n1EmpCode',NULL),(1306,'863','n1EmpFullName','nullnull'),(1307,'863','toDt','2019-09-20'),(1308,'863','employeeFullName','testEmployee'),(1309,'864','n1EmpCode',NULL),(1310,'864','n1EmpFullName','nullnull'),(1311,'864','toDt','2019-09-20'),(1312,'864','employeeFullName','testEmployee'),(1313,'865','n1EmpCode',NULL),(1314,'865','n1EmpFullName','nullnull'),(1315,'865','toDt','2019-09-20'),(1316,'865','employeeFullName','testEmployee'),(1317,'866','n1EmpCode',NULL),(1318,'866','n1EmpFullName','nullnull'),(1319,'866','toDt','2019-09-20'),(1320,'866','employeeFullName','testEmployee'),(1321,'867','n1EmpCode',NULL),(1322,'867','n1EmpFullName','nullnull'),(1323,'867','toDt','2019-09-20'),(1324,'867','employeeFullName','testEmployee'),(1325,'868','n1EmpCode',NULL),(1326,'868','n1EmpFullName','nullnull'),(1327,'868','toDt','2019-09-20'),(1328,'868','employeeFullName','testEmployee'),(1329,'869','n1EmpCode',NULL),(1330,'869','n1EmpFullName','nullnull'),(1331,'869','toDt','2019-09-20'),(1332,'869','employeeFullName','testEmployee'),(1333,'870','n1EmpCode',NULL),(1334,'870','n1EmpFullName','nullnull'),(1335,'870','toDt','2019-09-20'),(1336,'870','employeeFullName','testEmployee'),(1337,'871','n1EmpCode','CH270'),(1338,'871','n1EmpFullName','testnOne'),(1339,'871','toDt','2019-09-23'),(1340,'871','employeeFullName','testEmployee'),(1341,'872','n1EmpCode','CH270'),(1342,'872','n1EmpFullName','testnOne'),(1343,'872','toDt','2019-09-23'),(1344,'872','fromDt','2019-09-23'),(1345,'872','employeeFullName','testEmployee'),(1346,'873','n1EmpCode','CH270'),(1347,'873','n1EmpFullName','testnOne'),(1348,'873','toDt','2019-09-24'),(1349,'873','fromDt','2019-09-23'),(1350,'873','employeeFullName','testEmployee'),(1351,'874','fromDt','2019-09-23'),(1352,'874','toDt','2019-09-24'),(1353,'874','n2EmpCode','CH271'),(1354,'874','n2EmpFullName','testnTwo'),(1355,'874','employeeFullName','testEmployee'),(1356,'875','employeeFullName','testnOne'),(1357,'875','reqAdvAmount','1200.0'),(1358,'875','hr1GrpId','Chennai HR Level1 Group'),(1359,'875','hrEmpName',NULL),(1360,'876','employeeFullName','testnOne'),(1361,'876','reqAdvAmount','1200.0'),(1362,'876','hr1GrpId','Chennai HR Level1 Group'),(1363,'876','hrEmpName',NULL),(1364,'877','employeeFullName','testnOne'),(1365,'877','reqAdvAmount','1200.0'),(1366,'877','hr1GrpId','Chennai HR Level1 Group'),(1367,'878','employeeFullName','nullnull'),(1368,'878','reqAdvAmount','10000.0'),(1369,'878','hr1GrpId','Chennai HR Level1 Group'),(1370,'878','hrEmpName',NULL),(1371,'879','reqAdvAmount','68.0'),(1372,'879','n1EmpCode','CH270'),(1373,'879','n1EmpFullName','test nOne'),(1374,'879','employeeFullName','test Employee'),(1375,'881','reqAdvAmount','68.0'),(1376,'881','n1EmpCode','CH270'),(1377,'881','n1EmpFullName','test nOne'),(1378,'881','employeeFullName','test Employee'),(1379,'885','employeeFullName','nullnull'),(1380,'885','reqAdvAmount','1232.0'),(1381,'885','hr1GrpId','Chennai HR Level1 Group'),(1382,'885','hrEmpName',NULL),(1383,'886','reqAdvAmount','68.0'),(1384,'886','n1EmpCode',NULL),(1385,'886','n1EmpFullName',NULL),(1386,'886','employeeFullName','test Employee'),(1387,'888','reqAdvAmount','68.0'),(1388,'888','n1EmpCode',NULL),(1389,'888','n1EmpFullName',NULL),(1390,'888','employeeFullName','test Employee'),(1391,'890','reqAdvAmount','68.0'),(1392,'890','n1EmpCode',NULL),(1393,'890','n1EmpFullName',NULL),(1394,'890','employeeFullName','test Employee'),(1395,'891','reqAdvAmount','68.0'),(1396,'891','n1EmpCode',NULL),(1397,'891','n1EmpFullName',NULL),(1398,'891','employeeFullName','test Employee'),(1399,'892','employeeFullName','nullnull'),(1400,'892','reqAdvAmount','1232.0'),(1401,'892','hr1GrpId','Chennai HR Level1 Group'),(1402,'893','reqAdvAmount','68.0'),(1403,'893','n1EmpCode',NULL),(1404,'893','n1EmpFullName',NULL),(1405,'893','employeeFullName','test Employee'),(1406,'894','reqAdvAmount','68.0'),(1407,'894','n1EmpCode',NULL),(1408,'894','n1EmpFullName',NULL),(1409,'894','employeeFullName','test Employee'),(1410,'895','reqAdvAmount','68.0'),(1411,'895','n1EmpCode',NULL),(1412,'895','n1EmpFullName',NULL),(1413,'895','employeeFullName','test Employee');
/*!40000 ALTER TABLE `t_event_kv` ENABLE KEYS */;
UNLOCK TABLES;

--
-- Table structure for table `t_event_notification_key`
--

DROP TABLE IF EXISTS `t_event_notification_key`;
/*!40101 SET @saved_cs_client     = @@character_set_client */;
/*!40101 SET character_set_client = utf8 */;
CREATE TABLE `t_event_notification_key` (
  `id` int(11) NOT NULL AUTO_INCREMENT,
  `t_event_id` varchar(100) DEFAULT NULL,
  `send_email` varchar(100) DEFAULT NULL,
  `email_id` varchar(100) DEFAULT NULL,
  `email_subject` varchar(2111) DEFAULT NULL,
  `email_template_name` varchar(100) DEFAULT NULL,
  `email_message` varchar(2111) DEFAULT NULL,
  `email_sent_dt` varchar(100) DEFAULT NULL,
  `send_sms` varchar(100) DEFAULT NULL,
  `mobile_number` varchar(100) DEFAULT NULL,
  `sms_message` varchar(1111) DEFAULT NULL,
  `sms_sent_dt` varchar(100) DEFAULT NULL,
  `send_in_app_notfn` varchar(100) DEFAULT NULL,
  `user_id` varchar(100) DEFAULT NULL,
  `in_app_notfn_message` varchar(2111) DEFAULT NULL,
  `in_app_notfn_sent_dt` varchar(100) DEFAULT NULL,
  `expire` varchar(100) DEFAULT NULL,
  `retry_count` varchar(100) DEFAULT NULL,
  `retry_interval` varchar(100) DEFAULT NULL,
  PRIMARY KEY (`id`)
) ENGINE=InnoDB AUTO_INCREMENT=389 DEFAULT CHARSET=latin1;
/*!40101 SET character_set_client = @saved_cs_client */;

--
-- Dumping data for table `t_event_notification_key`
--

LOCK TABLES `t_event_notification_key` WRITE;
/*!40000 ALTER TABLE `t_event_notification_key` DISABLE KEYS */;
INSERT INTO `t_event_notification_key` VALUES (369,'860',NULL,'arunmarx@sidsync.com','Leave Approval Request (LA-100197-SL)  first level  Approval - CH270 -testnOne\n',NULL,'<!DOCTYPE html>\n<head>\n<title >Leave Approval  Request  from  CH272 - testEmployee</title>\n<meta http-equiv=\"Content-Type\" content=\"text/html; charset=UTF-8\" />\n</head><body><p>Dear  CH270 -testnOne\n</span></p><p> Leave Approval  Request  (LA-100197-SL)   is awaiting for your approval from  CH272 - testEmployee </p>\n<p>Regards, <br /><em>From Admin</em>Pothigai Power Solutions Private Limited-</br>This is system generated message</br></p></body></html>',NULL,NULL,NULL,'Your Leave Request -(LA-100197-SL) has been applied from ${fromDt} (2019-09-23) is waiting for approval -(testEmployee)',NULL,NULL,'452','Your Leave Request -(LA-100197-SL) has been applied from ${fromDt} (2019-09-23) is waiting for approval -(testEmployee)',NULL,NULL,NULL,NULL),(370,'861',NULL,'arunmarx@sidsync.com','Leave Approval Request (LA-100198-SL)  first level  Approval - CH270 -testnOne\n',NULL,'<!DOCTYPE html>\n<head>\n<title >Leave Approval  Request  from  CH272 - testEmployee</title>\n<meta http-equiv=\"Content-Type\" content=\"text/html; charset=UTF-8\" />\n</head><body><p>Dear  CH270 -testnOne\n</span></p><p> Leave Approval  Request  (LA-100198-SL)   is awaiting for your approval from  CH272 - testEmployee </p>\n<p>Regards, <br /><em>From Admin</em>Pothigai Power Solutions Private Limited-</br>This is system generated message</br></p></body></html>',NULL,NULL,NULL,'Your Leave Request -(LA-100198-SL) has been applied from ${fromDt} (2019-09-24) is waiting for approval -(testEmployee)',NULL,NULL,'452','Your Leave Request -(LA-100198-SL) has been applied from ${fromDt} (2019-09-24) is waiting for approval -(testEmployee)',NULL,NULL,NULL,NULL),(371,'862',NULL,'arunmarx@sidsync.com','Leave Approval Request (LA-100199-CL)  first level  Approval - CH270 -testnOne\n',NULL,'<!DOCTYPE html>\n<head>\n<title >Leave Approval  Request  from  CH272 - testEmployee</title>\n<meta http-equiv=\"Content-Type\" content=\"text/html; charset=UTF-8\" />\n</head><body><p>Dear  CH270 -testnOne\n</span></p><p> Leave Approval  Request  (LA-100199-CL)   is awaiting for your approval from  CH272 - testEmployee </p>\n<p>Regards, <br /><em>From Admin</em>Pothigai Power Solutions Private Limited-</br>This is system generated message</br></p></body></html>',NULL,NULL,NULL,'Your Leave Request -(LA-100199-CL) has been applied from ${fromDt} (2019-09-23) is waiting for approval -(testEmployee)',NULL,NULL,'452','Your Leave Request -(LA-100199-CL) has been applied from ${fromDt} (2019-09-23) is waiting for approval -(testEmployee)',NULL,NULL,NULL,NULL),(372,'865',NULL,'v.sundar1994@gmail.com','Leave Approval Request (${bk.leaveRequestCode})  first level  Approval - ${n1EmpCode} -${n1EmpFullName}\n',NULL,'<!DOCTYPE html>\n<head><meta http-equiv=\"Content-Type\" content=\"text/html; charset=UTF-8\" /></head>\n<body>\n<p>Dear  ${bk.employeeCode} - testEmployee, </span></p>\n<p>Your Leave Approval  Request  (${bk.leaveRequestCode})   is awaiting for 1st level approval from  ${n1EmpCode} -${n1EmpFullName}  . </p>\n<p>Regards, \n<br /><em>From Admin</em>Pothigai Power Solutions Private Limited-</br>This is system generated message</br></p>\n</body></html>',NULL,NULL,NULL,'Your Leave Request -(LA-100202-CL) has been applied from ${fromDt} (2019-09-20) is waiting for approval -(testEmployee)',NULL,NULL,'454','Your Leave Request -(LA-100202-CL) has been applied from ${fromDt} (2019-09-20) is waiting for approval -(testEmployee)',NULL,NULL,NULL,NULL),(373,'866',NULL,'v.sundar1994@gmail.com','Leave Approval Request (${bk.leaveRequestCode})  first level  Approval - ${n1EmpCode} -${n1EmpFullName}\n',NULL,'<!DOCTYPE html>\n<head><meta http-equiv=\"Content-Type\" content=\"text/html; charset=UTF-8\" /></head>\n<body>\n<p>Dear  ${bk.employeeCode} - testEmployee, </span></p>\n<p>Your Leave Approval  Request  (${bk.leaveRequestCode})   is awaiting for 1st level approval from  ${n1EmpCode} -${n1EmpFullName}  . </p>\n<p>Regards, \n<br /><em>From Admin</em>Pothigai Power Solutions Private Limited-</br>This is system generated message</br></p>\n</body></html>',NULL,NULL,NULL,'Your Leave Request -(LA-100203-CL) has been applied from ${fromDt} (2019-09-20) is waiting for approval -(testEmployee)',NULL,NULL,'454','Your Leave Request -(LA-100203-CL) has been applied from ${fromDt} (2019-09-20) is waiting for approval -(testEmployee)',NULL,NULL,NULL,NULL),(374,'867',NULL,'v.sundar1994@gmail.com','Leave Approval Request (${bk.leaveRequestCode})  first level  Approval - ${n1EmpCode} -${n1EmpFullName}\n',NULL,'<!DOCTYPE html>\n<head><meta http-equiv=\"Content-Type\" content=\"text/html; charset=UTF-8\" /></head>\n<body>\n<p>Dear  ${bk.employeeCode} - testEmployee, </span></p>\n<p>Your Leave Approval  Request  (${bk.leaveRequestCode})   is awaiting for 1st level approval from  ${n1EmpCode} -${n1EmpFullName}  . </p>\n<p>Regards, \n<br /><em>From Admin</em>Pothigai Power Solutions Private Limited-</br>This is system generated message</br></p>\n</body></html>',NULL,NULL,NULL,'Your Leave Request -(LA-100204-CL) has been applied from ${fromDt} (2019-09-20) is waiting for approval -(testEmployee)',NULL,NULL,'454','Your Leave Request -(LA-100204-CL) has been applied from ${fromDt} (2019-09-20) is waiting for approval -(testEmployee)',NULL,NULL,NULL,NULL),(375,'868',NULL,'v.sundar1994@gmail.com','Leave Approval Request (${bk.leaveRequestCode})  first level  Approval - ${n1EmpCode} -${n1EmpFullName}\n',NULL,'<!DOCTYPE html>\n<head><meta http-equiv=\"Content-Type\" content=\"text/html; charset=UTF-8\" /></head>\n<body>\n<p>Dear  ${bk.employeeCode} - testEmployee, </span></p>\n<p>Your Leave Approval  Request  (${bk.leaveRequestCode})   is awaiting for 1st level approval from  ${n1EmpCode} -${n1EmpFullName}  . </p>\n<p>Regards, \n<br /><em>From Admin</em>Pothigai Power Solutions Private Limited-</br>This is system generated message</br></p>\n</body></html>',NULL,NULL,NULL,'Your Leave Request -(LA-100205-CL) has been applied from ${fromDt} (2019-09-20) is waiting for approval -(testEmployee)',NULL,NULL,'454','Your Leave Request -(LA-100205-CL) has been applied from ${fromDt} (2019-09-20) is waiting for approval -(testEmployee)',NULL,NULL,NULL,NULL),(376,'869',NULL,'v.sundar1994@gmail.com','Leave Approval Request (${bk.leaveRequestCode})  first level  Approval - ${n1EmpCode} -${n1EmpFullName}\n',NULL,'<!DOCTYPE html>\n<head><meta http-equiv=\"Content-Type\" content=\"text/html; charset=UTF-8\" /></head>\n<body>\n<p>Dear  ${bk.employeeCode} - testEmployee, </span></p>\n<p>Your Leave Approval  Request  (${bk.leaveRequestCode})   is awaiting for 1st level approval from  ${n1EmpCode} -${n1EmpFullName}  . </p>\n<p>Regards, \n<br /><em>From Admin</em>Pothigai Power Solutions Private Limited-</br>This is system generated message</br></p>\n</body></html>',NULL,NULL,NULL,'Your Leave Request -(LA-100206-CL) has been applied from ${fromDt} (2019-09-20) is waiting for approval -(testEmployee)',NULL,NULL,'454','Your Leave Request -(LA-100206-CL) has been applied from ${fromDt} (2019-09-20) is waiting for approval -(testEmployee)',NULL,NULL,NULL,NULL),(377,'870',NULL,'v.sundar1994@gmail.com','Leave Approval Request (${bk.leaveRequestCode})  first level  Approval - ${n1EmpCode} -${n1EmpFullName}\n',NULL,'<!DOCTYPE html>\n<head><meta http-equiv=\"Content-Type\" content=\"text/html; charset=UTF-8\" /></head>\n<body>\n<p>Dear  ${bk.employeeCode} - testEmployee, </span></p>\n<p>Your Leave Approval  Request  (${bk.leaveRequestCode})   is awaiting for 1st level approval from  ${n1EmpCode} -${n1EmpFullName}  . </p>\n<p>Regards, \n<br /><em>From Admin</em>Pothigai Power Solutions Private Limited-</br>This is system generated message</br></p>\n</body></html>',NULL,NULL,NULL,'Your Leave Request -(LA-100207-CL) has been applied from ${fromDt} (2019-09-20) is waiting for approval -(testEmployee)',NULL,NULL,'454','Your Leave Request -(LA-100207-CL) has been applied from ${fromDt} (2019-09-20) is waiting for approval -(testEmployee)',NULL,NULL,NULL,NULL),(378,'871',NULL,'v.sundar1994@gmail.com','Leave Approval Request (LA-100208-CL)  first level  Approval - CH270 -testnOne\n',NULL,'<!DOCTYPE html>\n<head><meta http-equiv=\"Content-Type\" content=\"text/html; charset=UTF-8\" /></head>\n<body>\n<p>Dear  CH272 - testEmployee, </span></p>\n<p>Your Leave Approval  Request  (LA-100208-CL)   is awaiting for 1st level approval from  CH270 -testnOne  . </p>\n<p>Regards, \n<br /><em>From Admin</em>Pothigai Power Solutions Private Limited-</br>This is system generated message</br></p>\n</body></html>',NULL,NULL,NULL,'Your Leave Request -(LA-100208-CL) has been applied from ${fromDt} (2019-09-23) is waiting for approval -(testEmployee)',NULL,NULL,'454','Your Leave Request -(LA-100208-CL) has been applied from ${fromDt} (2019-09-23) is waiting for approval -(testEmployee)',NULL,NULL,NULL,NULL),(379,'872',NULL,'sundarv@sidsync.com','Leave Approval Request LA-100197-SL  is Approved - CH270 -testnOne\n',NULL,'<!DOCTYPE html>\n<head><meta http-equiv=\"Content-Type\" content=\"text/html; charset=UTF-8\" /></head>\n<body>\n<p>Dear  CH272 - testEmployee, </span></p>\n<p>Your Leave Approval Request (LA-100197-SL) is Approved By CH270 -testnOne . </p>\n<p>Regards, \n<br /><em>From Admin</em>Pothigai Power Solutions Private Limited-</br>This is system generated message</br></p>\n</body></html>',NULL,NULL,NULL,'Your Leave Request -(LA-100197-SL) has been applied from 2019-09-23 (2019-09-23) is waiting for approval -(testEmployee)',NULL,NULL,'448','Your Leave Request -(LA-100197-SL) has been applied from 2019-09-23 (2019-09-23) is waiting for approval -(testEmployee)',NULL,NULL,NULL,NULL),(380,'873',NULL,'sundarv@sidsync.com','Leave Approval Request LA-100198-SL  is Approved - CH270 -testnOne\n',NULL,'<!DOCTYPE html>\n<head><meta http-equiv=\"Content-Type\" content=\"text/html; charset=UTF-8\" /></head>\n<body>\n<p>Dear  CH272 - testEmployee, </span></p>\n<p>Your Leave Approval Request (LA-100198-SL) is Approved By CH270 -testnOne . </p>\n<p>Regards, \n<br /><em>From Admin</em>Pothigai Power Solutions Private Limited-</br>This is system generated message</br></p>\n</body></html>',NULL,NULL,NULL,'Your Leave Request -(LA-100198-SL) has been applied from 2019-09-23 (2019-09-24) is waiting for approval -(testEmployee)',NULL,NULL,'448','Your Leave Request -(LA-100198-SL) has been applied from 2019-09-23 (2019-09-24) is waiting for approval -(testEmployee)',NULL,NULL,NULL,NULL),(381,'874',NULL,'v.sundar1994@gmail.com','Leave Approval Request (LA-100198-SL)  is Approved By- CH271 -testnTwo\n',NULL,'<!DOCTYPE html>\n<head><meta http-equiv=\"Content-Type\" content=\"text/html; charset=UTF-8\" /></head>\n<body>\n<p>Dear  CH272 - testEmployee, </span></p>\n<p>Your Leave Approval Request (LA-100198-SL) is Approved by CH271 -testnTwo . </p>\n<p>Regards, \n<br /><em>From Admin</em>Pothigai Power Solutions Private Limited-</br>This is system generated message</br></p>\n</body></html>',NULL,NULL,NULL,'Your Leave Request -(LA-100198-SL) has been applied from 2019-09-23 (2019-09-24) is waiting for approval -(testEmployee)',NULL,NULL,'454','Your Leave Request -(LA-100198-SL) has been applied from 2019-09-23 (2019-09-24) is waiting for approval -(testEmployee)',NULL,NULL,NULL,NULL),(382,'875',NULL,'sundarv@sidsync.com','Your Expense claim Request (EC-494-CC) for Rs. 1200.0 is awaiting for your 1st level approval from Chennai HR Level1 Group -testnOne',NULL,'Your Expense claim Request (EC-494-CC) for Rs. 1200.0 is awaiting for your 1st level approval from Chennai HR Level1 Group -testnOne',NULL,NULL,NULL,NULL,NULL,NULL,'448','Your leave Application Request (${bk.leaveRequestCode}) from ${fromDt} to ${toDt} is applied by (${bk.employeeCode}) -(testnOne)',NULL,NULL,NULL,NULL),(383,'876',NULL,'sundarv@sidsync.com','Your Expense claim Request (EC-495-CC) for Rs. 1200.0 is awaiting for your 1st level approval from Chennai HR Level1 Group -testnOne',NULL,'Your Expense claim Request (EC-495-CC) for Rs. 1200.0 is awaiting for your 1st level approval from Chennai HR Level1 Group -testnOne',NULL,NULL,NULL,NULL,NULL,NULL,'448','Your leave Application Request (${bk.leaveRequestCode}) from ${fromDt} to ${toDt} is applied by (${bk.employeeCode}) -(testnOne)',NULL,NULL,NULL,NULL),(384,'878',NULL,'sundarv@sidsync.com','Your Expense claim Request (EC-496-JC) for Rs. 10000.0 is awaiting for your 1st level approval from Chennai HR Level1 Group -nullnull',NULL,'Your Expense claim Request (EC-496-JC) for Rs. 10000.0 is awaiting for your 1st level approval from Chennai HR Level1 Group -nullnull',NULL,NULL,NULL,NULL,NULL,NULL,'448','Your leave Application Request (${bk.leaveRequestCode}) from ${fromDt} to ${toDt} is applied by (${bk.employeeCode}) -(nullnull)',NULL,NULL,NULL,NULL),(385,'885',NULL,'sundarv@sidsync.com','Your Expense claim Request (EC-497-CC) for Rs. 1232.0 is awaiting for your 1st level approval from Chennai HR Level1 Group -nullnull',NULL,'Your Expense claim Request (EC-497-CC) for Rs. 1232.0 is awaiting for your 1st level approval from Chennai HR Level1 Group -nullnull',NULL,NULL,NULL,NULL,NULL,NULL,'448','Your leave Application Request (${bk.leaveRequestCode}) from ${fromDt} to ${toDt} is applied by (${bk.employeeCode}) -(nullnull)',NULL,NULL,NULL,NULL),(386,'893',NULL,'v.sundar1994@gmail.com','Travel Approval Request  TA-499 created',NULL,'<!DOCTYPE html><head><title >Travel Advance Request Submitted Sucessfully </title><meta http-equiv=\"Content-Type\" content=\"text/html; charset=UTF-8\" /></head><body><p>Dear  ${bk.employeeCode} - test Employee,</span></p><p>Your Travel Advance Request  ${bk.tarCode}  for Rs. ${reqAdvAmount}   is awaiting for 1st level approval from ${n1EmpCode}-${n1EmpFullName}.  </p><p>Regards, <br /><em>From Admin</em>Pothigai Power Solutions Private Limited-</br>This is system generated message</br></p></body></html>',NULL,NULL,NULL,'Your Travel Approval Request (${bk.tarCode}) for Rs. ${reqAdvAmount} is awaiting 1st level approval from ${n1EmpCode} - ${n1EmpFullName}.',NULL,NULL,'454','Your Travel Approval Request (${bk.tarCode}) for Rs. ${reqAdvAmount} is awaiting 1st level approval from ${n1EmpCode} - ${n1EmpFullName}.',NULL,NULL,NULL,NULL),(387,'894',NULL,'v.sundar1994@gmail.com','Travel Approval Request  TA-500 created',NULL,'<!DOCTYPE html><head><title >Travel Advance Request Submitted Sucessfully </title><meta http-equiv=\"Content-Type\" content=\"text/html; charset=UTF-8\" /></head><body><p>Dear  ${bk.employeeCode} - test Employee,</span></p><p>Your Travel Advance Request  ${bk.tarCode}  for Rs. ${reqAdvAmount}   is awaiting for 1st level approval from ${n1EmpCode}-${n1EmpFullName}.  </p><p>Regards, <br /><em>From Admin</em>Pothigai Power Solutions Private Limited-</br>This is system generated message</br></p></body></html>',NULL,NULL,NULL,'Your Travel Approval Request (${bk.tarCode}) for Rs. ${reqAdvAmount} is awaiting 1st level approval from ${n1EmpCode} - ${n1EmpFullName}.',NULL,NULL,'454','Your Travel Approval Request (${bk.tarCode}) for Rs. ${reqAdvAmount} is awaiting 1st level approval from ${n1EmpCode} - ${n1EmpFullName}.',NULL,NULL,NULL,NULL),(388,'895',NULL,'v.sundar1994@gmail.com','Travel Approval Request  TA-501 created',NULL,'<!DOCTYPE html><head><title >Travel Advance Request Submitted Sucessfully </title><meta http-equiv=\"Content-Type\" content=\"text/html; charset=UTF-8\" /></head><body><p>Dear  ${bk.employeeCode} - test Employee,</span></p><p>Your Travel Advance Request  ${bk.tarCode}  for Rs. ${reqAdvAmount}   is awaiting for 1st level approval from ${n1EmpCode}-${n1EmpFullName}.  </p><p>Regards, <br /><em>From Admin</em>Pothigai Power Solutions Private Limited-</br>This is system generated message</br></p></body></html>',NULL,NULL,NULL,'Your Travel Approval Request (${bk.tarCode}) for Rs. ${reqAdvAmount} is awaiting 1st level approval from ${n1EmpCode} - ${n1EmpFullName}.',NULL,NULL,'454','Your Travel Approval Request (${bk.tarCode}) for Rs. ${reqAdvAmount} is awaiting 1st level approval from ${n1EmpCode} - ${n1EmpFullName}.',NULL,NULL,NULL,NULL);
/*!40000 ALTER TABLE `t_event_notification_key` ENABLE KEYS */;
UNLOCK TABLES;

--
-- Table structure for table `t_exit_interview`
--

DROP TABLE IF EXISTS `t_exit_interview`;
/*!40101 SET @saved_cs_client     = @@character_set_client */;
/*!40101 SET character_set_client = utf8 */;
CREATE TABLE `t_exit_interview` (
  `id` int(11) NOT NULL AUTO_INCREMENT,
  `emp_name` varchar(45) DEFAULT NULL,
  `exit_type` varchar(45) DEFAULT NULL,
  `date_of_interview` date DEFAULT NULL,
  `emp_dur` varchar(45) DEFAULT NULL,
  `is_auther_jb` varchar(45) DEFAULT NULL,
  `is_nw_jb_comp` varchar(45) DEFAULT NULL,
  `is_nw_jb_autnmy` varchar(45) DEFAULT NULL,
  `is_dissatisfctn` varchar(45) DEFAULT NULL,
  `is_hlth` varchar(45) DEFAULT NULL,
  `is_fam_hlth` varchar(45) DEFAULT NULL,
  `is_edu` varchar(45) DEFAULT NULL,
  `is_retire` varchar(45) DEFAULT NULL,
  `is_relocat` varchar(45) DEFAULT NULL,
  `is_otrs_vol` varchar(45) DEFAULT NULL,
  `fac1` varchar(45) DEFAULT NULL,
  `fac2` varchar(45) DEFAULT NULL,
  `fac3` varchar(45) DEFAULT NULL,
  `fac4` varchar(45) DEFAULT NULL,
  `fac5` varchar(45) DEFAULT NULL,
  `fac6` varchar(45) DEFAULT NULL,
  `is_layoff` varchar(45) DEFAULT NULL,
  `is_perfmce` varchar(45) DEFAULT NULL,
  `is_por_attdce` varchar(45) DEFAULT NULL,
  `is_insubord` varchar(45) DEFAULT NULL,
  `is_violat_policy` varchar(45) DEFAULT NULL,
  `is_elimte` varchar(45) DEFAULT NULL,
  `is_temp` varchar(45) DEFAULT NULL,
  `is_otrs_in_vol` varchar(45) DEFAULT NULL,
  `is_anther_jb` varchar(45) DEFAULT NULL,
  `new_jb_desc` varchar(45) DEFAULT NULL,
  `new_ttle` varchar(45) DEFAULT NULL,
  `prsnt_sal` varchar(45) DEFAULT NULL,
  `new_sal` varchar(45) DEFAULT NULL,
  `is_emp_nw_pos` varchar(45) DEFAULT NULL,
  `emp_nw_pos_desc` varchar(45) DEFAULT NULL,
  `is_emp_satis` varchar(45) DEFAULT NULL,
  `emp_satis_desc` varchar(45) DEFAULT NULL,
  `handle_cmpls` varchar(45) DEFAULT NULL,
  `emp_shre_thghts` varchar(45) DEFAULT NULL,
  `emp_thnk_prgres` varchar(45) DEFAULT NULL,
  `judgmnt` varchar(45) DEFAULT NULL,
  `is_comp` varchar(45) DEFAULT NULL,
  `comp_desc` varchar(45) DEFAULT NULL,
  `is_enable` varchar(45) DEFAULT NULL,
  `created_by` varchar(45) DEFAULT NULL,
  `modified_by` varchar(45) DEFAULT NULL,
  `created_dt` datetime DEFAULT NULL,
  `modified_dt` datetime DEFAULT NULL,
  `manager_id` varchar(100) DEFAULT NULL,
  `dept_id` varchar(100) DEFAULT NULL,
  `status` varchar(100) DEFAULT NULL,
  PRIMARY KEY (`id`)
) ENGINE=InnoDB AUTO_INCREMENT=9 DEFAULT CHARSET=latin1;
/*!40101 SET character_set_client = @saved_cs_client */;

--
-- Dumping data for table `t_exit_interview`
--

LOCK TABLES `t_exit_interview` WRITE;
/*!40000 ALTER TABLE `t_exit_interview` DISABLE KEYS */;
INSERT INTO `t_exit_interview` VALUES (6,'Priyadarshini','Voluntary','2019-03-05',' 10 months','Y','','Y','Y','Y','Y','Y','N','N','N','test','fac_test','fac_test','fac_test','fac_test','fac_test','Y','Y','N','N','N','Y','Y','Y','Y','Y','Y','10000','20000','Y','Developer','Y','K','test working','test working','test working','Y','Y','test','Y',NULL,NULL,'2019-02-07 16:16:58','2019-02-08 14:56:23','2','9','In Process'),(7,'Priyadarshini','Voluntary','2019-03-05','12 months','Y','','Y','Y','Y','Y','Y','N','N','N','test','fac_test','fac_test','fac_test','fac_test','fac_test','Y','Y','N','N','N','Y','Y','Y','Y','Y','Y','50000','60000','Y','Developer','Y','test working','test working','test working','test working','Y','Y','test','Y',NULL,NULL,'2019-02-07 16:51:36','2019-02-08 13:42:29','2','9','Completed'),(8,'Gautham','Voluntary','2019-03-05','2 years','Y','','Y','Y','Y','Y','Y','N','N','N','test','fac_test','fac_test','fac_test','fac_test','fac_test','Y','Y','N','N','N','Y','Y','Y','Y','Y','Y','10000','20000','Y','Developer','Y','test working','test working','test working','test working','Y','Y','test','Y',NULL,NULL,NULL,'2019-02-08 14:29:16','2','9','Completed');
/*!40000 ALTER TABLE `t_exit_interview` ENABLE KEYS */;
UNLOCK TABLES;

--
-- Table structure for table `t_expense_claim`
--

DROP TABLE IF EXISTS `t_expense_claim`;
/*!40101 SET @saved_cs_client     = @@character_set_client */;
/*!40101 SET character_set_client = utf8 */;
CREATE TABLE `t_expense_claim` (
  `id` int(11) NOT NULL AUTO_INCREMENT,
  `expense_claim_code` varchar(255) DEFAULT NULL,
  `is_billable` varchar(255) DEFAULT NULL,
  `is_job_based` varchar(100) DEFAULT NULL,
  `job_id` varchar(255) DEFAULT NULL,
  `partner_id` varchar(255) DEFAULT NULL,
  `cost_center_id` varchar(255) DEFAULT NULL,
  `expense_claim_status` varchar(255) DEFAULT NULL,
  `employee_id` varchar(255) DEFAULT NULL,
  `expense_claim_amount` double(10,4) DEFAULT NULL,
  `emp_remarks` varchar(255) DEFAULT NULL,
  `applied_emp_id` varchar(255) DEFAULT NULL,
  `applied_dt` datetime DEFAULT NULL,
  `validate_user_group_id` varchar(255) DEFAULT NULL,
  `validate_decision` varchar(255) DEFAULT NULL,
  `validate_remarks` varchar(255) DEFAULT NULL,
  `validated_dt` datetime DEFAULT NULL,
  `validate_emp_id` varchar(255) DEFAULT NULL,
  `n1_approved_dt` varchar(255) DEFAULT NULL,
  `n1_remarks` varchar(255) DEFAULT NULL,
  `n1_emp_id` varchar(255) DEFAULT NULL,
  `need_n2_approval` varchar(255) DEFAULT NULL,
  `n2_decision` varchar(255) DEFAULT NULL,
  `n2_approved_dt` datetime DEFAULT NULL,
  `is_manager_2_approved` varchar(255) DEFAULT NULL,
  `n2_emp_id` varchar(255) DEFAULT NULL,
  `n2_remarks` varchar(255) DEFAULT NULL,
  `settle_user_group_id` varchar(255) DEFAULT NULL,
  `settle_decision` varchar(255) DEFAULT NULL,
  `input_credit_amount` varchar(255) DEFAULT NULL,
  `settle_remarks` varchar(255) DEFAULT NULL,
  `settled_dt` datetime DEFAULT NULL,
  `cancelled_dt` datetime DEFAULT NULL,
  `cancel_emp_id` varchar(255) DEFAULT NULL,
  `cancel_remarks` varchar(255) DEFAULT NULL,
  `is_enabled` varchar(255) DEFAULT NULL,
  `created_by` varchar(255) DEFAULT NULL,
  `created_dt` datetime DEFAULT NULL,
  `modified_by` varchar(255) DEFAULT NULL,
  `modified_dt` datetime DEFAULT NULL,
  `n1_decision` varchar(100) DEFAULT NULL,
  `n1_decision_dt` datetime DEFAULT NULL,
  `settle_emp_id` varchar(100) DEFAULT NULL,
  `exp_pdf_id` varchar(100) DEFAULT NULL,
  PRIMARY KEY (`id`)
) ENGINE=MyISAM AUTO_INCREMENT=502 DEFAULT CHARSET=latin1;
/*!40101 SET character_set_client = @saved_cs_client */;

--
-- Dumping data for table `t_expense_claim`
--

LOCK TABLES `t_expense_claim` WRITE;
/*!40000 ALTER TABLE `t_expense_claim` DISABLE KEYS */;
INSERT INTO `t_expense_claim` VALUES (496,'EC-492-JC',NULL,'Y','97',NULL,NULL,'SETTLED','323',500.0000,'test','323','2019-09-19 14:59:04','1','VALIDATED','tyy','2019-09-19 20:33:59','317',NULL,'tyt','321','Y','N1-APPROVED','2019-09-19 20:37:46',NULL,'322','tyt','4','SETTLED','0','tyr','2019-09-19 20:41:39',NULL,NULL,NULL,'Y','323','2019-09-19 20:30:09','320','2019-09-19 20:41:39','N1-APPROVED','2019-09-19 20:36:40','320',NULL),(497,'EC-493-CC',NULL,'N',NULL,NULL,'1','VALIDATION-PENDING','323',2000.0000,'test','323','2019-09-23 04:26:50','1',NULL,NULL,NULL,NULL,NULL,NULL,'321',NULL,NULL,NULL,NULL,'322',NULL,'4',NULL,'0',NULL,NULL,NULL,NULL,NULL,'Y','323','2019-09-23 09:57:44','323','2019-09-23 09:57:44',NULL,NULL,NULL,NULL),(498,'EC-494-CC',NULL,'N',NULL,NULL,'1','VALIDATION-PENDING','323',1200.0000,'tt','323','2019-09-23 05:13:47','1',NULL,NULL,NULL,NULL,NULL,NULL,'321',NULL,NULL,NULL,NULL,'322',NULL,'4',NULL,'0',NULL,NULL,NULL,NULL,NULL,'Y','323','2019-09-23 10:44:11','323','2019-09-23 10:44:11',NULL,NULL,NULL,NULL),(499,'EC-495-CC',NULL,'N',NULL,NULL,'2','N1-APPROVAL-PENDING','323',1200.0000,'tt','323','2019-09-23 05:15:06','1','VALIDATED','tt','2019-09-23 10:47:18','317',NULL,NULL,'321',NULL,NULL,NULL,NULL,'322',NULL,'4',NULL,'0',NULL,NULL,NULL,NULL,NULL,'Y','323','2019-09-23 10:45:33','317','2019-09-23 10:47:18',NULL,NULL,NULL,NULL),(500,'EC-496-JC',NULL,'Y','5','1','1','VALIDATION-PENDING','323',10000.0000,'GOOD','323',NULL,'1',NULL,NULL,NULL,NULL,NULL,NULL,NULL,NULL,NULL,NULL,NULL,NULL,NULL,NULL,NULL,'0',NULL,NULL,NULL,NULL,NULL,'Y','323','2019-09-23 11:15:42','323','2019-09-23 11:15:42',NULL,NULL,NULL,NULL),(501,'EC-497-CC',NULL,'N',NULL,NULL,'1','N1-APPROVAL-PENDING','323',1232.0000,'tt','323','2019-09-23 06:33:38','1','VALIDATED','test','2019-09-23 12:15:40','317',NULL,NULL,NULL,NULL,NULL,NULL,NULL,NULL,NULL,NULL,NULL,'0',NULL,NULL,NULL,NULL,NULL,'Y','323','2019-09-23 12:04:17','317','2019-09-23 12:15:40',NULL,NULL,NULL,NULL);
/*!40000 ALTER TABLE `t_expense_claim` ENABLE KEYS */;
UNLOCK TABLES;

--
-- Table structure for table `t_expense_claim_bill`
--

DROP TABLE IF EXISTS `t_expense_claim_bill`;
/*!40101 SET @saved_cs_client     = @@character_set_client */;
/*!40101 SET character_set_client = utf8 */;
CREATE TABLE `t_expense_claim_bill` (
  `id` int(11) NOT NULL AUTO_INCREMENT,
  `t_expense_claim_id` varchar(255) DEFAULT NULL,
  `bill_dt` date DEFAULT NULL,
  `category_id` varchar(255) DEFAULT NULL,
  `sub_category_id` varchar(255) DEFAULT NULL,
  `merchant_id` varchar(255) DEFAULT NULL,
  `is_billable` varchar(255) DEFAULT NULL,
  `bill_amount` double(10,4) DEFAULT NULL,
  `bill_remarks` varchar(255) DEFAULT NULL,
  `doc_id` varchar(255) DEFAULT NULL,
  `is_enabled` varchar(255) DEFAULT NULL,
  `created_by` varchar(255) DEFAULT NULL,
  `created_dt` datetime DEFAULT NULL,
  `modified_by` varchar(255) DEFAULT NULL,
  `modified_dt` datetime DEFAULT NULL,
  `billed_on_company_name` varchar(100) DEFAULT NULL,
  PRIMARY KEY (`id`)
) ENGINE=MyISAM AUTO_INCREMENT=208 DEFAULT CHARSET=latin1;
/*!40101 SET character_set_client = @saved_cs_client */;

--
-- Dumping data for table `t_expense_claim_bill`
--

LOCK TABLES `t_expense_claim_bill` WRITE;
/*!40000 ALTER TABLE `t_expense_claim_bill` DISABLE KEYS */;
INSERT INTO `t_expense_claim_bill` VALUES (207,'501','2019-09-23','2',NULL,'tt',NULL,1232.0000,'tt','8c7503f6-8bec-4e90-8643-22772935fbfa','Y','323','2019-09-23 12:04:17','323','2019-09-23 12:04:17',NULL),(206,'500','2019-03-20','2','2','1',NULL,366.0000,'bill2',NULL,'Y','323','2019-09-23 11:15:42','323','2019-09-23 11:15:42','Y'),(205,'499','2019-09-23','1',NULL,'test',NULL,1200.0000,'tt','58bcd837-e418-460a-82cf-a905508a287d','Y','323','2019-09-23 10:45:33','323','2019-09-23 10:45:33',NULL),(204,'498','2019-09-23','2',NULL,'test',NULL,1200.0000,'test',NULL,'Y','323','2019-09-23 10:44:11','323','2019-09-23 10:44:11',NULL),(203,'497','2019-09-23','1',NULL,'test',NULL,2000.0000,'test','c8e1575f-a177-46a1-a045-0d7f3f6a27cb','Y','323','2019-09-23 09:57:44','323','2019-09-23 09:57:44',NULL),(202,'496','2019-09-19','1',NULL,'test',NULL,500.0000,'test','f59fa494-c3a8-477e-8a7d-4d66960c1ad8','Y','323','2019-09-19 20:30:09','323','2019-09-19 20:30:09',NULL),(201,'495','2019-03-20','2','2','1',NULL,366.0000,'bill2',NULL,'Y','4','2019-09-19 17:12:26','4','2019-09-19 17:12:28','Y'),(200,'494','2019-03-20','2','2','1',NULL,366.0000,'bill2',NULL,'Y','4','2019-09-19 16:37:36','4','2019-09-19 16:37:39','Y'),(199,'493','2019-03-20','2','2','1',NULL,366.0000,'bill2',NULL,'Y','4','2019-09-19 16:36:07','4','2019-09-19 16:36:09','Y'),(198,'492','2019-03-20','2','2','1',NULL,366.0000,'bill2',NULL,'Y','4','2019-09-19 16:34:08','4','2019-09-19 16:34:10','Y'),(197,'491','2019-03-20','2','2','1',NULL,366.0000,'bill2',NULL,'Y','4','2019-09-19 16:32:10','4','2019-09-19 16:32:12','Y'),(196,'490','2019-03-20','2','2','1',NULL,366.0000,'bill2',NULL,'Y','4','2019-09-19 16:25:25','4','2019-09-19 16:25:29','Y'),(195,'489','2019-03-20','2','2','1',NULL,366.0000,'bill2',NULL,'Y','4','2019-09-19 16:23:15','4','2019-09-19 16:23:17','Y'),(194,'488','2019-03-20','2','2','1',NULL,366.0000,'bill2',NULL,'Y','4','2019-09-19 16:22:02','4','2019-09-19 16:22:04','Y'),(193,'487','2019-03-20','2','2','1',NULL,366.0000,'bill2',NULL,'Y','4','2019-09-19 16:21:22','4','2019-09-19 16:21:24','Y'),(192,'486','2019-03-20','2','2','1',NULL,366.0000,'bill2',NULL,'Y','4','2019-09-19 16:19:40','4','2019-09-19 16:19:41','Y'),(191,'485','2019-03-20','2','2','1',NULL,366.0000,'bill2',NULL,'Y','4','2019-09-19 16:18:14','4','2019-09-19 16:18:16','Y'),(190,'484',NULL,NULL,NULL,NULL,NULL,500.0000,'fgry','7b92cb7c-48f3-4570-8d97-482e77064173','Y','216','2019-09-19 14:06:36','216','2019-09-19 14:06:36','Y'),(189,'483','2019-06-03',NULL,NULL,NULL,NULL,2424.0000,'tqesr','e2505c17-9cbf-47b2-b9bc-943b120824a4','Y','3','2019-09-18 23:31:41','3','2019-09-18 23:31:41','Y'),(188,'482','2019-06-06',NULL,NULL,NULL,NULL,11111.0000,'party','89a9497d-9933-4355-932e-19ee93558452','Y','3','2019-09-18 23:29:44','3','2019-09-18 23:29:44','Y'),(187,'481','2019-09-18','1',NULL,'test4',NULL,4444.0000,'test4','e29f663b-c0c7-457c-9dc4-71f4da83e451','Y','216','2019-09-18 15:57:20','216','2019-09-18 15:57:20',NULL),(186,'480','2019-09-18','1',NULL,'test3',NULL,3333.0000,'test3','e13f5e05-13ef-4738-859e-d196776f7fa8','Y','216','2019-09-18 15:50:42','216','2019-09-18 15:50:42',NULL),(185,'479','2019-09-18','1',NULL,'test2',NULL,3212.0000,'test2','7e89d8ef-c789-4389-abea-1150fa76cfec','Y','216','2019-09-18 15:48:51','216','2019-09-18 15:48:51',NULL),(184,'478','2019-09-18','1',NULL,'test1',NULL,1234.0000,'test1','9324c8a1-b390-427f-95e1-a51f2cadc5d8','Y','216','2019-09-18 15:48:13','216','2019-09-18 15:48:13',NULL),(183,'477','2019-09-02','1',NULL,'321',NULL,50.0000,'re2','a9725653-b776-4f2d-9ff6-450babaf47e1','Y','3','2019-09-17 14:39:48','3','2019-09-17 14:39:48',NULL),(182,'477','2019-09-01','2',NULL,'123',NULL,20.0000,'re1','f4480ddb-cf38-4b9a-9967-846a06d4ff63','Y','3','2019-09-17 14:39:48','3','2019-09-17 14:39:48',NULL),(181,'476','2019-09-17','3',NULL,'345',NULL,80.0000,NULL,'7d8096c4-e7dc-4ad9-b0f0-41761316b7c8','Y','3','2019-09-17 14:28:41','3','2019-09-17 14:28:41',NULL),(180,'476','2019-09-17','2',NULL,'123',NULL,20.0000,NULL,'9691e117-ea90-4add-8031-f70e2fdb22be','Y','3','2019-09-17 14:28:41','3','2019-09-17 14:28:41',NULL),(179,'475','2019-09-16','2',NULL,'test',NULL,3213.0000,'test','c0cbfaff-bc62-4ba2-aae4-c4746649f40f','Y','216','2019-09-16 19:37:01','216','2019-09-16 19:37:01',NULL),(178,'475','2019-09-09','2',NULL,'test',NULL,1232.0000,'test','ce140ffe-e6bc-49bb-8543-13d100bf589e','Y','216','2019-09-16 19:37:01','216','2019-09-16 19:37:01',NULL),(177,'474','2019-09-17','1',NULL,'test',NULL,1200.0000,'test','2d0f04cb-2873-4981-aea7-b509604ca296','Y','216','2019-09-16 19:17:35','216','2019-09-16 19:17:35',NULL),(176,'473','2019-09-17','2',NULL,'test',NULL,123.0000,'test','ce74a446-1ae6-4b27-b689-169e62d3f8ac','Y','5','2019-09-16 18:14:55','5','2019-09-16 18:14:55',NULL),(175,'473','2019-09-16','1',NULL,'test',NULL,2123.0000,'test','e10e45a5-59fd-42c5-9969-1ccd312346fc','Y','5','2019-09-16 18:14:55','5','2019-09-16 18:14:55',NULL),(174,'472','2019-09-25','1',NULL,'saravana',NULL,660.0000,'shf','522cb577-9bf3-4653-947d-dc8916c0de9b','Y','216','2019-09-16 17:57:30','216','2019-09-16 17:57:30',NULL),(173,'471','2019-09-03','2',NULL,'1234',NULL,2321.0000,'test','e2bb0c2e-1746-4437-b6d0-cfb4cf6192a0','Y','2','2019-09-16 12:00:19','2','2019-09-16 12:00:19',NULL),(172,'470','2019-09-25','1',NULL,'afgrt',NULL,300.0000,NULL,NULL,'Y','4','2019-09-16 11:12:53','4','2019-09-16 11:12:53',NULL),(171,'469','2019-09-16','1',NULL,'test',NULL,1242.0000,'test','807182ed-0f6a-4feb-9586-8219bbfb2760','Y','2','2019-09-16 10:30:10','2','2019-09-16 10:30:10',NULL),(170,'468','2019-09-19','1',NULL,'vganesh ',NULL,500.0000,'tyuy',NULL,'Y','216','2019-09-16 10:25:57','216','2019-09-16 10:25:57',NULL),(169,'467',NULL,NULL,NULL,NULL,NULL,5500.0000,NULL,'f140e39a-992c-4433-90c3-37b29720019f','Y','139','2019-09-13 20:17:17','139','2019-09-13 20:17:17',NULL),(168,'466','2019-09-20','1',NULL,'saravana ',NULL,69.0000,'ggjjk','afe97efb-6343-47f8-bfb8-623314428aa1','Y','4','2019-09-13 19:54:53','4','2019-09-13 19:54:53',NULL),(165,'460','2019-03-20','2','2','1',NULL,366.0000,'bill2',NULL,NULL,NULL,'2019-09-11 13:03:56',NULL,'2019-09-11 13:03:56','Y'),(167,'465','2019-08-28','1',NULL,'Anandhas',NULL,69.0000,'fhkhk',NULL,'Y','216','2019-09-13 19:49:21','216','2019-09-13 19:49:21',NULL),(166,'464',NULL,NULL,NULL,NULL,NULL,0.0000,NULL,'319fc1b7-a038-40f4-b704-225aced118ea','Y','139','2019-09-13 19:04:34','139','2019-09-13 19:04:35',NULL);
/*!40000 ALTER TABLE `t_expense_claim_bill` ENABLE KEYS */;
UNLOCK TABLES;

--
-- Table structure for table `t_inapp_notfn`
--

DROP TABLE IF EXISTS `t_inapp_notfn`;
/*!40101 SET @saved_cs_client     = @@character_set_client */;
/*!40101 SET character_set_client = utf8 */;
CREATE TABLE `t_inapp_notfn` (
  `id` int(11) NOT NULL AUTO_INCREMENT,
  `user_id` varchar(100) DEFAULT NULL,
  `notfn_dt` varchar(100) DEFAULT NULL,
  `notfn_exp_dt` varchar(100) DEFAULT NULL,
  `viewed_notfn` varchar(100) DEFAULT NULL,
  `notfn_viewed_dt` varchar(100) DEFAULT NULL,
  `hide_notfn` varchar(100) DEFAULT NULL,
  `event_name` varchar(100) DEFAULT NULL,
  `notfn_message` varchar(2111) DEFAULT NULL,
  `event_desc` varchar(100) DEFAULT NULL,
  PRIMARY KEY (`id`)
) ENGINE=InnoDB AUTO_INCREMENT=607 DEFAULT CHARSET=latin1;
/*!40101 SET character_set_client = @saved_cs_client */;

--
-- Dumping data for table `t_inapp_notfn`
--

LOCK TABLES `t_inapp_notfn` WRITE;
/*!40000 ALTER TABLE `t_inapp_notfn` DISABLE KEYS */;
INSERT INTO `t_inapp_notfn` VALUES (4,'17','2019-08-19 18:08:53','2019/08/29','N',NULL,'N','TarAppliedEvent','Travel Approval Request (TAR-238) for Rs. 68.0 is awaiting your approval.',NULL),(6,'17','2019-08-19 18:14:51','2019/08/29','N',NULL,'N','TarAppliedEvent','Travel Approval Request (TAR-239) for Rs. 68.0 is awaiting your approval.',NULL),(8,'17','2019-08-19 18:16:24','2019/08/29','N',NULL,'N','TarAppliedEvent','Travel Approval Request (TAR-240) for Rs. 68.0 is awaiting your approval.',NULL),(10,'30','2019-08-19 18:21:31','2019-08-20 14:35:27','N','2019-08-20 12:59:16','Y','TarAppliedEvent','Travel Approval Request (TAR-242) for Rs. 68.0 is awaiting your approval.',NULL),(11,'315','2019-08-21 16:49:12','2019-08-31 16:49:12','N',NULL,'N','TarAppliedEvent','Travel Approval Request (TAR-247) for Rs. 1200.0 is awaiting your approval.',NULL),(12,'30','2019-08-21 18:22:41','2019-08-31 18:22:41','N',NULL,'N','TarAppliedEvent','Your Travel Approval Request (TAR-248) for Rs. 1200.0 is awaiting 1st level approval from CH85 - sundar vijayan.',NULL),(13,'315','2019-08-21 18:22:41','2019-08-31 18:22:41','N',NULL,'N','TarAppliedEvent','Travel Approval Request (TAR-248) for Rs. 1200.0 is awaiting your approval.',NULL),(14,'30','2019-08-21 18:29:01','2019-08-31 18:29:01','N',NULL,'N','TarAppliedEvent','Your Travel Approval Request (TAR-249) for Rs. 200.0 is awaiting 1st level approval from CH85 - sundar vijayan.',NULL),(15,'315','2019-08-21 18:29:01','2019-08-31 18:29:01','N',NULL,'N','TarAppliedEvent','Travel Approval Request (TAR-249) for Rs. 200.0 is awaiting your approval.',NULL),(16,'30','2019-08-21 18:38:59','2019-08-31 18:38:59','N',NULL,'N','TarAppliedEvent','Your Travel Approval Request (TAR-250) for Rs. 400.0 is awaiting 1st level approval from CH85 - sundar vijayan.',NULL),(17,'315','2019-08-21 18:38:59','2019-08-31 18:38:59','N',NULL,'N','TarAppliedEvent','Travel Approval Request (TAR-250) for Rs. 400.0 is awaiting your approval.',NULL),(18,'17','2019-08-22 18:34:13','2019-09-01 18:34:13','N',NULL,'N','LeaveAppliedEvent','Dear (${n1EmpCode}) -(${n1EmpFullName}),Your Travel Approval Request(${bk.tarCode}) for Rs. ${reqAdvAmount} is canceled by(${bk.EmpCode}) -({bk.EmpFullName}) .                                                                                                                  From Admin -Pothigai Power Note - This is system generated message',NULL),(19,'17','2019-08-22 18:34:13','2019-09-01 18:34:13','N',NULL,'N','LeaveAppliedEvent','Dear (${n1EmpCode}) -(${n1EmpFullName}),Your Travel Approval Request(${bk.tarCode}) for Rs. ${reqAdvAmount} is canceled by(${bk.EmpCode}) -({bk.EmpFullName}) .                                                                                                                  From Admin -Pothigai Power Note - This is system generated message',NULL),(20,'315','2019-09-03 09:59:01','2019-09-13 09:59:01','N',NULL,'N','LeaveAppliedEvent','Your Travel Approval Request (${bk.tarCode}) for Rs. ${reqAdvAmount} is canceled by (${bk.EmpCode}) -(${bk.EmpFullName})',NULL),(21,'315','2019-09-03 09:59:01','2019-09-13 09:59:01','N',NULL,'N','LeaveAppliedEvent',NULL,NULL),(22,'315','2019-09-03 09:59:01','2019-09-13 09:59:01','N',NULL,'N','LeaveAppliedEvent','Your Travel Approval Request (${bk.tarCode}) for Rs. ${reqAdvAmount} is canceled by (${bk.EmpCode}) -(${bk.EmpFullName})',NULL),(23,'315','2019-09-03 09:59:01','2019-09-13 09:59:01','N',NULL,'N','LeaveAppliedEvent',NULL,NULL),(24,'315','2019-09-03 09:59:01','2019-09-13 09:59:01','N',NULL,'N','LeaveAppliedEvent','Your Travel Approval Request (${bk.tarCode}) for Rs. ${reqAdvAmount} is canceled by (${bk.EmpCode}) -(${bk.EmpFullName})',NULL),(25,'315','2019-09-03 09:59:01','2019-09-13 09:59:01','N',NULL,'N','LeaveAppliedEvent',NULL,NULL),(26,'33','2019-09-03 10:00:10','2019-09-13 10:00:10','N',NULL,'N','TarAppliedEvent','Your Travel Approval Request (TAR-284) for Rs. 3333.0 is awaiting 1st level approval from CH88 - dinesh.',NULL),(27,'316','2019-09-03 10:00:10','2019-09-13 10:00:10','N',NULL,'N','TarAppliedEvent','Travel Approval Request (TAR-284) for Rs. 3333.0 is awaiting your approval.',NULL),(28,'30','2019-09-03 12:36:43','2019-09-13 12:36:43','N',NULL,'N','TarAppliedEvent','Your Travel Approval Request (${bk.tarCode}) for Rs. ${reqAdvAmount} is awaiting 1st level approval from ${n1EmpCode} - ${n1EmpFullName}.',NULL),(29,'315','2019-09-03 12:36:43','2019-09-13 12:36:43','N',NULL,'N','TarAppliedEvent','Travel Approval Request (TAR-285) for Rs. 1200.0 is awaiting your approval.',NULL),(30,'315','2019-09-03 12:55:12','2019-09-13 12:55:12','N',NULL,'N','LeaveAppliedEvent','Your Travel Approval Request (${bk.tarCode}) for Rs. ${reqAdvAmount} is canceled by (${bk.EmpCode}) -(${bk.EmpFullName})',NULL),(31,'315','2019-09-03 12:55:12','2019-09-13 12:55:12','N',NULL,'N','LeaveAppliedEvent',NULL,NULL),(32,'315','2019-09-03 12:57:02','2019-09-13 12:57:02','N',NULL,'N','LeaveAppliedEvent','Your Travel Approval Request (${bk.tarCode}) for Rs. ${reqAdvAmount} is canceled by (${bk.EmpCode}) -(${bk.EmpFullName})',NULL),(33,'315','2019-09-03 12:57:02','2019-09-13 12:57:02','N',NULL,'N','LeaveAppliedEvent',NULL,NULL),(34,'315','2019-09-03 13:01:40','2019-09-13 13:01:40','N',NULL,'N','LeaveAppliedEvent','Your Travel Approval Request (${bk.tarCode}) for Rs. ${reqAdvAmount} is canceled by (${bk.EmpCode}) -(${bk.EmpFullName})',NULL),(35,'315','2019-09-03 13:01:40','2019-09-13 13:01:40','N',NULL,'N','LeaveAppliedEvent',NULL,NULL),(36,'315','2019-09-03 13:02:29','2019-09-13 13:02:29','N',NULL,'N','LeaveAppliedEvent','Your Travel Approval Request (${bk.tarCode}) for Rs. ${reqAdvAmount} is canceled by (${bk.EmpCode}) -(${bk.EmpFullName})',NULL),(37,'315','2019-09-03 13:02:29','2019-09-13 13:02:29','N',NULL,'N','LeaveAppliedEvent',NULL,NULL),(38,'315','2019-09-03 13:03:41','2019-09-13 13:03:41','N',NULL,'N','LeaveAppliedEvent','Your Travel Approval Request (${bk.tarCode}) for Rs. ${reqAdvAmount} is canceled by (${bk.EmpCode}) -(${bk.EmpFullName})',NULL),(39,'315','2019-09-03 13:03:41','2019-09-13 13:03:41','N',NULL,'N','LeaveAppliedEvent',NULL,NULL),(40,'315','2019-09-03 13:05:33','2019-09-13 13:05:33','N',NULL,'N','LeaveAppliedEvent','Your Travel Approval Request (${bk.tarCode}) for Rs. ${reqAdvAmount} is canceled by (${bk.EmpCode}) -(${bk.EmpFullName})',NULL),(41,'315','2019-09-03 13:05:34','2019-09-13 13:05:34','N',NULL,'N','LeaveAppliedEvent',NULL,NULL),(43,'30','2019-09-05 10:25:12','2019-09-15 10:25:12','N',NULL,'N','TarAppliedEvent','Your Travel Approval Request (${bk.tarCode}) for Rs. ${reqAdvAmount} is awaiting 1st level approval from ${n1EmpCode} - ${n1EmpFullName}.',NULL),(44,'315','2019-09-05 10:25:12','2019-09-15 10:25:12','N',NULL,'N','TarAppliedEvent','Travel Approval Request (TAR-286) for Rs. 2000.0 is awaiting your approval.',NULL),(45,'30','2019-09-05 10:31:32','2019-09-15 10:31:32','N',NULL,'N','TarAppliedEvent','Your Travel Approval Request (${bk.tarCode}) for Rs. ${reqAdvAmount} is awaiting 1st level approval from ${n1EmpCode} - ${n1EmpFullName}.',NULL),(46,'315','2019-09-05 10:31:32','2019-09-15 10:31:32','N',NULL,'N','TarAppliedEvent','Travel Approval Request (TAR-287) for Rs. 1000.0 is awaiting your approval.',NULL),(47,'30','2019-09-05 10:47:55','2019-09-15 10:47:55','N',NULL,'N','TarAppliedEvent','Your Travel Approval Request (${bk.tarCode}) for Rs. ${reqAdvAmount} is awaiting 1st level approval from ${n1EmpCode} - ${n1EmpFullName}.',NULL),(48,'315','2019-09-05 10:47:55','2019-09-15 10:47:55','N',NULL,'N','TarAppliedEvent','Travel Approval Request (TAR-288) for Rs. 100.0 is awaiting your approval.',NULL),(49,'30','2019-09-05 10:50:43','2019-09-15 10:50:43','N',NULL,'N','TarAppliedEvent','Your Travel Approval Request (${bk.tarCode}) for Rs. ${reqAdvAmount} is awaiting 1st level approval from ${n1EmpCode} - ${n1EmpFullName}.',NULL),(50,'315','2019-09-05 10:50:43','2019-09-15 10:50:43','N',NULL,'N','TarAppliedEvent','Travel Approval Request (TAR-289) for Rs. 1000.0 is awaiting your approval.',NULL),(51,'30','2019-09-05 10:59:21','2019-09-15 10:59:21','N',NULL,'N','TarAppliedEvent','Your Travel Approval Request (${bk.tarCode}) for Rs. ${reqAdvAmount} is awaiting 1st level approval from ${n1EmpCode} - ${n1EmpFullName}.',NULL),(52,'315','2019-09-05 10:59:21','2019-09-15 10:59:21','N',NULL,'N','TarAppliedEvent','Travel Approval Request (TAR-290) for Rs. 200.0 is awaiting your approval.',NULL),(53,'30','2019-09-05 11:13:09','2019-09-15 11:13:09','N',NULL,'N','TarAppliedEvent','Your Travel Approval Request (${bk.tarCode}) for Rs. ${reqAdvAmount} is awaiting 1st level approval from ${n1EmpCode} - ${n1EmpFullName}.',NULL),(54,'315','2019-09-05 11:13:09','2019-09-15 11:13:09','N',NULL,'N','TarAppliedEvent','Travel Approval Request (TAR-291) for Rs. 1200.0 is awaiting your approval.',NULL),(55,'30','2019-09-05 11:54:28','2019-09-15 11:54:28','N',NULL,'N','TarAppliedEvent','Your Travel Approval Request (${bk.tarCode}) for Rs. ${reqAdvAmount} is awaiting 1st level approval from ${n1EmpCode} - ${n1EmpFullName}.',NULL),(56,'315','2019-09-05 11:54:28','2019-09-15 11:54:28','N',NULL,'N','TarAppliedEvent','Travel Approval Request (TAR-292) for Rs. 1000.0 is awaiting your approval.',NULL),(57,'30','2019-09-05 12:16:36','2019-09-15 12:16:36','N',NULL,'N','TarAppliedEvent','Your Travel Approval Request (${bk.tarCode}) for Rs. ${reqAdvAmount} is awaiting 1st level approval from ${n1EmpCode} - ${n1EmpFullName}.',NULL),(58,'315','2019-09-05 12:16:36','2019-09-15 12:16:36','N',NULL,'N','TarAppliedEvent','Travel Approval Request (TAR-293) for Rs. 3000.0 is awaiting your approval.',NULL),(59,'3','2019-09-05 14:29:35','2019-09-15 14:29:35','N',NULL,'N','TarAppliedEvent','Your Travel Approval Request (${bk.tarCode}) for Rs. ${reqAdvAmount} is awaiting 1st level approval from ${n1EmpCode} - ${n1EmpFullName}.','Tar Applied'),(60,'3','2019-09-05 14:29:35','2019-09-15 14:29:35','N',NULL,'N','TarAppliedEvent','Travel Approval Request (TAR-294) for Rs. 1200.0 is awaiting your approval.','Tar Applied'),(61,'30','2019-09-05 15:03:05','2019-09-15 15:03:05','N',NULL,'N','TarAppliedEvent','Your Travel Approval Request (${bk.tarCode}) for Rs. ${reqAdvAmount} is awaiting 1st level approval from ${n1EmpCode} - ${n1EmpFullName}.','Tar Applied'),(62,'315','2019-09-05 15:03:06','2019-09-15 15:03:06','N',NULL,'N','TarAppliedEvent','Travel Approval Request (TAR-295) for Rs. 1000.0 is awaiting your approval.','Tar Applied'),(63,'30','2019-09-05 15:35:21','2019-09-15 15:35:21','N',NULL,'N','TarAppliedEvent','Your Travel Approval Request (${bk.tarCode}) for Rs. ${reqAdvAmount} is awaiting 1st level approval from ${n1EmpCode} - ${n1EmpFullName}.','Tar Applied'),(64,'315','2019-09-05 15:35:21','2019-09-15 15:35:21','N',NULL,'N','TarAppliedEvent','Travel Approval Request (TAR-296) for Rs. 1200.0 is awaiting your approval.','Tar Applied'),(65,'3','2019-09-05 14:29:35','2019-09-15 14:29:35','N',NULL,'N','TarAppliedEvent','Travel Approval Request (TAR-294) for Rs. 1200.0 is awaiting your approval.','Tar Applied'),(66,'3','2019-09-05 14:29:35','2019-09-15 14:29:35','N',NULL,'N','TarAppliedEvent','Travel Approval Request (TAR-294) for Rs. 1200.0 is awaiting your approval.','Tar Applied'),(67,'3','2019-09-05 14:29:35','2019-09-15 14:29:35','N',NULL,'N','TarAppliedEvent','Travel Approval Request (TAR-294) for Rs. 1200.0 is awaiting your approval.','Tar Applied'),(68,'3','2019-09-05 14:29:35','2019-09-15 14:29:35','N',NULL,'N','TarAppliedEvent','Travel Approval Request (TAR-294) for Rs. 1200.0 is awaiting your approval.','Tar Applied'),(69,'3','2019-09-05 14:29:35','2019-09-15 14:29:35','N',NULL,'N','TarAppliedEvent','Travel Approval Request (TAR-294) for Rs. 1200.0 is awaiting your approval.','Tar Applied'),(70,'3','2019-09-05 14:29:35','2019-09-15 14:29:35','N',NULL,'N','TarAppliedEvent','Travel Approval Request (TAR-294) for Rs. 1200.0 is awaiting your approval.','Tar Applied'),(71,'3','2019-09-05 14:29:35','2019-09-15 14:29:35','N',NULL,'N','TarAppliedEvent','Travel Approval Request (TAR-294) for Rs. 1200.0 is awaiting your approval.','Tar Applied'),(72,'3','2019-09-05 14:29:35','2019-09-15 14:29:35','N',NULL,'N','TarAppliedEvent','Travel Approval Request (TAR-294) for Rs. 1200.0 is awaiting your approval.','Tar Applied'),(73,'3','2019-09-05 14:29:35','2019-09-15 14:29:35','N',NULL,'N','TarAppliedEvent','Travel Approval Request (TAR-294) for Rs. 1200.0 is awaiting your approval.','Tar Applied'),(74,'30','2019-09-06 14:05:47','2019-09-16 14:05:47','N',NULL,'N','TarAppliedEvent','Your Travel Approval Request (${bk.tarCode}) for Rs. ${reqAdvAmount} is awaiting 1st level approval from ${n1EmpCode} - ${n1EmpFullName}.','Tar Applied'),(75,'315','2019-09-06 14:05:47','2019-09-16 14:05:47','N',NULL,'N','TarAppliedEvent','Travel Approval Request (TAR-297) for Rs. 7890.0 is awaiting your approval.','Tar Applied'),(76,'30','2019-09-06 14:21:31','2019-09-16 14:21:31','N',NULL,'N','TarAppliedEvent','Your Travel Approval Request (${bk.tarCode}) for Rs. ${reqAdvAmount} is awaiting 1st level approval from ${n1EmpCode} - ${n1EmpFullName}.','Tar Applied'),(77,'315','2019-09-06 14:21:31','2019-09-16 14:21:31','N',NULL,'N','TarAppliedEvent','Travel Approval Request (TAR-298) for Rs. 1200.0 is awaiting your approval.','Tar Applied'),(78,'30','2019-09-09 20:29:22','2019-09-19 20:29:22','N',NULL,'N','TarAppliedEvent','Your Travel Approval Request (${bk.tarCode}) for Rs. ${reqAdvAmount} is awaiting 1st level approval from ${n1EmpCode} - ${n1EmpFullName}.','Tar Applied'),(79,'315','2019-09-09 20:29:22','2019-09-19 20:29:22','N',NULL,'N','TarAppliedEvent','Travel Approval Request (TAR-300) for Rs. 68.0 is awaiting your approval.','Tar Applied'),(80,'30','2019-09-09 20:32:01','2019-09-19 20:32:01','N',NULL,'N','TarAppliedEvent','Your Travel Approval Request (${bk.tarCode}) for Rs. ${reqAdvAmount} is awaiting 1st level approval from ${n1EmpCode} - ${n1EmpFullName}.','Tar Applied'),(81,'315','2019-09-09 20:32:01','2019-09-19 20:32:01','N',NULL,'N','TarAppliedEvent','Travel Approval Request (TAR-301) for Rs. 68.0 is awaiting your approval.','Tar Applied'),(82,'30','2019-09-09 20:32:05','2019-09-19 20:32:05','N',NULL,'N','TarAppliedEvent','Your Travel Approval Request (${bk.tarCode}) for Rs. ${reqAdvAmount} is awaiting 1st level approval from ${n1EmpCode} - ${n1EmpFullName}.','Tar Applied'),(83,'315','2019-09-09 20:32:05','2019-09-19 20:32:05','N',NULL,'N','TarAppliedEvent','Travel Approval Request (TAR-302) for Rs. 68.0 is awaiting your approval.','Tar Applied'),(84,'30','2019-09-09 20:32:06','2019-09-19 20:32:06','N',NULL,'N','TarAppliedEvent','Your Travel Approval Request (${bk.tarCode}) for Rs. ${reqAdvAmount} is awaiting 1st level approval from ${n1EmpCode} - ${n1EmpFullName}.','Tar Applied'),(85,'315','2019-09-09 20:32:06','2019-09-19 20:32:06','N',NULL,'N','TarAppliedEvent','Travel Approval Request (TAR-303) for Rs. 68.0 is awaiting your approval.','Tar Applied'),(86,'30','2019-09-09 20:32:10','2019-09-19 20:32:10','N',NULL,'N','TarAppliedEvent','Your Travel Approval Request (${bk.tarCode}) for Rs. ${reqAdvAmount} is awaiting 1st level approval from ${n1EmpCode} - ${n1EmpFullName}.','Tar Applied'),(87,'315','2019-09-09 20:32:10','2019-09-19 20:32:10','N',NULL,'N','TarAppliedEvent','Travel Approval Request (TAR-304) for Rs. 68.0 is awaiting your approval.','Tar Applied'),(88,'30','2019-09-09 20:32:41','2019-09-19 20:32:41','N',NULL,'N','TarAppliedEvent','Your Travel Approval Request (${bk.tarCode}) for Rs. ${reqAdvAmount} is awaiting 1st level approval from ${n1EmpCode} - ${n1EmpFullName}.','Tar Applied'),(89,'315','2019-09-09 20:32:41','2019-09-19 20:32:41','N',NULL,'N','TarAppliedEvent','Travel Approval Request (TAR-305) for Rs. 68.0 is awaiting your approval.','Tar Applied'),(90,'30','2019-09-09 20:32:49','2019-09-19 20:32:49','N',NULL,'N','TarAppliedEvent','Your Travel Approval Request (${bk.tarCode}) for Rs. ${reqAdvAmount} is awaiting 1st level approval from ${n1EmpCode} - ${n1EmpFullName}.','Tar Applied'),(91,'315','2019-09-09 20:32:49','2019-09-19 20:32:49','N',NULL,'N','TarAppliedEvent','Travel Approval Request (TAR-306) for Rs. 68.0 is awaiting your approval.','Tar Applied'),(92,'30','2019-09-09 20:33:13','2019-09-19 20:33:13','N',NULL,'N','TarAppliedEvent','Your Travel Approval Request (${bk.tarCode}) for Rs. ${reqAdvAmount} is awaiting 1st level approval from ${n1EmpCode} - ${n1EmpFullName}.','Tar Applied'),(93,'315','2019-09-09 20:33:13','2019-09-19 20:33:13','N',NULL,'N','TarAppliedEvent','Travel Approval Request (TAR-307) for Rs. 68.0 is awaiting your approval.','Tar Applied'),(94,'30','2019-09-09 20:33:13','2019-09-19 20:33:13','N',NULL,'N','TarAppliedEvent','Your Travel Approval Request (${bk.tarCode}) for Rs. ${reqAdvAmount} is awaiting 1st level approval from ${n1EmpCode} - ${n1EmpFullName}.','Tar Applied'),(95,'315','2019-09-09 20:33:13','2019-09-19 20:33:13','N',NULL,'N','TarAppliedEvent','Travel Approval Request (TAR-308) for Rs. 68.0 is awaiting your approval.','Tar Applied'),(96,'30','2019-09-09 20:33:13','2019-09-19 20:33:13','N',NULL,'N','TarAppliedEvent','Your Travel Approval Request (${bk.tarCode}) for Rs. ${reqAdvAmount} is awaiting 1st level approval from ${n1EmpCode} - ${n1EmpFullName}.','Tar Applied'),(97,'315','2019-09-09 20:33:13','2019-09-19 20:33:13','N',NULL,'N','TarAppliedEvent','Travel Approval Request (TAR-309) for Rs. 68.0 is awaiting your approval.','Tar Applied'),(98,'30','2019-09-09 20:33:13','2019-09-19 20:33:13','N',NULL,'N','TarAppliedEvent','Your Travel Approval Request (${bk.tarCode}) for Rs. ${reqAdvAmount} is awaiting 1st level approval from ${n1EmpCode} - ${n1EmpFullName}.','Tar Applied'),(99,'315','2019-09-09 20:33:13','2019-09-19 20:33:13','N',NULL,'N','TarAppliedEvent','Travel Approval Request (TAR-310) for Rs. 68.0 is awaiting your approval.','Tar Applied'),(100,'30','2019-09-09 20:33:14','2019-09-19 20:33:14','N',NULL,'N','TarAppliedEvent','Your Travel Approval Request (${bk.tarCode}) for Rs. ${reqAdvAmount} is awaiting 1st level approval from ${n1EmpCode} - ${n1EmpFullName}.','Tar Applied'),(101,'315','2019-09-09 20:33:14','2019-09-19 20:33:14','N',NULL,'N','TarAppliedEvent','Travel Approval Request (TAR-311) for Rs. 68.0 is awaiting your approval.','Tar Applied'),(102,'30','2019-09-09 20:33:14','2019-09-19 20:33:14','N',NULL,'N','TarAppliedEvent','Your Travel Approval Request (${bk.tarCode}) for Rs. ${reqAdvAmount} is awaiting 1st level approval from ${n1EmpCode} - ${n1EmpFullName}.','Tar Applied'),(103,'315','2019-09-09 20:33:14','2019-09-19 20:33:14','N',NULL,'N','TarAppliedEvent','Travel Approval Request (TAR-312) for Rs. 68.0 is awaiting your approval.','Tar Applied'),(104,'30','2019-09-09 20:33:14','2019-09-19 20:33:14','N',NULL,'N','TarAppliedEvent','Your Travel Approval Request (${bk.tarCode}) for Rs. ${reqAdvAmount} is awaiting 1st level approval from ${n1EmpCode} - ${n1EmpFullName}.','Tar Applied'),(105,'315','2019-09-09 20:33:14','2019-09-19 20:33:14','N',NULL,'N','TarAppliedEvent','Travel Approval Request (TAR-313) for Rs. 68.0 is awaiting your approval.','Tar Applied'),(106,'30','2019-09-09 20:33:20','2019-09-19 20:33:20','N',NULL,'N','TarAppliedEvent','Your Travel Approval Request (${bk.tarCode}) for Rs. ${reqAdvAmount} is awaiting 1st level approval from ${n1EmpCode} - ${n1EmpFullName}.','Tar Applied'),(107,'315','2019-09-09 20:33:20','2019-09-19 20:33:20','N',NULL,'N','TarAppliedEvent','Travel Approval Request (TAR-314) for Rs. 68.0 is awaiting your approval.','Tar Applied'),(108,'30','2019-09-09 20:33:36','2019-09-19 20:33:36','N',NULL,'N','TarAppliedEvent','Your Travel Approval Request (${bk.tarCode}) for Rs. ${reqAdvAmount} is awaiting 1st level approval from ${n1EmpCode} - ${n1EmpFullName}.','Tar Applied'),(109,'315','2019-09-09 20:33:36','2019-09-19 20:33:36','N',NULL,'N','TarAppliedEvent','Travel Approval Request (TAR-315) for Rs. 68.0 is awaiting your approval.','Tar Applied'),(110,'30','2019-09-09 20:34:26','2019-09-19 20:34:26','N',NULL,'N','TarAppliedEvent','Your Travel Approval Request (${bk.tarCode}) for Rs. ${reqAdvAmount} is awaiting 1st level approval from ${n1EmpCode} - ${n1EmpFullName}.','Tar Applied'),(111,'315','2019-09-09 20:34:26','2019-09-19 20:34:26','N',NULL,'N','TarAppliedEvent','Travel Approval Request (TAR-316) for Rs. 68.0 is awaiting your approval.','Tar Applied'),(112,'30','2019-09-09 20:35:59','2019-09-19 20:35:59','N',NULL,'N','TarAppliedEvent','Your Travel Approval Request (${bk.tarCode}) for Rs. ${reqAdvAmount} is awaiting 1st level approval from ${n1EmpCode} - ${n1EmpFullName}.','Tar Applied'),(113,'315','2019-09-09 20:35:59','2019-09-19 20:35:59','N',NULL,'N','TarAppliedEvent','Travel Approval Request (TAR-317) for Rs. 68.0 is awaiting your approval.','Tar Applied'),(114,'30','2019-09-09 20:38:46','2019-09-19 20:38:46','N',NULL,'N','TarAppliedEvent','Your Travel Approval Request (${bk.tarCode}) for Rs. ${reqAdvAmount} is awaiting 1st level approval from ${n1EmpCode} - ${n1EmpFullName}.','Tar Applied'),(115,'315','2019-09-09 20:38:46','2019-09-19 20:38:46','N',NULL,'N','TarAppliedEvent','Travel Approval Request (TAR-318) for Rs. 68.0 is awaiting your approval.','Tar Applied'),(116,'30','2019-09-09 21:27:11','2019-09-19 21:27:11','N',NULL,'N','TarAppliedEvent','Your Travel Approval Request (${bk.tarCode}) for Rs. ${reqAdvAmount} is awaiting 1st level approval from ${n1EmpCode} - ${n1EmpFullName}.','Tar Applied'),(117,'315','2019-09-09 21:27:11','2019-09-19 21:27:11','N',NULL,'N','TarAppliedEvent','Travel Approval Request (TAR-319) for Rs. 68.0 is awaiting your approval.','Tar Applied'),(118,'30','2019-09-09 21:29:04','2019-09-19 21:29:04','N',NULL,'N','TarAppliedEvent','Your Travel Approval Request (${bk.tarCode}) for Rs. ${reqAdvAmount} is awaiting 1st level approval from ${n1EmpCode} - ${n1EmpFullName}.','Tar Applied'),(119,'315','2019-09-09 21:29:04','2019-09-19 21:29:04','N',NULL,'N','TarAppliedEvent','Travel Approval Request (TAR-320) for Rs. 68.0 is awaiting your approval.','Tar Applied'),(120,'30','2019-09-09 21:30:11','2019-09-19 21:30:11','N',NULL,'N','TarAppliedEvent','Your Travel Approval Request (${bk.tarCode}) for Rs. ${reqAdvAmount} is awaiting 1st level approval from ${n1EmpCode} - ${n1EmpFullName}.','Tar Applied'),(121,'315','2019-09-09 21:30:11','2019-09-19 21:30:11','N',NULL,'N','TarAppliedEvent','Travel Approval Request (TAR-321) for Rs. 68.0 is awaiting your approval.','Tar Applied'),(122,'30','2019-09-09 21:36:43','2019-09-19 21:36:43','N',NULL,'N','TarAppliedEvent','Your Travel Approval Request (${bk.tarCode}) for Rs. ${reqAdvAmount} is awaiting 1st level approval from ${n1EmpCode} - ${n1EmpFullName}.','Tar Applied'),(123,'315','2019-09-09 21:36:43','2019-09-19 21:36:43','N',NULL,'N','TarAppliedEvent','Travel Approval Request (TAR-322) for Rs. 68.0 is awaiting your approval.','Tar Applied'),(124,'30','2019-09-09 21:52:14','2019-09-19 21:52:14','N',NULL,'N','TarAppliedEvent','Your Travel Approval Request (${bk.tarCode}) for Rs. ${reqAdvAmount} is awaiting 1st level approval from ${n1EmpCode} - ${n1EmpFullName}.','Tar Applied'),(125,'315','2019-09-09 21:52:14','2019-09-19 21:52:14','N',NULL,'N','TarAppliedEvent','Travel Approval Request (TAR-323) for Rs. 68.0 is awaiting your approval.','Tar Applied'),(126,'30','2019-09-09 21:53:13','2019-09-19 21:53:13','N',NULL,'N','TarAppliedEvent','Your Travel Approval Request (${bk.tarCode}) for Rs. ${reqAdvAmount} is awaiting 1st level approval from ${n1EmpCode} - ${n1EmpFullName}.','Tar Applied'),(127,'315','2019-09-09 21:53:13','2019-09-19 21:53:13','N',NULL,'N','TarAppliedEvent','Travel Approval Request (TAR-324) for Rs. 68.0 is awaiting your approval.','Tar Applied'),(128,'30','2019-09-09 21:57:58','2019-09-19 21:57:58','N',NULL,'N','TarAppliedEvent','Your Travel Approval Request (${bk.tarCode}) for Rs. ${reqAdvAmount} is awaiting 1st level approval from ${n1EmpCode} - ${n1EmpFullName}.','Tar Applied'),(129,'315','2019-09-09 21:57:58','2019-09-19 21:57:58','N',NULL,'N','TarAppliedEvent','Travel Approval Request (TAR-325) for Rs. 68.0 is awaiting your approval.','Tar Applied'),(130,'30','2019-09-09 21:58:44','2019-09-19 21:58:44','N',NULL,'N','TarAppliedEvent','Your Travel Approval Request (${bk.tarCode}) for Rs. ${reqAdvAmount} is awaiting 1st level approval from ${n1EmpCode} - ${n1EmpFullName}.','Tar Applied'),(131,'315','2019-09-09 21:58:44','2019-09-19 21:58:44','N',NULL,'N','TarAppliedEvent','Travel Approval Request (TAR-326) for Rs. 68.0 is awaiting your approval.','Tar Applied'),(132,'30','2019-09-09 22:01:06','2019-09-19 22:01:06','N',NULL,'N','TarAppliedEvent','Your Travel Approval Request (${bk.tarCode}) for Rs. ${reqAdvAmount} is awaiting 1st level approval from ${n1EmpCode} - ${n1EmpFullName}.','Tar Applied'),(133,'315','2019-09-09 22:01:06','2019-09-19 22:01:06','N',NULL,'N','TarAppliedEvent','Travel Approval Request (TAR-327) for Rs. 68.0 is awaiting your approval.','Tar Applied'),(134,'30','2019-09-10 14:06:18','2019-09-20 14:06:18','N',NULL,'N','TarAppliedEvent','Your Travel Approval Request (${bk.tarCode}) for Rs. ${reqAdvAmount} is awaiting 1st level approval from ${n1EmpCode} - ${n1EmpFullName}.','Tar Applied'),(135,'315','2019-09-10 14:06:18','2019-09-20 14:06:18','N',NULL,'N','TarAppliedEvent','Travel Approval Request (TAR-328) for Rs. 68.0 is awaiting your approval.','Tar Applied'),(136,'30','2019-09-10 16:30:05','2019-09-20 16:30:05','N',NULL,'N','TarAppliedEvent','Your Travel Approval Request (${bk.tarCode}) for Rs. ${reqAdvAmount} is awaiting 1st level approval from ${n1EmpCode} - ${n1EmpFullName}.','Tar Applied'),(137,'315','2019-09-10 16:30:05','2019-09-20 16:30:05','N',NULL,'N','TarAppliedEvent','Travel Approval Request (TAR-329) for Rs. 68.0 is awaiting your approval.','Tar Applied'),(138,'30','2019-09-10 16:30:33','2019-09-20 16:30:33','N',NULL,'N','TarAppliedEvent','Your Travel Approval Request (${bk.tarCode}) for Rs. ${reqAdvAmount} is awaiting 1st level approval from ${n1EmpCode} - ${n1EmpFullName}.','Tar Applied'),(139,'315','2019-09-10 16:30:33','2019-09-20 16:30:33','N',NULL,'N','TarAppliedEvent','Travel Approval Request (TAR-330) for Rs. 68.0 is awaiting your approval.','Tar Applied'),(140,'30','2019-09-10 16:30:50','2019-09-20 16:30:50','N',NULL,'N','TarAppliedEvent','Your Travel Approval Request (${bk.tarCode}) for Rs. ${reqAdvAmount} is awaiting 1st level approval from ${n1EmpCode} - ${n1EmpFullName}.','Tar Applied'),(141,'315','2019-09-10 16:30:50','2019-09-20 16:30:50','N',NULL,'N','TarAppliedEvent','Travel Approval Request (TAR-331) for Rs. 68.0 is awaiting your approval.','Tar Applied'),(142,'30','2019-09-10 16:33:17','2019-09-20 16:33:17','N',NULL,'N','TarAppliedEvent','Your Travel Approval Request (${bk.tarCode}) for Rs. ${reqAdvAmount} is awaiting 1st level approval from ${n1EmpCode} - ${n1EmpFullName}.','Tar Applied'),(143,'315','2019-09-10 16:33:17','2019-09-20 16:33:17','N',NULL,'N','TarAppliedEvent','Travel Approval Request (TAR-332) for Rs. 68.0 is awaiting your approval.','Tar Applied'),(144,'30','2019-09-10 16:33:23','2019-09-20 16:33:23','N',NULL,'N','TarAppliedEvent','Your Travel Approval Request (${bk.tarCode}) for Rs. ${reqAdvAmount} is awaiting 1st level approval from ${n1EmpCode} - ${n1EmpFullName}.','Tar Applied'),(145,'315','2019-09-10 16:33:23','2019-09-20 16:33:23','N',NULL,'N','TarAppliedEvent','Travel Approval Request (TAR-333) for Rs. 68.0 is awaiting your approval.','Tar Applied'),(146,'30','2019-09-10 16:34:48','2019-09-20 16:34:48','N',NULL,'N','TarAppliedEvent','Your Travel Approval Request (${bk.tarCode}) for Rs. ${reqAdvAmount} is awaiting 1st level approval from ${n1EmpCode} - ${n1EmpFullName}.','Tar Applied'),(147,'315','2019-09-10 16:34:48','2019-09-20 16:34:48','N',NULL,'N','TarAppliedEvent','Travel Approval Request (TAR-334) for Rs. 68.0 is awaiting your approval.','Tar Applied'),(148,'30','2019-09-10 16:35:52','2019-09-20 16:35:52','N',NULL,'N','TarAppliedEvent','Your Travel Approval Request (${bk.tarCode}) for Rs. ${reqAdvAmount} is awaiting 1st level approval from ${n1EmpCode} - ${n1EmpFullName}.','Tar Applied'),(149,'315','2019-09-10 16:35:52','2019-09-20 16:35:52','N',NULL,'N','TarAppliedEvent','Travel Approval Request (TAR-335) for Rs. 68.0 is awaiting your approval.','Tar Applied'),(150,'30','2019-09-10 16:37:11','2019-09-20 16:37:11','N',NULL,'N','TarAppliedEvent','Your Travel Approval Request (${bk.tarCode}) for Rs. ${reqAdvAmount} is awaiting 1st level approval from ${n1EmpCode} - ${n1EmpFullName}.','Tar Applied'),(151,'315','2019-09-10 16:37:11','2019-09-20 16:37:11','N',NULL,'N','TarAppliedEvent','Travel Approval Request (TAR-336) for Rs. 68.0 is awaiting your approval.','Tar Applied'),(152,'30','2019-09-10 17:25:55','2019-09-20 17:25:55','N',NULL,'N','TarAppliedEvent','Your Travel Approval Request (${bk.tarCode}) for Rs. ${reqAdvAmount} is awaiting 1st level approval from ${n1EmpCode} - ${n1EmpFullName}.','Tar Applied'),(153,'315','2019-09-10 17:25:55','2019-09-20 17:25:55','N',NULL,'N','TarAppliedEvent','Travel Approval Request (TAR-337) for Rs. 68.0 is awaiting your approval.','Tar Applied'),(154,'30','2019-09-10 17:26:04','2019-09-20 17:26:04','N',NULL,'N','TarAppliedEvent','Your Travel Approval Request (${bk.tarCode}) for Rs. ${reqAdvAmount} is awaiting 1st level approval from ${n1EmpCode} - ${n1EmpFullName}.','Tar Applied'),(155,'315','2019-09-10 17:26:04','2019-09-20 17:26:04','N',NULL,'N','TarAppliedEvent','Travel Approval Request (TAR-338) for Rs. 68.0 is awaiting your approval.','Tar Applied'),(156,'30','2019-09-10 17:27:06','2019-09-20 17:27:06','N',NULL,'N','TarAppliedEvent','Your Travel Approval Request (${bk.tarCode}) for Rs. ${reqAdvAmount} is awaiting 1st level approval from ${n1EmpCode} - ${n1EmpFullName}.','Tar Applied'),(157,'315','2019-09-10 17:27:06','2019-09-20 17:27:06','N',NULL,'N','TarAppliedEvent','Travel Approval Request (TAR-339) for Rs. 68.0 is awaiting your approval.','Tar Applied'),(158,'30','2019-09-10 17:34:49','2019-09-20 17:34:49','N',NULL,'N','TarAppliedEvent','Your Travel Approval Request (${bk.tarCode}) for Rs. ${reqAdvAmount} is awaiting 1st level approval from ${n1EmpCode} - ${n1EmpFullName}.','Tar Applied'),(159,'315','2019-09-10 17:34:49','2019-09-20 17:34:49','N',NULL,'N','TarAppliedEvent','Travel Approval Request (TAR-340) for Rs. 68.0 is awaiting your approval.','Tar Applied'),(160,'30','2019-09-10 17:34:49','2019-09-20 17:34:49','N',NULL,'N','TarAppliedEvent','Your Travel Approval Request (${bk.tarCode}) for Rs. ${reqAdvAmount} is awaiting 1st level approval from ${n1EmpCode} - ${n1EmpFullName}.','Tar Applied'),(161,'315','2019-09-10 17:34:49','2019-09-20 17:34:49','N',NULL,'N','TarAppliedEvent','Travel Approval Request (TAR-341) for Rs. 68.0 is awaiting your approval.','Tar Applied'),(162,'30','2019-09-10 17:34:50','2019-09-20 17:34:50','N',NULL,'N','TarAppliedEvent','Your Travel Approval Request (${bk.tarCode}) for Rs. ${reqAdvAmount} is awaiting 1st level approval from ${n1EmpCode} - ${n1EmpFullName}.','Tar Applied'),(163,'315','2019-09-10 17:34:50','2019-09-20 17:34:50','N',NULL,'N','TarAppliedEvent','Travel Approval Request (TAR-342) for Rs. 68.0 is awaiting your approval.','Tar Applied'),(164,'30','2019-09-10 17:35:14','2019-09-20 17:35:14','N',NULL,'N','TarAppliedEvent','Your Travel Approval Request (${bk.tarCode}) for Rs. ${reqAdvAmount} is awaiting 1st level approval from ${n1EmpCode} - ${n1EmpFullName}.','Tar Applied'),(165,'315','2019-09-10 17:35:14','2019-09-20 17:35:14','N',NULL,'N','TarAppliedEvent','Travel Approval Request (TAR-343) for Rs. 68.0 is awaiting your approval.','Tar Applied'),(166,'30','2019-09-10 17:35:15','2019-09-20 17:35:15','N',NULL,'N','TarAppliedEvent','Your Travel Approval Request (${bk.tarCode}) for Rs. ${reqAdvAmount} is awaiting 1st level approval from ${n1EmpCode} - ${n1EmpFullName}.','Tar Applied'),(167,'315','2019-09-10 17:35:15','2019-09-20 17:35:15','N',NULL,'N','TarAppliedEvent','Travel Approval Request (TAR-344) for Rs. 68.0 is awaiting your approval.','Tar Applied'),(168,'30','2019-09-10 17:35:17','2019-09-20 17:35:17','N',NULL,'N','TarAppliedEvent','Your Travel Approval Request (${bk.tarCode}) for Rs. ${reqAdvAmount} is awaiting 1st level approval from ${n1EmpCode} - ${n1EmpFullName}.','Tar Applied'),(169,'315','2019-09-10 17:35:17','2019-09-20 17:35:17','N',NULL,'N','TarAppliedEvent','Travel Approval Request (TAR-345) for Rs. 68.0 is awaiting your approval.','Tar Applied'),(170,'30','2019-09-10 17:37:14','2019-09-20 17:37:14','N',NULL,'N','TarAppliedEvent','Your Travel Approval Request (${bk.tarCode}) for Rs. ${reqAdvAmount} is awaiting 1st level approval from ${n1EmpCode} - ${n1EmpFullName}.','Tar Applied'),(171,'315','2019-09-10 17:37:14','2019-09-20 17:37:14','N',NULL,'N','TarAppliedEvent','Travel Approval Request (TAR-346) for Rs. 68.0 is awaiting your approval.','Tar Applied'),(172,'30','2019-09-10 17:37:14','2019-09-20 17:37:14','N',NULL,'N','TarAppliedEvent','Your Travel Approval Request (${bk.tarCode}) for Rs. ${reqAdvAmount} is awaiting 1st level approval from ${n1EmpCode} - ${n1EmpFullName}.','Tar Applied'),(173,'315','2019-09-10 17:37:14','2019-09-20 17:37:14','N',NULL,'N','TarAppliedEvent','Travel Approval Request (TAR-347) for Rs. 68.0 is awaiting your approval.','Tar Applied'),(174,'30','2019-09-10 17:37:14','2019-09-20 17:37:14','N',NULL,'N','TarAppliedEvent','Your Travel Approval Request (${bk.tarCode}) for Rs. ${reqAdvAmount} is awaiting 1st level approval from ${n1EmpCode} - ${n1EmpFullName}.','Tar Applied'),(175,'315','2019-09-10 17:37:14','2019-09-20 17:37:14','N',NULL,'N','TarAppliedEvent','Travel Approval Request (TAR-348) for Rs. 68.0 is awaiting your approval.','Tar Applied'),(176,'30','2019-09-10 17:37:14','2019-09-20 17:37:14','N',NULL,'N','TarAppliedEvent','Your Travel Approval Request (${bk.tarCode}) for Rs. ${reqAdvAmount} is awaiting 1st level approval from ${n1EmpCode} - ${n1EmpFullName}.','Tar Applied'),(177,'315','2019-09-10 17:37:14','2019-09-20 17:37:14','N',NULL,'N','TarAppliedEvent','Travel Approval Request (TAR-349) for Rs. 68.0 is awaiting your approval.','Tar Applied'),(178,'30','2019-09-10 17:37:14','2019-09-20 17:37:14','N',NULL,'N','TarAppliedEvent','Your Travel Approval Request (${bk.tarCode}) for Rs. ${reqAdvAmount} is awaiting 1st level approval from ${n1EmpCode} - ${n1EmpFullName}.','Tar Applied'),(179,'315','2019-09-10 17:37:14','2019-09-20 17:37:14','N',NULL,'N','TarAppliedEvent','Travel Approval Request (TAR-350) for Rs. 68.0 is awaiting your approval.','Tar Applied'),(180,'30','2019-09-10 17:37:14','2019-09-20 17:37:14','N',NULL,'N','TarAppliedEvent','Your Travel Approval Request (${bk.tarCode}) for Rs. ${reqAdvAmount} is awaiting 1st level approval from ${n1EmpCode} - ${n1EmpFullName}.','Tar Applied'),(181,'315','2019-09-10 17:37:14','2019-09-20 17:37:14','N',NULL,'N','TarAppliedEvent','Travel Approval Request (TAR-351) for Rs. 68.0 is awaiting your approval.','Tar Applied'),(182,'30','2019-09-10 17:37:14','2019-09-20 17:37:14','N',NULL,'N','TarAppliedEvent','Your Travel Approval Request (${bk.tarCode}) for Rs. ${reqAdvAmount} is awaiting 1st level approval from ${n1EmpCode} - ${n1EmpFullName}.','Tar Applied'),(183,'315','2019-09-10 17:37:14','2019-09-20 17:37:14','N',NULL,'N','TarAppliedEvent','Travel Approval Request (TAR-352) for Rs. 68.0 is awaiting your approval.','Tar Applied'),(184,'30','2019-09-10 17:37:14','2019-09-20 17:37:14','N',NULL,'N','TarAppliedEvent','Your Travel Approval Request (${bk.tarCode}) for Rs. ${reqAdvAmount} is awaiting 1st level approval from ${n1EmpCode} - ${n1EmpFullName}.','Tar Applied'),(185,'315','2019-09-10 17:37:15','2019-09-20 17:37:15','N',NULL,'N','TarAppliedEvent','Travel Approval Request (TAR-353) for Rs. 68.0 is awaiting your approval.','Tar Applied'),(186,'30','2019-09-10 17:37:15','2019-09-20 17:37:15','N',NULL,'N','TarAppliedEvent','Your Travel Approval Request (${bk.tarCode}) for Rs. ${reqAdvAmount} is awaiting 1st level approval from ${n1EmpCode} - ${n1EmpFullName}.','Tar Applied'),(187,'315','2019-09-10 17:37:15','2019-09-20 17:37:15','N',NULL,'N','TarAppliedEvent','Travel Approval Request (TAR-354) for Rs. 68.0 is awaiting your approval.','Tar Applied'),(188,'30','2019-09-10 17:37:15','2019-09-20 17:37:15','N',NULL,'N','TarAppliedEvent','Your Travel Approval Request (${bk.tarCode}) for Rs. ${reqAdvAmount} is awaiting 1st level approval from ${n1EmpCode} - ${n1EmpFullName}.','Tar Applied'),(189,'315','2019-09-10 17:37:15','2019-09-20 17:37:15','N',NULL,'N','TarAppliedEvent','Travel Approval Request (TAR-355) for Rs. 68.0 is awaiting your approval.','Tar Applied'),(190,'30','2019-09-10 17:37:15','2019-09-20 17:37:15','N',NULL,'N','TarAppliedEvent','Your Travel Approval Request (${bk.tarCode}) for Rs. ${reqAdvAmount} is awaiting 1st level approval from ${n1EmpCode} - ${n1EmpFullName}.','Tar Applied'),(191,'315','2019-09-10 17:37:15','2019-09-20 17:37:15','N',NULL,'N','TarAppliedEvent','Travel Approval Request (TAR-356) for Rs. 68.0 is awaiting your approval.','Tar Applied'),(192,'30','2019-09-10 17:37:15','2019-09-20 17:37:15','N',NULL,'N','TarAppliedEvent','Your Travel Approval Request (${bk.tarCode}) for Rs. ${reqAdvAmount} is awaiting 1st level approval from ${n1EmpCode} - ${n1EmpFullName}.','Tar Applied'),(193,'315','2019-09-10 17:37:15','2019-09-20 17:37:15','N',NULL,'N','TarAppliedEvent','Travel Approval Request (TAR-357) for Rs. 68.0 is awaiting your approval.','Tar Applied'),(194,'30','2019-09-10 17:37:15','2019-09-20 17:37:15','N',NULL,'N','TarAppliedEvent','Your Travel Approval Request (${bk.tarCode}) for Rs. ${reqAdvAmount} is awaiting 1st level approval from ${n1EmpCode} - ${n1EmpFullName}.','Tar Applied'),(195,'315','2019-09-10 17:37:15','2019-09-20 17:37:15','N',NULL,'N','TarAppliedEvent','Travel Approval Request (TAR-358) for Rs. 68.0 is awaiting your approval.','Tar Applied'),(196,'30','2019-09-10 17:37:15','2019-09-20 17:37:15','N',NULL,'N','TarAppliedEvent','Your Travel Approval Request (${bk.tarCode}) for Rs. ${reqAdvAmount} is awaiting 1st level approval from ${n1EmpCode} - ${n1EmpFullName}.','Tar Applied'),(197,'315','2019-09-10 17:37:15','2019-09-20 17:37:15','N',NULL,'N','TarAppliedEvent','Travel Approval Request (TAR-359) for Rs. 68.0 is awaiting your approval.','Tar Applied'),(198,'30','2019-09-10 17:37:15','2019-09-20 17:37:15','N',NULL,'N','TarAppliedEvent','Your Travel Approval Request (${bk.tarCode}) for Rs. ${reqAdvAmount} is awaiting 1st level approval from ${n1EmpCode} - ${n1EmpFullName}.','Tar Applied'),(199,'315','2019-09-10 17:37:15','2019-09-20 17:37:15','N',NULL,'N','TarAppliedEvent','Travel Approval Request (TAR-360) for Rs. 68.0 is awaiting your approval.','Tar Applied'),(200,'30','2019-09-10 17:37:15','2019-09-20 17:37:15','N',NULL,'N','TarAppliedEvent','Your Travel Approval Request (${bk.tarCode}) for Rs. ${reqAdvAmount} is awaiting 1st level approval from ${n1EmpCode} - ${n1EmpFullName}.','Tar Applied'),(201,'315','2019-09-10 17:37:15','2019-09-20 17:37:15','N',NULL,'N','TarAppliedEvent','Travel Approval Request (TAR-361) for Rs. 68.0 is awaiting your approval.','Tar Applied'),(202,'30','2019-09-10 17:37:15','2019-09-20 17:37:15','N',NULL,'N','TarAppliedEvent','Your Travel Approval Request (${bk.tarCode}) for Rs. ${reqAdvAmount} is awaiting 1st level approval from ${n1EmpCode} - ${n1EmpFullName}.','Tar Applied'),(203,'315','2019-09-10 17:37:15','2019-09-20 17:37:15','N',NULL,'N','TarAppliedEvent','Travel Approval Request (TAR-362) for Rs. 68.0 is awaiting your approval.','Tar Applied'),(204,'30','2019-09-10 17:37:16','2019-09-20 17:37:16','N',NULL,'N','TarAppliedEvent','Your Travel Approval Request (${bk.tarCode}) for Rs. ${reqAdvAmount} is awaiting 1st level approval from ${n1EmpCode} - ${n1EmpFullName}.','Tar Applied'),(205,'315','2019-09-10 17:37:16','2019-09-20 17:37:16','N',NULL,'N','TarAppliedEvent','Travel Approval Request (TAR-363) for Rs. 68.0 is awaiting your approval.','Tar Applied'),(206,'30','2019-09-10 17:37:16','2019-09-20 17:37:16','N',NULL,'N','TarAppliedEvent','Your Travel Approval Request (${bk.tarCode}) for Rs. ${reqAdvAmount} is awaiting 1st level approval from ${n1EmpCode} - ${n1EmpFullName}.','Tar Applied'),(207,'315','2019-09-10 17:37:16','2019-09-20 17:37:16','N',NULL,'N','TarAppliedEvent','Travel Approval Request (TAR-364) for Rs. 68.0 is awaiting your approval.','Tar Applied'),(208,'30','2019-09-10 17:37:16','2019-09-20 17:37:16','N',NULL,'N','TarAppliedEvent','Your Travel Approval Request (${bk.tarCode}) for Rs. ${reqAdvAmount} is awaiting 1st level approval from ${n1EmpCode} - ${n1EmpFullName}.','Tar Applied'),(209,'315','2019-09-10 17:37:16','2019-09-20 17:37:16','N',NULL,'N','TarAppliedEvent','Travel Approval Request (TAR-365) for Rs. 68.0 is awaiting your approval.','Tar Applied'),(210,'30','2019-09-10 17:37:16','2019-09-20 17:37:16','N',NULL,'N','TarAppliedEvent','Your Travel Approval Request (${bk.tarCode}) for Rs. ${reqAdvAmount} is awaiting 1st level approval from ${n1EmpCode} - ${n1EmpFullName}.','Tar Applied'),(211,'315','2019-09-10 17:37:16','2019-09-20 17:37:16','N',NULL,'N','TarAppliedEvent','Travel Approval Request (TAR-366) for Rs. 68.0 is awaiting your approval.','Tar Applied'),(212,'30','2019-09-10 17:37:16','2019-09-20 17:37:16','N',NULL,'N','TarAppliedEvent','Your Travel Approval Request (${bk.tarCode}) for Rs. ${reqAdvAmount} is awaiting 1st level approval from ${n1EmpCode} - ${n1EmpFullName}.','Tar Applied'),(213,'315','2019-09-10 17:37:16','2019-09-20 17:37:16','N',NULL,'N','TarAppliedEvent','Travel Approval Request (TAR-367) for Rs. 68.0 is awaiting your approval.','Tar Applied'),(214,'30','2019-09-10 17:37:16','2019-09-20 17:37:16','N',NULL,'N','TarAppliedEvent','Your Travel Approval Request (${bk.tarCode}) for Rs. ${reqAdvAmount} is awaiting 1st level approval from ${n1EmpCode} - ${n1EmpFullName}.','Tar Applied'),(215,'315','2019-09-10 17:37:16','2019-09-20 17:37:16','N',NULL,'N','TarAppliedEvent','Travel Approval Request (TAR-368) for Rs. 68.0 is awaiting your approval.','Tar Applied'),(216,'30','2019-09-10 17:37:16','2019-09-20 17:37:16','N',NULL,'N','TarAppliedEvent','Your Travel Approval Request (${bk.tarCode}) for Rs. ${reqAdvAmount} is awaiting 1st level approval from ${n1EmpCode} - ${n1EmpFullName}.','Tar Applied'),(217,'315','2019-09-10 17:37:16','2019-09-20 17:37:16','N',NULL,'N','TarAppliedEvent','Travel Approval Request (TAR-369) for Rs. 68.0 is awaiting your approval.','Tar Applied'),(218,'30','2019-09-10 17:37:16','2019-09-20 17:37:16','N',NULL,'N','TarAppliedEvent','Your Travel Approval Request (${bk.tarCode}) for Rs. ${reqAdvAmount} is awaiting 1st level approval from ${n1EmpCode} - ${n1EmpFullName}.','Tar Applied'),(219,'315','2019-09-10 17:37:16','2019-09-20 17:37:16','N',NULL,'N','TarAppliedEvent','Travel Approval Request (TAR-370) for Rs. 68.0 is awaiting your approval.','Tar Applied'),(220,'30','2019-09-10 17:37:16','2019-09-20 17:37:16','N',NULL,'N','TarAppliedEvent','Your Travel Approval Request (${bk.tarCode}) for Rs. ${reqAdvAmount} is awaiting 1st level approval from ${n1EmpCode} - ${n1EmpFullName}.','Tar Applied'),(221,'315','2019-09-10 17:37:16','2019-09-20 17:37:16','N',NULL,'N','TarAppliedEvent','Travel Approval Request (TAR-371) for Rs. 68.0 is awaiting your approval.','Tar Applied'),(222,'30','2019-09-10 17:37:16','2019-09-20 17:37:16','N',NULL,'N','TarAppliedEvent','Your Travel Approval Request (${bk.tarCode}) for Rs. ${reqAdvAmount} is awaiting 1st level approval from ${n1EmpCode} - ${n1EmpFullName}.','Tar Applied'),(223,'315','2019-09-10 17:37:16','2019-09-20 17:37:16','N',NULL,'N','TarAppliedEvent','Travel Approval Request (TAR-372) for Rs. 68.0 is awaiting your approval.','Tar Applied'),(224,'30','2019-09-10 17:37:16','2019-09-20 17:37:16','N',NULL,'N','TarAppliedEvent','Your Travel Approval Request (${bk.tarCode}) for Rs. ${reqAdvAmount} is awaiting 1st level approval from ${n1EmpCode} - ${n1EmpFullName}.','Tar Applied'),(225,'315','2019-09-10 17:37:17','2019-09-20 17:37:17','N',NULL,'N','TarAppliedEvent','Travel Approval Request (TAR-373) for Rs. 68.0 is awaiting your approval.','Tar Applied'),(226,'30','2019-09-10 17:37:17','2019-09-20 17:37:17','N',NULL,'N','TarAppliedEvent','Your Travel Approval Request (${bk.tarCode}) for Rs. ${reqAdvAmount} is awaiting 1st level approval from ${n1EmpCode} - ${n1EmpFullName}.','Tar Applied'),(227,'315','2019-09-10 17:37:17','2019-09-20 17:37:17','N',NULL,'N','TarAppliedEvent','Travel Approval Request (TAR-374) for Rs. 68.0 is awaiting your approval.','Tar Applied'),(228,'30','2019-09-10 17:37:17','2019-09-20 17:37:17','N',NULL,'N','TarAppliedEvent','Your Travel Approval Request (${bk.tarCode}) for Rs. ${reqAdvAmount} is awaiting 1st level approval from ${n1EmpCode} - ${n1EmpFullName}.','Tar Applied'),(229,'315','2019-09-10 17:37:17','2019-09-20 17:37:17','N',NULL,'N','TarAppliedEvent','Travel Approval Request (TAR-375) for Rs. 68.0 is awaiting your approval.','Tar Applied'),(230,'30','2019-09-10 17:37:17','2019-09-20 17:37:17','N',NULL,'N','TarAppliedEvent','Your Travel Approval Request (${bk.tarCode}) for Rs. ${reqAdvAmount} is awaiting 1st level approval from ${n1EmpCode} - ${n1EmpFullName}.','Tar Applied'),(231,'315','2019-09-10 17:37:17','2019-09-20 17:37:17','N',NULL,'N','TarAppliedEvent','Travel Approval Request (TAR-376) for Rs. 68.0 is awaiting your approval.','Tar Applied'),(232,'30','2019-09-10 17:37:17','2019-09-20 17:37:17','N',NULL,'N','TarAppliedEvent','Your Travel Approval Request (${bk.tarCode}) for Rs. ${reqAdvAmount} is awaiting 1st level approval from ${n1EmpCode} - ${n1EmpFullName}.','Tar Applied'),(233,'315','2019-09-10 17:37:17','2019-09-20 17:37:17','N',NULL,'N','TarAppliedEvent','Travel Approval Request (TAR-377) for Rs. 68.0 is awaiting your approval.','Tar Applied'),(234,'30','2019-09-10 17:37:17','2019-09-20 17:37:17','N',NULL,'N','TarAppliedEvent','Your Travel Approval Request (${bk.tarCode}) for Rs. ${reqAdvAmount} is awaiting 1st level approval from ${n1EmpCode} - ${n1EmpFullName}.','Tar Applied'),(235,'315','2019-09-10 17:37:17','2019-09-20 17:37:17','N',NULL,'N','TarAppliedEvent','Travel Approval Request (TAR-378) for Rs. 68.0 is awaiting your approval.','Tar Applied'),(236,'30','2019-09-10 17:37:17','2019-09-20 17:37:17','N',NULL,'N','TarAppliedEvent','Your Travel Approval Request (${bk.tarCode}) for Rs. ${reqAdvAmount} is awaiting 1st level approval from ${n1EmpCode} - ${n1EmpFullName}.','Tar Applied'),(237,'315','2019-09-10 17:37:17','2019-09-20 17:37:17','N',NULL,'N','TarAppliedEvent','Travel Approval Request (TAR-379) for Rs. 68.0 is awaiting your approval.','Tar Applied'),(238,'30','2019-09-10 17:37:17','2019-09-20 17:37:17','N',NULL,'N','TarAppliedEvent','Your Travel Approval Request (${bk.tarCode}) for Rs. ${reqAdvAmount} is awaiting 1st level approval from ${n1EmpCode} - ${n1EmpFullName}.','Tar Applied'),(239,'315','2019-09-10 17:37:17','2019-09-20 17:37:17','N',NULL,'N','TarAppliedEvent','Travel Approval Request (TAR-380) for Rs. 68.0 is awaiting your approval.','Tar Applied'),(240,'30','2019-09-10 17:37:17','2019-09-20 17:37:17','N',NULL,'N','TarAppliedEvent','Your Travel Approval Request (${bk.tarCode}) for Rs. ${reqAdvAmount} is awaiting 1st level approval from ${n1EmpCode} - ${n1EmpFullName}.','Tar Applied'),(241,'315','2019-09-10 17:37:17','2019-09-20 17:37:17','N',NULL,'N','TarAppliedEvent','Travel Approval Request (TAR-381) for Rs. 68.0 is awaiting your approval.','Tar Applied'),(242,'30','2019-09-10 17:37:17','2019-09-20 17:37:17','N',NULL,'N','TarAppliedEvent','Your Travel Approval Request (${bk.tarCode}) for Rs. ${reqAdvAmount} is awaiting 1st level approval from ${n1EmpCode} - ${n1EmpFullName}.','Tar Applied'),(243,'315','2019-09-10 17:37:17','2019-09-20 17:37:17','N',NULL,'N','TarAppliedEvent','Travel Approval Request (TAR-382) for Rs. 68.0 is awaiting your approval.','Tar Applied'),(244,'30','2019-09-10 17:37:17','2019-09-20 17:37:17','N',NULL,'N','TarAppliedEvent','Your Travel Approval Request (${bk.tarCode}) for Rs. ${reqAdvAmount} is awaiting 1st level approval from ${n1EmpCode} - ${n1EmpFullName}.','Tar Applied'),(245,'315','2019-09-10 17:37:17','2019-09-20 17:37:17','N',NULL,'N','TarAppliedEvent','Travel Approval Request (TAR-383) for Rs. 68.0 is awaiting your approval.','Tar Applied'),(246,'30','2019-09-10 17:37:18','2019-09-20 17:37:18','N',NULL,'N','TarAppliedEvent','Your Travel Approval Request (${bk.tarCode}) for Rs. ${reqAdvAmount} is awaiting 1st level approval from ${n1EmpCode} - ${n1EmpFullName}.','Tar Applied'),(247,'315','2019-09-10 17:37:18','2019-09-20 17:37:18','N',NULL,'N','TarAppliedEvent','Travel Approval Request (TAR-384) for Rs. 68.0 is awaiting your approval.','Tar Applied'),(248,'30','2019-09-10 17:37:18','2019-09-20 17:37:18','N',NULL,'N','TarAppliedEvent','Your Travel Approval Request (${bk.tarCode}) for Rs. ${reqAdvAmount} is awaiting 1st level approval from ${n1EmpCode} - ${n1EmpFullName}.','Tar Applied'),(249,'315','2019-09-10 17:37:18','2019-09-20 17:37:18','N',NULL,'N','TarAppliedEvent','Travel Approval Request (TAR-385) for Rs. 68.0 is awaiting your approval.','Tar Applied'),(250,'30','2019-09-10 17:37:18','2019-09-20 17:37:18','N',NULL,'N','TarAppliedEvent','Your Travel Approval Request (${bk.tarCode}) for Rs. ${reqAdvAmount} is awaiting 1st level approval from ${n1EmpCode} - ${n1EmpFullName}.','Tar Applied'),(251,'315','2019-09-10 17:37:18','2019-09-20 17:37:18','N',NULL,'N','TarAppliedEvent','Travel Approval Request (TAR-386) for Rs. 68.0 is awaiting your approval.','Tar Applied'),(252,'30','2019-09-10 17:37:18','2019-09-20 17:37:18','N',NULL,'N','TarAppliedEvent','Your Travel Approval Request (${bk.tarCode}) for Rs. ${reqAdvAmount} is awaiting 1st level approval from ${n1EmpCode} - ${n1EmpFullName}.','Tar Applied'),(253,'315','2019-09-10 17:37:18','2019-09-20 17:37:18','N',NULL,'N','TarAppliedEvent','Travel Approval Request (TAR-387) for Rs. 68.0 is awaiting your approval.','Tar Applied'),(254,'30','2019-09-10 17:37:18','2019-09-20 17:37:18','N',NULL,'N','TarAppliedEvent','Your Travel Approval Request (${bk.tarCode}) for Rs. ${reqAdvAmount} is awaiting 1st level approval from ${n1EmpCode} - ${n1EmpFullName}.','Tar Applied'),(255,'315','2019-09-10 17:37:18','2019-09-20 17:37:18','N',NULL,'N','TarAppliedEvent','Travel Approval Request (TAR-388) for Rs. 68.0 is awaiting your approval.','Tar Applied'),(256,'30','2019-09-10 17:37:18','2019-09-20 17:37:18','N',NULL,'N','TarAppliedEvent','Your Travel Approval Request (${bk.tarCode}) for Rs. ${reqAdvAmount} is awaiting 1st level approval from ${n1EmpCode} - ${n1EmpFullName}.','Tar Applied'),(257,'315','2019-09-10 17:37:18','2019-09-20 17:37:18','N',NULL,'N','TarAppliedEvent','Travel Approval Request (TAR-389) for Rs. 68.0 is awaiting your approval.','Tar Applied'),(258,'30','2019-09-10 17:37:18','2019-09-20 17:37:18','N',NULL,'N','TarAppliedEvent','Your Travel Approval Request (${bk.tarCode}) for Rs. ${reqAdvAmount} is awaiting 1st level approval from ${n1EmpCode} - ${n1EmpFullName}.','Tar Applied'),(259,'315','2019-09-10 17:37:18','2019-09-20 17:37:18','N',NULL,'N','TarAppliedEvent','Travel Approval Request (TAR-390) for Rs. 68.0 is awaiting your approval.','Tar Applied'),(260,'30','2019-09-10 17:37:18','2019-09-20 17:37:18','N',NULL,'N','TarAppliedEvent','Your Travel Approval Request (${bk.tarCode}) for Rs. ${reqAdvAmount} is awaiting 1st level approval from ${n1EmpCode} - ${n1EmpFullName}.','Tar Applied'),(261,'315','2019-09-10 17:37:18','2019-09-20 17:37:18','N',NULL,'N','TarAppliedEvent','Travel Approval Request (TAR-391) for Rs. 68.0 is awaiting your approval.','Tar Applied'),(262,'30','2019-09-10 17:37:18','2019-09-20 17:37:18','N',NULL,'N','TarAppliedEvent','Your Travel Approval Request (${bk.tarCode}) for Rs. ${reqAdvAmount} is awaiting 1st level approval from ${n1EmpCode} - ${n1EmpFullName}.','Tar Applied'),(263,'315','2019-09-10 17:37:18','2019-09-20 17:37:18','N',NULL,'N','TarAppliedEvent','Travel Approval Request (TAR-392) for Rs. 68.0 is awaiting your approval.','Tar Applied'),(264,'30','2019-09-10 17:37:18','2019-09-20 17:37:18','N',NULL,'N','TarAppliedEvent','Your Travel Approval Request (${bk.tarCode}) for Rs. ${reqAdvAmount} is awaiting 1st level approval from ${n1EmpCode} - ${n1EmpFullName}.','Tar Applied'),(265,'315','2019-09-10 17:37:19','2019-09-20 17:37:19','N',NULL,'N','TarAppliedEvent','Travel Approval Request (TAR-393) for Rs. 68.0 is awaiting your approval.','Tar Applied'),(266,'30','2019-09-10 17:37:19','2019-09-20 17:37:19','N',NULL,'N','TarAppliedEvent','Your Travel Approval Request (${bk.tarCode}) for Rs. ${reqAdvAmount} is awaiting 1st level approval from ${n1EmpCode} - ${n1EmpFullName}.','Tar Applied'),(267,'315','2019-09-10 17:37:19','2019-09-20 17:37:19','N',NULL,'N','TarAppliedEvent','Travel Approval Request (TAR-394) for Rs. 68.0 is awaiting your approval.','Tar Applied'),(268,'30','2019-09-10 17:37:19','2019-09-20 17:37:19','N',NULL,'N','TarAppliedEvent','Your Travel Approval Request (${bk.tarCode}) for Rs. ${reqAdvAmount} is awaiting 1st level approval from ${n1EmpCode} - ${n1EmpFullName}.','Tar Applied'),(269,'315','2019-09-10 17:37:19','2019-09-20 17:37:19','N',NULL,'N','TarAppliedEvent','Travel Approval Request (TAR-395) for Rs. 68.0 is awaiting your approval.','Tar Applied'),(270,'30','2019-09-10 17:47:17','2019-09-20 17:47:17','N',NULL,'N','TarAppliedEvent','Your Travel Approval Request (${bk.tarCode}) for Rs. ${reqAdvAmount} is awaiting 1st level approval from ${n1EmpCode} - ${n1EmpFullName}.','Tar Applied'),(271,'315','2019-09-10 17:47:17','2019-09-20 17:47:17','N',NULL,'N','TarAppliedEvent','Travel Approval Request (TAR-396) for Rs. 68.0 is awaiting your approval.','Tar Applied'),(272,'30','2019-09-10 17:50:28','2019-09-20 17:50:28','N',NULL,'N','TarAppliedEvent','Your Travel Approval Request (${bk.tarCode}) for Rs. ${reqAdvAmount} is awaiting 1st level approval from ${n1EmpCode} - ${n1EmpFullName}.','Tar Applied'),(273,'315','2019-09-10 17:50:28','2019-09-20 17:50:28','N',NULL,'N','TarAppliedEvent','Travel Approval Request (TAR-397) for Rs. 68.0 is awaiting your approval.','Tar Applied'),(274,'30','2019-09-10 18:31:57','2019-09-20 18:31:57','N',NULL,'N','TarAppliedEvent','Your Travel Approval Request (${bk.tarCode}) for Rs. ${reqAdvAmount} is awaiting 1st level approval from ${n1EmpCode} - ${n1EmpFullName}.','Tar Applied'),(275,'315','2019-09-10 18:31:57','2019-09-20 18:31:57','N',NULL,'N','TarAppliedEvent','Travel Approval Request (TAR-398) for Rs. 68.0 is awaiting your approval.','Tar Applied'),(276,'30','2019-09-10 18:42:50','2019-09-20 18:42:50','N',NULL,'N','TarAppliedEvent','Your Travel Approval Request (${bk.tarCode}) for Rs. ${reqAdvAmount} is awaiting 1st level approval from ${n1EmpCode} - ${n1EmpFullName}.','Tar Applied'),(277,'315','2019-09-10 18:42:50','2019-09-20 18:42:50','N',NULL,'N','TarAppliedEvent','Travel Approval Request (TAR-399) for Rs. 68.0 is awaiting your approval.','Tar Applied'),(278,'30','2019-09-10 18:46:37','2019-09-20 18:46:37','N',NULL,'N','TarAppliedEvent','Your Travel Approval Request (${bk.tarCode}) for Rs. ${reqAdvAmount} is awaiting 1st level approval from ${n1EmpCode} - ${n1EmpFullName}.','Tar Applied'),(279,'315','2019-09-10 18:46:37','2019-09-20 18:46:37','N',NULL,'N','TarAppliedEvent','Travel Approval Request (TAR-400) for Rs. 68.0 is awaiting your approval.','Tar Applied'),(280,'2','2019-09-11 15:37:40','2019-09-21 15:37:40','N',NULL,'N','TarAppliedEvent','Your Travel Approval Request (TAR-401) for Rs. 2000.0 is awaiting 1st level approval from CH85 - Dinesh test.','Tar Applied'),(281,'2','2019-09-11 15:37:40','2019-09-21 15:37:40','N',NULL,'N','TarAppliedEvent','Travel Approval Request (TAR-401) for Rs. 2000.0 is awaiting your approval.','Tar Applied'),(282,'361','2019-09-13 15:59:29','2019-09-23 15:59:29','N',NULL,'N','LeaveAppliedEvent','Your Travel Approval Request (${bk.tarCode}) for Rs. ${reqAdvAmount} is canceled by (${bk.EmpCode}) -(${bk.EmpFullName})','Leave Apply'),(283,'361','2019-09-13 15:59:29','2019-09-23 15:59:29','N',NULL,'N','LeaveAppliedEvent',NULL,'Leave Apply'),(284,'361','2019-09-13 16:30:47','2019-09-23 16:30:47','N',NULL,'N','LeaveAppliedEvent','Your Travel Approval Request (${bk.tarCode}) for Rs. ${reqAdvAmount} is canceled by (${bk.EmpCode}) -(${bk.EmpFullName})','Leave Apply'),(285,'361','2019-09-13 16:30:47','2019-09-23 16:30:47','N',NULL,'N','LeaveAppliedEvent',NULL,'Leave Apply'),(286,'361','2019-09-13 17:26:49','2019-09-23 17:26:49','N',NULL,'N','LeaveAppliedEvent','Your Travel Approval Request (${bk.tarCode}) for Rs. ${reqAdvAmount} is canceled by (${bk.EmpCode}) -(${bk.EmpFullName})','Leave Apply'),(287,'361','2019-09-13 17:26:49','2019-09-23 17:26:49','N',NULL,'N','LeaveAppliedEvent',NULL,'Leave Apply'),(288,'398','2019-09-13 17:35:25','2019-09-23 17:35:25','N',NULL,'N','LeaveAppliedEvent','Your Travel Approval Request (${bk.tarCode}) for Rs. ${reqAdvAmount} is canceled by (${bk.EmpCode}) -(${bk.EmpFullName})','Leave Apply'),(289,'398','2019-09-13 17:35:25','2019-09-23 17:35:25','N',NULL,'N','LeaveAppliedEvent',NULL,'Leave Apply'),(290,'398','2019-09-13 17:39:36','2019-09-23 17:39:36','N',NULL,'N','LeaveAppliedEvent','Your Travel Approval Request (${bk.tarCode}) for Rs. ${reqAdvAmount} is canceled by (${bk.EmpCode}) -(${bk.EmpFullName})','Leave Apply'),(291,'398','2019-09-13 17:39:36','2019-09-23 17:39:36','N',NULL,'N','LeaveAppliedEvent',NULL,'Leave Apply'),(292,'4','2019-09-18 12:22:38','2019-09-28 12:22:38','N',NULL,'N','TarAppliedEvent','Your Travel Approval Request (TAR-420) for Rs. 68.0 is awaiting 1st level approval from CH85 - Priyadarshini.','Tar Applied'),(293,'2','2019-09-18 12:22:39','2019-09-28 12:22:39','N',NULL,'N','TarAppliedEvent','Travel Approval Request (TAR-420) for Rs. 68.0 is awaiting your approval.','Tar Applied'),(294,'3','2019-09-18 12:23:26','2019-09-28 12:23:26','N',NULL,'N','TarAppliedEvent','Your Travel Approval Request (TAR-421) for Rs. 68.0 is awaiting 1st level approval from CH85 - arun marx.','Tar Applied'),(295,'2','2019-09-18 12:23:27','2019-09-28 12:23:27','N',NULL,'N','TarAppliedEvent','Travel Approval Request (TAR-421) for Rs. 68.0 is awaiting your approval.','Tar Applied'),(296,'3','2019-09-18 12:39:14','2019-09-28 12:39:14','N',NULL,'N','TarAppliedEvent','Your Travel Approval Request (TAR-422) for Rs. 68.0 is awaiting 1st level approval from CH85 - arun marx.','Tar Applied'),(297,'2','2019-09-18 12:39:16','2019-09-28 12:39:16','N',NULL,'N','TarAppliedEvent','Travel Approval Request (TAR-422) for Rs. 68.0 is awaiting your approval.','Tar Applied'),(298,'3','2019-09-18 12:45:25','2019-09-28 12:45:25','N',NULL,'N','TarAppliedEvent','Your Travel Approval Request (TAR-424) for Rs. 68.0 is awaiting 1st level approval from CH85 - arun marx.','Tar Applied'),(299,'2','2019-09-18 12:45:26','2019-09-28 12:45:26','N',NULL,'N','TarAppliedEvent','Travel Approval Request (TAR-424) for Rs. 68.0 is awaiting your approval.','Tar Applied'),(300,'2','2019-09-18 12:51:07','2019-09-28 12:51:07','N',NULL,'N','TarAppliedEvent','Your Travel Approval Request (TAR-425) for Rs. 68.0 is awaiting 1st level approval from CH85 - Dinesh 23#.','Tar Applied'),(301,'2','2019-09-18 12:51:08','2019-09-28 12:51:08','N',NULL,'N','TarAppliedEvent','Travel Approval Request (TAR-425) for Rs. 68.0 is awaiting your approval.','Tar Applied'),(302,'3','2019-09-18 12:52:32','2019-09-28 12:52:32','N',NULL,'N','TarAppliedEvent','Your Travel Approval Request (TAR-426) for Rs. 68.0 is awaiting 1st level approval from CH85 - arun marx.','Tar Applied'),(303,'2','2019-09-18 12:52:33','2019-09-28 12:52:33','N',NULL,'N','TarAppliedEvent','Travel Approval Request (TAR-426) for Rs. 68.0 is awaiting your approval.','Tar Applied'),(304,'3','2019-09-18 12:53:07','2019-09-28 12:53:07','N',NULL,'N','TarN1ApprovedEvent','Your Travel Advance Request (TAR-426) for Rs. 68.0 is approved by your CH85 - arun marx.','Tar N1 Approve'),(305,'3','2019-09-18 12:56:20','2019-09-28 12:56:20','N',NULL,'N','TarAppliedEvent','Your Travel Approval Request (TAR-427) for Rs. 68.0 is awaiting 1st level approval from CH85 - arun marx.','Tar Applied'),(306,'2','2019-09-18 12:56:21','2019-09-28 12:56:21','N',NULL,'N','TarAppliedEvent','Travel Approval Request (TAR-427) for Rs. 68.0 is awaiting your approval.','Tar Applied'),(307,'3','2019-09-18 12:56:59','2019-09-28 12:56:59','N',NULL,'N','TarAppliedEvent','Your Travel Approval Request (TAR-428) for Rs. 68.0 is awaiting 1st level approval from CH85 - arun marx.','Tar Applied'),(308,'2','2019-09-18 12:57:00','2019-09-28 12:57:00','N',NULL,'N','TarAppliedEvent','Travel Approval Request (TAR-428) for Rs. 68.0 is awaiting your approval.','Tar Applied'),(309,'3','2019-09-18 12:57:36','2019-09-28 12:57:36','N',NULL,'N','TarN1ApprovedEvent','Your Travel Advance Request (TAR-428) for Rs. 68.0 is approved by your CH85 - arun marx.','Tar N1 Approve'),(310,'2','2019-09-18 14:02:24','2019-09-28 14:02:24','N',NULL,'N','LeaveAppliedEvent','Your Travel Approval Request (${bk.tarCode}) for Rs. ${reqAdvAmount} is canceled by (${bk.EmpCode}) -(${bk.EmpFullName})','Leave Apply'),(311,'2','2019-09-18 14:02:25','2019-09-28 14:02:25','N',NULL,'N','LeaveAppliedEvent',NULL,'Leave Apply'),(312,'2','2019-09-18 14:11:21','2019-09-28 14:11:21','N',NULL,'N','LeaveAppliedEvent','Your Travel Approval Request (${bk.tarCode}) for Rs. ${reqAdvAmount} is canceled by (${bk.EmpCode}) -(${bk.EmpFullName})','Leave Apply'),(313,'2','2019-09-18 14:11:21','2019-09-28 14:11:21','N',NULL,'N','LeaveAppliedEvent','Your leave Application Request (LA-100162-CL) from 2019-01-01 to 2019-01-02 is applied by (${bk.employeeCode}) -(nullnull)','Leave Apply'),(314,'2','2019-09-18 14:17:36','2019-09-28 14:17:36','N',NULL,'N','LeaveAppliedEvent','Your Travel Approval Request (${bk.tarCode}) for Rs. ${reqAdvAmount} is canceled by (${bk.EmpCode}) -(${bk.EmpFullName})','Leave Apply'),(315,'2','2019-09-18 14:17:36','2019-09-28 14:17:36','N',NULL,'N','LeaveAppliedEvent','Your leave Application Request (LA-100163-CL) from 2019-01-01 to 2019-01-02 is applied by (${bk.employeeCode}) -(nullnull)','Leave Apply'),(316,'2','2019-09-18 14:19:44','2019-09-28 14:19:44','N',NULL,'N','LeaveAppliedEvent','Your Travel Approval Request (${bk.tarCode}) for Rs. ${reqAdvAmount} is canceled by (${bk.EmpCode}) -(${bk.EmpFullName})','Leave Apply'),(317,'2','2019-09-18 14:19:44','2019-09-28 14:19:44','N',NULL,'N','LeaveAppliedEvent','Your leave Application Request (LA-100164-CL) from 2019-01-01 to 2019-01-02 is applied by (${bk.employeeCode}) -(nullnull)','Leave Apply'),(318,'2','2019-09-18 14:19:58','2019-09-28 14:19:58','N',NULL,'N','LeaveAppliedEvent','Your Travel Approval Request (${bk.tarCode}) for Rs. ${reqAdvAmount} is canceled by (${bk.EmpCode}) -(${bk.EmpFullName})','Leave Apply'),(319,'2','2019-09-18 14:19:58','2019-09-28 14:19:58','N',NULL,'N','LeaveAppliedEvent','Your leave Application Request (LA-100165-CL) from 2019-01-01 to 2019-01-02 is applied by (${bk.employeeCode}) -(nullnull)','Leave Apply'),(320,'2','2019-09-18 14:27:58','2019-09-28 14:27:58','N',NULL,'N','LeaveAppliedEvent','Your Travel Approval Request (${bk.tarCode}) for Rs. ${reqAdvAmount} is canceled by (${bk.EmpCode}) -(${bk.EmpFullName})','Leave Apply'),(321,'2','2019-09-18 14:27:58','2019-09-28 14:27:58','N',NULL,'N','LeaveAppliedEvent','Your leave Application Request (LA-100166-CL) from 2019-01-01 to 2019-01-02 is applied by (${bk.employeeCode}) -(nullnull)','Leave Apply'),(322,'401','2019-09-18 14:32:29','2019-09-28 14:32:29','N',NULL,'N','TarAppliedEvent','Your Travel Approval Request (TAR-430) for Rs. 1200.0 is awaiting 1st level approval from CH186 - test employee.','Tar Applied'),(323,'398','2019-09-18 14:32:29','2019-09-28 14:32:29','N',NULL,'N','TarAppliedEvent','Travel Approval Request (TAR-430) for Rs. 1200.0 is awaiting your approval.','Tar Applied'),(324,'2','2019-09-18 14:33:22','2019-09-28 14:33:22','N',NULL,'N','LeaveAppliedEvent','Your Travel Approval Request (${bk.tarCode}) for Rs. ${reqAdvAmount} is canceled by (${bk.EmpCode}) -(${bk.EmpFullName})','Leave Apply'),(325,'2','2019-09-18 14:33:23','2019-09-28 14:33:23','N',NULL,'N','LeaveAppliedEvent','Your leave Application Request (LA-100168-CL) from 2019-01-01 to 2019-01-02 is applied by (${bk.employeeCode}) -(nullnull)','Leave Apply'),(326,'2','2019-09-18 14:34:37','2019-09-28 14:34:37','N',NULL,'N','LeaveAppliedEvent','Your Travel Approval Request (${bk.tarCode}) for Rs. ${reqAdvAmount} is canceled by (${bk.EmpCode}) -(${bk.EmpFullName})','Leave Apply'),(327,'2','2019-09-18 14:34:37','2019-09-28 14:34:37','N',NULL,'N','LeaveAppliedEvent','Your leave Application Request (LA-100169-CL) from 2019-01-01 to 2019-01-02 is applied by (${bk.employeeCode}) -(nullnull)','Leave Apply'),(328,'401','2019-09-18 14:34:50','2019-09-28 14:34:50','N',NULL,'N','TarAppliedEvent','Your Travel Approval Request (TAR-431) for Rs. 1200.0 is awaiting 1st level approval from CH186 - test employee.','Tar Applied'),(329,'398','2019-09-18 14:34:50','2019-09-28 14:34:50','N',NULL,'N','TarAppliedEvent','Travel Approval Request (TAR-431) for Rs. 1200.0 is awaiting your approval.','Tar Applied'),(330,'401','2019-09-18 14:36:03','2019-09-28 14:36:03','N',NULL,'N','TarAppliedEvent','Your Travel Approval Request (TAR-433) for Rs. 1200.0 is awaiting 1st level approval from CH186 - test employee.','Tar Applied'),(331,'398','2019-09-18 14:36:03','2019-09-28 14:36:03','N',NULL,'N','TarAppliedEvent','Travel Approval Request (TAR-433) for Rs. 1200.0 is awaiting your approval.','Tar Applied'),(332,'401','2019-09-18 14:36:35','2019-09-28 14:36:35','N',NULL,'N','TarN1ApprovedEvent','Your Travel Advance Request (TAR-430) for Rs. 1200.0 is approved by your CH186 - test employee.','Tar N1 Approve'),(333,'2','2019-09-18 14:37:23','2019-09-28 14:37:23','N',NULL,'N','LeaveAppliedEvent','Your Travel Approval Request (${bk.tarCode}) for Rs. ${reqAdvAmount} is canceled by (${bk.EmpCode}) -(${bk.EmpFullName})','Leave Apply'),(334,'2','2019-09-18 14:37:23','2019-09-28 14:37:23','N',NULL,'N','LeaveAppliedEvent','Your leave Application Request (LA-100170-CL) from 2019-01-01 to 2019-01-02 is applied by (${bk.employeeCode}) -(nullnull)','Leave Apply'),(335,'401','2019-09-18 14:37:40','2019-09-28 14:37:40','N',NULL,'N','TarN1ApprovedEvent','Your Travel Advance Request (TAR-430) for Rs. 1200.0 is approved by your CH186 - test employee.','Tar N1 Approve'),(336,'401','2019-09-18 14:40:57','2019-09-28 14:40:57','N',NULL,'N','TarAppliedEvent','Your Travel Approval Request (TA-435) for Rs. 3200.0 is awaiting 1st level approval from CH186 - test employee.','Tar Applied'),(337,'398','2019-09-18 14:40:58','2019-09-28 14:40:58','N',NULL,'N','TarAppliedEvent','Travel Approval Request (TA-435) for Rs. 3200.0 is awaiting your approval.','Tar Applied'),(338,'401','2019-09-18 14:42:07','2019-09-28 14:42:07','N',NULL,'N','TarN1ApprovedEvent','Your Travel Advance Request (TA-435) for Rs. 3200.0 is approved by your CH186 - test employee.','Tar N1 Approve'),(339,'401','2019-09-18 14:43:29','2019-09-28 14:43:29','N',NULL,'N','TarN1ApprovedEvent','Your Travel Advance Request (TA-435) for Rs. 3200.0 is approved by your CH186 - test employee.','Tar N1 Approve'),(340,'401','2019-09-18 14:46:20','2019-09-28 14:46:20','N',NULL,'N','TarAppliedEvent','Your Travel Approval Request (TA-437) for Rs. 2222.0 is awaiting 1st level approval from CH186 - test employee.','Tar Applied'),(341,'398','2019-09-18 14:46:20','2019-09-28 14:46:20','N',NULL,'N','TarAppliedEvent','Travel Approval Request (TA-437) for Rs. 2222.0 is awaiting your approval.','Tar Applied'),(342,'401','2019-09-18 14:46:47','2019-09-28 14:46:47','N',NULL,'N','TarAppliedEvent','Your Travel Approval Request (TA-438) for Rs. 3333.0 is awaiting 1st level approval from CH186 - test employee.','Tar Applied'),(343,'398','2019-09-18 14:46:47','2019-09-28 14:46:47','N',NULL,'N','TarAppliedEvent','Travel Approval Request (TA-438) for Rs. 3333.0 is awaiting your approval.','Tar Applied'),(344,'401','2019-09-18 14:47:26','2019-09-28 14:47:26','N',NULL,'N','TarN1ApprovedEvent','Your Travel Advance Request (TA-437) for Rs. 2222.0 is approved by your CH186 - test employee.','Tar N1 Approve'),(345,'401','2019-09-18 14:47:44','2019-09-28 14:47:44','N',NULL,'N','TarN1RejectedEvent','Your Travel Advance Request (TA-438) for Rs. 3333.0 is rejected by your CH186 - test employee.','Tar N1 Reject'),(346,'401','2019-09-18 14:48:22','2019-09-28 14:48:22','N',NULL,'N','TarAcc2RejectedEvent','Your Travel Advance Request (TA-437) for Rs. 2222.0 is rejected by your ${acc2EmpCode} - ${acc2EmpFullName}.','Tar Acc2 Reject'),(347,'398','2019-09-18 14:48:22','2019-09-28 14:48:22','N',NULL,'N','TarAcc2RejectedEvent','Travel Advance Request (TA-437) for Rs. 2222.0 for your employee  CH188 - test employee  is rejected by ${acc2EmpCode} - ${acc2EmpFullName}.','Tar Acc2 Reject'),(348,'2','2019-09-18 15:59:07','2019-09-28 15:59:07','N',NULL,'N','LeaveAppliedEvent','Your Travel Approval Request (${bk.tarCode}) for Rs. ${reqAdvAmount} is canceled by (${bk.EmpCode}) -(${bk.EmpFullName})','Leave Apply'),(349,'2','2019-09-18 15:59:07','2019-09-28 15:59:07','N',NULL,'N','LeaveAppliedEvent','Your leave Application Request (LA-100171-CL) from 2019-01-01 to 2019-01-02 is applied by (${bk.employeeCode}) -(nullnull)','Leave Apply'),(350,'2','2019-09-18 16:03:36','2019-09-28 16:03:36','N',NULL,'N','LeaveAppliedEvent','Your Travel Approval Request (${bk.tarCode}) for Rs. ${reqAdvAmount} is canceled by (${bk.EmpCode}) -(${bk.EmpFullName})','Leave Apply'),(351,'2','2019-09-18 16:03:36','2019-09-28 16:03:36','N',NULL,'N','LeaveAppliedEvent','Your leave Application Request (LA-100172-CL) from 2019-01-01 to 2019-01-02 is applied by (${bk.employeeCode}) -(nullnull)','Leave Apply'),(352,'2','2019-09-18 16:06:13','2019-09-28 16:06:13','N',NULL,'N','LeaveAppliedEvent','Your Travel Approval Request (${bk.tarCode}) for Rs. ${reqAdvAmount} is canceled by (${bk.EmpCode}) -(${bk.EmpFullName})','Leave Apply'),(353,'2','2019-09-18 16:06:13','2019-09-28 16:06:13','N',NULL,'N','LeaveAppliedEvent','Your leave Application Request (LA-100173-CL) from 2019-01-01 to 2019-01-02 is applied by (${bk.employeeCode}) -(nullnull)','Leave Apply'),(354,'2','2019-09-18 16:07:32','2019-09-28 16:07:32','N',NULL,'N','LeaveAppliedEvent','Your Travel Approval Request (${bk.tarCode}) for Rs. ${reqAdvAmount} is canceled by (${bk.EmpCode}) -(${bk.EmpFullName})','Leave Apply'),(355,'2','2019-09-18 16:07:32','2019-09-28 16:07:32','N',NULL,'N','LeaveAppliedEvent','Your leave Application Request (LA-100174-CL) from 2019-01-01 to 2019-01-02 is applied by (${bk.employeeCode}) -(nullnull)','Leave Apply'),(356,'2','2019-09-18 16:09:06','2019-09-28 16:09:06','N',NULL,'N','LeaveAppliedEvent','Your Travel Approval Request (${bk.tarCode}) for Rs. ${reqAdvAmount} is canceled by (${bk.EmpCode}) -(${bk.EmpFullName})','Leave Apply'),(357,'2','2019-09-18 16:09:06','2019-09-28 16:09:06','N',NULL,'N','LeaveAppliedEvent','Your leave Application Request (LA-100175-CL) from 2019-01-01 to 2019-01-02 is applied by (${bk.employeeCode}) -(nullnull)','Leave Apply'),(358,'2','2019-09-18 16:10:38','2019-09-28 16:10:38','N',NULL,'N','LeaveAppliedEvent','Your Travel Approval Request (${bk.tarCode}) for Rs. ${reqAdvAmount} is canceled by (${bk.EmpCode}) -(${bk.EmpFullName})','Leave Apply'),(359,'2','2019-09-18 16:10:38','2019-09-28 16:10:38','N',NULL,'N','LeaveAppliedEvent','Your Travel Approval Request (${bk.tarCode}) for Rs. ${reqAdvAmount} is canceled by (${bk.EmpCode}) -(${bk.EmpFullName})','Leave Apply'),(360,'2','2019-09-18 16:11:56','2019-09-28 16:11:56','N',NULL,'N','LeaveAppliedEvent','Your Travel Approval Request (${bk.tarCode}) for Rs. ${reqAdvAmount} is canceled by (${bk.EmpCode}) -(${bk.EmpFullName})','Leave Apply'),(361,'2','2019-09-18 16:11:57','2019-09-28 16:11:57','N',NULL,'N','LeaveAppliedEvent','Your Travel Approval Request (${bk.tarCode}) for Rs. ${reqAdvAmount} is canceled by (${bk.EmpCode}) -(${bk.EmpFullName})','Leave Apply'),(362,'2','2019-09-18 16:13:15','2019-09-28 16:13:15','N',NULL,'N','LeaveAppliedEvent','Travel Advance Request (${bk.tarCode}) for Rs. ${reqAdvAmount} for your employee  ${bk.employeeCode} - nullnull  is rejected by ${acc2EmpCode} - ${acc2EmpFullName}.','Leave Apply'),(363,'2','2019-09-18 16:13:16','2019-09-28 16:13:16','N',NULL,'N','LeaveAppliedEvent','Travel Advance Request (${bk.tarCode}) for Rs. ${reqAdvAmount} for your employee  ${bk.employeeCode} - nullnull  is rejected by ${acc2EmpCode} - ${acc2EmpFullName}.','Leave Apply'),(364,'2','2019-09-18 16:14:19','2019-09-28 16:14:19','N',NULL,'N','LeaveAppliedEvent','Travel Advance Request (${bk.tarCode}) for Rs. ${reqAdvAmount} for your employee  ${bk.employeeCode} - nullnull  is Rejected by ${acc2EmpCode} - ${acc2EmpFullName}.','Leave Apply'),(365,'2','2019-09-18 16:14:19','2019-09-28 16:14:19','N',NULL,'N','LeaveAppliedEvent','Travel Advance Request (${bk.tarCode}) for Rs. ${reqAdvAmount} for your employee  ${bk.employeeCode} - nullnull  is Rejected by ${acc2EmpCode} - ${acc2EmpFullName}.','Leave Apply'),(366,'2','2019-09-18 16:14:26','2019-09-28 16:14:26','N',NULL,'N','LeaveAppliedEvent','Travel Advance Request (${bk.tarCode}) for Rs. ${reqAdvAmount} for your employee  ${bk.employeeCode} - nullnull  is Rejected by ${acc2EmpCode} - ${acc2EmpFullName}.','Leave Apply'),(367,'2','2019-09-18 16:14:26','2019-09-28 16:14:26','N',NULL,'N','LeaveAppliedEvent','Travel Advance Request (${bk.tarCode}) for Rs. ${reqAdvAmount} for your employee  ${bk.employeeCode} - nullnull  is Rejected by ${acc2EmpCode} - ${acc2EmpFullName}.','Leave Apply'),(368,'2','2019-09-18 16:16:08','2019-09-28 16:16:08','N',NULL,'N','LeaveAppliedEvent','Travel Advance Request (${bk.tarCode}) for Rs. ${reqAdvAmount} for your employee  ${bk.employeeCode} - nullnull  is Rejected by ${acc2EmpCode} - ${acc2EmpFullName}.','Leave Apply'),(369,'2','2019-09-18 16:16:08','2019-09-28 16:16:08','N',NULL,'N','LeaveAppliedEvent','Travel Advance Request (${bk.tarCode}) for Rs. ${reqAdvAmount} for your employee  ${bk.employeeCode} - nullnull  is Rejected by ${acc2EmpCode} - ${acc2EmpFullName}.','Leave Apply'),(370,'2','2019-09-18 16:17:32','2019-09-28 16:17:32','N',NULL,'N','LeaveAppliedEvent','Your Leave Request -(LA-100182-CL) has been applied from 2019-01-01 (2019-01-02) is waiting for approval -(nullnull)','Leave Apply'),(371,'2','2019-09-18 16:17:32','2019-09-28 16:17:32','N',NULL,'N','LeaveAppliedEvent','Your Leave Request -(LA-100182-CL) has been applied from 2019-01-01 (2019-01-02) is waiting for approval -(nullnull)','Leave Apply'),(372,'2','2019-09-18 16:19:30','2019-09-28 16:19:30','N',NULL,'N','LeaveAppliedEvent','Your Leave Request -(LA-100183-CL) has been applied from 2019-01-01 (2019-01-02) is waiting for approval -(nullnull)','Leave Apply'),(373,'2','2019-09-18 16:19:30','2019-09-28 16:19:30','N',NULL,'N','LeaveAppliedEvent','Your Leave Request -(LA-100183-CL) has been applied from 2019-01-01 (2019-01-02) is waiting for approval -(nullnull)','Leave Apply'),(374,'2','2019-09-18 16:22:50','2019-09-28 16:22:50','N',NULL,'N','LeaveAppliedEvent','Your Leave Request -(LA-100184-CL) has been applied from 2019-01-01 (2019-01-02) is waiting for approval -(nullnull)','Leave Apply'),(375,'2','2019-09-18 16:22:51','2019-09-28 16:22:51','N',NULL,'N','LeaveAppliedEvent','Your Leave Request -(LA-100184-CL) has been applied from 2019-01-01 (2019-01-02) is waiting for approval -(nullnull)','Leave Apply'),(376,'2','2019-09-18 16:22:55','2019-09-28 16:22:55','N',NULL,'N','LeaveAppliedEvent','Your Leave Request -(LA-100184-CL) has been applied from 2019-01-01 (2019-01-02) is waiting for approval -(nullnull)','Leave Apply'),(377,'2','2019-09-18 16:22:55','2019-09-28 16:22:55','N',NULL,'N','LeaveAppliedEvent','Your Leave Request -(LA-100184-CL) has been applied from 2019-01-01 (2019-01-02) is waiting for approval -(nullnull)','Leave Apply'),(378,'2','2019-09-18 16:23:51','2019-09-28 16:23:51','N',NULL,'N','LeaveAppliedEvent','Your Leave Request -(LA-100185-CL) has been applied from 2019-01-01 (2019-01-02) is waiting for approval -(nullnull)','Leave Apply'),(379,'2','2019-09-18 16:23:51','2019-09-28 16:23:51','N',NULL,'N','LeaveAppliedEvent','Your Leave Request -(LA-100185-CL) has been applied from 2019-01-01 (2019-01-02) is waiting for approval -(nullnull)','Leave Apply'),(380,'4','2019-09-18 16:27:30','2019-09-28 16:27:30','N',NULL,'N','LeaveAppliedEvent','Your Leave Request -(LA-100188-CL) has been applied from 2019-01-01 (2019-01-02) is waiting for approval -(nullnull)','Leave Apply'),(381,'2','2019-09-18 16:27:31','2019-09-28 16:27:31','N',NULL,'N','LeaveAppliedEvent','Your Leave Request -(LA-100188-CL) has been applied from 2019-01-01 (2019-01-02) is waiting for approval -(nullnull)','Leave Apply'),(382,'3','2019-09-18 16:34:03','2019-09-28 16:34:03','N',NULL,'N','LeaveAppliedEvent','Your Leave Request -(LA-100189-CL) has been applied from 2019-01-01 (2019-01-02) is waiting for approval -(nullnull)','Leave Apply'),(383,'2','2019-09-18 16:34:03','2019-09-28 16:34:03','N',NULL,'N','LeaveAppliedEvent','Your Leave Request -(LA-100189-CL) has been applied from 2019-01-01 (2019-01-02) is waiting for approval -(nullnull)','Leave Apply'),(384,'3','2019-09-18 17:46:08','2019-09-28 17:46:08','N',NULL,'N','TarAcc2RejectedEvent','Your Travel Advance Request (TAR-428) for Rs. 68.0 is rejected by your ${acc2EmpCode} - ${acc2EmpFullName}.','Tar Acc2 Reject'),(385,'2','2019-09-18 17:46:09','2019-09-28 17:46:09','N',NULL,'N','TarAcc2RejectedEvent','Travel Advance Request (TAR-428) for Rs. 68.0 for your employee  CH86 - arun marx  is rejected by ${acc2EmpCode} - ${acc2EmpFullName}.','Tar Acc2 Reject'),(386,'3','2019-09-18 17:46:55','2019-09-28 17:46:55','N',NULL,'N','TarAcc2RejectedEvent','Your Travel Advance Request (TAR-426) for Rs. 68.0 is rejected by your ${acc2EmpCode} - ${acc2EmpFullName}.','Tar Acc2 Reject'),(387,'2','2019-09-18 17:46:55','2019-09-28 17:46:55','N',NULL,'N','TarAcc2RejectedEvent','Travel Advance Request (TAR-426) for Rs. 68.0 for your employee  CH86 - arun marx  is rejected by ${acc2EmpCode} - ${acc2EmpFullName}.','Tar Acc2 Reject'),(388,'401','2019-09-18 18:34:14','2019-09-28 18:34:14','N',NULL,'N','TarAppliedEvent','Your Travel Approval Request (TA-439) for Rs. 1111.0 is awaiting 1st level approval from CH186 - test employee.','Tar Applied'),(389,'398','2019-09-18 18:34:15','2019-09-28 18:34:15','N',NULL,'N','TarAppliedEvent','Travel Approval Request (TA-439) for Rs. 1111.0 is awaiting your approval.','Tar Applied'),(390,'401','2019-09-18 18:34:35','2019-09-28 18:34:35','N',NULL,'N','TarAppliedEvent','Your Travel Approval Request (TA-440) for Rs. 2222.0 is awaiting 1st level approval from CH186 - test employee.','Tar Applied'),(391,'398','2019-09-18 18:34:35','2019-09-28 18:34:35','N',NULL,'N','TarAppliedEvent','Travel Approval Request (TA-440) for Rs. 2222.0 is awaiting your approval.','Tar Applied'),(392,'401','2019-09-18 18:35:18','2019-09-28 18:35:18','N',NULL,'N','TarN1ApprovedEvent','Your Travel Advance Request (TA-439) for Rs. 1111.0 is approved by your CH186 - test employee.','Tar N1 Approve'),(393,'401','2019-09-18 18:35:39','2019-09-28 18:35:39','N',NULL,'N','TarN1ApprovedEvent','Your Travel Advance Request (TA-440) for Rs. 2222.0 is approved by your CH186 - test employee.','Tar N1 Approve'),(394,'401','2019-09-18 18:36:18','2019-09-28 18:36:18','N',NULL,'N','TarAcc2RejectedEvent','Your Travel Advance Request (TA-440) for Rs. 2222.0 is rejected by your ${acc2EmpCode} - ${acc2EmpFullName}.','Tar Acc2 Reject'),(395,'398','2019-09-18 18:36:18','2019-09-28 18:36:18','N',NULL,'N','TarAcc2RejectedEvent','Travel Advance Request (TA-440) for Rs. 2222.0 for your employee  CH188 - test employee  is rejected by ${acc2EmpCode} - ${acc2EmpFullName}.','Tar Acc2 Reject'),(396,'401','2019-09-18 18:36:31','2019-09-28 18:36:31','N',NULL,'N','TarN1ApprovedEvent','Your Travel Advance Request (TA-439) for Rs. 1111.0 is approved by your CH186 - test employee.','Tar N1 Approve'),(397,'340','2019-09-18 23:01:50','2019-09-28 23:01:50','N',NULL,'N','LeaveAppliedEvent','Your Leave Request -(${bk.leaveRequestCode}) has been applied from 2019-09-18 (2019-09-18) is waiting for approval -(nullnull)','Leave Apply'),(398,'2','2019-09-18 23:27:56','2019-09-28 23:27:56','N',NULL,'N','LeaveAppliedEvent','Your Leave Request -(${bk.leaveRequestCode}) has been applied from 2019-09-18 (2019-09-18) is waiting for approval -(nullnull)','Leave Apply'),(399,'3','2019-09-19 10:41:01','2019-09-29 10:41:01','N',NULL,'N','TarAppliedEvent','Your Travel Approval Request (TA-441) for Rs. 68.0 is awaiting 1st level approval from CH85 - arun marx.','Tar Applied'),(400,'2','2019-09-19 10:41:01','2019-09-29 10:41:01','N',NULL,'N','TarAppliedEvent','Travel Approval Request (TA-441) for Rs. 68.0 is awaiting your approval.','Tar Applied'),(401,'3','2019-09-19 10:42:10','2019-09-29 10:42:10','N',NULL,'N','TarN1ApprovedEvent','Your Travel Advance Request (TA-441) for Rs. 68.0 is approved by your CH85 - arun marx.','Tar N1 Approve'),(402,'3','2019-09-19 10:55:43','2019-09-29 10:55:43','N',NULL,'N','TarAppliedEvent','Your Travel Approval Request (TA-442) for Rs. 68.0 is awaiting 1st level approval from CH85 - arun marx.','Tar Applied'),(403,'2','2019-09-19 10:55:44','2019-09-29 10:55:44','N',NULL,'N','TarAppliedEvent','Travel Approval Request (TA-442) for Rs. 68.0 is awaiting your approval.','Tar Applied'),(404,'3','2019-09-19 10:55:51','2019-09-29 10:55:51','N',NULL,'N','TarN1ApprovedEvent','Your Travel Advance Request (TA-442) for Rs. 68.0 is approved by your CH85 - arun marx.','Tar N1 Approve'),(405,'3','2019-09-19 10:56:08','2019-09-29 10:56:08','N',NULL,'N','TarAcc2RejectedEvent','Your Travel Advance Request (TA-442) for Rs. 68.0 is rejected by your ${acc2EmpCode} - ${acc2EmpFullName}.','Tar Acc2 Reject'),(406,'2','2019-09-19 10:56:09','2019-09-29 10:56:09','N',NULL,'N','TarAcc2RejectedEvent','Travel Advance Request (TA-442) for Rs. 68.0 for your employee  CH86 - arun marx  is rejected by ${acc2EmpCode} - ${acc2EmpFullName}.','Tar Acc2 Reject'),(407,'3','2019-09-19 11:05:51','2019-09-29 11:05:51','N',NULL,'N','TarAppliedEvent','Your Travel Approval Request (TA-443) for Rs. 68.0 is awaiting 1st level approval from CH85 - arun marx.','Tar Applied'),(408,'2','2019-09-19 11:05:51','2019-09-29 11:05:51','N',NULL,'N','TarAppliedEvent','Travel Approval Request (TA-443) for Rs. 68.0 is awaiting your approval.','Tar Applied'),(409,'3','2019-09-19 11:06:06','2019-09-29 11:06:06','N',NULL,'N','TarN1ApprovedEvent','Your Travel Advance Request (TA-443) for Rs. 68.0 is approved by your CH85 - arun marx.','Tar N1 Approve'),(410,'3','2019-09-19 11:06:19','2019-09-29 11:06:19','N',NULL,'N','TarAcc2RejectedEvent','Your Travel Advance Request (TA-443) for Rs. 68.0 is rejected by your ${acc2EmpCode} - ${acc2EmpFullName}.','Tar Acc2 Reject'),(411,'2','2019-09-19 11:06:19','2019-09-29 11:06:19','N',NULL,'N','TarAcc2RejectedEvent','Travel Advance Request (TA-443) for Rs. 68.0 for your employee  CH86 - arun marx  is rejected by ${acc2EmpCode} - ${acc2EmpFullName}.','Tar Acc2 Reject'),(412,'3','2019-09-19 11:34:30','2019-09-29 11:34:30','N',NULL,'N','TarAppliedEvent','Your Travel Approval Request (TA-445) for Rs. 68.0 is awaiting 1st level approval from CH85 - arun marx.','Tar Applied'),(413,'2','2019-09-19 11:34:30','2019-09-29 11:34:30','N',NULL,'N','TarAppliedEvent','Travel Approval Request (TA-445) for Rs. 68.0 is awaiting your approval.','Tar Applied'),(414,'3','2019-09-19 11:35:13','2019-09-29 11:35:13','N',NULL,'N','TarN1ApprovedEvent','Your Travel Advance Request (TA-445) for Rs. 68.0 is approved by your CH85 - arun marx.','Tar N1 Approve'),(415,'3','2019-09-19 11:35:22','2019-09-29 11:35:22','N',NULL,'N','TarAcc2RejectedEvent','Your Travel Advance Request (TA-445) for Rs. 68.0 is rejected by your ${acc2EmpCode} - ${acc2EmpFullName}.','Tar Acc2 Reject'),(416,'2','2019-09-19 11:35:22','2019-09-29 11:35:22','N',NULL,'N','TarAcc2RejectedEvent','Travel Advance Request (TA-445) for Rs. 68.0 for your employee  CH86 - arun marx  is rejected by ${acc2EmpCode} - ${acc2EmpFullName}.','Tar Acc2 Reject'),(417,'3','2019-09-19 11:45:45','2019-09-29 11:45:45','N',NULL,'N','TarAppliedEvent','Your Travel Approval Request (TA-446) for Rs. 68.0 is awaiting 1st level approval from CH85 - arun marx.','Tar Applied'),(418,'2','2019-09-19 11:45:45','2019-09-29 11:45:45','N',NULL,'N','TarAppliedEvent','Travel Approval Request (TA-446) for Rs. 68.0 is awaiting your approval.','Tar Applied'),(419,'3','2019-09-19 11:52:47','2019-09-29 11:52:47','N',NULL,'N','TarN1ApprovedEvent','Your Travel Advance Request (TA-446) for Rs. 68.0 is approved by your CH85 - arun marx.','Tar N1 Approve'),(420,'3','2019-09-19 11:56:27','2019-09-29 11:56:27','N',NULL,'N','TarAppliedEvent','Your Travel Approval Request (TA-447) for Rs. 68.0 is awaiting 1st level approval from CH85 - arun marx.','Tar Applied'),(421,'2','2019-09-19 11:56:28','2019-09-29 11:56:28','N',NULL,'N','TarAppliedEvent','Travel Approval Request (TA-447) for Rs. 68.0 is awaiting your approval.','Tar Applied'),(422,'3','2019-09-19 11:56:41','2019-09-29 11:56:41','N',NULL,'N','TarN1ApprovedEvent','Your Travel Advance Request (TA-447) for Rs. 68.0 is approved by your CH85 - arun marx.','Tar N1 Approve'),(423,'2','2019-09-19 11:56:41','2019-09-29 11:56:41','N',NULL,'N','TarN1ApprovedEvent','Travel Approval Request (TA-447) for Rs. 68.0 is awaiting your approval.','Tar N1 Approve'),(424,'401','2019-09-19 12:09:44','2019-09-29 12:09:44','N',NULL,'N','TarN1ApprovedEvent','Your Travel Advance Request (TA-444) for Rs. 200.0 is approved by your CH186 - test employee.','Tar N1 Approve'),(425,'398','2019-09-19 12:09:46','2019-09-29 12:09:46','N',NULL,'N','TarN1ApprovedEvent','Travel Approval Request (TA-444) for Rs. 200.0 is awaiting your approval.','Tar N1 Approve'),(426,'401','2019-09-19 12:20:01','2019-09-29 12:20:01','N',NULL,'N','TarN1ApprovedEvent','Your Travel Advance Request (TA-444) for Rs. 200.0 is approved by your CH186 - test employee.','Tar N1 Approve'),(427,'398','2019-09-19 12:20:03','2019-09-29 12:20:03','N',NULL,'N','TarN1ApprovedEvent','Travel Approval Request (TA-444) for Rs. 200.0 is awaiting your approval.','Tar N1 Approve'),(428,'5','2019-09-19 13:34:50','2019-09-29 13:34:50','N',NULL,'N','TarAcc2RejectedEvent','Your Travel Advance Request (TA-447) for Rs. 68.0 is rejected by your ${acc2EmpCode} - ${acc2EmpFullName}.','Tar Acc2 Reject'),(429,'404','2019-09-19 13:34:50','2019-09-29 13:34:50','N',NULL,'N','TarAcc2RejectedEvent','Your Travel Advance Request (TA-447) for Rs. 68.0 is rejected by your ${acc2EmpCode} - ${acc2EmpFullName}.','Tar Acc2 Reject'),(430,'404','2019-09-19 13:34:50','2019-09-29 13:34:50','N',NULL,'N','TarAcc2RejectedEvent','Your Travel Advance Request (TA-447) for Rs. 68.0 is rejected by your ${acc2EmpCode} - ${acc2EmpFullName}.','Tar Acc2 Reject'),(431,'5','2019-09-19 13:34:51','2019-09-29 13:34:51','N',NULL,'N','TarAcc2RejectedEvent','Travel Advance Request (TA-447) for Rs. 68.0 for your employee  CH86 - arun marx  is rejected by ${acc2EmpCode} - ${acc2EmpFullName}.','Tar Acc2 Reject'),(432,'404','2019-09-19 13:34:52','2019-09-29 13:34:52','N',NULL,'N','TarAcc2RejectedEvent','Travel Advance Request (TA-447) for Rs. 68.0 for your employee  CH86 - arun marx  is rejected by ${acc2EmpCode} - ${acc2EmpFullName}.','Tar Acc2 Reject'),(433,'404','2019-09-19 13:34:52','2019-09-29 13:34:52','N',NULL,'N','TarAcc2RejectedEvent','Travel Advance Request (TA-447) for Rs. 68.0 for your employee  CH86 - arun marx  is rejected by ${acc2EmpCode} - ${acc2EmpFullName}.','Tar Acc2 Reject'),(434,'5','2019-09-19 13:36:19','2019-09-29 13:36:19','N',NULL,'N','TarAcc2RejectedEvent','Your Travel Advance Request (TA-447) for Rs. 68.0 is rejected by your ${acc2EmpCode} - ${acc2EmpFullName}.','Tar Acc2 Reject'),(435,'404','2019-09-19 13:36:19','2019-09-29 13:36:19','N',NULL,'N','TarAcc2RejectedEvent','Your Travel Advance Request (TA-447) for Rs. 68.0 is rejected by your ${acc2EmpCode} - ${acc2EmpFullName}.','Tar Acc2 Reject'),(436,'404','2019-09-19 13:36:20','2019-09-29 13:36:20','N',NULL,'N','TarAcc2RejectedEvent','Your Travel Advance Request (TA-447) for Rs. 68.0 is rejected by your ${acc2EmpCode} - ${acc2EmpFullName}.','Tar Acc2 Reject'),(437,'5','2019-09-19 13:36:21','2019-09-29 13:36:21','N',NULL,'N','TarAcc2RejectedEvent','Travel Advance Request (TA-447) for Rs. 68.0 for your employee  CH86 - arun marx  is rejected by ${acc2EmpCode} - ${acc2EmpFullName}.','Tar Acc2 Reject'),(438,'404','2019-09-19 13:36:21','2019-09-29 13:36:21','N',NULL,'N','TarAcc2RejectedEvent','Travel Advance Request (TA-447) for Rs. 68.0 for your employee  CH86 - arun marx  is rejected by ${acc2EmpCode} - ${acc2EmpFullName}.','Tar Acc2 Reject'),(439,'404','2019-09-19 13:36:22','2019-09-29 13:36:22','N',NULL,'N','TarAcc2RejectedEvent','Travel Advance Request (TA-447) for Rs. 68.0 for your employee  CH86 - arun marx  is rejected by ${acc2EmpCode} - ${acc2EmpFullName}.','Tar Acc2 Reject'),(440,'401','2019-09-19 13:36:23','2019-09-29 13:36:23','N',NULL,'N','TarAppliedEvent','Your Travel Approval Request (TA-449) for Rs. 1200.0 is awaiting 1st level approval from CH186 - test employee.','Tar Applied'),(441,'398','2019-09-19 13:36:23','2019-09-29 13:36:23','N',NULL,'N','TarAppliedEvent','Travel Approval Request (TA-449) for Rs. 1200.0 is awaiting your approval.','Tar Applied'),(442,'401','2019-09-19 13:42:42','2019-09-29 13:42:42','N',NULL,'N','TarN1ApprovedEvent','Your Travel Advance Request (TA-449) for Rs. 1200.0 is approved by your CH186 - test employee.','Tar N1 Approve'),(443,'398','2019-09-19 13:42:42','2019-09-29 13:42:42','N',NULL,'N','TarN1ApprovedEvent','Travel Approval Request (TA-449) for Rs. 1200.0 is awaiting your approval.','Tar N1 Approve'),(444,'5','2019-09-19 13:58:16','2019-09-29 13:58:16','N',NULL,'N','TarAcc2RejectedEvent','Your Travel Advance Request (TA-447) for Rs. 68.0 is rejected by your ${acc2EmpCode} - ${acc2EmpFullName}.','Tar Acc2 Reject'),(445,'404','2019-09-19 13:58:16','2019-09-29 13:58:16','N',NULL,'N','TarAcc2RejectedEvent','Your Travel Advance Request (TA-447) for Rs. 68.0 is rejected by your ${acc2EmpCode} - ${acc2EmpFullName}.','Tar Acc2 Reject'),(446,'404','2019-09-19 13:58:17','2019-09-29 13:58:17','N',NULL,'N','TarAcc2RejectedEvent','Your Travel Advance Request (TA-447) for Rs. 68.0 is rejected by your ${acc2EmpCode} - ${acc2EmpFullName}.','Tar Acc2 Reject'),(447,'5','2019-09-19 13:58:18','2019-09-29 13:58:18','N',NULL,'N','TarAcc2RejectedEvent','Travel Advance Request (TA-447) for Rs. 68.0 for your employee  CH86 - arun marx  is rejected by ${acc2EmpCode} - ${acc2EmpFullName}.','Tar Acc2 Reject'),(448,'404','2019-09-19 13:58:19','2019-09-29 13:58:19','N',NULL,'N','TarAcc2RejectedEvent','Travel Advance Request (TA-447) for Rs. 68.0 for your employee  CH86 - arun marx  is rejected by ${acc2EmpCode} - ${acc2EmpFullName}.','Tar Acc2 Reject'),(449,'404','2019-09-19 13:58:19','2019-09-29 13:58:19','N',NULL,'N','TarAcc2RejectedEvent','Travel Advance Request (TA-447) for Rs. 68.0 for your employee  CH86 - arun marx  is rejected by ${acc2EmpCode} - ${acc2EmpFullName}.','Tar Acc2 Reject'),(450,'5','2019-09-19 14:01:29','2019-09-29 14:01:29','N',NULL,'N','TarAcc2RejectedEvent','Your Travel Advance Request (TA-447) for Rs. 68.0 is rejected by your ${acc2EmpCode} - ${acc2EmpFullName}.','Tar Acc2 Reject'),(451,'404','2019-09-19 14:01:30','2019-09-29 14:01:30','N',NULL,'N','TarAcc2RejectedEvent','Your Travel Advance Request (TA-447) for Rs. 68.0 is rejected by your ${acc2EmpCode} - ${acc2EmpFullName}.','Tar Acc2 Reject'),(452,'404','2019-09-19 14:01:30','2019-09-29 14:01:30','N',NULL,'N','TarAcc2RejectedEvent','Your Travel Advance Request (TA-447) for Rs. 68.0 is rejected by your ${acc2EmpCode} - ${acc2EmpFullName}.','Tar Acc2 Reject'),(453,'5','2019-09-19 14:01:32','2019-09-29 14:01:32','N',NULL,'N','TarAcc2RejectedEvent','Travel Advance Request (TA-447) for Rs. 68.0 for your employee  CH86 - arun marx  is rejected by ${acc2EmpCode} - ${acc2EmpFullName}.','Tar Acc2 Reject'),(454,'404','2019-09-19 14:01:32','2019-09-29 14:01:32','N',NULL,'N','TarAcc2RejectedEvent','Travel Advance Request (TA-447) for Rs. 68.0 for your employee  CH86 - arun marx  is rejected by ${acc2EmpCode} - ${acc2EmpFullName}.','Tar Acc2 Reject'),(455,'404','2019-09-19 14:01:33','2019-09-29 14:01:33','N',NULL,'N','TarAcc2RejectedEvent','Travel Advance Request (TA-447) for Rs. 68.0 for your employee  CH86 - arun marx  is rejected by ${acc2EmpCode} - ${acc2EmpFullName}.','Tar Acc2 Reject'),(456,'401','2019-09-19 14:03:08','2019-09-29 14:03:08','N',NULL,'N','TarAppliedEvent','Your Travel Approval Request (TA-450) for Rs. 2222.0 is awaiting 1st level approval from CH186 - test employee.','Tar Applied'),(457,'398','2019-09-19 14:03:09','2019-09-29 14:03:09','N',NULL,'N','TarAppliedEvent','Travel Approval Request (TA-450) for Rs. 2222.0 is awaiting your approval.','Tar Applied'),(458,'5','2019-09-19 14:04:25','2019-09-29 14:04:25','N',NULL,'N','TarAcc2RejectedEvent','Your Travel Advance Request (TA-447) for Rs. 68.0 is rejected by your ${acc2EmpCode} - ${acc2EmpFullName}.','Tar Acc2 Reject'),(459,'404','2019-09-19 14:04:26','2019-09-29 14:04:26','N',NULL,'N','TarAcc2RejectedEvent','Your Travel Advance Request (TA-447) for Rs. 68.0 is rejected by your ${acc2EmpCode} - ${acc2EmpFullName}.','Tar Acc2 Reject'),(460,'404','2019-09-19 14:04:27','2019-09-29 14:04:27','N',NULL,'N','TarAcc2RejectedEvent','Your Travel Advance Request (TA-447) for Rs. 68.0 is rejected by your ${acc2EmpCode} - ${acc2EmpFullName}.','Tar Acc2 Reject'),(461,'5','2019-09-19 14:04:28','2019-09-29 14:04:28','N',NULL,'N','TarAcc2RejectedEvent','Travel Advance Request (TA-447) for Rs. 68.0 for your employee  CH86 - arun marx  is rejected by ${acc2EmpCode} - ${acc2EmpFullName}.','Tar Acc2 Reject'),(462,'404','2019-09-19 14:04:29','2019-09-29 14:04:29','N',NULL,'N','TarAcc2RejectedEvent','Travel Advance Request (TA-447) for Rs. 68.0 for your employee  CH86 - arun marx  is rejected by ${acc2EmpCode} - ${acc2EmpFullName}.','Tar Acc2 Reject'),(463,'404','2019-09-19 14:04:30','2019-09-29 14:04:30','N',NULL,'N','TarAcc2RejectedEvent','Travel Advance Request (TA-447) for Rs. 68.0 for your employee  CH86 - arun marx  is rejected by ${acc2EmpCode} - ${acc2EmpFullName}.','Tar Acc2 Reject'),(464,'5','2019-09-19 14:07:22','2019-09-29 14:07:22','N',NULL,'N','TarAcc2RejectedEvent','Your Travel Advance Request (TA-447) for Rs. 68.0 is rejected by your ${acc2EmpCode} - ${acc2EmpFullName}.','Tar Acc2 Reject'),(465,'404','2019-09-19 14:07:23','2019-09-29 14:07:23','N',NULL,'N','TarAcc2RejectedEvent','Your Travel Advance Request (TA-447) for Rs. 68.0 is rejected by your ${acc2EmpCode} - ${acc2EmpFullName}.','Tar Acc2 Reject'),(466,'404','2019-09-19 14:07:23','2019-09-29 14:07:23','N',NULL,'N','TarAcc2RejectedEvent','Your Travel Advance Request (TA-447) for Rs. 68.0 is rejected by your ${acc2EmpCode} - ${acc2EmpFullName}.','Tar Acc2 Reject'),(467,'5','2019-09-19 14:07:24','2019-09-29 14:07:24','N',NULL,'N','TarAcc2RejectedEvent','Travel Advance Request (TA-447) for Rs. 68.0 for your employee  CH86 - arun marx  is rejected by ${acc2EmpCode} - ${acc2EmpFullName}.','Tar Acc2 Reject'),(468,'404','2019-09-19 14:07:25','2019-09-29 14:07:25','N',NULL,'N','TarAcc2RejectedEvent','Travel Advance Request (TA-447) for Rs. 68.0 for your employee  CH86 - arun marx  is rejected by ${acc2EmpCode} - ${acc2EmpFullName}.','Tar Acc2 Reject'),(469,'404','2019-09-19 14:07:25','2019-09-29 14:07:25','N',NULL,'N','TarAcc2RejectedEvent','Travel Advance Request (TA-447) for Rs. 68.0 for your employee  CH86 - arun marx  is rejected by ${acc2EmpCode} - ${acc2EmpFullName}.','Tar Acc2 Reject'),(470,'5','2019-09-19 14:11:38','2019-09-29 14:11:38','N',NULL,'N','TarAcc2RejectedEvent','Your Travel Advance Request (TA-447) for Rs. 68.0 is rejected by your ${acc2EmpCode} - ${acc2EmpFullName}.','Tar Acc2 Reject'),(471,'404','2019-09-19 14:11:39','2019-09-29 14:11:39','N',NULL,'N','TarAcc2RejectedEvent','Your Travel Advance Request (TA-447) for Rs. 68.0 is rejected by your ${acc2EmpCode} - ${acc2EmpFullName}.','Tar Acc2 Reject'),(472,'404','2019-09-19 14:11:39','2019-09-29 14:11:39','N',NULL,'N','TarAcc2RejectedEvent','Your Travel Advance Request (TA-447) for Rs. 68.0 is rejected by your ${acc2EmpCode} - ${acc2EmpFullName}.','Tar Acc2 Reject'),(473,'5','2019-09-19 14:11:41','2019-09-29 14:11:41','N',NULL,'N','TarAcc2RejectedEvent','Travel Advance Request (TA-447) for Rs. 68.0 for your employee  CH86 - arun marx  is rejected by ${acc2EmpCode} - ${acc2EmpFullName}.','Tar Acc2 Reject'),(474,'404','2019-09-19 14:11:41','2019-09-29 14:11:41','N',NULL,'N','TarAcc2RejectedEvent','Travel Advance Request (TA-447) for Rs. 68.0 for your employee  CH86 - arun marx  is rejected by ${acc2EmpCode} - ${acc2EmpFullName}.','Tar Acc2 Reject'),(475,'404','2019-09-19 14:11:42','2019-09-29 14:11:42','N',NULL,'N','TarAcc2RejectedEvent','Travel Advance Request (TA-447) for Rs. 68.0 for your employee  CH86 - arun marx  is rejected by ${acc2EmpCode} - ${acc2EmpFullName}.','Tar Acc2 Reject'),(476,'401','2019-09-19 16:19:54','2019-09-29 16:19:54','N',NULL,'N','TarAppliedEvent','Your Travel Approval Request (${bk.tarCode}) for Rs. ${reqAdvAmount} is awaiting 1st level approval from CH186 - ${n1EmpFullName}.','Tar Applied'),(477,'398','2019-09-19 16:19:56','2019-09-29 16:19:56','N',NULL,'N','TarAppliedEvent','Travel Approval Request (TA-452) for Rs. 2222.0 is awaiting your approval.','Tar Applied'),(478,'3','2019-09-19 16:20:50','2019-09-29 16:20:50','N',NULL,'N','TarAppliedEvent','Your Travel Approval Request (${bk.tarCode}) for Rs. ${reqAdvAmount} is awaiting 1st level approval from CH85 - ${n1EmpFullName}.','Tar Applied'),(479,'2','2019-09-19 16:20:51','2019-09-29 16:20:51','N',NULL,'N','TarAppliedEvent','Travel Approval Request (TA-453) for Rs. 68.0 is awaiting your approval.','Tar Applied'),(480,'3','2019-09-19 16:25:39','2019-09-29 16:25:39','N',NULL,'N','ExpenseAppliedEvent','Your leave Application Request (${bk.leaveRequestCode}) from ${fromDt} to ${toDt} is applied by (${bk.employeeCode}) -(Dinesh23#)','Expense Apply'),(481,'401','2019-09-19 16:32:14','2019-09-29 16:32:14','N',NULL,'N','TarAppliedEvent','Your Travel Approval Request (${bk.tarCode}) for Rs. ${reqAdvAmount} is awaiting 1st level approval from CH186 - ${n1EmpFullName}.','Tar Applied'),(482,'398','2019-09-19 16:32:15','2019-09-29 16:32:15','N',NULL,'N','TarAppliedEvent','Travel Approval Request (TA-454) for Rs. 11111.0 is awaiting your approval.','Tar Applied'),(483,'3','2019-09-19 16:32:19','2019-09-29 16:32:19','N',NULL,'N','ExpenseAppliedEvent','Your leave Application Request (${bk.leaveRequestCode}) from ${fromDt} to ${toDt} is applied by (${bk.employeeCode}) -(Dinesh23#)','Expense Apply'),(484,'3','2019-09-19 16:34:18','2019-09-29 16:34:18','N',NULL,'N','ExpenseAppliedEvent','Your leave Application Request (${bk.leaveRequestCode}) from ${fromDt} to ${toDt} is applied by (${bk.employeeCode}) -(Dinesh23#)','Expense Apply'),(485,'401','2019-09-19 16:47:41','2019-09-29 16:47:41','N',NULL,'N','TarAppliedEvent','Your Travel Approval Request (${bk.tarCode}) for Rs. ${reqAdvAmount} is awaiting 1st level approval from CH186 - ${n1EmpFullName}.','Tar Applied'),(486,'398','2019-09-19 16:47:42','2019-09-29 16:47:42','N',NULL,'N','TarAppliedEvent','Travel Approval Request (TA-455) for Rs. 1232.0 is awaiting your approval.','Tar Applied'),(487,'401','2019-09-19 16:49:26','2019-09-29 16:49:26','N',NULL,'N','TarAppliedEvent','Your Travel Approval Request (${bk.tarCode}) for Rs. ${reqAdvAmount} is awaiting 1st level approval from CH186 - ${n1EmpFullName}.','Tar Applied'),(488,'398','2019-09-19 16:49:27','2019-09-29 16:49:27','N',NULL,'N','TarAppliedEvent','Travel Approval Request (TA-457) for Rs. 1221.0 is awaiting your approval.','Tar Applied'),(489,'401','2019-09-19 16:51:21','2019-09-29 16:51:21','N',NULL,'N','TarAppliedEvent','Your Travel Approval Request (${bk.tarCode}) for Rs. ${reqAdvAmount} is awaiting 1st level approval from CH186 - ${n1EmpFullName}.','Tar Applied'),(490,'398','2019-09-19 16:51:21','2019-09-29 16:51:21','N',NULL,'N','TarAppliedEvent','Travel Approval Request (TA-459) for Rs. 4444.0 is awaiting your approval.','Tar Applied'),(491,'3','2019-09-19 17:05:31','2019-09-29 17:05:31','N',NULL,'N','TarAppliedEvent','Your Travel Approval Request (TA-462) for Rs. 68.0 is awaiting 1st level approval from CH85 - Dinesh 23#.','Tar Applied'),(492,'2','2019-09-19 17:05:32','2019-09-29 17:05:32','N',NULL,'N','TarAppliedEvent','Travel Approval Request (TA-462) for Rs. 68.0 is awaiting your approval.','Tar Applied'),(493,'3','2019-09-19 17:06:08','2019-09-29 17:06:08','N',NULL,'N','TarAppliedEvent','Your Travel Approval Request (TA-463) for Rs. 68.0 is awaiting 1st level approval from CH85 - Dinesh 23#.','Tar Applied'),(494,'2','2019-09-19 17:06:09','2019-09-29 17:06:09','N',NULL,'N','TarAppliedEvent','Travel Approval Request (TA-463) for Rs. 68.0 is awaiting your approval.','Tar Applied'),(495,'401','2019-09-19 17:06:20','2019-09-29 17:06:20','N',NULL,'N','TarAppliedEvent','Your Travel Approval Request (${bk.tarCode}) for Rs. ${reqAdvAmount} is awaiting 1st level approval from CH186 - ${n1EmpFullName}.','Tar Applied'),(496,'398','2019-09-19 17:06:21','2019-09-29 17:06:21','N',NULL,'N','TarAppliedEvent','Travel Approval Request (TA-465) for Rs. 1000.5 is awaiting your approval.','Tar Applied'),(497,'401','2019-09-19 17:08:07','2019-09-29 17:08:07','N',NULL,'N','TarN1ApprovedEvent','Your Travel Advance Request (${bk.tarCode}) for Rs. ${reqAdvAmount} is approved by your CH186 - ${n1EmpFullName}.','Tar N1 Approve'),(498,'398','2019-09-19 17:08:08','2019-09-29 17:08:08','N',NULL,'N','TarN1ApprovedEvent','Travel Approval Request (TA-465) for Rs. 1000.5 is awaiting your approval.','Tar N1 Approve'),(499,'2','2019-09-19 17:12:37','2019-09-29 17:12:37','N',NULL,'N','ExpenseAppliedEvent','Your leave Application Request (${bk.leaveRequestCode}) from ${fromDt} to ${toDt} is applied by (${bk.employeeCode}) -(Dinesh23#)','Expense Apply'),(500,'400','2019-09-19 17:12:38','2019-09-29 17:12:38','N',NULL,'N','ExpenseAppliedEvent','Your leave Application Request (${bk.leaveRequestCode}) from ${fromDt} to ${toDt} is applied by (${bk.employeeCode}) -(Dinesh23#)','Expense Apply'),(501,'400','2019-09-19 17:12:39','2019-09-29 17:12:39','N',NULL,'N','ExpenseAppliedEvent','Your leave Application Request (${bk.leaveRequestCode}) from ${fromDt} to ${toDt} is applied by (${bk.employeeCode}) -(Dinesh23#)','Expense Apply'),(502,'401','2019-09-19 17:17:37','2019-09-29 17:17:37','N',NULL,'N','TarAppliedEvent','Your Travel Approval Request (TA-467) for Rs. 1200.0 is awaiting 1st level approval from CH186 - test n1.','Tar Applied'),(503,'398','2019-09-19 17:17:38','2019-09-29 17:17:38','N',NULL,'N','TarAppliedEvent','Travel Approval Request (TA-467) for Rs. 1200.0 is awaiting your approval.','Tar Applied'),(504,'401','2019-09-19 17:19:13','2019-09-29 17:19:13','N',NULL,'N','TarN1ApprovedEvent','Your Travel Advance Request (TA-467) for Rs. 1200.0 is approved by your CH186 - test n1.','Tar N1 Approve'),(505,'398','2019-09-19 17:19:14','2019-09-29 17:19:14','N',NULL,'N','TarN1ApprovedEvent','Travel Approval Request (TA-467) for Rs. 1200.0 is awaiting your approval.','Tar N1 Approve'),(506,'401','2019-09-19 17:30:00','2019-09-29 17:30:00','N',NULL,'N','TarAppliedEvent','Your Travel Approval Request (TA-469) for Rs. 2122.0 is awaiting 1st level approval from CH186 - test n1.','Tar Applied'),(507,'398','2019-09-19 17:30:00','2019-09-29 17:30:00','N',NULL,'N','TarAppliedEvent','Travel Approval Request (TA-469) for Rs. 2122.0 is awaiting your approval.','Tar Applied'),(508,'401','2019-09-19 17:31:34','2019-09-29 17:31:34','N',NULL,'N','TarAppliedEvent','Your Travel Approval Request (TA-471) for Rs. 1221.0 is awaiting 1st level approval from CH186 - test n1.','Tar Applied'),(509,'398','2019-09-19 17:31:35','2019-09-29 17:31:35','N',NULL,'N','TarAppliedEvent','Travel Approval Request (TA-471) for Rs. 1221.0 is awaiting your approval.','Tar Applied'),(510,'401','2019-09-19 17:33:12','2019-09-29 17:33:12','N',NULL,'N','TarN1ApprovedEvent','Your Travel Advance Request (TA-471) for Rs. 1221.0 is approved by your CH186 - test n1.','Tar N1 Approve'),(511,'398','2019-09-19 17:33:13','2019-09-29 17:33:13','N',NULL,'N','TarN1ApprovedEvent','Travel Approval Request (TA-471) for Rs. 1221.0 is awaiting your approval.','Tar N1 Approve'),(512,'401','2019-09-19 17:36:28','2019-09-29 17:36:28','N',NULL,'N','TarN1ApprovedEvent','Your Travel Advance Request (TA-471) for Rs. 1221.0 is approved by your CH186 - test n1.','Tar N1 Approve'),(513,'398','2019-09-19 17:36:28','2019-09-29 17:36:28','N',NULL,'N','TarN1ApprovedEvent','Travel Approval Request (TA-471) for Rs. 1221.0 is awaiting your approval.','Tar N1 Approve'),(514,'5','2019-09-19 17:39:08','2019-09-29 17:39:08','N',NULL,'N','TarAcc2RejectedEvent','Your Travel Advance Request (TA-471) for Rs. 1221.0 is rejected by your ${acc2EmpCode} - ${acc2EmpFullName}.','Tar Acc2 Reject'),(515,'404','2019-09-19 17:39:09','2019-09-29 17:39:09','N',NULL,'N','TarAcc2RejectedEvent','Your Travel Advance Request (TA-471) for Rs. 1221.0 is rejected by your ${acc2EmpCode} - ${acc2EmpFullName}.','Tar Acc2 Reject'),(516,'404','2019-09-19 17:39:09','2019-09-29 17:39:09','N',NULL,'N','TarAcc2RejectedEvent','Your Travel Advance Request (TA-471) for Rs. 1221.0 is rejected by your ${acc2EmpCode} - ${acc2EmpFullName}.','Tar Acc2 Reject'),(517,'5','2019-09-19 17:39:10','2019-09-29 17:39:10','N',NULL,'N','TarAcc2RejectedEvent','Travel Advance Request (TA-471) for Rs. 1221.0 for your employee  CH188 - test employee  is rejected by ${acc2EmpCode} - ${acc2EmpFullName}.','Tar Acc2 Reject'),(518,'404','2019-09-19 17:39:10','2019-09-29 17:39:10','N',NULL,'N','TarAcc2RejectedEvent','Travel Advance Request (TA-471) for Rs. 1221.0 for your employee  CH188 - test employee  is rejected by ${acc2EmpCode} - ${acc2EmpFullName}.','Tar Acc2 Reject'),(519,'404','2019-09-19 17:39:11','2019-09-29 17:39:11','N',NULL,'N','TarAcc2RejectedEvent','Travel Advance Request (TA-471) for Rs. 1221.0 for your employee  CH188 - test employee  is rejected by ${acc2EmpCode} - ${acc2EmpFullName}.','Tar Acc2 Reject'),(520,'401','2019-09-19 17:50:30','2019-09-29 17:50:30','N',NULL,'N','TarAcc2ApprovedEvent','Your Travel Advance Request (TA-465) for Rs. 1000.5 is approved by your ${acc2EmpCode} - ${acc2EmpFullName}.','Tar Acc2 Approve'),(521,'398','2019-09-19 17:50:30','2019-09-29 17:50:30','N',NULL,'N','TarAcc2ApprovedEvent','Travel Advance Request (TA-465) for Rs. 1000.5 for your employee  CH188 - test employee  is approved by  ${acc2EmpCode} - ${acc2EmpFullName}.','Tar Acc2 Approve'),(522,'401','2019-09-19 17:53:18','2019-09-29 17:53:18','N',NULL,'N','TarAcc2ApprovedEvent','Your Travel Advance Request (TA-465) for Rs. 1000.5 is approved by your ${acc2EmpCode} - ${acc2EmpFullName}.','Tar Acc2 Approve'),(523,'398','2019-09-19 17:53:18','2019-09-29 17:53:18','N',NULL,'N','TarAcc2ApprovedEvent','Travel Advance Request (TA-465) for Rs. 1000.5 for your employee  CH188 - test employee  is approved by  ${acc2EmpCode} - ${acc2EmpFullName}.','Tar Acc2 Approve'),(524,'454','2019-09-19 19:30:59','2019-09-29 19:30:59','N',NULL,'N','TarAppliedEvent','Your Travel Approval Request (TA-473) for Rs. 2000.0 is awaiting 1st level approval from CH270 - test nOne.','Tar Applied'),(525,'452','2019-09-19 19:30:59','2019-09-29 19:30:59','N',NULL,'N','TarAppliedEvent','Travel Approval Request (TA-473) for Rs. 2000.0 is awaiting your approval.','Tar Applied'),(526,'454','2019-09-19 19:32:22','2019-09-29 19:32:22','N',NULL,'N','TarN1ApprovedEvent','Your Travel Advance Request (TA-473) for Rs. 2000.0 is approved by your CH270 - test nOne.','Tar N1 Approve'),(527,'452','2019-09-19 19:32:22','2019-09-29 19:32:22','N',NULL,'N','TarN1ApprovedEvent','Travel Approval Request (TA-473) for Rs. 2000.0 is awaiting your approval.','Tar N1 Approve'),(528,'454','2019-09-19 19:34:15','2019-09-29 19:34:15','N',NULL,'N','TarAcc2ApprovedEvent','Your Travel Advance Request (TA-473) for Rs. 2000.0 is approved by your ${acc2EmpCode} - ${acc2EmpFullName}.','Tar Acc2 Approve'),(529,'452','2019-09-19 19:34:15','2019-09-29 19:34:15','N',NULL,'N','TarAcc2ApprovedEvent','Travel Advance Request (TA-473) for Rs. 2000.0 for your employee  CH272 - test Employee  is approved by  ${acc2EmpCode} - ${acc2EmpFullName}.','Tar Acc2 Approve'),(530,'454','2019-09-19 19:36:37','2019-09-29 19:36:37','N',NULL,'N','LeaveAppliedEvent','Your Leave Request -(LA-100190-CL) has been applied from 2019-09-19 (2019-09-19) is waiting for approval -(testEmployee)','Leave Apply'),(531,'452','2019-09-19 19:36:37','2019-09-29 19:36:37','N',NULL,'N','LeaveAppliedEvent','Your Leave Request -(LA-100190-CL) has been applied from 2019-09-19 (2019-09-19) is waiting for approval -(testEmployee)','Leave Apply'),(532,'454','2019-09-19 20:10:31','2019-09-29 20:10:31','N',NULL,'N','LeaveAppliedEvent','Your Leave Request -(LA-100191-SL) has been applied from ${fromDt} (2019-09-12) is waiting for approval -(testEmployee)','Leave Apply'),(533,'452','2019-09-19 20:10:31','2019-09-29 20:10:31','N',NULL,'N','LeaveAppliedEvent','Your Leave Request -(LA-100191-SL) has been applied from ${fromDt} (2019-09-12) is waiting for approval -(testEmployee)','Leave Apply'),(534,'448','2019-09-19 20:30:09','2019-09-29 20:30:09','N',NULL,'N','ExpenseAppliedEvent','Your leave Application Request (${bk.leaveRequestCode}) from ${fromDt} to ${toDt} is applied by (${bk.employeeCode}) -(testnOne)','Expense Apply'),(535,'454','2019-09-19 20:36:40','2019-09-29 20:36:40','N',NULL,'N','ExpenseN1ApprovedEvent','Your leave Application Request (${bk.leaveRequestCode}) from ${fromDt} to ${toDt} is applied by (${bk.employeeCode}) -(nullnull)','Expense N1 Approve'),(536,'454','2019-09-19 20:37:46','2019-09-29 20:37:46','N',NULL,'N','ExpenseN2ApprovedEvent','Your leave Application Request (${bk.leaveRequestCode}) from ${fromDt} to ${toDt} is applied by (${bk.employeeCode}) -(nullnull)','Expense N2 Approve'),(537,'454','2019-09-20 11:29:57','2019-09-30 11:29:57','N',NULL,'N','TarAppliedEvent','Your Travel Approval Request (TA-474) for Rs. 68.0 is awaiting 1st level approval from CH270 - test nOne.','Tar Applied'),(538,'452','2019-09-20 11:29:57','2019-09-30 11:29:57','N',NULL,'N','TarAppliedEvent','Travel Approval Request (TA-474) for Rs. 68.0 is awaiting your approval.','Tar Applied'),(539,'454','2019-09-20 14:42:57','2019-09-30 14:42:57','N',NULL,'N','LeaveAppliedEvent','Your Leave Request -(LA-100193-CL) has been applied from ${fromDt} (2019-09-20) is waiting for approval -(testEmployee)','Leave Apply'),(540,'452','2019-09-20 14:42:57','2019-09-30 14:42:57','N',NULL,'N','LeaveAppliedEvent','Your Leave Request -(LA-100193-CL) has been applied from ${fromDt} (2019-09-20) is waiting for approval -(testEmployee)','Leave Apply'),(541,'454','2019-09-20 15:03:03','2019-09-30 15:03:03','N',NULL,'N','LeaveAppliedEvent','Your Leave Request -(LA-100194-CL) has been applied from ${fromDt} (2019-09-20) is waiting for approval -(testEmployee)','Leave Apply'),(542,'452','2019-09-20 15:03:03','2019-09-30 15:03:03','N',NULL,'N','LeaveAppliedEvent','Your Leave Request -(LA-100194-CL) has been applied from ${fromDt} (2019-09-20) is waiting for approval -(testEmployee)','Leave Apply'),(543,'454','2019-09-20 15:33:01','2019-09-30 15:33:01','N',NULL,'N','LeaveN1ApprovedEvent','Your Leave Request -(LA-100193-CL) has been applied from 2019-09-20 (2019-09-20) is waiting for approval -(${employeeFullName})','Leave N1 Approve'),(544,'454','2019-09-20 15:54:59','2019-09-30 15:54:59','N',NULL,'N','LeaveAppliedEvent','Your Leave Request -(LA-100195-CL) has been applied from ${fromDt} (2019-09-20) is waiting for approval -(testEmployee)','Leave Apply'),(545,'452','2019-09-20 15:54:59','2019-09-30 15:54:59','N',NULL,'N','LeaveAppliedEvent','Your Leave Request -(LA-100195-CL) has been applied from ${fromDt} (2019-09-20) is waiting for approval -(testEmployee)','Leave Apply'),(546,'454','2019-09-20 15:55:55','2019-09-30 15:55:55','N',NULL,'N','LeaveN1ApprovedEvent','Your Leave Request -(LA-100195-CL) has been applied from 2019-09-20 (2019-09-20) is waiting for approval -(testEmployee)','Leave N1 Approve'),(547,'454','2019-09-20 16:04:15','2019-09-30 16:04:15','N',NULL,'N','LeaveN1ApprovedEvent','Your Leave Request -(LA-100195-CL) has been applied from 2019-09-20 (2019-09-20) is waiting for approval -(testEmployee)','Leave N1 Approve'),(548,'454','2019-09-20 16:24:46','2019-09-30 16:24:46','N',NULL,'N','LeaveN1ApprovedEvent','Your Leave Request -(LA-100195-CL) has been applied from 2019-09-20 (2019-09-20) is waiting for approval -(testEmployee)','Leave N1 Approve'),(549,'454','2019-09-20 16:33:02','2019-09-30 16:33:02','N',NULL,'N','LeaveN1ApprovedEvent','Your Leave Request -(LA-100195-CL) has been applied from 2019-09-20 (2019-09-20) is waiting for approval -(testEmployee)','Leave N1 Approve'),(550,'454','2019-09-20 16:37:08','2019-09-30 16:37:08','N',NULL,'N','TarAppliedEvent','Your Travel Approval Request (TA-475) for Rs. 1200.0 is awaiting 1st level approval from CH270 - test nOne.','Tar Applied'),(551,'452','2019-09-20 16:37:08','2019-09-30 16:37:08','N',NULL,'N','TarAppliedEvent','Travel Approval Request (TA-475) for Rs. 1200.0 is awaiting your approval.','Tar Applied'),(552,'454','2019-09-20 17:30:25','2019-09-30 17:30:25','N',NULL,'N','LeaveN1ApprovedEvent','Your Leave Request -(LA-100194-CL) has been applied from 2019-09-20 (2019-09-20) is waiting for approval -(testEmployee)','Leave N1 Approve'),(553,'454','2019-09-20 17:33:46','2019-09-30 17:33:46','N',NULL,'N','LeaveN1ApprovedEvent','Your Leave Request -(LA-100195-CL) has been applied from 2019-09-20 (2019-09-20) is waiting for approval -(testEmployee)','Leave N1 Approve'),(554,'454','2019-09-20 17:41:49','2019-09-30 17:41:49','N',NULL,'N','LeaveN1ApprovedEvent','Your Leave Request -(LA-100194-CL) has been applied from 2019-09-20 (2019-09-20) is waiting for approval -(testEmployee)','Leave N1 Approve'),(555,'454','2019-09-20 17:51:14','2019-09-30 17:51:14','N',NULL,'N','TarAppliedEvent','Your Travel Approval Request (TA-476) for Rs. 1230.0 is awaiting 1st level approval from CH270 - test nOne.','Tar Applied'),(556,'454','2019-09-20 17:59:49','2019-09-30 17:59:49','N',NULL,'N','TarAppliedEvent','Your Travel Approval Request (TA-477) for Rs. 68.0 is awaiting 1st level approval from CH270 - test nOne.','Tar Applied'),(557,'452','2019-09-20 17:59:49','2019-09-30 17:59:49','N',NULL,'N','TarAppliedEvent','Travel Approval Request (TA-477) for Rs. 68.0 is awaiting your approval.','Tar Applied'),(558,'454','2019-09-20 18:02:55','2019-09-30 18:02:55','N',NULL,'N','TarAppliedEvent','Your Travel Approval Request (TA-478) for Rs. 68.0 is awaiting 1st level approval from CH270 - test nOne.','Tar Applied'),(559,'452','2019-09-20 18:02:55','2019-09-30 18:02:55','N',NULL,'N','TarAppliedEvent','Travel Approval Request (TA-478) for Rs. 68.0 is awaiting your approval.','Tar Applied'),(560,'454','2019-09-20 18:06:35','2019-09-30 18:06:35','N',NULL,'N','LeaveAppliedEvent','Your Leave Request -(LA-100196-SL) has been applied from ${fromDt} (2019-09-20) is waiting for approval -(testEmployee)','Leave Apply'),(561,'452','2019-09-20 18:06:37','2019-09-30 18:06:37','N',NULL,'N','LeaveAppliedEvent','Your Leave Request -(LA-100196-SL) has been applied from ${fromDt} (2019-09-20) is waiting for approval -(testEmployee)','Leave Apply'),(562,'454','2019-09-20 18:06:46','2019-09-30 18:06:46','N',NULL,'N','TarAppliedEvent','Your Travel Approval Request (TA-479) for Rs. 68.0 is awaiting 1st level approval from CH270 - test nOne.','Tar Applied'),(563,'452','2019-09-20 18:06:46','2019-09-30 18:06:46','N',NULL,'N','TarAppliedEvent','Travel Approval Request (TA-479) for Rs. 68.0 is awaiting your approval.','Tar Applied'),(564,'454','2019-09-20 18:07:43','2019-09-30 18:07:43','N',NULL,'N','LeaveN1ApprovedEvent','Your Leave Request -(LA-100196-SL) has been applied from 2019-09-20 (2019-09-20) is waiting for approval -(testEmployee)','Leave N1 Approve'),(565,'454','2019-09-20 18:15:49','2019-09-30 18:15:49','N',NULL,'N','TarAppliedEvent','Your Travel Approval Request (TA-480) for Rs. 68.0 is awaiting 1st level approval from CH270 - test nOne.','Tar Applied'),(566,'452','2019-09-20 18:15:49','2019-09-30 18:15:49','N',NULL,'N','TarAppliedEvent','Travel Approval Request (TA-480) for Rs. 68.0 is awaiting your approval.','Tar Applied'),(567,'454','2019-09-20 18:26:56','2019-09-30 18:26:56','N',NULL,'N','LeaveN1ApprovedEvent','Your Leave Request -(LA-100195-CL) has been applied from 2019-09-20 (2019-09-20) is waiting for approval -(testEmployee)','Leave N1 Approve'),(568,'454','2019-09-20 18:32:53','2019-09-30 18:32:53','N',NULL,'N','TarAppliedEvent','Your Travel Approval Request (TA-483) for Rs. 68.0 is awaiting 1st level approval from CH270 - test nOne.','Tar Applied'),(569,'452','2019-09-20 18:32:53','2019-09-30 18:32:53','N',NULL,'N','TarAppliedEvent','Travel Approval Request (TA-483) for Rs. 68.0 is awaiting your approval.','Tar Applied'),(570,'454','2019-09-20 18:32:57','2019-09-30 18:32:57','N',NULL,'N','LeaveN1ApprovedEvent','Your Leave Request -(LA-100196-SL) has been applied from 2019-09-20 (2019-09-20) is waiting for approval -(testEmployee)','Leave N1 Approve'),(571,'454','2019-09-20 18:46:07','2019-09-30 18:46:07','N',NULL,'N','TarAppliedEvent','Your Travel Approval Request (TA-484) for Rs. 68.0 is awaiting 1st level approval from CH270 - test nOne.','Tar Applied'),(572,'452','2019-09-20 18:46:07','2019-09-30 18:46:07','N',NULL,'N','TarAppliedEvent','Travel Approval Request (TA-484) for Rs. 68.0 is awaiting your approval.','Tar Applied'),(573,'454','2019-09-20 18:49:17','2019-09-30 18:49:17','N',NULL,'N','TarAppliedEvent','Your Travel Approval Request (TA-485) for Rs. 68.0 is awaiting 1st level approval from CH270 - test nOne.','Tar Applied'),(574,'452','2019-09-20 18:49:17','2019-09-30 18:49:17','N',NULL,'N','TarAppliedEvent','Travel Approval Request (TA-485) for Rs. 68.0 is awaiting your approval.','Tar Applied'),(575,'454','2019-09-20 18:59:05','2019-09-30 18:59:05','N',NULL,'N','LeaveN1ApprovedEvent','Your Leave Request -(LA-100196-SL) has been applied from 2019-09-20 (2019-09-20) is waiting for approval -(testEmployee)','Leave N1 Approve'),(576,'451','2019-09-20 19:03:27','2019-09-30 19:03:27','N',NULL,'N','TarN1ApprovedEvent','Travel Approval Request (TA-475) for Rs. 1200.0 is awaiting your approval.','Tar N1 Approve'),(577,'454','2019-09-20 19:14:32','2019-09-30 19:14:32','N',NULL,'N','LeaveN1ApprovedEvent','Your Leave Request -(LA-100196-SL) has been applied from 2019-09-20 (2019-09-20) is waiting for approval -(testEmployee)','Leave N1 Approve'),(578,'454','2019-09-20 19:17:49','2019-09-30 19:17:49','N',NULL,'N','LeaveN2ApprovedEvent','Your Leave Request -(LA-100194-CL) has been applied from 2019-09-20 (2019-09-20) is waiting for approval -(testEmployee)','Leave N2 Approve'),(579,'454','2019-09-20 19:20:58','2019-09-30 19:20:58','N',NULL,'N','LeaveN1ApprovedEvent','Your Leave Request -(LA-100195-CL) has been applied from 2019-09-20 (2019-09-20) is waiting for approval -(testEmployee)','Leave N1 Approve'),(580,'454','2019-09-20 19:23:30','2019-09-30 19:23:30','N',NULL,'N','LeaveN1ApprovedEvent','Your Leave Request -(LA-100195-CL) has been applied from 2019-09-20 (2019-09-20) is waiting for approval -(testEmployee)','Leave N1 Approve'),(581,'454','2019-09-20 19:29:16','2019-09-30 19:29:16','N',NULL,'N','LeaveN1ApprovedEvent','Your Leave Request -(LA-100195-CL) has been applied from 2019-09-20 (2019-09-20) is waiting for approval -(testEmployee)','Leave N1 Approve'),(582,'454','2019-09-20 19:30:19','2019-09-30 19:30:19','N',NULL,'N','LeaveN1ApprovedEvent','Your Leave Request -(LA-100195-CL) has been applied from 2019-09-20 (2019-09-20) is waiting for approval -(testEmployee)','Leave N1 Approve'),(583,'454','2019-09-20 19:32:01','2019-09-30 19:32:01','N',NULL,'N','LeaveN2ApprovedEvent','Your Leave Request -(LA-100194-CL) has been applied from 2019-09-20 (2019-09-20) is waiting for approval -(testEmployee)','Leave N2 Approve'),(584,'454','2019-09-20 19:33:40','2019-09-30 19:33:40','N',NULL,'N','LeaveN2ApprovedEvent','Your Leave Request -(LA-100194-CL) has been applied from 2019-09-20 (2019-09-20) is waiting for approval -(testEmployee)','Leave N2 Approve'),(585,'454','2019-09-20 19:34:21','2019-09-30 19:34:21','N',NULL,'N','LeaveN1ApprovedEvent','Your Leave Request -(LA-100195-CL) has been applied from 2019-09-20 (2019-09-20) is waiting for approval -(testEmployee)','Leave N1 Approve'),(586,'448','2019-09-23 09:57:44','2019-10-03 09:57:44','N',NULL,'N','ExpenseAppliedEvent','Your leave Application Request (${bk.leaveRequestCode}) from ${fromDt} to ${toDt} is applied by (${bk.employeeCode}) -(testnOne)','Expense Apply'),(587,'452','2019-09-23 10:02:55','2019-10-03 10:02:55','N',NULL,'N','LeaveAppliedEvent','Your Leave Request -(LA-100197-SL) has been applied from ${fromDt} (2019-09-23) is waiting for approval -(testEmployee)','Leave Apply'),(588,'452','2019-09-23 10:06:34','2019-10-03 10:06:34','N',NULL,'N','LeaveAppliedEvent','Your Leave Request -(LA-100198-SL) has been applied from ${fromDt} (2019-09-24) is waiting for approval -(testEmployee)','Leave Apply'),(589,'452','2019-09-23 10:08:26','2019-10-03 10:08:26','N',NULL,'N','LeaveAppliedEvent','Your Leave Request -(LA-100199-CL) has been applied from ${fromDt} (2019-09-23) is waiting for approval -(testEmployee)','Leave Apply'),(590,'454','2019-09-23 10:28:45','2019-10-03 10:28:45','N',NULL,'N','LeaveAppliedEvent','Your Leave Request -(LA-100202-CL) has been applied from ${fromDt} (2019-09-20) is waiting for approval -(testEmployee)','Leave Apply'),(591,'454','2019-09-23 10:29:54','2019-10-03 10:29:54','N',NULL,'N','LeaveAppliedEvent','Your Leave Request -(LA-100203-CL) has been applied from ${fromDt} (2019-09-20) is waiting for approval -(testEmployee)','Leave Apply'),(592,'454','2019-09-23 10:32:21','2019-10-03 10:32:21','N',NULL,'N','LeaveAppliedEvent','Your Leave Request -(LA-100204-CL) has been applied from ${fromDt} (2019-09-20) is waiting for approval -(testEmployee)','Leave Apply'),(593,'454','2019-09-23 10:32:53','2019-10-03 10:32:53','N',NULL,'N','LeaveAppliedEvent','Your Leave Request -(LA-100205-CL) has been applied from ${fromDt} (2019-09-20) is waiting for approval -(testEmployee)','Leave Apply'),(594,'454','2019-09-23 10:35:13','2019-10-03 10:35:13','N',NULL,'N','LeaveAppliedEvent','Your Leave Request -(LA-100206-CL) has been applied from ${fromDt} (2019-09-20) is waiting for approval -(testEmployee)','Leave Apply'),(595,'454','2019-09-23 10:35:37','2019-10-03 10:35:37','N',NULL,'N','LeaveAppliedEvent','Your Leave Request -(LA-100207-CL) has been applied from ${fromDt} (2019-09-20) is waiting for approval -(testEmployee)','Leave Apply'),(596,'454','2019-09-23 10:40:29','2019-10-03 10:40:29','N',NULL,'N','LeaveAppliedEvent','Your Leave Request -(LA-100208-CL) has been applied from ${fromDt} (2019-09-23) is waiting for approval -(testEmployee)','Leave Apply'),(597,'448','2019-09-23 10:41:28','2019-10-03 10:41:28','N',NULL,'N','LeaveN1ApprovedEvent','Your Leave Request -(LA-100197-SL) has been applied from 2019-09-23 (2019-09-23) is waiting for approval -(testEmployee)','Leave N1 Approve'),(598,'448','2019-09-23 10:42:01','2019-10-03 10:42:01','N',NULL,'N','LeaveN1ApprovedEvent','Your Leave Request -(LA-100198-SL) has been applied from 2019-09-23 (2019-09-24) is waiting for approval -(testEmployee)','Leave N1 Approve'),(599,'454','2019-09-23 10:42:24','2019-10-03 10:42:24','N',NULL,'N','LeaveN2ApprovedEvent','Your Leave Request -(LA-100198-SL) has been applied from 2019-09-23 (2019-09-24) is waiting for approval -(testEmployee)','Leave N2 Approve'),(600,'448','2019-09-23 10:44:11','2019-10-03 10:44:11','N',NULL,'N','ExpenseAppliedEvent','Your leave Application Request (${bk.leaveRequestCode}) from ${fromDt} to ${toDt} is applied by (${bk.employeeCode}) -(testnOne)','Expense Apply'),(601,'448','2019-09-23 10:45:33','2019-10-03 10:45:33','N',NULL,'N','ExpenseAppliedEvent','Your leave Application Request (${bk.leaveRequestCode}) from ${fromDt} to ${toDt} is applied by (${bk.employeeCode}) -(testnOne)','Expense Apply'),(602,'448','2019-09-23 11:15:45','2019-10-03 11:15:45','N',NULL,'N','ExpenseAppliedEvent','Your leave Application Request (${bk.leaveRequestCode}) from ${fromDt} to ${toDt} is applied by (${bk.employeeCode}) -(nullnull)','Expense Apply'),(603,'448','2019-09-23 12:04:18','2019-10-03 12:04:18','N',NULL,'N','ExpenseAppliedEvent','Your leave Application Request (${bk.leaveRequestCode}) from ${fromDt} to ${toDt} is applied by (${bk.employeeCode}) -(nullnull)','Expense Apply'),(604,'454','2019-09-23 12:16:51','2019-10-03 12:16:51','N',NULL,'N','TarAppliedEvent','Your Travel Approval Request (${bk.tarCode}) for Rs. ${reqAdvAmount} is awaiting 1st level approval from ${n1EmpCode} - ${n1EmpFullName}.','Tar Applied'),(605,'454','2019-09-23 12:17:50','2019-10-03 12:17:50','N',NULL,'N','TarAppliedEvent','Your Travel Approval Request (${bk.tarCode}) for Rs. ${reqAdvAmount} is awaiting 1st level approval from ${n1EmpCode} - ${n1EmpFullName}.','Tar Applied'),(606,'454','2019-09-23 12:19:53','2019-10-03 12:19:53','N',NULL,'N','TarAppliedEvent','Your Travel Approval Request (${bk.tarCode}) for Rs. ${reqAdvAmount} is awaiting 1st level approval from ${n1EmpCode} - ${n1EmpFullName}.','Tar Applied');
/*!40000 ALTER TABLE `t_inapp_notfn` ENABLE KEYS */;
UNLOCK TABLES;

--
-- Table structure for table `t_interview_detail`
--

DROP TABLE IF EXISTS `t_interview_detail`;
/*!40101 SET @saved_cs_client     = @@character_set_client */;
/*!40101 SET character_set_client = utf8 */;
CREATE TABLE `t_interview_detail` (
  `id` int(11) NOT NULL AUTO_INCREMENT,
  `interview_tracker_id` varchar(100) DEFAULT NULL,
  `interview_time` datetime DEFAULT NULL,
  `interviewer_name` varchar(100) DEFAULT NULL,
  `round_name` varchar(100) DEFAULT NULL,
  `decision` varchar(100) DEFAULT NULL,
  `rating` varchar(100) DEFAULT NULL,
  `remarks` varchar(100) DEFAULT NULL,
  `is_enabled` varchar(100) DEFAULT NULL,
  `created_by` varchar(100) DEFAULT NULL,
  `modified_by` varchar(100) DEFAULT NULL,
  `created_dt` datetime DEFAULT NULL,
  `modified_dt` datetime DEFAULT NULL,
  PRIMARY KEY (`id`)
) ENGINE=InnoDB AUTO_INCREMENT=4 DEFAULT CHARSET=latin1;
/*!40101 SET character_set_client = @saved_cs_client */;

--
-- Dumping data for table `t_interview_detail`
--

LOCK TABLES `t_interview_detail` WRITE;
/*!40000 ALTER TABLE `t_interview_detail` DISABLE KEYS */;
INSERT INTO `t_interview_detail` VALUES (1,'3',NULL,'Priya','Aptitude','Clear','5','Good','Y','4','4',NULL,NULL),(3,'1',NULL,'Priya','Aptitude','Clear','5','Good','Y','4','4','2019-02-04 13:24:33','2019-02-04 13:24:33');
/*!40000 ALTER TABLE `t_interview_detail` ENABLE KEYS */;
UNLOCK TABLES;

--
-- Table structure for table `t_interview_tracker`
--

DROP TABLE IF EXISTS `t_interview_tracker`;
/*!40101 SET @saved_cs_client     = @@character_set_client */;
/*!40101 SET character_set_client = utf8 */;
CREATE TABLE `t_interview_tracker` (
  `id` int(11) NOT NULL AUTO_INCREMENT,
  `applicant_name` varchar(255) NOT NULL,
  `created_by` varchar(255) DEFAULT NULL,
  `created_dt` datetime DEFAULT NULL,
  `interview_date` date DEFAULT NULL,
  `is_enabled` varchar(255) DEFAULT NULL,
  `modified_by` varchar(255) DEFAULT NULL,
  `modified_dt` datetime DEFAULT NULL,
  `vacancy` varchar(255) NOT NULL,
  PRIMARY KEY (`id`)
) ENGINE=InnoDB AUTO_INCREMENT=5 DEFAULT CHARSET=latin1;
/*!40101 SET character_set_client = @saved_cs_client */;

--
-- Dumping data for table `t_interview_tracker`
--

LOCK TABLES `t_interview_tracker` WRITE;
/*!40000 ALTER TABLE `t_interview_tracker` DISABLE KEYS */;
INSERT INTO `t_interview_tracker` VALUES (1,'test',NULL,NULL,NULL,'yes',NULL,'2019-02-04 13:24:34','developer'),(3,'test2',NULL,'2018-12-14 18:53:37',NULL,'yes',NULL,'2018-12-14 18:53:57','developer');
/*!40000 ALTER TABLE `t_interview_tracker` ENABLE KEYS */;
UNLOCK TABLES;

--
-- Table structure for table `t_job`
--

DROP TABLE IF EXISTS `t_job`;
/*!40101 SET @saved_cs_client     = @@character_set_client */;
/*!40101 SET character_set_client = utf8 */;
CREATE TABLE `t_job` (
  `id` int(11) NOT NULL AUTO_INCREMENT,
  `client_conf_status` varchar(255) DEFAULT NULL,
  `client_feedback_remarks` varchar(255) DEFAULT NULL,
  `client_feedback_score` int(11) DEFAULT NULL,
  `client_remarks` varchar(255) DEFAULT NULL,
  `confirmation_content` varchar(255) DEFAULT NULL,
  `contact_email` varchar(255) DEFAULT NULL,
  `contact_name` varchar(255) DEFAULT NULL,
  `contact_phone` int(11) NOT NULL,
  `created_by` varchar(255) DEFAULT NULL,
  `created_dt` datetime(6) DEFAULT NULL,
  `doc_attached_report_1` varchar(255) DEFAULT NULL,
  `doc_attached_report_2` varchar(255) DEFAULT NULL,
  `doc_attached_report_3` varchar(255) DEFAULT NULL,
  `doc_attached_report_4` varchar(255) DEFAULT NULL,
  `doc_attached_report_5` varchar(255) DEFAULT NULL,
  `end_client_id` varchar(255) DEFAULT NULL,
  `end_dt` date DEFAULT NULL,
  `exp_end_dt` date DEFAULT NULL,
  `exp_start_dt` date DEFAULT NULL,
  `internal_feedback` varchar(255) DEFAULT NULL,
  `is_enabled` varchar(255) DEFAULT NULL,
  `job_code` varchar(255) DEFAULT NULL,
  `job_complete_dt` datetime(6) DEFAULT NULL,
  `job_name` varchar(255) DEFAULT NULL,
  `job_plan_status` varchar(255) DEFAULT NULL,
  `job_track_status` varchar(255) DEFAULT NULL,
  `m_job_type_id` varchar(255) DEFAULT NULL,
  `map_location_id` varchar(255) DEFAULT NULL,
  `modified_by` varchar(255) DEFAULT NULL,
  `modified_dt` datetime(6) DEFAULT NULL,
  `mom_draft_approval_dt` datetime(6) DEFAULT NULL,
  `mom_draft_approved_doc_id` varchar(255) DEFAULT NULL,
  `mom_draft_approved_dt` datetime(6) DEFAULT NULL,
  `mom_draft_approved_remarks` varchar(255) DEFAULT NULL,
  `mom_draft_prepared_doc_id` varchar(255) DEFAULT NULL,
  `mom_draft_prepared_dt` datetime(6) DEFAULT NULL,
  `mom_draft_prepared_remarks` varchar(255) DEFAULT NULL,
  `no_of_milestones` varchar(255) DEFAULT NULL,
  `partner_id` varchar(255) DEFAULT NULL,
  `progress` int(11) DEFAULT NULL,
  `proj_id` int(11) DEFAULT NULL,
  `ptw_doc_id` varchar(255) DEFAULT NULL,
  `ptw_dt` datetime(6) DEFAULT NULL,
  `received_ptw_dt` datetime(6) DEFAULT NULL,
  `received_ptw_remarks` varchar(255) DEFAULT NULL,
  `received_ptw_reviews` varchar(255) DEFAULT NULL,
  `sale_order_id` varchar(255) DEFAULT NULL,
  `site_survey_comp_dt` datetime(6) DEFAULT NULL,
  `site_survey_remarks` varchar(255) DEFAULT NULL,
  `start_dt` date DEFAULT NULL,
  `summary` varchar(255) DEFAULT NULL,
  `survey_doc_id` varchar(255) DEFAULT NULL,
  `track_progress_dt` datetime(6) DEFAULT NULL,
  PRIMARY KEY (`id`)
) ENGINE=InnoDB AUTO_INCREMENT=71 DEFAULT CHARSET=latin1;
/*!40101 SET character_set_client = @saved_cs_client */;

--
-- Dumping data for table `t_job`
--

LOCK TABLES `t_job` WRITE;
/*!40000 ALTER TABLE `t_job` DISABLE KEYS */;
INSERT INTO `t_job` VALUES (3,NULL,'Good',NULL,'Good',NULL,NULL,NULL,0,NULL,'2018-12-08 15:11:31.153000',NULL,NULL,NULL,NULL,NULL,'2','2018-12-15',NULL,NULL,'Good',NULL,'JOB-4',NULL,' Job 1','COMPLETED','MOM-DRAFT-APPROVED','4','18',NULL,'2018-12-10 09:36:19.793000',NULL,'a243b25c-da04-4731-8b21-e2a144380768','2018-12-10 09:21:02.050000',NULL,'85fcabbb-bd21-4e97-8926-2a7a54920521','2018-12-10 09:21:00.793000',NULL,NULL,'1',50,1,'5e0bf6bb-c2a7-43d8-948c-1458a7bd6fa7',NULL,'2018-12-10 09:20:54.973000',NULL,NULL,'7','2018-12-10 09:21:00.030000',NULL,'2018-11-30','checking job flow','f4e1504a-6166-4319-895c-d53a59d947fa',NULL),(5,'check','Good',10,'Good','123','sidsync@gm.com','sidsync',0,NULL,'2019-03-26 19:14:11.000000',NULL,NULL,NULL,NULL,NULL,'17','2019-04-12',NULL,NULL,'Good',NULL,'JOB-53',NULL,'Testing and commissing ','COMPLETED','COMPLETED','5','18',NULL,'2019-03-26 19:35:59.000000',NULL,'a243b25c-da04-4731-8b21-e2a144380768',NULL,NULL,'85fcabbb-bd21-4e97-8926-2a7a54920521',NULL,NULL,NULL,'16',NULL,18,'5e0bf6bb-c2a7-43d8-948c-1458a7bd6fa7',NULL,NULL,NULL,NULL,'44',NULL,NULL,'2019-04-08','checking job flow','f4e1504a-6166-4319-895c-d53a59d947fa',NULL),(6,'Test','Good',10,'Good','12345678','test@gm.com','test',1234,NULL,NULL,NULL,NULL,NULL,NULL,NULL,'2','2019-03-15',NULL,'2018-12-15','Good',NULL,'JOB-7',NULL,'Retrofitting','COMPLETED',NULL,'8','22',NULL,'2019-05-03 11:05:58.146000',NULL,'a243b25c-da04-4731-8b21-e2a144380768',NULL,NULL,'85fcabbb-bd21-4e97-8926-2a7a54920521',NULL,NULL,NULL,'1',75,1,'5e0bf6bb-c2a7-43d8-948c-1458a7bd6fa7',NULL,NULL,NULL,NULL,'7',NULL,NULL,'2018-12-04','checking job flow','f4e1504a-6166-4319-895c-d53a59d947fa',NULL),(47,NULL,'Good',9,'Good',NULL,NULL,NULL,0,NULL,'2019-03-20 13:00:56.932000',NULL,NULL,NULL,NULL,NULL,'14','2019-03-23',NULL,NULL,'Good',NULL,'JOB-47',NULL,'Testing and commissing ','COMPLETED','COMPLETED','5','18',NULL,'2019-05-03 11:31:24.771000',NULL,'a243b25c-da04-4731-8b21-e2a144380768',NULL,NULL,'85fcabbb-bd21-4e97-8926-2a7a54920521',NULL,NULL,NULL,'3',NULL,16,'5e0bf6bb-c2a7-43d8-948c-1458a7bd6fa7',NULL,NULL,NULL,NULL,'36',NULL,NULL,'2019-03-21','summary in doc','f4e1504a-6166-4319-895c-d53a59d947fa',NULL),(49,NULL,'Good',NULL,'Good',NULL,NULL,NULL,0,NULL,'2019-03-20 14:29:43.297000',NULL,NULL,NULL,NULL,NULL,'3','2019-04-01',NULL,NULL,'Good',NULL,'JOB-49',NULL,'Testing and commissing ','',NULL,'5','23',NULL,'2019-05-02 17:47:52.281000',NULL,'a243b25c-da04-4731-8b21-e2a144380768',NULL,NULL,'85fcabbb-bd21-4e97-8926-2a7a54920521',NULL,NULL,NULL,'16',NULL,1,'5e0bf6bb-c2a7-43d8-948c-1458a7bd6fa7',NULL,NULL,NULL,NULL,'38',NULL,NULL,'2019-03-31','checking job flow','f4e1504a-6166-4319-895c-d53a59d947fa',NULL),(53,'check','Good',10,'Good','123','sidsync@gm.com','sidsync',0,NULL,'2019-03-26 19:14:11.993000',NULL,NULL,NULL,NULL,NULL,'17','2019-04-12',NULL,NULL,'Good',NULL,'JOB-53',NULL,'Testing and commissing ','COMPLETED','COMPLETED','5','18',NULL,'2019-03-26 19:35:59.726000',NULL,'a243b25c-da04-4731-8b21-e2a144380768',NULL,NULL,'85fcabbb-bd21-4e97-8926-2a7a54920521',NULL,NULL,NULL,'16',NULL,18,'5e0bf6bb-c2a7-43d8-948c-1458a7bd6fa7',NULL,NULL,NULL,NULL,'44',NULL,NULL,'2019-04-08','checking job flow','f4e1504a-6166-4319-895c-d53a59d947fa',NULL),(70,NULL,'Good',NULL,'Good',NULL,NULL,NULL,0,NULL,'2019-04-30 17:06:58.805000',NULL,NULL,NULL,NULL,NULL,'17','2019-05-07',NULL,NULL,'Good',NULL,'JOB-65',NULL,'Retro Fitting',NULL,NULL,'5','23',NULL,'2019-05-03 11:48:36.925000',NULL,'a243b25c-da04-4731-8b21-e2a144380768',NULL,NULL,'85fcabbb-bd21-4e97-8926-2a7a54920521',NULL,NULL,NULL,'3',NULL,1,'5e0bf6bb-c2a7-43d8-948c-1458a7bd6fa7',NULL,NULL,NULL,NULL,'36',NULL,NULL,'2019-05-01','checking job flow','f4e1504a-6166-4319-895c-d53a59d947fa',NULL);
/*!40000 ALTER TABLE `t_job` ENABLE KEYS */;
UNLOCK TABLES;

--
-- Table structure for table `t_job_accomodation`
--

DROP TABLE IF EXISTS `t_job_accomodation`;
/*!40101 SET @saved_cs_client     = @@character_set_client */;
/*!40101 SET character_set_client = utf8 */;
CREATE TABLE `t_job_accomodation` (
  `id` int(11) NOT NULL AUTO_INCREMENT,
  `acc_date` datetime(6) DEFAULT NULL,
  `acc_name` varchar(255) DEFAULT NULL,
  `acc_type` varchar(255) DEFAULT NULL,
  `booking_id` varchar(255) DEFAULT NULL,
  `created_by` varchar(255) DEFAULT NULL,
  `created_dt` datetime(6) DEFAULT NULL,
  `is_enabled` varchar(255) DEFAULT NULL,
  `job_emp_id` varchar(255) DEFAULT NULL,
  `t_job_id` varchar(255) DEFAULT NULL,
  `modified_by` varchar(255) DEFAULT NULL,
  `modified_dt` datetime(6) DEFAULT NULL,
  `pick_up` varchar(255) DEFAULT NULL,
  PRIMARY KEY (`id`)
) ENGINE=InnoDB AUTO_INCREMENT=3 DEFAULT CHARSET=latin1;
/*!40101 SET character_set_client = @saved_cs_client */;

--
-- Dumping data for table `t_job_accomodation`
--

LOCK TABLES `t_job_accomodation` WRITE;
/*!40000 ALTER TABLE `t_job_accomodation` DISABLE KEYS */;
INSERT INTO `t_job_accomodation` VALUES (1,NULL,'hotel','Hotel','111',NULL,'2018-12-11 10:08:09.188000',NULL,'1','3',NULL,'2018-12-11 10:08:09.188000','car'),(2,NULL,'hotel2','Service Apartment','111',NULL,'2018-12-11 10:08:53.034000',NULL,'1','3',NULL,'2018-12-11 10:08:53.034000','bus');
/*!40000 ALTER TABLE `t_job_accomodation` ENABLE KEYS */;
UNLOCK TABLES;

--
-- Table structure for table `t_job_assets`
--

DROP TABLE IF EXISTS `t_job_assets`;
/*!40101 SET @saved_cs_client     = @@character_set_client */;
/*!40101 SET character_set_client = utf8 */;
CREATE TABLE `t_job_assets` (
  `id` int(11) NOT NULL AUTO_INCREMENT,
  `asset_id` varchar(255) DEFAULT NULL,
  `comments` varchar(255) DEFAULT NULL,
  `created_by` varchar(255) DEFAULT NULL,
  `created_dt` datetime(6) DEFAULT NULL,
  `from_dt` date DEFAULT NULL,
  `is_enabled` varchar(255) DEFAULT NULL,
  `t_job_id` varchar(255) DEFAULT NULL,
  `m_employee_id` varchar(255) DEFAULT NULL,
  `modified_by` varchar(255) DEFAULT NULL,
  `modified_dt` datetime(6) DEFAULT NULL,
  `to_dt` date DEFAULT NULL,
  PRIMARY KEY (`id`)
) ENGINE=InnoDB AUTO_INCREMENT=14 DEFAULT CHARSET=latin1;
/*!40101 SET character_set_client = @saved_cs_client */;

--
-- Dumping data for table `t_job_assets`
--

LOCK TABLES `t_job_assets` WRITE;
/*!40000 ALTER TABLE `t_job_assets` DISABLE KEYS */;
INSERT INTO `t_job_assets` VALUES (1,'3',NULL,NULL,'2018-12-14 11:09:17.132000','2019-03-01',NULL,'70','23',NULL,'2018-12-14 11:09:17.132000','2019-03-27'),(2,'1',NULL,NULL,NULL,'2019-03-01',NULL,'70','22',NULL,NULL,'2019-03-27'),(4,'3',NULL,NULL,'2019-03-26 19:27:03.704000','2019-03-01',NULL,'53','23',NULL,'2019-05-03 11:11:21.179000','2019-03-27'),(5,'1',NULL,NULL,'2019-03-27 13:47:33.443000','2019-04-02',NULL,'56','23',NULL,'2019-03-27 13:47:33.443000','2019-04-03'),(8,'3',NULL,NULL,'2019-03-29 13:13:47.508000','2019-03-29',NULL,'49','23',NULL,'2019-03-29 13:13:47.508000','2019-03-31'),(9,'1',NULL,NULL,'2019-03-29 13:14:43.942000','2019-03-29',NULL,'49','23',NULL,'2019-03-29 13:14:43.942000','2019-03-31'),(11,'2',NULL,NULL,'2019-04-30 18:25:46.545000','2019-04-29',NULL,'3','3',NULL,'2019-04-30 18:25:46.545000','2019-04-30'),(12,'1',NULL,NULL,'2019-04-30 18:27:28.254000','2019-04-29',NULL,'47','22',NULL,'2019-04-30 18:27:28.254000','2019-04-30'),(13,'2',NULL,NULL,'2019-05-03 11:07:20.881000','2018-05-03',NULL,'6','23',NULL,'2019-05-03 11:07:20.881000','2018-05-11');
/*!40000 ALTER TABLE `t_job_assets` ENABLE KEYS */;
UNLOCK TABLES;

--
-- Table structure for table `t_job_assets_doc`
--

DROP TABLE IF EXISTS `t_job_assets_doc`;
/*!40101 SET @saved_cs_client     = @@character_set_client */;
/*!40101 SET character_set_client = utf8 */;
CREATE TABLE `t_job_assets_doc` (
  `id` int(11) NOT NULL AUTO_INCREMENT,
  `created_by` varchar(255) DEFAULT NULL,
  `created_dt` datetime(6) DEFAULT NULL,
  `doc_id` varchar(255) DEFAULT NULL,
  `doc_name` varchar(255) DEFAULT NULL,
  `doc_type_code` varchar(255) DEFAULT NULL,
  `is_enabled` varchar(255) DEFAULT NULL,
  `is_source_onsite` varchar(255) DEFAULT NULL,
  `t_job_assets_id` varchar(255) DEFAULT NULL,
  `t_job_id` varchar(255) DEFAULT NULL,
  `modified_by` varchar(255) DEFAULT NULL,
  `modified_dt` datetime(6) DEFAULT NULL,
  `remarks` varchar(255) DEFAULT NULL,
  `upload_dt` datetime(6) DEFAULT NULL,
  `upload_user_id` varchar(255) DEFAULT NULL,
  PRIMARY KEY (`id`)
) ENGINE=InnoDB AUTO_INCREMENT=27 DEFAULT CHARSET=latin1;
/*!40101 SET character_set_client = @saved_cs_client */;

--
-- Dumping data for table `t_job_assets_doc`
--

LOCK TABLES `t_job_assets_doc` WRITE;
/*!40000 ALTER TABLE `t_job_assets_doc` DISABLE KEYS */;
INSERT INTO `t_job_assets_doc` VALUES (1,NULL,'2018-12-14 11:09:17.136000','de1b1130-d7fb-4d13-a2b4-60f237ac1b70',NULL,'JOB-ASSET-BEFORE',NULL,NULL,'1','2',NULL,'2018-12-14 11:09:17.136000',NULL,NULL,NULL),(2,NULL,'2018-12-14 11:09:17.137000','de1b1130-d7fb-4d13-a2b4-60f237ac1b70',NULL,'JOB-ASSET-AFTER',NULL,NULL,'1','2',NULL,'2018-12-14 11:09:17.137000',NULL,NULL,NULL),(3,NULL,'2019-03-20 14:34:35.395000','de1b1130-d7fb-4d13-a2b4-60f237ac1b70',NULL,'JOB-ASSET-BEFORE',NULL,NULL,'3','49',NULL,'2019-03-20 14:34:35.395000',NULL,NULL,NULL),(4,NULL,'2019-03-20 14:34:35.396000','de1b1130-d7fb-4d13-a2b4-60f237ac1b70',NULL,'JOB-ASSET-AFTER',NULL,NULL,'3','49',NULL,'2019-03-20 14:34:35.396000',NULL,NULL,NULL),(5,NULL,'2019-03-26 19:27:03.705000','de1b1130-d7fb-4d13-a2b4-60f237ac1b70',NULL,'JOB-ASSET-BEFORE',NULL,NULL,'4','53',NULL,'2019-03-26 19:27:03.705000',NULL,NULL,NULL),(6,NULL,'2019-03-26 19:27:03.706000','de1b1130-d7fb-4d13-a2b4-60f237ac1b70',NULL,'JOB-ASSET-AFTER',NULL,NULL,'4','53',NULL,'2019-03-26 19:27:03.706000',NULL,NULL,NULL),(7,NULL,'2019-03-27 13:47:33.446000','de1b1130-d7fb-4d13-a2b4-60f237ac1b70',NULL,'JOB-ASSET-BEFORE',NULL,NULL,'5','56',NULL,'2019-03-27 13:47:33.446000',NULL,NULL,NULL),(8,NULL,'2019-03-27 13:47:33.447000','de1b1130-d7fb-4d13-a2b4-60f237ac1b70',NULL,'JOB-ASSET-AFTER',NULL,NULL,'5','56',NULL,'2019-03-27 13:47:33.447000',NULL,NULL,NULL),(9,NULL,'2019-03-29 13:13:43.211000','de1b1130-d7fb-4d13-a2b4-60f237ac1b70',NULL,'JOB-ASSET-BEFORE',NULL,NULL,'6','49',NULL,'2019-03-29 13:13:43.211000',NULL,NULL,NULL),(10,NULL,'2019-03-29 13:13:43.212000','de1b1130-d7fb-4d13-a2b4-60f237ac1b70',NULL,'JOB-ASSET-AFTER',NULL,NULL,'6','49',NULL,'2019-03-29 13:13:43.212000',NULL,NULL,NULL),(11,NULL,'2019-03-29 13:13:47.488000','de1b1130-d7fb-4d13-a2b4-60f237ac1b70',NULL,'JOB-ASSET-BEFORE',NULL,NULL,'7','49',NULL,'2019-03-29 13:13:47.488000',NULL,NULL,NULL),(12,NULL,'2019-03-29 13:13:47.490000','de1b1130-d7fb-4d13-a2b4-60f237ac1b70',NULL,'JOB-ASSET-AFTER',NULL,NULL,'7','49',NULL,'2019-03-29 13:13:47.490000',NULL,NULL,NULL),(13,NULL,'2019-03-29 13:13:47.521000','de1b1130-d7fb-4d13-a2b4-60f237ac1b70',NULL,'JOB-ASSET-BEFORE',NULL,NULL,'8','49',NULL,'2019-03-29 13:13:47.521000',NULL,NULL,NULL),(14,NULL,'2019-03-29 13:13:47.525000','de1b1130-d7fb-4d13-a2b4-60f237ac1b70',NULL,'JOB-ASSET-AFTER',NULL,NULL,'8','49',NULL,'2019-03-29 13:13:47.526000',NULL,NULL,NULL),(15,NULL,'2019-03-29 13:14:43.945000','de1b1130-d7fb-4d13-a2b4-60f237ac1b70',NULL,'JOB-ASSET-BEFORE',NULL,NULL,'9','49',NULL,'2019-03-29 13:14:43.945000',NULL,NULL,NULL),(16,NULL,'2019-03-29 13:14:43.947000','de1b1130-d7fb-4d13-a2b4-60f237ac1b70',NULL,'JOB-ASSET-AFTER',NULL,NULL,'9','49',NULL,'2019-03-29 13:14:43.947000',NULL,NULL,NULL),(17,NULL,'2019-03-29 13:16:10.590000','de1b1130-d7fb-4d13-a2b4-60f237ac1b70',NULL,'JOB-ASSET-BEFORE',NULL,NULL,'10','49',NULL,'2019-03-29 13:16:10.590000',NULL,NULL,NULL),(18,NULL,'2019-03-29 13:16:10.591000','de1b1130-d7fb-4d13-a2b4-60f237ac1b70',NULL,'JOB-ASSET-AFTER',NULL,NULL,'10','49',NULL,'2019-03-29 13:16:10.591000',NULL,NULL,NULL),(19,NULL,'2019-04-30 18:25:46.548000','de1b1130-d7fb-4d13-a2b4-60f237ac1b70',NULL,'JOB-ASSET-BEFORE',NULL,NULL,'11','3',NULL,'2019-04-30 18:25:46.548000',NULL,NULL,NULL),(20,NULL,'2019-04-30 18:25:46.549000','de1b1130-d7fb-4d13-a2b4-60f237ac1b70',NULL,'JOB-ASSET-AFTER',NULL,NULL,'11','3',NULL,'2019-04-30 18:25:46.549000',NULL,NULL,NULL),(21,NULL,'2019-04-30 18:27:28.258000','de1b1130-d7fb-4d13-a2b4-60f237ac1b70',NULL,'JOB-ASSET-BEFORE',NULL,NULL,'12','47',NULL,'2019-04-30 18:27:28.258000',NULL,NULL,NULL),(22,NULL,'2019-04-30 18:27:28.259000','de1b1130-d7fb-4d13-a2b4-60f237ac1b70',NULL,'JOB-ASSET-AFTER',NULL,NULL,'12','47',NULL,'2019-04-30 18:27:28.259000',NULL,NULL,NULL),(23,NULL,'2019-05-03 11:07:20.885000','de1b1130-d7fb-4d13-a2b4-60f237ac1b70',NULL,'JOB-ASSET-BEFORE',NULL,NULL,'13','6',NULL,'2019-05-03 11:07:20.885000',NULL,NULL,NULL),(24,NULL,'2019-05-03 11:07:20.886000','de1b1130-d7fb-4d13-a2b4-60f237ac1b70',NULL,'JOB-ASSET-AFTER',NULL,NULL,'13','6',NULL,'2019-05-03 11:07:20.886000',NULL,NULL,NULL);
/*!40000 ALTER TABLE `t_job_assets_doc` ENABLE KEYS */;
UNLOCK TABLES;

--
-- Table structure for table `t_job_chat_history`
--

DROP TABLE IF EXISTS `t_job_chat_history`;
/*!40101 SET @saved_cs_client     = @@character_set_client */;
/*!40101 SET character_set_client = utf8 */;
CREATE TABLE `t_job_chat_history` (
  `id` int(11) NOT NULL AUTO_INCREMENT,
  `created_by` varchar(255) DEFAULT NULL,
  `created_dt` datetime(6) DEFAULT NULL,
  `is_enabled` varchar(255) DEFAULT NULL,
  `t_job_id` varchar(255) DEFAULT NULL,
  `message` varchar(255) DEFAULT NULL,
  `message_time` datetime(6) DEFAULT NULL,
  `modified_by` varchar(255) DEFAULT NULL,
  `modified_dt` datetime(6) DEFAULT NULL,
  `receiver_id` varchar(255) DEFAULT NULL,
  `sender_id` varchar(255) DEFAULT NULL,
  PRIMARY KEY (`id`)
) ENGINE=InnoDB AUTO_INCREMENT=13 DEFAULT CHARSET=latin1;
/*!40101 SET character_set_client = @saved_cs_client */;

--
-- Dumping data for table `t_job_chat_history`
--

LOCK TABLES `t_job_chat_history` WRITE;
/*!40000 ALTER TABLE `t_job_chat_history` DISABLE KEYS */;
INSERT INTO `t_job_chat_history` VALUES (1,NULL,NULL,NULL,'6','Hi',NULL,NULL,NULL,'33','32'),(2,NULL,NULL,NULL,'6','Hello',NULL,NULL,NULL,'33','33'),(3,NULL,NULL,NULL,'47','Hi',NULL,NULL,NULL,'30','32'),(4,NULL,NULL,NULL,'49','Hi',NULL,NULL,NULL,'30','32'),(5,NULL,NULL,NULL,'53','Hi',NULL,NULL,NULL,'30','32'),(6,NULL,NULL,NULL,'70','Hi',NULL,NULL,NULL,'30','32'),(7,NULL,NULL,NULL,'47','Hello',NULL,NULL,NULL,'30','33'),(8,NULL,NULL,NULL,'49','Hello',NULL,NULL,NULL,'30','33'),(9,NULL,NULL,NULL,'53','Hello',NULL,NULL,NULL,'30','33'),(10,NULL,NULL,NULL,'70','Hello',NULL,NULL,NULL,'30','33'),(11,NULL,NULL,NULL,'3','Hi',NULL,NULL,NULL,'30','32'),(12,NULL,NULL,NULL,'3','Hello',NULL,NULL,NULL,'30','33');
/*!40000 ALTER TABLE `t_job_chat_history` ENABLE KEYS */;
UNLOCK TABLES;

--
-- Table structure for table `t_job_docs`
--

DROP TABLE IF EXISTS `t_job_docs`;
/*!40101 SET @saved_cs_client     = @@character_set_client */;
/*!40101 SET character_set_client = utf8 */;
CREATE TABLE `t_job_docs` (
  `id` int(11) NOT NULL AUTO_INCREMENT,
  `created_by` varchar(255) DEFAULT NULL,
  `created_dt` datetime(6) DEFAULT NULL,
  `doc_id` varchar(255) DEFAULT NULL,
  `doc_name` varchar(255) DEFAULT NULL,
  `doc_type_code` varchar(255) DEFAULT NULL,
  `is_enabled` varchar(255) DEFAULT NULL,
  `is_source_onsite` varchar(255) DEFAULT NULL,
  `t_job_id` varchar(255) DEFAULT NULL,
  `modified_by` varchar(255) DEFAULT NULL,
  `modified_dt` datetime(6) DEFAULT NULL,
  `remarks` varchar(255) DEFAULT NULL,
  `upload_dt` datetime(6) DEFAULT NULL,
  `upload_user_id` varchar(255) DEFAULT NULL,
  PRIMARY KEY (`id`)
) ENGINE=InnoDB AUTO_INCREMENT=16 DEFAULT CHARSET=latin1;
/*!40101 SET character_set_client = @saved_cs_client */;

--
-- Dumping data for table `t_job_docs`
--

LOCK TABLES `t_job_docs` WRITE;
/*!40000 ALTER TABLE `t_job_docs` DISABLE KEYS */;
INSERT INTO `t_job_docs` VALUES (8,NULL,'2018-12-11 11:05:45.677000','8a8ebbde-aca2-4ac4-8b7c-0487ee5caab5',NULL,'JOB-SITE-SURVEY',NULL,'N','3',NULL,'2018-12-11 11:05:45.677000',NULL,NULL,NULL),(11,NULL,'2019-04-04 11:39:37.178000','f4e1504a-6166-4319-895c-d53a59d947fa',NULL,'JOB-OTHER',NULL,'N','53',NULL,'2019-04-04 11:39:37.178000',NULL,NULL,NULL),(12,NULL,'2019-04-04 11:39:37.000000','bc08a5ca-9066-49d3-9fe9-7f62200ae0ff',NULL,'JOB-OTHER',NULL,'N','6',NULL,'2019-05-09 14:32:34.358000',NULL,NULL,NULL),(13,NULL,'2019-04-04 11:39:37.000000','f4e1504a-6166-4319-895c-d53a59d947fa',NULL,'JOB-OTHER',NULL,'N','47',NULL,'2019-04-04 11:39:37.000000',NULL,NULL,NULL),(14,NULL,'2019-04-04 11:39:37.000000','f4e1504a-6166-4319-895c-d53a59d947fa',NULL,'JOB-OTHER',NULL,'N','49',NULL,'2019-04-04 11:39:37.000000',NULL,NULL,NULL),(15,NULL,'2019-04-04 11:39:37.000000','f4e1504a-6166-4319-895c-d53a59d947fa',NULL,'JOB-OTHER',NULL,'N','70',NULL,'2019-04-04 11:39:37.000000',NULL,NULL,NULL);
/*!40000 ALTER TABLE `t_job_docs` ENABLE KEYS */;
UNLOCK TABLES;

--
-- Table structure for table `t_job_emp`
--

DROP TABLE IF EXISTS `t_job_emp`;
/*!40101 SET @saved_cs_client     = @@character_set_client */;
/*!40101 SET character_set_client = utf8 */;
CREATE TABLE `t_job_emp` (
  `id` int(11) NOT NULL AUTO_INCREMENT,
  `client_feedback_remarks` varchar(255) DEFAULT NULL,
  `client_feedback_score` int(11) DEFAULT NULL,
  `created_by` varchar(255) DEFAULT NULL,
  `created_dt` datetime(6) DEFAULT NULL,
  `departed_dt` datetime(6) DEFAULT NULL,
  `departed_remarks` varchar(255) DEFAULT NULL,
  `employee_id` int(11) NOT NULL,
  `exp_end_dt` date DEFAULT NULL,
  `exp_start_dt` date DEFAULT NULL,
  `has_departed` varchar(255) DEFAULT NULL,
  `has_reported` varchar(255) DEFAULT NULL,
  `is_enabled` varchar(255) DEFAULT NULL,
  `is_job_acc_complete` varchar(255) DEFAULT NULL,
  `is_job_travel_complete` varchar(255) DEFAULT NULL,
  `modified_by` varchar(255) DEFAULT NULL,
  `modified_dt` datetime(6) DEFAULT NULL,
  `reported_dt` datetime(6) DEFAULT NULL,
  `reported_remarks` varchar(255) DEFAULT NULL,
  `t_job_id` varchar(255) DEFAULT NULL,
  `t_job_profile_id` int(11) DEFAULT NULL,
  PRIMARY KEY (`id`)
) ENGINE=InnoDB AUTO_INCREMENT=37 DEFAULT CHARSET=latin1;
/*!40101 SET character_set_client = @saved_cs_client */;

--
-- Dumping data for table `t_job_emp`
--

LOCK TABLES `t_job_emp` WRITE;
/*!40000 ALTER TABLE `t_job_emp` DISABLE KEYS */;
INSERT INTO `t_job_emp` VALUES (4,NULL,NULL,NULL,'2018-12-11 11:37:02.000000',NULL,NULL,1,NULL,NULL,NULL,NULL,NULL,NULL,NULL,NULL,'2018-12-11 11:37:02.000000',NULL,NULL,'37',1),(5,NULL,NULL,NULL,'2018-12-11 11:37:02.000000',NULL,NULL,2,NULL,NULL,NULL,NULL,NULL,NULL,NULL,NULL,'2018-12-11 11:37:02.000000',NULL,NULL,'37',1),(6,NULL,NULL,NULL,'2019-03-19 17:22:44.838000',NULL,NULL,99,'2019-03-26','2019-03-22',NULL,NULL,NULL,NULL,NULL,NULL,'2019-03-19 17:22:44.838000',NULL,NULL,'38',1),(9,NULL,NULL,NULL,'2019-03-19 17:25:17.203000',NULL,NULL,1,'2019-03-24','2019-03-20',NULL,NULL,NULL,NULL,NULL,NULL,'2019-03-19 17:25:17.203000',NULL,NULL,'39',1),(10,NULL,NULL,NULL,'2019-03-19 17:25:17.207000',NULL,NULL,99,'2019-03-23','2019-03-20',NULL,NULL,NULL,NULL,NULL,NULL,'2019-03-19 17:25:17.207000',NULL,NULL,'39',1),(11,NULL,NULL,NULL,'2019-03-19 18:37:10.015000',NULL,NULL,3,'2019-03-21','2019-03-19',NULL,NULL,NULL,NULL,NULL,NULL,'2019-03-19 18:37:10.015000',NULL,NULL,'35',1),(12,NULL,NULL,NULL,'2019-03-19 18:37:10.021000',NULL,NULL,4,'2019-03-21','2019-03-20',NULL,NULL,NULL,NULL,NULL,NULL,'2019-03-19 18:37:10.021000',NULL,NULL,'35',2),(13,NULL,NULL,NULL,'2019-03-19 18:47:09.440000',NULL,NULL,1,'2019-03-20','2019-03-19',NULL,NULL,NULL,NULL,NULL,NULL,'2019-03-19 18:47:09.440000',NULL,NULL,'40',2),(14,NULL,NULL,NULL,'2019-03-19 18:47:09.450000',NULL,NULL,22,'2019-03-27','2019-03-26',NULL,NULL,NULL,NULL,NULL,NULL,'2019-03-19 18:47:09.450000',NULL,NULL,'40',2),(15,'good',7,NULL,'2019-03-20 13:01:58.886000',NULL,NULL,22,'2019-03-23','2019-03-21',NULL,'Y',NULL,NULL,'Y',NULL,'2019-05-02 18:01:57.143000','2019-03-20 13:03:28.131000','REPORTED','47',1),(16,NULL,NULL,NULL,'2019-03-20 14:31:35.649000',NULL,NULL,23,'2019-04-01','2019-03-31',NULL,NULL,NULL,NULL,NULL,NULL,'2019-03-20 14:31:35.649000',NULL,NULL,'49',1),(17,'good',10,NULL,'2019-03-26 19:25:05.490000',NULL,NULL,99,'2019-03-30','2019-03-27',NULL,'Y',NULL,NULL,'Y',NULL,'2019-05-02 17:54:46.128000','2019-05-02 17:54:46.127000','REPORTED','53',1),(18,'poor',2,NULL,'2019-03-26 19:25:05.507000',NULL,NULL,17,'2019-03-30','2019-03-27',NULL,NULL,NULL,'Y',NULL,NULL,'2019-05-02 18:02:23.825000',NULL,NULL,'53',68),(22,NULL,NULL,NULL,'2019-03-27 13:46:02.333000',NULL,NULL,99,'2019-04-06','2019-04-02',NULL,NULL,NULL,NULL,NULL,NULL,'2019-03-27 13:46:02.333000',NULL,NULL,'56',1),(23,NULL,NULL,NULL,'2019-03-27 13:46:02.338000',NULL,NULL,22,'2019-04-05','2019-04-03',NULL,NULL,NULL,NULL,NULL,NULL,'2019-03-27 13:46:02.338000',NULL,NULL,'56',2),(27,NULL,NULL,NULL,'2019-03-27 14:14:50.053000',NULL,NULL,99,'2019-04-03','2019-04-02','N',NULL,NULL,'N','N',NULL,'2019-03-28 10:33:27.934000',NULL,NULL,'56',17),(28,NULL,NULL,NULL,'2019-03-27 16:12:25.563000',NULL,NULL,4,NULL,NULL,NULL,NULL,NULL,NULL,NULL,NULL,'2019-03-27 16:12:25.563000',NULL,NULL,'59',1),(29,NULL,NULL,NULL,'2019-03-27 16:12:25.573000',NULL,NULL,17,NULL,NULL,NULL,NULL,NULL,NULL,NULL,NULL,'2019-03-27 16:12:25.573000',NULL,NULL,'59',7),(30,NULL,NULL,NULL,'2019-03-27 16:12:25.582000',NULL,NULL,22,NULL,NULL,NULL,NULL,NULL,NULL,NULL,NULL,'2019-03-27 16:12:25.582000',NULL,NULL,'59',1),(31,NULL,NULL,NULL,'2019-03-27 16:41:19.089000',NULL,NULL,22,NULL,NULL,NULL,NULL,NULL,NULL,NULL,NULL,'2019-03-27 16:41:19.089000',NULL,NULL,'60',39),(33,NULL,NULL,NULL,'2019-05-03 11:06:14.125000',NULL,NULL,2,'2019-03-15','2018-12-04',NULL,NULL,NULL,NULL,NULL,NULL,'2019-05-03 11:06:14.125000',NULL,NULL,'6',1),(34,NULL,NULL,NULL,'2019-05-03 11:06:14.131000',NULL,NULL,1,'2019-03-15','2018-12-04',NULL,NULL,NULL,NULL,NULL,NULL,'2019-05-03 11:06:14.131000',NULL,NULL,'6',2),(35,NULL,NULL,NULL,'2019-08-02 17:33:40.202000',NULL,NULL,216,NULL,NULL,NULL,NULL,NULL,NULL,NULL,NULL,'2019-08-02 17:33:40.202000',NULL,NULL,'3',1),(36,NULL,NULL,NULL,NULL,NULL,NULL,4,NULL,NULL,NULL,NULL,NULL,NULL,NULL,NULL,NULL,NULL,NULL,'3',1);
/*!40000 ALTER TABLE `t_job_emp` ENABLE KEYS */;
UNLOCK TABLES;

--
-- Table structure for table `t_job_emp_comp_matrix`
--

DROP TABLE IF EXISTS `t_job_emp_comp_matrix`;
/*!40101 SET @saved_cs_client     = @@character_set_client */;
/*!40101 SET character_set_client = utf8 */;
CREATE TABLE `t_job_emp_comp_matrix` (
  `id` int(11) NOT NULL AUTO_INCREMENT,
  `created_by` varchar(255) DEFAULT NULL,
  `created_dt` datetime(6) DEFAULT NULL,
  `is_enabled` varchar(255) DEFAULT NULL,
  `is_matched` varchar(255) DEFAULT NULL,
  `m_product_id` varchar(255) DEFAULT NULL,
  `m_service_id` varchar(255) DEFAULT NULL,
  `modified_by` varchar(255) DEFAULT NULL,
  `modified_dt` datetime(6) DEFAULT NULL,
  `skill_level` varchar(255) DEFAULT NULL,
  `t_job_emp_id` varchar(255) DEFAULT NULL,
  PRIMARY KEY (`id`)
) ENGINE=InnoDB DEFAULT CHARSET=latin1;
/*!40101 SET character_set_client = @saved_cs_client */;

--
-- Dumping data for table `t_job_emp_comp_matrix`
--

LOCK TABLES `t_job_emp_comp_matrix` WRITE;
/*!40000 ALTER TABLE `t_job_emp_comp_matrix` DISABLE KEYS */;
/*!40000 ALTER TABLE `t_job_emp_comp_matrix` ENABLE KEYS */;
UNLOCK TABLES;

--
-- Table structure for table `t_job_material`
--

DROP TABLE IF EXISTS `t_job_material`;
/*!40101 SET @saved_cs_client     = @@character_set_client */;
/*!40101 SET character_set_client = utf8 */;
CREATE TABLE `t_job_material` (
  `id` int(11) NOT NULL AUTO_INCREMENT,
  `created_by` varchar(255) DEFAULT NULL,
  `created_dt` datetime(6) DEFAULT NULL,
  `is_enabled` varchar(255) DEFAULT NULL,
  `t_job_id` varchar(255) DEFAULT NULL,
  `material_quantity` varchar(255) DEFAULT NULL,
  `material_type_order` varchar(255) DEFAULT NULL,
  `modified_by` varchar(255) DEFAULT NULL,
  `modified_dt` datetime(6) DEFAULT NULL,
  `task_type_order` int(11) DEFAULT NULL,
  PRIMARY KEY (`id`)
) ENGINE=InnoDB AUTO_INCREMENT=28 DEFAULT CHARSET=latin1;
/*!40101 SET character_set_client = @saved_cs_client */;

--
-- Dumping data for table `t_job_material`
--

LOCK TABLES `t_job_material` WRITE;
/*!40000 ALTER TABLE `t_job_material` DISABLE KEYS */;
INSERT INTO `t_job_material` VALUES (1,NULL,'2018-12-11 11:37:05.092000',NULL,'5',NULL,'1',NULL,'2018-12-11 11:37:05.092000',NULL),(2,NULL,'2019-03-19 17:22:44.873000',NULL,'38','10','1',NULL,'2019-03-19 17:22:44.873000',NULL),(3,NULL,'2019-03-19 17:22:44.885000',NULL,'38','10','1',NULL,'2019-03-19 17:22:44.885000',NULL),(4,NULL,'2019-03-19 17:22:46.493000',NULL,'38','10','1',NULL,'2019-03-19 17:22:46.493000',NULL),(5,NULL,'2019-03-19 17:22:46.504000',NULL,'38','10','1',NULL,'2019-03-19 17:22:46.504000',NULL),(6,NULL,'2019-03-19 17:22:47.534000',NULL,'38','10','1',NULL,'2019-03-19 17:22:47.534000',NULL),(7,NULL,'2019-03-19 17:22:47.542000',NULL,'38','10','1',NULL,'2019-03-19 17:22:47.542000',NULL),(8,NULL,'2019-03-19 17:25:17.214000',NULL,'39','2','1',NULL,'2019-03-19 17:25:17.214000',NULL),(9,NULL,'2019-03-19 18:37:10.028000',NULL,'35','10','1',NULL,'2019-03-19 18:37:10.028000',NULL),(10,NULL,'2019-03-19 18:37:10.033000',NULL,'35','10','1',NULL,'2019-03-19 18:37:10.033000',NULL),(11,NULL,'2019-03-19 18:47:09.469000',NULL,'40','a','1',NULL,'2019-03-19 18:47:09.469000',NULL),(12,NULL,'2019-03-20 13:01:58.906000',NULL,'47','2','1',NULL,'2019-03-20 13:01:58.906000',NULL),(13,NULL,'2019-03-20 14:31:35.661000',NULL,'49','4','1',NULL,'2019-03-27 13:20:14.881000',NULL),(14,NULL,'2019-03-26 19:25:05.536000',NULL,'53','2','M-001',NULL,'2019-03-27 13:22:12.906000',NULL),(15,NULL,'2019-03-27 11:21:06.077000',NULL,'53','2','A-001',NULL,'2019-03-27 13:24:00.014000',NULL),(16,NULL,'2019-03-27 11:21:06.083000',NULL,'53','1','GO-01',NULL,'2019-03-27 13:24:16.643000',NULL),(17,NULL,'2019-03-27 11:21:06.088000',NULL,'53','3','PRO-11',NULL,'2019-03-27 13:24:30.203000',NULL),(18,NULL,'2019-03-27 13:24:49.528000',NULL,'53','5','PRO-13',NULL,'2019-03-29 12:33:16.345000',NULL),(19,NULL,'2019-03-27 13:46:02.346000',NULL,'56','10','9',NULL,'2019-03-27 13:46:02.346000',NULL),(20,NULL,'2019-03-27 13:46:02.354000',NULL,'56','10','10',NULL,'2019-03-27 13:46:02.354000',NULL),(21,NULL,'2019-03-27 13:46:02.359000',NULL,'56','5',NULL,NULL,'2019-03-27 13:46:02.359000',NULL),(22,NULL,'2019-03-27 16:12:25.602000',NULL,'59','1','M-001',NULL,'2019-03-27 16:12:25.602000',NULL),(23,NULL,'2019-03-27 16:12:25.621000',NULL,'59','1','A-001',NULL,'2019-03-27 16:12:25.621000',NULL),(24,NULL,'2019-03-27 16:41:19.102000',NULL,'3','4','A-001',NULL,'2019-03-27 16:41:19.102000',NULL),(25,NULL,'2019-03-27 16:41:19.107000',NULL,'3','10','M-001',NULL,'2019-03-27 16:41:19.107000',NULL),(26,NULL,'2019-05-03 11:06:14.144000',NULL,'6','4','PRO-13',NULL,'2019-05-03 11:06:14.145000',NULL),(27,NULL,'2019-08-02 17:33:40.211000',NULL,'5',NULL,NULL,NULL,'2019-08-02 17:33:40.211000',NULL);
/*!40000 ALTER TABLE `t_job_material` ENABLE KEYS */;
UNLOCK TABLES;

--
-- Table structure for table `t_job_milestone`
--

DROP TABLE IF EXISTS `t_job_milestone`;
/*!40101 SET @saved_cs_client     = @@character_set_client */;
/*!40101 SET character_set_client = utf8 */;
CREATE TABLE `t_job_milestone` (
  `id` int(11) NOT NULL AUTO_INCREMENT,
  `created_by` varchar(255) DEFAULT NULL,
  `created_dt` datetime(6) DEFAULT NULL,
  `is_enabled` varchar(255) DEFAULT NULL,
  `t_job_id` int(11) DEFAULT NULL,
  `milestone_desc` varchar(255) DEFAULT NULL,
  `milestone_name` varchar(255) DEFAULT NULL,
  `milestone_order` varchar(255) DEFAULT NULL,
  `milestone_status` varchar(255) DEFAULT NULL,
  `modified_by` varchar(255) DEFAULT NULL,
  `modified_dt` datetime(6) DEFAULT NULL,
  `progress` int(11) DEFAULT NULL,
  PRIMARY KEY (`id`),
  KEY `FKddh8jq88nrmjjov2ys5fks7if` (`t_job_id`),
  CONSTRAINT `FKddh8jq88nrmjjov2ys5fks7if` FOREIGN KEY (`t_job_id`) REFERENCES `t_job` (`id`)
) ENGINE=InnoDB AUTO_INCREMENT=34 DEFAULT CHARSET=latin1;
/*!40101 SET character_set_client = @saved_cs_client */;

--
-- Dumping data for table `t_job_milestone`
--

LOCK TABLES `t_job_milestone` WRITE;
/*!40000 ALTER TABLE `t_job_milestone` DISABLE KEYS */;
INSERT INTO `t_job_milestone` VALUES (4,NULL,'2018-12-10 09:24:11.553000',NULL,3,NULL,'Bay1',NULL,NULL,NULL,'2018-12-10 09:36:19.778000',50),(5,NULL,'2018-12-10 09:24:11.636000',NULL,3,NULL,'Bay2',NULL,NULL,NULL,'2018-12-10 09:24:11.636000',NULL),(8,NULL,'2019-02-02 14:45:11.155000',NULL,6,NULL,'task 1',NULL,NULL,NULL,'2019-02-02 14:45:11.155000',NULL),(9,NULL,'2019-02-02 14:45:11.968000',NULL,6,NULL,'task 1',NULL,NULL,NULL,'2019-02-02 14:45:11.968000',NULL),(10,NULL,'2019-02-02 14:45:58.329000',NULL,6,NULL,'task 1',NULL,NULL,NULL,'2019-02-02 14:45:58.329000',NULL),(11,NULL,'2019-02-02 14:45:59.382000',NULL,6,NULL,'task2',NULL,NULL,NULL,'2019-02-02 14:45:59.382000',NULL),(19,NULL,'2019-03-20 14:33:17.999000',NULL,49,NULL,'test1',NULL,NULL,NULL,'2019-03-20 14:33:17.999000',NULL),(20,NULL,'2019-03-20 14:33:18.019000',NULL,49,NULL,'test2',NULL,NULL,NULL,'2019-03-20 14:33:18.019000',NULL),(21,NULL,'2019-03-20 14:33:18.037000',NULL,49,NULL,'test3',NULL,NULL,NULL,'2019-03-20 14:33:18.037000',NULL),(22,NULL,'2019-03-26 19:26:09.798000',NULL,53,NULL,'TECH',NULL,NULL,NULL,'2019-03-26 19:26:09.798000',NULL),(23,NULL,'2019-03-26 19:26:09.821000',NULL,53,NULL,'TECH2',NULL,NULL,NULL,'2019-03-26 19:26:09.821000',NULL),(25,NULL,'2019-04-30 19:02:05.126000',NULL,70,NULL,'main task',NULL,NULL,NULL,'2019-05-02 18:03:21.681000',NULL),(26,NULL,'2019-04-30 19:02:37.769000',NULL,70,NULL,'m1',NULL,NULL,NULL,'2019-04-30 19:02:37.769000',NULL),(27,NULL,'2019-04-30 19:02:39.297000',NULL,70,NULL,'m2',NULL,NULL,NULL,'2019-04-30 19:02:39.297000',NULL),(28,NULL,'2019-04-30 19:03:06.808000',NULL,70,NULL,'m3',NULL,NULL,NULL,'2019-04-30 19:03:06.808000',NULL),(29,NULL,'2019-05-02 17:58:13.026000',NULL,47,NULL,'m1',NULL,NULL,NULL,'2019-05-03 11:09:15.952000',NULL),(30,NULL,'2019-05-02 17:58:13.030000',NULL,47,NULL,'m2',NULL,NULL,NULL,'2019-05-03 11:09:15.971000',NULL),(31,NULL,'2019-05-02 17:58:13.739000',NULL,47,NULL,'m3',NULL,NULL,NULL,'2019-05-03 11:09:15.991000',NULL),(32,NULL,'2019-05-02 17:58:14.011000',NULL,47,NULL,'m4',NULL,NULL,NULL,'2019-05-03 11:09:16.005000',NULL),(33,NULL,'2019-05-02 17:58:14.358000',NULL,47,NULL,'m5',NULL,NULL,NULL,'2019-05-03 11:09:16.018000',NULL);
/*!40000 ALTER TABLE `t_job_milestone` ENABLE KEYS */;
UNLOCK TABLES;

--
-- Table structure for table `t_job_plan_assets`
--

DROP TABLE IF EXISTS `t_job_plan_assets`;
/*!40101 SET @saved_cs_client     = @@character_set_client */;
/*!40101 SET character_set_client = utf8 */;
CREATE TABLE `t_job_plan_assets` (
  `id` int(11) NOT NULL AUTO_INCREMENT,
  `asset_id` varchar(255) DEFAULT NULL,
  `comments` varchar(255) DEFAULT NULL,
  `created_by` varchar(255) DEFAULT NULL,
  `created_dt` datetime(6) DEFAULT NULL,
  `from_dt` date DEFAULT NULL,
  `is_enabled` varchar(255) DEFAULT NULL,
  `t_job_id` varchar(255) DEFAULT NULL,
  `m_employee_id` varchar(255) DEFAULT NULL,
  `modified_by` varchar(255) DEFAULT NULL,
  `modified_dt` datetime(6) DEFAULT NULL,
  `to_dt` date DEFAULT NULL,
  PRIMARY KEY (`id`)
) ENGINE=InnoDB AUTO_INCREMENT=2 DEFAULT CHARSET=latin1;
/*!40101 SET character_set_client = @saved_cs_client */;

--
-- Dumping data for table `t_job_plan_assets`
--

LOCK TABLES `t_job_plan_assets` WRITE;
/*!40000 ALTER TABLE `t_job_plan_assets` DISABLE KEYS */;
INSERT INTO `t_job_plan_assets` VALUES (1,'5','test',NULL,NULL,NULL,NULL,'5',NULL,NULL,NULL,NULL);
/*!40000 ALTER TABLE `t_job_plan_assets` ENABLE KEYS */;
UNLOCK TABLES;

--
-- Table structure for table `t_job_plan_emp`
--

DROP TABLE IF EXISTS `t_job_plan_emp`;
/*!40101 SET @saved_cs_client     = @@character_set_client */;
/*!40101 SET character_set_client = utf8 */;
CREATE TABLE `t_job_plan_emp` (
  `id` int(11) NOT NULL AUTO_INCREMENT,
  `comptability_score` varchar(255) DEFAULT NULL,
  `created_by` varchar(255) DEFAULT NULL,
  `created_dt` datetime(6) DEFAULT NULL,
  `distance_to_location` varchar(255) DEFAULT NULL,
  `employee_id` varchar(255) DEFAULT NULL,
  `end_dt` date DEFAULT NULL,
  `is_enabled` varchar(255) DEFAULT NULL,
  `t_job_id` int(11) DEFAULT NULL,
  `modified_by` varchar(255) DEFAULT NULL,
  `modified_dt` datetime(6) DEFAULT NULL,
  `profile_id` varchar(255) DEFAULT NULL,
  `start_dt` date DEFAULT NULL,
  PRIMARY KEY (`id`),
  KEY `FK6j59lnj220x3bcw9b91ikm5rk` (`t_job_id`)
) ENGINE=InnoDB AUTO_INCREMENT=184 DEFAULT CHARSET=latin1;
/*!40101 SET character_set_client = @saved_cs_client */;

--
-- Dumping data for table `t_job_plan_emp`
--

LOCK TABLES `t_job_plan_emp` WRITE;
/*!40000 ALTER TABLE `t_job_plan_emp` DISABLE KEYS */;
INSERT INTO `t_job_plan_emp` VALUES (26,'0',NULL,'2018-12-11 11:28:55.788000','0','4',NULL,NULL,5,NULL,'2018-12-11 11:29:04.946000','1',NULL),(27,NULL,NULL,'2018-12-11 13:56:52.842000',NULL,NULL,NULL,NULL,2,NULL,'2018-12-11 13:56:52.842000','1',NULL),(28,NULL,NULL,'2018-12-11 13:56:52.843000',NULL,NULL,NULL,NULL,2,NULL,'2018-12-11 13:56:52.843000','4',NULL),(29,'0',NULL,'2019-03-16 16:14:02.800000','0','4','2019-03-24',NULL,16,NULL,'2019-03-16 16:16:24.787000','1','2019-03-21'),(30,NULL,NULL,'2019-03-16 17:02:11.614000',NULL,NULL,NULL,NULL,22,NULL,'2019-03-16 17:02:11.614000','1',NULL),(31,NULL,NULL,'2019-03-16 17:02:11.616000',NULL,NULL,NULL,NULL,22,NULL,'2019-03-16 17:02:11.616000','1',NULL),(32,NULL,NULL,'2019-03-16 17:02:11.621000',NULL,NULL,NULL,NULL,22,NULL,'2019-03-16 17:02:11.621000','1',NULL),(33,NULL,NULL,'2019-03-16 17:02:11.623000',NULL,NULL,NULL,NULL,22,NULL,'2019-03-16 17:02:11.623000','1',NULL),(34,NULL,NULL,'2019-03-16 17:02:11.624000',NULL,NULL,NULL,NULL,22,NULL,'2019-03-16 17:02:11.624000','1',NULL),(35,NULL,NULL,'2019-03-16 17:02:11.624000',NULL,NULL,NULL,NULL,22,NULL,'2019-03-16 17:02:11.624000','1',NULL),(36,NULL,NULL,'2019-03-16 17:02:11.625000',NULL,NULL,NULL,NULL,22,NULL,'2019-03-16 17:02:11.625000','1',NULL),(37,NULL,NULL,'2019-03-16 17:02:11.626000',NULL,NULL,NULL,NULL,22,NULL,'2019-03-16 17:02:11.626000','1',NULL),(38,NULL,NULL,'2019-03-16 17:02:11.627000',NULL,NULL,NULL,NULL,22,NULL,'2019-03-16 17:02:11.627000','1',NULL),(39,NULL,NULL,'2019-03-16 17:02:11.627000',NULL,NULL,NULL,NULL,22,NULL,'2019-03-16 17:02:11.627000','1',NULL),(40,NULL,NULL,'2019-03-16 17:02:11.628000',NULL,NULL,NULL,NULL,22,NULL,'2019-03-16 17:02:11.628000','2',NULL),(41,NULL,NULL,'2019-03-16 17:02:11.629000',NULL,NULL,NULL,NULL,22,NULL,'2019-03-16 17:02:11.629000','2',NULL),(42,NULL,NULL,'2019-03-16 17:02:11.629000',NULL,NULL,NULL,NULL,22,NULL,'2019-03-16 17:02:11.629000','2',NULL),(43,NULL,NULL,'2019-03-16 17:02:11.630000',NULL,NULL,NULL,NULL,22,NULL,'2019-03-16 17:02:11.630000','2',NULL),(44,NULL,NULL,'2019-03-16 17:02:11.631000',NULL,NULL,NULL,NULL,22,NULL,'2019-03-16 17:02:11.631000','2',NULL),(45,NULL,NULL,'2019-03-16 17:02:11.631000',NULL,NULL,NULL,NULL,22,NULL,'2019-03-16 17:02:11.631000','2',NULL),(46,NULL,NULL,'2019-03-16 17:02:11.632000',NULL,NULL,NULL,NULL,22,NULL,'2019-03-16 17:02:11.632000','2',NULL),(47,NULL,NULL,'2019-03-16 17:02:11.633000',NULL,NULL,NULL,NULL,22,NULL,'2019-03-16 17:02:11.633000','2',NULL),(48,NULL,NULL,'2019-03-16 17:02:11.634000',NULL,NULL,NULL,NULL,22,NULL,'2019-03-16 17:02:11.634000','2',NULL),(49,NULL,NULL,'2019-03-16 17:02:11.634000',NULL,NULL,NULL,NULL,22,NULL,'2019-03-16 17:02:11.634000','2',NULL),(50,NULL,NULL,'2019-03-18 12:29:24.855000',NULL,NULL,NULL,NULL,28,NULL,'2019-03-18 12:29:24.855000','1',NULL),(51,NULL,NULL,'2019-03-18 12:29:24.857000',NULL,NULL,NULL,NULL,28,NULL,'2019-03-18 12:29:24.857000','1',NULL),(52,NULL,NULL,'2019-03-18 12:29:24.858000',NULL,NULL,NULL,NULL,28,NULL,'2019-03-18 12:29:24.858000','1',NULL),(53,NULL,NULL,'2019-03-18 12:29:24.858000',NULL,NULL,NULL,NULL,28,NULL,'2019-03-18 12:29:24.858000','1',NULL),(54,NULL,NULL,'2019-03-18 12:29:24.859000',NULL,NULL,NULL,NULL,28,NULL,'2019-03-18 12:29:24.859000','1',NULL),(55,NULL,NULL,'2019-03-18 12:29:24.860000',NULL,NULL,NULL,NULL,28,NULL,'2019-03-18 12:29:24.860000','1',NULL),(56,NULL,NULL,'2019-03-18 12:29:24.864000',NULL,NULL,NULL,NULL,28,NULL,'2019-03-18 12:29:24.864000','1',NULL),(57,NULL,NULL,'2019-03-18 12:29:24.865000',NULL,NULL,NULL,NULL,28,NULL,'2019-03-18 12:29:24.865000','1',NULL),(58,NULL,NULL,'2019-03-18 12:29:24.865000',NULL,NULL,NULL,NULL,28,NULL,'2019-03-18 12:29:24.865000','1',NULL),(59,NULL,NULL,'2019-03-18 12:29:24.866000',NULL,NULL,NULL,NULL,28,NULL,'2019-03-18 12:29:24.866000','1',NULL),(60,NULL,NULL,'2019-03-18 12:29:24.866000',NULL,NULL,NULL,NULL,28,NULL,'2019-03-18 12:29:24.866000','2',NULL),(61,NULL,NULL,'2019-03-18 12:29:24.867000',NULL,NULL,NULL,NULL,28,NULL,'2019-03-18 12:29:24.867000','2',NULL),(62,NULL,NULL,'2019-03-18 12:29:24.868000',NULL,NULL,NULL,NULL,28,NULL,'2019-03-18 12:29:24.868000','2',NULL),(63,NULL,NULL,'2019-03-18 12:29:24.869000',NULL,NULL,NULL,NULL,28,NULL,'2019-03-18 12:29:24.869000','2',NULL),(64,NULL,NULL,'2019-03-18 12:29:24.870000',NULL,NULL,NULL,NULL,28,NULL,'2019-03-18 12:29:24.870000','2',NULL),(65,NULL,NULL,'2019-03-18 12:29:24.870000',NULL,NULL,NULL,NULL,28,NULL,'2019-03-18 12:29:24.870000','2',NULL),(66,NULL,NULL,'2019-03-18 12:29:24.871000',NULL,NULL,NULL,NULL,28,NULL,'2019-03-18 12:29:24.871000','2',NULL),(67,NULL,NULL,'2019-03-18 12:29:24.872000',NULL,NULL,NULL,NULL,28,NULL,'2019-03-18 12:29:24.872000','2',NULL),(68,NULL,NULL,'2019-03-18 12:29:24.872000',NULL,NULL,NULL,NULL,28,NULL,'2019-03-18 12:29:24.872000','2',NULL),(69,NULL,NULL,'2019-03-18 12:29:24.873000',NULL,NULL,NULL,NULL,28,NULL,'2019-03-18 12:29:24.873000','2',NULL),(70,'0',NULL,'2019-03-18 13:24:37.777000','0','4','2019-03-22',NULL,33,NULL,'2019-03-18 13:25:24.686000','1','2019-03-11'),(71,'0',NULL,'2019-03-18 13:24:37.780000','0','22','2019-03-15',NULL,33,NULL,'2019-03-18 13:25:24.730000','1','2019-03-11'),(72,NULL,NULL,'2019-03-18 13:24:37.782000',NULL,NULL,NULL,NULL,33,NULL,'2019-03-18 13:24:37.782000','1',NULL),(73,NULL,NULL,'2019-03-18 13:24:37.783000',NULL,NULL,NULL,NULL,33,NULL,'2019-03-18 13:24:37.783000','1',NULL),(74,NULL,NULL,'2019-03-18 13:24:37.784000',NULL,NULL,NULL,NULL,33,NULL,'2019-03-18 13:24:37.784000','1',NULL),(75,NULL,NULL,'2019-03-18 13:24:37.785000',NULL,NULL,NULL,NULL,33,NULL,'2019-03-18 13:24:37.785000','1',NULL),(76,NULL,NULL,'2019-03-18 13:24:37.786000',NULL,NULL,NULL,NULL,33,NULL,'2019-03-18 13:24:37.786000','1',NULL),(77,NULL,NULL,'2019-03-18 13:24:37.786000',NULL,NULL,NULL,NULL,33,NULL,'2019-03-18 13:24:37.786000','1',NULL),(78,NULL,NULL,'2019-03-18 13:24:37.787000',NULL,NULL,NULL,NULL,33,NULL,'2019-03-18 13:24:37.787000','1',NULL),(79,NULL,NULL,'2019-03-18 13:24:37.788000',NULL,NULL,NULL,NULL,33,NULL,'2019-03-18 13:24:37.788000','1',NULL),(80,NULL,NULL,'2019-03-18 13:24:37.789000',NULL,NULL,NULL,NULL,33,NULL,'2019-03-18 13:24:37.789000','2',NULL),(81,NULL,NULL,'2019-03-18 13:24:37.789000',NULL,NULL,NULL,NULL,33,NULL,'2019-03-18 13:24:37.789000','2',NULL),(82,NULL,NULL,'2019-03-18 13:24:37.790000',NULL,NULL,NULL,NULL,33,NULL,'2019-03-18 13:24:37.790000','2',NULL),(83,NULL,NULL,'2019-03-18 13:24:37.791000',NULL,NULL,NULL,NULL,33,NULL,'2019-03-18 13:24:37.791000','2',NULL),(84,NULL,NULL,'2019-03-18 13:24:37.792000',NULL,NULL,NULL,NULL,33,NULL,'2019-03-18 13:24:37.792000','2',NULL),(85,NULL,NULL,'2019-03-18 13:24:37.793000',NULL,NULL,NULL,NULL,33,NULL,'2019-03-18 13:24:37.793000','2',NULL),(86,NULL,NULL,'2019-03-18 13:24:37.794000',NULL,NULL,NULL,NULL,33,NULL,'2019-03-18 13:24:37.794000','2',NULL),(87,NULL,NULL,'2019-03-18 13:24:37.796000',NULL,NULL,NULL,NULL,33,NULL,'2019-03-18 13:24:37.796000','2',NULL),(88,NULL,NULL,'2019-03-18 13:24:37.797000',NULL,NULL,NULL,NULL,33,NULL,'2019-03-18 13:24:37.797000','2',NULL),(89,NULL,NULL,'2019-03-18 13:24:37.797000',NULL,NULL,NULL,NULL,33,NULL,'2019-03-18 13:24:37.797000','2',NULL),(90,'0',NULL,'2019-03-18 15:59:00.635000','0','3','2019-03-21',NULL,35,NULL,'2019-03-18 15:59:55.268000','1','2019-03-19'),(91,'0',NULL,'2019-03-18 15:59:00.637000','0','4','2019-03-21',NULL,35,NULL,'2019-03-18 15:59:55.287000','2','2019-03-20'),(92,'0',NULL,'2019-03-19 10:45:07.374000','0','1','2019-03-20',NULL,36,NULL,'2019-03-19 10:46:22.601000','1','2019-03-19'),(93,'0',NULL,'2019-03-19 10:45:07.376000','0','2','2019-03-20',NULL,36,NULL,'2019-03-19 10:46:22.622000','2','2019-03-19'),(98,NULL,NULL,'2019-03-19 14:53:57.818000',NULL,NULL,NULL,NULL,32,NULL,'2019-03-19 14:53:57.818000','1',NULL),(100,'0',NULL,'2019-03-19 16:09:42.598000','0','23','2019-03-26',NULL,38,NULL,'2019-03-19 16:10:18.058000','1','2019-03-22'),(101,'0',NULL,'2019-03-19 17:24:00.275000','0','1','2019-03-24',NULL,39,NULL,'2019-03-19 17:24:48.759000','1','2019-03-20'),(102,'0',NULL,'2019-03-19 17:24:00.278000','0','23','2019-03-23',NULL,39,NULL,'2019-03-19 17:24:48.789000','1','2019-03-20'),(104,'0',NULL,'2019-03-19 18:31:02.476000','0','1','2019-03-29',NULL,41,NULL,'2019-03-19 18:31:53.855000','2','2019-03-26'),(105,'0',NULL,'2019-03-19 18:31:02.477000','0','24','2019-03-28',NULL,41,NULL,'2019-03-19 18:31:53.877000','2','2019-03-25'),(106,'0',NULL,'2019-03-19 18:33:07.279000','0','1','2019-03-26',NULL,42,NULL,'2019-03-19 18:33:49.367000','1','2019-03-25'),(107,'0',NULL,'2019-03-19 18:33:07.280000','0','22','2019-03-30',NULL,42,NULL,'2019-03-19 18:33:49.388000','7','2019-03-27'),(108,'0',NULL,'2019-03-19 18:35:07.448000','0','1','2019-03-27',NULL,43,NULL,'2019-03-19 18:35:44.065000','1','2019-03-25'),(109,'0',NULL,'2019-03-19 18:35:07.450000','0','22','2019-03-30',NULL,43,NULL,'2019-03-19 18:35:44.078000','2','2019-03-28'),(110,'0',NULL,'2019-03-19 18:38:16.089000','0','1','2019-03-26',NULL,44,NULL,'2019-03-19 18:38:41.188000','1','2019-03-20'),(111,'0',NULL,'2019-03-19 18:46:24.891000','0','1','2019-03-20',NULL,40,NULL,'2019-03-19 18:47:01.225000','2','2019-03-19'),(112,'0',NULL,'2019-03-19 18:46:24.892000','0','22','2019-03-27',NULL,40,NULL,'2019-03-19 18:47:01.252000','2','2019-03-26'),(113,'0',NULL,'2019-03-20 13:01:05.597000','0','22','2019-03-23',NULL,47,NULL,'2019-03-20 13:01:28.641000','1','2019-03-21'),(127,NULL,NULL,'2019-03-21 17:47:04.261000',NULL,'23','2019-03-20',NULL,49,NULL,'2019-03-21 18:38:03.472000','1','2019-03-19'),(128,NULL,NULL,'2019-03-21 17:47:04.262000',NULL,'22',NULL,NULL,49,NULL,'2019-03-28 12:13:40.051000','5',NULL),(131,NULL,NULL,'2019-03-22 13:19:07.629000',NULL,NULL,NULL,NULL,50,NULL,'2019-03-22 13:19:07.629000','5',NULL),(135,NULL,NULL,'2019-03-22 13:20:58.265000',NULL,NULL,NULL,NULL,51,NULL,'2019-03-22 13:20:58.265000','1',NULL),(136,NULL,NULL,'2019-03-22 13:20:58.265000',NULL,NULL,NULL,NULL,51,NULL,'2019-03-22 13:20:58.266000','7',NULL),(137,NULL,NULL,'2019-03-22 13:20:58.266000',NULL,NULL,NULL,NULL,51,NULL,'2019-03-22 13:20:58.266000','5',NULL),(138,NULL,NULL,'2019-03-26 14:43:34.480000',NULL,NULL,NULL,NULL,52,NULL,'2019-03-26 14:43:34.480000','1',NULL),(143,'100',NULL,'2019-03-26 19:14:52.401000','0','23','2019-03-30',NULL,53,NULL,'2019-03-26 19:24:40.492000','1','2019-03-27'),(144,'50',NULL,'2019-03-26 19:14:52.402000','0','17','2019-03-30',NULL,53,NULL,'2019-03-26 19:24:40.507000','68','2019-03-27'),(151,NULL,NULL,'2019-03-27 13:14:23.427000',NULL,NULL,NULL,NULL,54,NULL,'2019-03-27 13:14:23.427000','1',NULL),(152,NULL,NULL,'2019-03-27 13:14:23.429000',NULL,NULL,NULL,NULL,54,NULL,'2019-03-27 13:14:23.430000','7',NULL),(153,NULL,NULL,'2019-03-27 13:39:00.196000',NULL,'23','2019-04-06',NULL,56,NULL,'2019-03-27 13:41:52.601000','1','2019-04-02'),(154,NULL,NULL,'2019-03-27 13:39:00.198000',NULL,'22','2019-04-05',NULL,56,NULL,'2019-03-27 13:41:52.608000','2','2019-04-03'),(155,'100',NULL,'2019-03-27 13:39:18.096000','0','23',NULL,NULL,57,NULL,'2019-03-27 13:39:46.789000','1',NULL),(156,'50',NULL,'2019-03-27 13:39:18.097000','0','3',NULL,NULL,57,NULL,'2019-03-27 13:39:46.798000','2',NULL),(157,NULL,NULL,'2019-03-27 13:46:23.717000',NULL,NULL,NULL,NULL,37,NULL,'2019-03-27 13:46:23.717000','1',NULL),(158,NULL,NULL,'2019-03-27 13:46:23.719000',NULL,NULL,NULL,NULL,37,NULL,'2019-03-27 13:46:23.719000','2',NULL),(159,NULL,NULL,'2019-03-27 13:46:23.719000',NULL,NULL,NULL,NULL,37,NULL,'2019-03-27 13:46:23.719000','2',NULL),(160,NULL,NULL,'2019-03-27 14:14:36.471000',NULL,NULL,NULL,NULL,58,NULL,'2019-03-27 14:14:36.471000','1',NULL),(161,NULL,NULL,'2019-03-27 14:14:36.472000',NULL,NULL,NULL,NULL,58,NULL,'2019-03-27 14:14:36.472000','2',NULL),(162,'0',NULL,'2019-03-27 16:05:24.481000','0','4',NULL,NULL,59,NULL,'2019-03-27 16:07:01.690000','1',NULL),(163,'0',NULL,'2019-03-27 16:05:24.482000','0','17',NULL,NULL,59,NULL,'2019-03-27 16:07:01.709000','7',NULL),(164,NULL,NULL,'2019-03-27 16:05:24.482000',NULL,'22',NULL,NULL,59,NULL,'2019-03-27 16:07:01.718000','1',NULL),(165,'0',NULL,'2019-03-27 16:28:40.343000','0','22',NULL,NULL,60,NULL,'2019-03-27 16:29:19.868000','39',NULL),(170,NULL,NULL,'2019-03-27 17:06:18.030000',NULL,NULL,NULL,NULL,61,NULL,'2019-03-27 17:06:18.030000','1',NULL),(171,NULL,NULL,'2019-03-27 17:06:18.031000',NULL,NULL,NULL,NULL,61,NULL,'2019-03-27 17:06:18.031000','2',NULL),(172,NULL,NULL,'2019-03-27 17:06:18.032000',NULL,NULL,NULL,NULL,61,NULL,'2019-03-27 17:06:18.032000','7',NULL),(173,NULL,NULL,'2019-03-27 18:11:44.335000',NULL,NULL,'2019-03-27',NULL,62,NULL,'2019-03-27 18:13:02.135000','1','2019-03-21'),(174,NULL,NULL,'2019-03-27 18:11:44.337000',NULL,NULL,'2019-03-27',NULL,62,NULL,'2019-03-27 18:11:44.337000','7','2019-03-01'),(175,NULL,NULL,'2019-03-30 13:31:59.246000',NULL,'1','2018-12-15',NULL,3,NULL,'2019-04-30 17:19:02.854000','1','2018-11-30'),(176,NULL,NULL,'2019-03-30 13:31:59.260000',NULL,'22','2018-12-15',NULL,3,NULL,'2019-04-30 17:19:02.876000','1','2018-11-30'),(180,'25',NULL,'2019-05-03 11:12:17.949000','0','1','2019-05-07',NULL,70,NULL,'2019-05-03 11:13:00.033000','1','2019-05-01'),(181,'50',NULL,'2019-05-03 11:12:17.951000','0','23','2019-05-07',NULL,70,NULL,'2019-05-03 11:13:00.044000','1','2019-05-01'),(182,'50',NULL,'2019-05-06 19:06:37.135000','0','23','2019-03-15',NULL,6,NULL,'2019-05-07 11:25:04.537000','1','2018-12-04'),(183,'50',NULL,'2019-05-06 19:06:37.138000','0','3','2019-03-15',NULL,6,NULL,'2019-05-07 11:25:04.573000','2','2018-12-04');
/*!40000 ALTER TABLE `t_job_plan_emp` ENABLE KEYS */;
UNLOCK TABLES;

--
-- Table structure for table `t_job_plan_emp_commitment`
--

DROP TABLE IF EXISTS `t_job_plan_emp_commitment`;
/*!40101 SET @saved_cs_client     = @@character_set_client */;
/*!40101 SET character_set_client = utf8 */;
CREATE TABLE `t_job_plan_emp_commitment` (
  `id` int(11) NOT NULL AUTO_INCREMENT,
  `commitment_type` varchar(255) DEFAULT NULL,
  `created_by` varchar(255) DEFAULT NULL,
  `created_dt` datetime(6) DEFAULT NULL,
  `distance_to_location` varchar(255) DEFAULT NULL,
  `from_dt` date DEFAULT NULL,
  `holiday_name` varchar(255) DEFAULT NULL,
  `is_enabled` varchar(255) DEFAULT NULL,
  `t_job_plan_emp_id` varchar(255) DEFAULT NULL,
  `lats` varchar(255) DEFAULT NULL,
  `leave_name` varchar(255) DEFAULT NULL,
  `longs` varchar(255) DEFAULT NULL,
  `modified_by` varchar(255) DEFAULT NULL,
  `modified_dt` datetime(6) DEFAULT NULL,
  `to_dt` date DEFAULT NULL,
  PRIMARY KEY (`id`)
) ENGINE=InnoDB AUTO_INCREMENT=34 DEFAULT CHARSET=latin1;
/*!40101 SET character_set_client = @saved_cs_client */;

--
-- Dumping data for table `t_job_plan_emp_commitment`
--

LOCK TABLES `t_job_plan_emp_commitment` WRITE;
/*!40000 ALTER TABLE `t_job_plan_emp_commitment` DISABLE KEYS */;
INSERT INTO `t_job_plan_emp_commitment` VALUES (6,'JOB',NULL,'2019-03-19 18:38:41.179000','0','2019-03-20',NULL,NULL,'110',NULL,NULL,NULL,NULL,'2019-03-19 18:38:41.179000','2019-03-24'),(10,'JOB',NULL,'2019-03-21 17:44:33.657000','0','2019-03-31',NULL,NULL,NULL,'20.15920066833496',NULL,'74.09639739990234',NULL,'2019-03-21 17:44:33.658000','2019-04-01'),(11,'LEAVE',NULL,'2019-03-27 16:07:01.677000',NULL,'2019-02-02',NULL,NULL,'162',NULL,'Casual Leave',NULL,NULL,'2019-03-27 16:07:01.677000','2019-02-03'),(12,'LEAVE',NULL,'2019-03-27 16:07:01.681000',NULL,'2019-03-23',NULL,NULL,'162',NULL,NULL,NULL,NULL,'2019-03-27 16:07:01.681000','2019-03-22'),(13,'LEAVE',NULL,'2019-03-27 16:07:01.684000',NULL,'2019-03-22',NULL,NULL,'162',NULL,NULL,NULL,NULL,'2019-03-27 16:07:01.684000','2019-03-26'),(14,'JOB',NULL,'2019-03-27 16:07:01.685000','0','2019-03-01',NULL,NULL,'162','20.15920066833496',NULL,'74.09639739990234',NULL,'2019-03-27 16:07:01.685000','2019-03-21'),(15,'LEAVE',NULL,'2019-03-27 16:07:01.707000',NULL,'2019-02-02',NULL,NULL,'163',NULL,'Casual Leave',NULL,NULL,'2019-03-27 16:07:01.707000','2019-02-06'),(17,'LEAVE',NULL,'2019-05-07 11:25:04.516000',NULL,'2019-01-25',NULL,NULL,'182',NULL,'Casual Leave',NULL,NULL,'2019-05-07 11:25:04.516000','2019-01-25'),(18,'LEAVE',NULL,'2019-05-07 11:25:04.517000',NULL,'2019-01-25',NULL,NULL,'182',NULL,'Casual Leave',NULL,NULL,'2019-05-07 11:25:04.517000','2019-01-25'),(19,'LEAVE',NULL,'2019-05-07 11:25:04.518000',NULL,'2019-03-25',NULL,NULL,'182',NULL,'Sick Leave',NULL,NULL,'2019-05-07 11:25:04.518000','2019-03-26'),(20,'LEAVE',NULL,'2019-05-07 11:25:04.519000',NULL,'2019-03-31',NULL,NULL,'182',NULL,'Privilege Leave',NULL,NULL,'2019-05-07 11:25:04.519000','2019-04-01'),(21,'holiday',NULL,'2019-05-07 11:25:04.520000',NULL,'2019-01-01','NEW YEAR DAY',NULL,'182',NULL,'',NULL,NULL,'2019-05-07 11:25:04.520000','2019-01-01'),(22,'holiday',NULL,'2019-05-07 11:25:04.520000',NULL,'2019-01-15','PONGAL',NULL,'182',NULL,'',NULL,NULL,'2019-05-07 11:25:04.520000','2019-01-15'),(23,'holiday',NULL,'2019-05-07 11:25:04.521000',NULL,'2019-01-15','THIRUVALLUVAR DAY',NULL,'182',NULL,'',NULL,NULL,'2019-05-07 11:25:04.521000','2019-01-15'),(24,'holiday',NULL,'2019-05-07 11:25:04.522000',NULL,'2019-01-16','UZHAVAR THIRUNAL',NULL,'182',NULL,'',NULL,NULL,'2019-05-07 11:25:04.522000','2019-01-16'),(25,'holiday',NULL,'2019-05-07 11:25:04.528000',NULL,'2019-01-26','REPUBLIC DAY',NULL,'182',NULL,'',NULL,NULL,'2019-05-07 11:25:04.528000','2019-01-26'),(26,'JOB',NULL,'2019-05-07 11:25:04.529000','0','2018-12-04',NULL,NULL,'182',NULL,NULL,NULL,NULL,'2019-05-07 11:25:04.529000','2019-03-15'),(27,'LEAVE',NULL,'2019-05-07 11:25:04.557000',NULL,'2019-01-18',NULL,NULL,'183',NULL,'Sick Leave',NULL,NULL,'2019-05-07 11:25:04.557000','2019-01-18'),(28,'LEAVE',NULL,'2019-05-07 11:25:04.559000',NULL,'2019-01-18',NULL,NULL,'183',NULL,'Casual Leave',NULL,NULL,'2019-05-07 11:25:04.559000','2019-01-18'),(29,'holiday',NULL,'2019-05-07 11:25:04.561000',NULL,'2019-01-01','NEW YEAR DAY',NULL,'183',NULL,'',NULL,NULL,'2019-05-07 11:25:04.561000','2019-01-01'),(30,'holiday',NULL,'2019-05-07 11:25:04.563000',NULL,'2019-01-15','PONGAL',NULL,'183',NULL,'',NULL,NULL,'2019-05-07 11:25:04.563000','2019-01-15'),(31,'holiday',NULL,'2019-05-07 11:25:04.564000',NULL,'2019-01-15','THIRUVALLUVAR DAY',NULL,'183',NULL,'',NULL,NULL,'2019-05-07 11:25:04.564000','2019-01-15'),(32,'holiday',NULL,'2019-05-07 11:25:04.566000',NULL,'2019-01-16','UZHAVAR THIRUNAL',NULL,'183',NULL,'',NULL,NULL,'2019-05-07 11:25:04.566000','2019-01-16'),(33,'holiday',NULL,'2019-05-07 11:25:04.567000',NULL,'2019-01-26','REPUBLIC DAY',NULL,'183',NULL,'',NULL,NULL,'2019-05-07 11:25:04.567000','2019-01-26');
/*!40000 ALTER TABLE `t_job_plan_emp_commitment` ENABLE KEYS */;
UNLOCK TABLES;

--
-- Table structure for table `t_job_plan_emp_skill`
--

DROP TABLE IF EXISTS `t_job_plan_emp_skill`;
/*!40101 SET @saved_cs_client     = @@character_set_client */;
/*!40101 SET character_set_client = utf8 */;
CREATE TABLE `t_job_plan_emp_skill` (
  `id` int(11) NOT NULL AUTO_INCREMENT,
  `created_by` varchar(255) DEFAULT NULL,
  `created_dt` datetime(6) DEFAULT NULL,
  `is_enabled` varchar(255) DEFAULT NULL,
  `is_matched` varchar(255) DEFAULT NULL,
  `m_profile_line_id` varchar(255) DEFAULT NULL,
  `modified_by` varchar(255) DEFAULT NULL,
  `modified_dt` datetime(6) DEFAULT NULL,
  `t_job_plan_emp_id` varchar(255) DEFAULT NULL,
  PRIMARY KEY (`id`)
) ENGINE=InnoDB AUTO_INCREMENT=179 DEFAULT CHARSET=latin1;
/*!40101 SET character_set_client = @saved_cs_client */;

--
-- Dumping data for table `t_job_plan_emp_skill`
--

LOCK TABLES `t_job_plan_emp_skill` WRITE;
/*!40000 ALTER TABLE `t_job_plan_emp_skill` DISABLE KEYS */;
INSERT INTO `t_job_plan_emp_skill` VALUES (20,NULL,'2018-12-11 11:29:04.939000',NULL,'N','1',NULL,'2018-12-11 11:29:04.939000','26'),(21,NULL,'2018-12-11 11:29:04.941000',NULL,'N','10',NULL,'2018-12-11 11:29:04.941000','26'),(22,NULL,'2018-12-11 11:29:04.944000',NULL,'N','15',NULL,'2018-12-11 11:29:04.944000','26'),(23,NULL,'2019-03-16 16:16:24.761000',NULL,'N','1',NULL,'2019-03-16 16:16:24.761000','29'),(24,NULL,'2019-03-16 16:16:24.763000',NULL,'N','10',NULL,'2019-03-16 16:16:24.763000','29'),(25,NULL,'2019-03-16 16:16:24.778000',NULL,'N','15',NULL,'2019-03-16 16:16:24.778000','29'),(26,NULL,'2019-03-18 13:25:24.666000',NULL,'N','1',NULL,'2019-03-18 13:25:24.666000','70'),(27,NULL,'2019-03-18 13:25:24.675000',NULL,'N','10',NULL,'2019-03-18 13:25:24.675000','70'),(28,NULL,'2019-03-18 13:25:24.683000',NULL,'N','15',NULL,'2019-03-18 13:25:24.683000','70'),(29,NULL,'2019-03-18 13:25:24.721000',NULL,'N','1',NULL,'2019-03-18 13:25:24.721000','71'),(30,NULL,'2019-03-18 13:25:24.722000',NULL,'N','10',NULL,'2019-03-18 13:25:24.722000','71'),(31,NULL,'2019-03-18 13:25:24.723000',NULL,'N','15',NULL,'2019-03-18 13:25:24.723000','71'),(32,NULL,'2019-03-18 15:59:55.253000',NULL,'N','1',NULL,'2019-03-18 15:59:55.253000','90'),(33,NULL,'2019-03-18 15:59:55.258000',NULL,'N','10',NULL,'2019-03-18 15:59:55.258000','90'),(34,NULL,'2019-03-18 15:59:55.266000',NULL,'N','15',NULL,'2019-03-18 15:59:55.266000','90'),(35,NULL,'2019-03-18 15:59:55.283000',NULL,'N','2',NULL,'2019-03-18 15:59:55.283000','91'),(36,NULL,'2019-03-18 15:59:55.285000',NULL,'N','11',NULL,'2019-03-18 15:59:55.285000','91'),(37,NULL,'2019-03-19 10:46:22.594000',NULL,'N','1',NULL,'2019-03-19 10:46:22.594000','92'),(38,NULL,'2019-03-19 10:46:22.596000',NULL,'N','10',NULL,'2019-03-19 10:46:22.596000','92'),(39,NULL,'2019-03-19 10:46:22.599000',NULL,'N','15',NULL,'2019-03-19 10:46:22.599000','92'),(40,NULL,'2019-03-19 10:46:22.619000',NULL,'N','2',NULL,'2019-03-19 10:46:22.619000','93'),(41,NULL,'2019-03-19 10:46:22.620000',NULL,'N','11',NULL,'2019-03-19 10:46:22.620000','93'),(42,NULL,'2019-03-19 13:23:51.054000',NULL,'N','1',NULL,'2019-03-19 13:23:51.054000',NULL),(43,NULL,'2019-03-19 13:23:51.055000',NULL,'N','10',NULL,'2019-03-19 13:23:51.055000',NULL),(44,NULL,'2019-03-19 13:23:51.058000',NULL,'N','15',NULL,'2019-03-19 13:23:51.058000',NULL),(45,NULL,'2019-03-19 13:23:51.078000',NULL,'N','2',NULL,'2019-03-19 13:23:51.078000',NULL),(46,NULL,'2019-03-19 13:23:51.079000',NULL,'N','11',NULL,'2019-03-19 13:23:51.079000',NULL),(55,NULL,'2019-03-19 16:10:18.043000',NULL,'N','1',NULL,'2019-03-19 16:10:18.043000','100'),(56,NULL,'2019-03-19 16:10:18.047000',NULL,'N','10',NULL,'2019-03-19 16:10:18.047000','100'),(57,NULL,'2019-03-19 16:10:18.054000',NULL,'N','15',NULL,'2019-03-19 16:10:18.054000','100'),(58,NULL,'2019-03-19 17:24:48.752000',NULL,'N','1',NULL,'2019-03-19 17:24:48.753000','101'),(59,NULL,'2019-03-19 17:24:48.754000',NULL,'N','10',NULL,'2019-03-19 17:24:48.754000','101'),(60,NULL,'2019-03-19 17:24:48.757000',NULL,'N','15',NULL,'2019-03-19 17:24:48.757000','101'),(61,NULL,'2019-03-19 17:24:48.785000',NULL,'N','1',NULL,'2019-03-19 17:24:48.785000','102'),(62,NULL,'2019-03-19 17:24:48.786000',NULL,'N','10',NULL,'2019-03-19 17:24:48.786000','102'),(63,NULL,'2019-03-19 17:24:48.787000',NULL,'N','15',NULL,'2019-03-19 17:24:48.787000','102'),(64,NULL,'2019-03-19 18:31:53.853000',NULL,'N','2',NULL,'2019-03-19 18:31:53.853000','104'),(65,NULL,'2019-03-19 18:31:53.854000',NULL,'N','11',NULL,'2019-03-19 18:31:53.854000','104'),(66,NULL,'2019-03-19 18:31:53.874000',NULL,'N','2',NULL,'2019-03-19 18:31:53.874000','105'),(67,NULL,'2019-03-19 18:31:53.875000',NULL,'N','11',NULL,'2019-03-19 18:31:53.875000','105'),(68,NULL,'2019-03-19 18:33:49.363000',NULL,'N','1',NULL,'2019-03-19 18:33:49.363000','106'),(69,NULL,'2019-03-19 18:33:49.364000',NULL,'N','10',NULL,'2019-03-19 18:33:49.364000','106'),(70,NULL,'2019-03-19 18:33:49.365000',NULL,'N','15',NULL,'2019-03-19 18:33:49.365000','106'),(71,NULL,'2019-03-19 18:33:49.384000',NULL,'N','9',NULL,'2019-03-19 18:33:49.384000','107'),(72,NULL,'2019-03-19 18:33:49.387000',NULL,'N','16',NULL,'2019-03-19 18:33:49.387000','107'),(73,NULL,'2019-03-19 18:35:44.062000',NULL,'N','1',NULL,'2019-03-19 18:35:44.062000','108'),(74,NULL,'2019-03-19 18:35:44.063000',NULL,'N','10',NULL,'2019-03-19 18:35:44.063000','108'),(75,NULL,'2019-03-19 18:35:44.063000',NULL,'N','15',NULL,'2019-03-19 18:35:44.063000','108'),(76,NULL,'2019-03-19 18:35:44.072000',NULL,'N','2',NULL,'2019-03-19 18:35:44.072000','109'),(77,NULL,'2019-03-19 18:35:44.076000',NULL,'N','11',NULL,'2019-03-19 18:35:44.076000','109'),(78,NULL,'2019-03-19 18:38:41.182000',NULL,'N','1',NULL,'2019-03-19 18:38:41.182000','110'),(79,NULL,'2019-03-19 18:38:41.185000',NULL,'N','10',NULL,'2019-03-19 18:38:41.185000','110'),(80,NULL,'2019-03-19 18:38:41.186000',NULL,'N','15',NULL,'2019-03-19 18:38:41.186000','110'),(81,NULL,'2019-03-19 18:47:01.221000',NULL,'N','2',NULL,'2019-03-19 18:47:01.221000','111'),(82,NULL,'2019-03-19 18:47:01.223000',NULL,'N','11',NULL,'2019-03-19 18:47:01.223000','111'),(83,NULL,'2019-03-19 18:47:01.244000',NULL,'N','2',NULL,'2019-03-19 18:47:01.244000','112'),(84,NULL,'2019-03-19 18:47:01.247000',NULL,'N','11',NULL,'2019-03-19 18:47:01.247000','112'),(85,NULL,'2019-03-20 13:01:28.626000',NULL,'N','1',NULL,'2019-03-20 13:01:28.626000','113'),(86,NULL,'2019-03-20 13:01:28.634000',NULL,'N','10',NULL,'2019-03-20 13:01:28.635000','113'),(87,NULL,'2019-03-20 13:01:28.638000',NULL,'N','15',NULL,'2019-03-20 13:01:28.638000','113'),(94,NULL,'2019-03-21 12:19:53.671000',NULL,'N','7',NULL,'2019-03-21 12:19:53.672000',NULL),(95,NULL,'2019-03-21 12:19:53.680000',NULL,'N','14',NULL,'2019-03-21 12:19:53.680000',NULL),(104,NULL,'2019-03-21 17:44:33.658000',NULL,'Y','1',NULL,'2019-03-21 17:44:33.658000',NULL),(105,NULL,'2019-03-21 17:44:33.659000',NULL,'Y','10',NULL,'2019-03-21 17:44:33.659000',NULL),(106,NULL,'2019-03-21 17:44:33.660000',NULL,'Y','15',NULL,'2019-03-21 17:44:33.660000',NULL),(110,NULL,'2019-03-21 18:27:26.896000',NULL,'Y','1',NULL,'2019-03-21 18:27:26.896000',NULL),(111,NULL,'2019-03-21 18:27:26.897000',NULL,'Y','10',NULL,'2019-03-21 18:27:26.897000',NULL),(112,NULL,'2019-03-21 18:27:26.898000',NULL,'Y','15',NULL,'2019-03-21 18:27:26.898000',NULL),(113,NULL,'2019-03-21 18:38:03.469000',NULL,'Y','1',NULL,'2019-03-21 18:38:03.469000','127'),(114,NULL,'2019-03-21 18:38:03.470000',NULL,'Y','10',NULL,'2019-03-21 18:38:03.470000','127'),(115,NULL,'2019-03-21 18:38:03.472000',NULL,'Y','15',NULL,'2019-03-21 18:38:03.472000','127'),(116,NULL,'2019-03-26 19:24:40.487000',NULL,'Y','1',NULL,'2019-03-26 19:24:40.487000','143'),(117,NULL,'2019-03-26 19:24:40.489000',NULL,'Y','10',NULL,'2019-03-26 19:24:40.489000','143'),(118,NULL,'2019-03-26 19:24:40.490000',NULL,'Y','15',NULL,'2019-03-26 19:24:40.490000','143'),(119,NULL,'2019-03-26 19:24:40.503000',NULL,'Y','54',NULL,'2019-03-26 19:24:40.503000','144'),(120,NULL,'2019-03-26 19:24:40.505000',NULL,'N','53',NULL,'2019-03-26 19:24:40.505000','144'),(121,NULL,'2019-03-27 13:39:46.786000',NULL,'Y','1',NULL,'2019-03-27 13:39:46.786000','155'),(122,NULL,'2019-03-27 13:39:46.787000',NULL,'Y','10',NULL,'2019-03-27 13:39:46.787000','155'),(123,NULL,'2019-03-27 13:39:46.788000',NULL,'Y','15',NULL,'2019-03-27 13:39:46.788000','155'),(124,NULL,'2019-03-27 13:39:46.796000',NULL,'Y','11',NULL,'2019-03-27 13:39:46.796000','156'),(125,NULL,'2019-03-27 13:39:46.797000',NULL,'N','2',NULL,'2019-03-27 13:39:46.797000','156'),(126,NULL,'2019-03-27 13:41:52.599000',NULL,'Y','1',NULL,'2019-03-27 13:41:52.599000','153'),(127,NULL,'2019-03-27 13:41:52.600000',NULL,'Y','10',NULL,'2019-03-27 13:41:52.600000','153'),(128,NULL,'2019-03-27 13:41:52.600000',NULL,'Y','15',NULL,'2019-03-27 13:41:52.600000','153'),(129,NULL,'2019-03-27 13:41:52.607000',NULL,'N','2',NULL,'2019-03-27 13:41:52.607000','154'),(130,NULL,'2019-03-27 13:41:52.608000',NULL,'N','11',NULL,'2019-03-27 13:41:52.608000','154'),(131,NULL,'2019-03-27 16:07:01.688000',NULL,'N','1',NULL,'2019-03-27 16:07:01.688000','162'),(132,NULL,'2019-03-27 16:07:01.689000',NULL,'N','10',NULL,'2019-03-27 16:07:01.689000','162'),(133,NULL,'2019-03-27 16:07:01.689000',NULL,'N','15',NULL,'2019-03-27 16:07:01.689000','162'),(134,NULL,'2019-03-27 16:07:01.708000',NULL,'N','9',NULL,'2019-03-27 16:07:01.708000','163'),(135,NULL,'2019-03-27 16:07:01.708000',NULL,'N','16',NULL,'2019-03-27 16:07:01.708000','163'),(136,NULL,'2019-03-27 16:07:01.715000',NULL,'N','1',NULL,'2019-03-27 16:07:01.715000','164'),(137,NULL,'2019-03-27 16:07:01.716000',NULL,'N','10',NULL,'2019-03-27 16:07:01.717000','164'),(138,NULL,'2019-03-27 16:07:01.717000',NULL,'N','15',NULL,'2019-03-27 16:07:01.717000','164'),(139,NULL,'2019-03-27 16:29:19.860000',NULL,'N','45',NULL,'2019-03-27 16:29:19.860000','165'),(140,NULL,'2019-03-27 16:29:19.865000',NULL,'N','46',NULL,'2019-03-27 16:29:19.865000','165'),(141,NULL,'2019-03-28 12:13:40.043000',NULL,'Y','7',NULL,'2019-03-28 12:13:40.043000','128'),(142,NULL,'2019-03-28 12:13:40.047000',NULL,'Y','14',NULL,'2019-03-28 12:13:40.047000','128'),(147,NULL,'2019-04-30 17:19:02.850000',NULL,'N','1',NULL,'2019-04-30 17:19:02.850000','175'),(148,NULL,'2019-04-30 17:19:02.851000',NULL,'N','10',NULL,'2019-04-30 17:19:02.851000','175'),(149,NULL,'2019-04-30 17:19:02.852000',NULL,'N','15',NULL,'2019-04-30 17:19:02.852000','175'),(150,NULL,'2019-04-30 17:19:02.853000',NULL,'N','55',NULL,'2019-04-30 17:19:02.853000','175'),(151,NULL,'2019-04-30 17:19:02.872000',NULL,'N','1',NULL,'2019-04-30 17:19:02.872000','176'),(152,NULL,'2019-04-30 17:19:02.873000',NULL,'N','10',NULL,'2019-04-30 17:19:02.873000','176'),(153,NULL,'2019-04-30 17:19:02.874000',NULL,'N','15',NULL,'2019-04-30 17:19:02.874000','176'),(154,NULL,'2019-04-30 17:19:02.875000',NULL,'N','55',NULL,'2019-04-30 17:19:02.875000','176'),(165,NULL,'2019-05-03 11:13:00.021000',NULL,'Y','1',NULL,'2019-05-03 11:13:00.021000','180'),(166,NULL,'2019-05-03 11:13:00.025000',NULL,'N','10',NULL,'2019-05-03 11:13:00.025000','180'),(167,NULL,'2019-05-03 11:13:00.026000',NULL,'N','15',NULL,'2019-05-03 11:13:00.026000','180'),(168,NULL,'2019-05-03 11:13:00.030000',NULL,'N','55',NULL,'2019-05-03 11:13:00.030000','180'),(169,NULL,'2019-05-03 11:13:00.041000',NULL,'Y','1',NULL,'2019-05-03 11:13:00.041000','181'),(170,NULL,'2019-05-03 11:13:00.042000',NULL,'Y','10',NULL,'2019-05-03 11:13:00.042000','181'),(171,NULL,'2019-05-03 11:13:00.042000',NULL,'N','15',NULL,'2019-05-03 11:13:00.042000','181'),(172,NULL,'2019-05-03 11:13:00.043000',NULL,'N','55',NULL,'2019-05-03 11:13:00.043000','181'),(173,NULL,'2019-05-07 11:25:04.532000',NULL,'Y','1',NULL,'2019-05-07 11:25:04.532000','182'),(174,NULL,'2019-05-07 11:25:04.533000',NULL,'Y','10',NULL,'2019-05-07 11:25:04.533000','182'),(175,NULL,'2019-05-07 11:25:04.533000',NULL,'N','15',NULL,'2019-05-07 11:25:04.533000','182'),(176,NULL,'2019-05-07 11:25:04.534000',NULL,'N','55',NULL,'2019-05-07 11:25:04.534000','182'),(177,NULL,'2019-05-07 11:25:04.569000',NULL,'Y','11',NULL,'2019-05-07 11:25:04.569000','183'),(178,NULL,'2019-05-07 11:25:04.570000',NULL,'N','2',NULL,'2019-05-07 11:25:04.570000','183');
/*!40000 ALTER TABLE `t_job_plan_emp_skill` ENABLE KEYS */;
UNLOCK TABLES;

--
-- Table structure for table `t_job_plan_material`
--

DROP TABLE IF EXISTS `t_job_plan_material`;
/*!40101 SET @saved_cs_client     = @@character_set_client */;
/*!40101 SET character_set_client = utf8 */;
CREATE TABLE `t_job_plan_material` (
  `id` int(11) NOT NULL AUTO_INCREMENT,
  `created_by` varchar(255) DEFAULT NULL,
  `created_dt` datetime(6) DEFAULT NULL,
  `is_enabled` varchar(255) DEFAULT NULL,
  `t_job_id` varchar(255) DEFAULT NULL,
  `material_id` varchar(255) DEFAULT NULL,
  `material_quantity` varchar(255) DEFAULT NULL,
  `material_type_order` varchar(255) DEFAULT NULL,
  `modified_by` varchar(255) DEFAULT NULL,
  `modified_dt` datetime(6) DEFAULT NULL,
  `task_type_order` int(11) DEFAULT NULL,
  PRIMARY KEY (`id`)
) ENGINE=InnoDB AUTO_INCREMENT=81 DEFAULT CHARSET=latin1;
/*!40101 SET character_set_client = @saved_cs_client */;

--
-- Dumping data for table `t_job_plan_material`
--

LOCK TABLES `t_job_plan_material` WRITE;
/*!40000 ALTER TABLE `t_job_plan_material` DISABLE KEYS */;
INSERT INTO `t_job_plan_material` VALUES (2,'3','2018-12-07 17:15:30.251000',NULL,'2',NULL,NULL,'1',NULL,'2018-12-07 17:15:30.251000',1),(3,'2','2018-12-08 15:11:31.171000',NULL,'3','1','2','1',NULL,'2018-12-08 15:40:58.969000',1),(4,'anonymousUser','2018-12-11 11:24:55.942000',NULL,'5',NULL,NULL,'1',NULL,'2018-12-11 11:24:55.942000',1),(5,NULL,'2019-03-16 16:16:43.108000',NULL,'16','1','10',NULL,NULL,'2019-03-16 16:16:43.108000',NULL),(6,'24','2019-03-16 17:00:39.049000',NULL,'22',NULL,'10',NULL,NULL,'2019-03-16 17:00:39.050000',NULL),(7,'24','2019-03-16 17:00:39.056000',NULL,'22',NULL,'10',NULL,NULL,'2019-03-16 17:00:39.056000',NULL),(8,'24','2019-03-18 12:18:48.468000',NULL,'26',NULL,'10',NULL,NULL,'2019-03-18 12:18:48.468000',NULL),(9,'24','2019-03-18 12:18:48.481000',NULL,'26',NULL,'10',NULL,NULL,'2019-03-18 12:18:48.481000',NULL),(10,'24','2019-03-18 12:21:17.486000',NULL,'27',NULL,'10',NULL,NULL,'2019-03-18 12:21:17.486000',NULL),(11,'24','2019-03-18 12:21:17.493000',NULL,'27',NULL,'10',NULL,NULL,'2019-03-18 12:21:17.493000',NULL),(12,'24','2019-03-18 12:29:10.917000',NULL,'28',NULL,'10',NULL,NULL,'2019-03-18 12:29:10.917000',NULL),(13,'24','2019-03-18 12:29:10.924000',NULL,'28',NULL,'10',NULL,NULL,'2019-03-18 12:29:10.924000',NULL),(14,'24','2019-03-18 12:32:22.226000',NULL,'29',NULL,'10',NULL,NULL,'2019-03-18 12:32:22.226000',NULL),(15,'24','2019-03-18 12:32:22.233000',NULL,'29',NULL,'10',NULL,NULL,'2019-03-18 12:32:22.233000',NULL),(16,'33','2019-03-18 12:59:11.742000',NULL,'30',NULL,'10',NULL,NULL,'2019-03-18 12:59:11.742000',NULL),(17,'33','2019-03-18 12:59:11.761000',NULL,'30',NULL,'10',NULL,NULL,'2019-03-18 12:59:11.761000',NULL),(18,'33','2019-03-18 13:05:27.476000',NULL,'31',NULL,'10',NULL,NULL,'2019-03-18 13:05:27.476000',NULL),(19,'33','2019-03-18 13:05:27.484000',NULL,'31',NULL,'10',NULL,NULL,'2019-03-18 13:05:27.484000',NULL),(20,'24','2019-03-18 13:16:40.398000',NULL,'32',NULL,'10',NULL,NULL,'2019-03-18 13:16:40.398000',NULL),(21,'24','2019-03-18 13:16:40.406000',NULL,'32',NULL,'10',NULL,NULL,'2019-03-18 13:16:40.406000',NULL),(22,'33','2019-03-18 13:23:50.248000',NULL,'33',NULL,'10',NULL,NULL,'2019-03-18 13:23:50.248000',NULL),(23,'33','2019-03-18 13:23:50.274000',NULL,'33',NULL,'10',NULL,NULL,'2019-03-18 13:23:50.274000',NULL),(24,'33','2019-03-18 15:46:41.057000',NULL,'34','1','10',NULL,NULL,'2019-03-18 15:46:41.057000',NULL),(25,'33','2019-03-18 15:46:41.078000',NULL,'34','2','10',NULL,NULL,'2019-03-18 15:46:41.078000',NULL),(26,'33','2019-03-18 15:58:45.325000',NULL,'35','1','10',NULL,NULL,'2019-03-18 15:58:45.325000',NULL),(27,'33','2019-03-18 15:58:45.335000',NULL,'35','2','10',NULL,NULL,'2019-03-18 15:58:45.335000',NULL),(28,'33','2019-03-19 10:44:34.895000',NULL,'36','1','10',NULL,NULL,'2019-03-19 10:44:34.895000',NULL),(29,'33','2019-03-19 10:44:34.903000',NULL,'36','2','10',NULL,NULL,'2019-03-19 10:44:34.903000',NULL),(30,'33','2019-03-19 13:17:42.990000',NULL,'37','1','10',NULL,NULL,'2019-03-19 13:17:42.990000',NULL),(31,'33','2019-03-19 13:17:43.020000',NULL,'37','2','10',NULL,NULL,'2019-03-19 13:17:43.020000',NULL),(32,NULL,'2019-03-19 13:24:24.675000',NULL,'37','6','50',NULL,NULL,'2019-03-19 13:24:46.504000',NULL),(33,'33','2019-03-19 14:52:59.235000',NULL,'38','1','10',NULL,NULL,'2019-03-19 14:52:59.235000',NULL),(34,'33','2019-03-19 14:52:59.242000',NULL,'38','2','10',NULL,NULL,'2019-03-19 14:52:59.242000',NULL),(35,'33','2019-03-19 17:23:49.124000',NULL,'39','3','2',NULL,NULL,'2019-03-19 17:23:49.124000',NULL),(36,'33','2019-03-19 17:46:22.769000',NULL,'40','2','a',NULL,NULL,'2019-03-19 17:46:22.769000',NULL),(37,'33','2019-03-19 18:30:46.451000',NULL,'41','2','a',NULL,NULL,'2019-03-19 18:30:46.451000',NULL),(38,'33','2019-03-19 18:32:44.726000',NULL,'42','3','2',NULL,NULL,'2019-03-19 18:32:44.726000',NULL),(39,'33','2019-03-19 18:34:50.515000',NULL,'43','1','10',NULL,NULL,'2019-03-19 18:34:50.515000',NULL),(40,'33','2019-03-19 18:34:50.529000',NULL,'43','2','10',NULL,NULL,'2019-03-19 18:34:50.529000',NULL),(41,'33','2019-03-19 18:38:06.869000',NULL,'44','3','2',NULL,NULL,'2019-03-19 18:38:06.869000',NULL),(42,'33','2019-03-19 18:42:45.356000',NULL,'45','3','2',NULL,NULL,'2019-03-19 18:42:45.356000',NULL),(43,'33','2019-03-19 18:44:01.456000',NULL,'46','1','10',NULL,NULL,'2019-03-19 18:44:01.456000',NULL),(44,'33','2019-03-19 18:44:01.461000',NULL,'46','2','10',NULL,NULL,'2019-03-19 18:44:01.461000',NULL),(45,'33','2019-03-20 13:00:56.957000',NULL,'47','3','2',NULL,NULL,'2019-03-20 13:00:56.957000',NULL),(46,'33','2019-03-20 14:14:23.961000',NULL,'48','1','10',NULL,NULL,'2019-03-20 14:14:23.961000',NULL),(47,'33','2019-03-20 14:14:23.967000',NULL,'48','2','10',NULL,NULL,'2019-03-20 14:14:23.967000',NULL),(48,'33','2019-03-20 14:29:43.306000',NULL,'49','3','4',NULL,NULL,'2019-03-20 14:30:54.081000',NULL),(49,'33','2019-03-22 13:11:30.752000',NULL,'50','3','2',NULL,NULL,'2019-03-22 13:11:30.752000',NULL),(50,'33','2019-03-22 13:20:09.236000',NULL,'51','1','1',NULL,NULL,'2019-03-22 13:20:09.236000',NULL),(51,'33','2019-03-22 13:20:09.242000',NULL,'51','1','1',NULL,NULL,'2019-03-22 13:20:09.242000',NULL),(52,'33','2019-03-25 13:04:00.546000',NULL,'52','3','2',NULL,NULL,'2019-03-25 13:04:00.546000',NULL),(53,'33','2019-03-26 19:14:12.016000',NULL,'53','3','2',NULL,NULL,'2019-03-26 19:14:12.016000',NULL),(54,NULL,'2019-03-27 11:19:49.086000',NULL,'53','1','1',NULL,NULL,'2019-03-27 11:19:49.086000',NULL),(55,NULL,'2019-03-27 11:19:49.104000',NULL,'53','7','3',NULL,NULL,'2019-03-27 11:19:49.104000',NULL),(56,'24','2019-03-27 11:20:01.980000',NULL,'54','1','1',NULL,NULL,'2019-03-27 11:20:01.980000',NULL),(57,'24','2019-03-27 11:20:01.987000',NULL,'54','1','1',NULL,NULL,'2019-03-27 11:20:01.987000',NULL),(58,'24','2019-03-27 13:36:32.067000',NULL,'55','1','1','1',NULL,'2019-03-27 13:36:32.067000',NULL),(59,'24','2019-03-27 13:36:32.076000',NULL,'55','1','1','5',NULL,'2019-03-27 13:36:32.076000',NULL),(60,'24','2019-03-27 13:37:43.536000',NULL,'56','2','10','9',NULL,'2019-03-27 16:26:04.110000',NULL),(61,'24','2019-03-27 13:37:43.541000',NULL,'56','6','10','10',NULL,'2019-03-27 16:26:04.142000',NULL),(62,'33','2019-03-27 13:38:49.167000',NULL,'57','1','10','9',NULL,'2019-03-27 13:38:49.167000',NULL),(63,'33','2019-03-27 13:38:49.171000',NULL,'57','2','10','10',NULL,'2019-03-27 13:38:49.171000',NULL),(64,NULL,'2019-03-27 13:40:09.652000',NULL,'56','1','5',NULL,NULL,'2019-03-27 16:26:04.148000',NULL),(65,'24','2019-03-27 13:58:37.957000',NULL,'58','1','10','9',NULL,'2019-03-27 13:58:37.957000',NULL),(66,'24','2019-03-27 13:58:37.965000',NULL,'58','2','10','10',NULL,'2019-03-27 13:58:37.965000',NULL),(67,'24','2019-03-27 16:05:00.417000',NULL,'59','1','1','1',NULL,'2019-03-27 16:05:00.417000',NULL),(68,'24','2019-03-27 16:05:00.426000',NULL,'59','2','1','5',NULL,'2019-03-27 16:12:12.523000',NULL),(69,'33','2019-03-27 16:28:31.199000',NULL,'60','2','4','13',NULL,'2019-03-27 16:28:31.199000',NULL),(70,NULL,'2019-03-27 16:29:19.807000',NULL,'60','1','10',NULL,NULL,'2019-03-27 16:29:19.807000',NULL),(71,'24','2019-03-27 16:42:36.061000',NULL,'61','1','10','9',NULL,'2019-03-27 16:42:36.061000',NULL),(72,'24','2019-03-27 16:42:36.067000',NULL,'61','2','10','10',NULL,'2019-03-27 16:42:36.067000',NULL),(73,'17','2019-03-27 18:10:09.557000',NULL,'62','1','1','1',NULL,'2019-03-27 18:10:09.557000',NULL),(74,'17','2019-03-27 18:10:09.573000',NULL,'62','1','1','5',NULL,'2019-03-27 18:10:09.573000',NULL),(75,'24','2019-03-28 10:33:23.635000',NULL,'63','1','10','9',NULL,'2019-03-28 10:33:23.636000',NULL),(76,'24','2019-03-28 10:33:23.651000',NULL,'63','2','10','10',NULL,'2019-03-28 10:33:23.651000',NULL),(77,'17','2019-03-28 10:50:19.691000',NULL,'64','1','10','9',NULL,'2019-03-28 10:50:19.691000',NULL),(78,'17','2019-03-28 10:50:19.701000',NULL,'64','2','10','10',NULL,'2019-03-28 10:50:19.701000',NULL),(79,'33','2019-04-30 17:06:58.821000',NULL,'70','3','2','2',NULL,'2019-04-30 17:06:58.821000',NULL),(80,NULL,'2019-04-30 17:29:40.214000',NULL,'6','7','4',NULL,NULL,'2019-04-30 17:29:40.214000',NULL);
/*!40000 ALTER TABLE `t_job_plan_material` ENABLE KEYS */;
UNLOCK TABLES;

--
-- Table structure for table `t_job_plan_profile`
--

DROP TABLE IF EXISTS `t_job_plan_profile`;
/*!40101 SET @saved_cs_client     = @@character_set_client */;
/*!40101 SET character_set_client = utf8 */;
CREATE TABLE `t_job_plan_profile` (
  `id` int(11) NOT NULL AUTO_INCREMENT,
  `created_by` varchar(255) DEFAULT NULL,
  `created_dt` datetime(6) DEFAULT NULL,
  `head_count` varchar(255) DEFAULT NULL,
  `is_enabled` varchar(255) DEFAULT NULL,
  `modified_by` varchar(255) DEFAULT NULL,
  `modified_dt` datetime(6) DEFAULT NULL,
  `notes` varchar(255) DEFAULT NULL,
  `profile_id` varchar(255) DEFAULT NULL,
  `t_job_id` int(11) DEFAULT NULL,
  PRIMARY KEY (`id`),
  KEY `FKapqfd9bpqybki6whr0qibrhi0` (`t_job_id`)
) ENGINE=InnoDB AUTO_INCREMENT=94 DEFAULT CHARSET=latin1;
/*!40101 SET character_set_client = @saved_cs_client */;

--
-- Dumping data for table `t_job_plan_profile`
--

LOCK TABLES `t_job_plan_profile` WRITE;
/*!40000 ALTER TABLE `t_job_plan_profile` DISABLE KEYS */;
INSERT INTO `t_job_plan_profile` VALUES (4,NULL,'2018-12-07 17:15:30.263000','1',NULL,NULL,'2018-12-07 17:15:30.263000',NULL,'1',2),(5,NULL,'2018-12-07 17:16:58.496000','1',NULL,NULL,'2018-12-07 17:16:58.496000',NULL,'4',2),(7,NULL,'2018-12-08 15:11:31.177000','2',NULL,NULL,'2019-05-03 18:18:31.320000','Electric Engineer','1',3),(8,NULL,'2018-12-11 11:24:57.490000','2',NULL,NULL,'2019-09-10 17:18:09.492000',NULL,'1',5),(9,NULL,'2019-03-16 16:13:53.744000','1',NULL,NULL,'2019-03-16 16:13:53.744000',NULL,'1',16),(10,NULL,'2019-03-16 17:00:39.086000','10',NULL,NULL,'2019-03-16 17:00:39.086000',NULL,'1',22),(11,NULL,'2019-03-16 17:00:39.097000','10',NULL,NULL,'2019-03-16 17:00:39.097000',NULL,'2',22),(12,NULL,'2019-03-18 12:18:48.516000','10',NULL,NULL,'2019-03-18 12:18:48.516000',NULL,'1',26),(13,NULL,'2019-03-18 12:18:48.555000','10',NULL,NULL,'2019-03-18 12:18:48.555000',NULL,'2',26),(14,NULL,'2019-03-18 12:21:17.516000','10',NULL,NULL,'2019-03-18 12:21:17.516000',NULL,'1',27),(16,NULL,'2019-03-18 12:29:10.993000','10',NULL,NULL,'2019-03-18 12:29:10.993000',NULL,'1',28),(17,NULL,'2019-03-18 12:29:11.004000','10',NULL,NULL,'2019-03-18 12:29:11.004000',NULL,'2',28),(18,NULL,'2019-03-18 12:32:22.259000','10',NULL,NULL,'2019-03-18 12:32:22.259000',NULL,'1',29),(19,NULL,'2019-03-18 12:32:22.275000','10',NULL,NULL,'2019-03-18 12:32:22.275000',NULL,'2',29),(20,NULL,'2019-03-18 12:59:11.843000','10',NULL,NULL,'2019-03-18 12:59:11.843000',NULL,'1',30),(21,NULL,'2019-03-18 12:59:11.881000','10',NULL,NULL,'2019-03-18 12:59:11.881000',NULL,'2',30),(22,NULL,'2019-03-18 13:05:27.545000','10',NULL,NULL,'2019-03-18 13:05:27.545000',NULL,'1',31),(23,NULL,'2019-03-18 13:05:27.571000','10',NULL,NULL,'2019-03-18 13:05:27.571000',NULL,'2',31),(24,NULL,'2019-03-18 13:16:40.441000','1',NULL,NULL,'2019-03-19 14:53:50.785000',NULL,'1',32),(26,NULL,'2019-03-18 13:23:50.328000','10',NULL,NULL,'2019-03-18 13:23:50.328000',NULL,'1',33),(27,NULL,'2019-03-18 13:23:50.339000','10',NULL,NULL,'2019-03-18 13:23:50.339000',NULL,'2',33),(28,NULL,'2019-03-18 15:46:41.174000','10',NULL,NULL,'2019-03-18 15:46:41.174000',NULL,'1',34),(29,NULL,'2019-03-18 15:46:41.209000','10',NULL,NULL,'2019-03-18 15:46:41.209000',NULL,'2',34),(30,NULL,'2019-03-18 15:58:45.379000','1',NULL,NULL,'2019-03-18 15:58:53.736000',NULL,'1',35),(31,NULL,'2019-03-18 15:58:45.399000','1',NULL,NULL,'2019-03-18 15:58:53.746000',NULL,'2',35),(32,NULL,'2019-03-19 10:44:34.962000','1',NULL,NULL,'2019-03-19 10:44:57.304000',NULL,'1',36),(33,NULL,'2019-03-19 10:44:34.987000','1',NULL,NULL,'2019-03-19 10:44:57.339000',NULL,'2',36),(34,NULL,'2019-03-19 13:17:43.108000','1',NULL,NULL,'2019-03-19 13:17:53.844000',NULL,'1',37),(35,NULL,'2019-03-19 13:17:43.142000','1',NULL,NULL,'2019-03-19 13:17:53.874000',NULL,'2',37),(36,NULL,'2019-03-19 14:52:59.270000','1',NULL,NULL,'2019-03-19 14:53:30.506000',NULL,'1',38),(38,NULL,'2019-03-19 17:23:49.153000','2',NULL,NULL,'2019-03-19 17:24:00.281000','test','1',39),(39,NULL,'2019-03-19 17:46:22.782000','2',NULL,NULL,'2019-03-19 17:46:22.782000','sdda','2',40),(40,NULL,'2019-03-19 18:30:46.463000','2',NULL,NULL,'2019-03-19 18:31:02.481000','sdda','2',41),(41,NULL,'2019-03-19 18:32:44.736000','1',NULL,NULL,'2019-03-19 18:32:44.736000','test','1',42),(42,NULL,'2019-03-19 18:33:07.275000','1',NULL,NULL,'2019-03-19 18:33:07.275000',NULL,'7',42),(43,NULL,'2019-03-19 18:34:50.559000','1',NULL,NULL,'2019-03-19 18:35:07.452000',NULL,'1',43),(44,NULL,'2019-03-19 18:34:50.572000','1',NULL,NULL,'2019-03-19 18:35:07.453000',NULL,'2',43),(45,NULL,'2019-03-19 18:38:06.885000','1',NULL,NULL,'2019-03-19 18:38:06.885000','test','1',44),(46,NULL,'2019-03-19 18:42:45.369000','1',NULL,NULL,'2019-03-19 18:42:45.369000','test','1',45),(47,NULL,'2019-03-19 18:44:01.481000','10',NULL,NULL,'2019-03-19 18:44:01.481000',NULL,'1',46),(48,NULL,'2019-03-19 18:44:01.489000','10',NULL,NULL,'2019-03-19 18:44:01.489000',NULL,'2',46),(49,NULL,'2019-03-20 13:00:56.986000','1',NULL,NULL,'2019-03-20 13:00:56.986000','test','1',47),(50,NULL,'2019-03-20 14:14:23.997000','10',NULL,NULL,'2019-03-20 14:14:23.997000',NULL,'1',48),(51,NULL,'2019-03-20 14:14:24.011000','10',NULL,NULL,'2019-03-20 14:14:24.011000',NULL,'2',48),(52,NULL,'2019-03-20 14:29:43.320000','1',NULL,NULL,'2019-03-20 14:29:43.320000','test','1',49),(55,NULL,'2019-03-21 18:34:35.166000','1',NULL,NULL,'2019-05-03 11:04:55.918000','Electric ','1',6),(56,NULL,'2019-03-22 13:11:30.770000','1',NULL,NULL,'2019-03-22 13:18:41.792000','test','5',50),(57,NULL,'2019-03-22 13:20:09.257000','1',NULL,NULL,'2019-03-22 13:20:09.257000','ss','1',51),(58,NULL,'2019-03-22 13:20:09.263000','1',NULL,NULL,'2019-03-22 13:20:09.263000','SS','7',51),(59,NULL,'2019-03-22 13:20:09.282000','1',NULL,NULL,'2019-03-22 13:20:46.977000','ss','5',51),(60,NULL,'2019-03-25 13:04:00.566000','1',NULL,NULL,'2019-03-25 13:04:00.566000','test','1',52),(61,NULL,'2019-03-26 19:14:12.054000','1',NULL,NULL,'2019-03-26 19:14:12.054000','test','1',53),(62,NULL,'2019-03-26 19:14:36.122000','1',NULL,NULL,'2019-03-26 19:14:36.122000','tech','68',53),(64,NULL,'2019-03-27 11:20:02.017000','1',NULL,NULL,'2019-03-27 11:20:02.017000','ss','1',54),(65,NULL,'2019-03-27 11:20:02.030000','1',NULL,NULL,'2019-03-27 11:20:02.030000','SS','7',54),(67,NULL,'2019-03-27 13:36:32.112000','1',NULL,NULL,'2019-03-27 13:36:32.112000','ss','1',55),(68,NULL,'2019-03-27 13:36:32.119000','1',NULL,NULL,'2019-03-27 13:36:32.119000','SS','7',55),(70,NULL,'2019-03-27 13:37:43.561000','1',NULL,NULL,'2019-03-27 13:43:48.648000','TECH NOTE 1','1',56),(71,NULL,'2019-03-27 13:37:43.569000','1',NULL,NULL,'2019-03-27 13:43:48.652000','TECH NOTE 2','2',56),(72,NULL,'2019-03-27 13:38:49.192000','1',NULL,NULL,'2019-03-27 13:39:18.099000','TECH NOTE','1',57),(73,NULL,'2019-03-27 13:38:49.199000','1',NULL,NULL,'2019-03-27 13:39:18.099000','TECH NOTE2','2',57),(74,NULL,'2019-03-27 13:45:44.592000','1',NULL,NULL,'2019-03-27 13:45:44.592000',NULL,'2',NULL),(75,NULL,'2019-03-27 13:46:15.349000','1',NULL,NULL,'2019-03-27 13:46:15.349000',NULL,'2',37),(76,NULL,'2019-03-27 13:58:37.997000','1',NULL,NULL,'2019-03-27 14:14:30.186000',NULL,'1',58),(77,NULL,'2019-03-27 13:58:38.004000','1',NULL,NULL,'2019-03-27 14:14:30.200000',NULL,'2',58),(78,NULL,'2019-03-27 16:05:00.459000','1',NULL,NULL,'2019-03-27 16:05:00.459000','ss','1',59),(79,NULL,'2019-03-27 16:05:00.465000','1',NULL,NULL,'2019-03-27 16:05:00.465000','SS','7',59),(80,NULL,'2019-03-27 16:05:00.472000','1',NULL,NULL,'2019-03-27 16:05:00.472000','ss','1',59),(81,NULL,'2019-03-27 16:28:31.223000','1',NULL,NULL,'2019-03-27 16:28:31.223000','test','39',60),(82,NULL,'2019-03-27 16:42:36.100000','1',NULL,NULL,'2019-03-27 16:42:47.289000',NULL,'1',61),(83,NULL,'2019-03-27 16:42:36.109000','1',NULL,NULL,'2019-03-27 16:42:47.298000',NULL,'2',61),(84,NULL,'2019-03-27 17:06:10.534000','1',NULL,NULL,'2019-03-27 17:06:10.534000',NULL,'7',61),(85,NULL,'2019-03-27 18:10:09.630000','1',NULL,NULL,'2019-03-27 18:10:09.630000','ss','1',62),(86,NULL,'2019-03-27 18:10:09.653000','1',NULL,NULL,'2019-03-27 18:10:09.653000','SS','7',62),(88,NULL,'2019-03-28 10:33:23.703000','10',NULL,NULL,'2019-03-28 10:33:23.703000',NULL,'1',63),(89,NULL,'2019-03-28 10:33:23.727000','10',NULL,NULL,'2019-03-28 10:33:23.727000',NULL,'2',63),(90,NULL,'2019-03-28 10:50:19.724000','10',NULL,NULL,'2019-03-28 10:50:19.724000',NULL,'1',64),(91,NULL,'2019-03-28 10:50:19.732000','10',NULL,NULL,'2019-03-28 10:50:19.732000',NULL,'2',64),(92,NULL,'2019-04-30 17:06:58.840000','2',NULL,NULL,'2019-05-03 11:12:17.940000','test','1',70),(93,NULL,'2019-05-03 11:04:55.865000','1',NULL,NULL,'2019-05-03 11:04:55.866000','Design','2',6);
/*!40000 ALTER TABLE `t_job_plan_profile` ENABLE KEYS */;
UNLOCK TABLES;

--
-- Table structure for table `t_job_plan_task_type`
--

DROP TABLE IF EXISTS `t_job_plan_task_type`;
/*!40101 SET @saved_cs_client     = @@character_set_client */;
/*!40101 SET character_set_client = utf8 */;
CREATE TABLE `t_job_plan_task_type` (
  `id` int(11) NOT NULL AUTO_INCREMENT,
  `created_by` varchar(255) DEFAULT NULL,
  `created_dt` datetime(6) DEFAULT NULL,
  `is_enabled` varchar(255) DEFAULT NULL,
  `t_job_id` varchar(255) DEFAULT NULL,
  `modified_by` varchar(255) DEFAULT NULL,
  `modified_dt` datetime(6) DEFAULT NULL,
  `task_type_id` int(11) DEFAULT NULL,
  `task_type_order` int(11) DEFAULT NULL,
  `weightage` float NOT NULL,
  PRIMARY KEY (`id`)
) ENGINE=InnoDB AUTO_INCREMENT=77 DEFAULT CHARSET=latin1;
/*!40101 SET character_set_client = @saved_cs_client */;

--
-- Dumping data for table `t_job_plan_task_type`
--

LOCK TABLES `t_job_plan_task_type` WRITE;
/*!40000 ALTER TABLE `t_job_plan_task_type` DISABLE KEYS */;
INSERT INTO `t_job_plan_task_type` VALUES (4,NULL,'2018-12-08 15:41:00.135000',NULL,'3',NULL,'2018-12-08 15:41:00.135000',2,NULL,0.2),(5,NULL,'2019-03-16 16:16:43.122000',NULL,'16',NULL,'2019-03-16 16:16:43.123000',1,NULL,0),(6,'24','2019-03-16 17:00:39.066000',NULL,'22',NULL,'2019-03-16 17:00:39.066000',1,NULL,10),(7,'24','2019-03-16 17:00:39.075000',NULL,'22',NULL,'2019-03-16 17:00:39.075000',2,NULL,10),(8,'24','2019-03-18 12:18:48.490000',NULL,'26',NULL,'2019-03-18 12:18:48.490000',1,NULL,10),(9,'24','2019-03-18 12:18:48.497000',NULL,'26',NULL,'2019-03-18 12:18:48.497000',2,NULL,10),(10,'24','2019-03-18 12:21:17.499000',NULL,'27',NULL,'2019-03-18 12:21:17.499000',1,NULL,10),(11,'24','2019-03-18 12:21:17.509000',NULL,'27',NULL,'2019-03-18 12:21:17.509000',2,NULL,10),(12,'24','2019-03-18 12:29:10.949000',NULL,'28',NULL,'2019-03-18 12:29:10.949000',1,NULL,10),(13,'24','2019-03-18 12:29:10.971000',NULL,'28',NULL,'2019-03-18 12:29:10.971000',2,NULL,10),(14,'24','2019-03-18 12:32:22.240000',NULL,'29',NULL,'2019-03-18 12:32:22.240000',1,NULL,10),(15,'24','2019-03-18 12:32:22.247000',NULL,'29',NULL,'2019-03-18 12:32:22.247000',2,NULL,10),(16,'33','2019-03-18 12:59:11.779000',NULL,'30',NULL,'2019-03-18 12:59:11.779000',1,NULL,10),(17,'33','2019-03-18 12:59:11.809000',NULL,'30',NULL,'2019-03-18 12:59:11.809000',2,NULL,10),(18,'33','2019-03-18 13:05:27.498000',NULL,'31',NULL,'2019-03-18 13:05:27.498000',1,NULL,10),(19,'33','2019-03-18 13:05:27.520000',NULL,'31',NULL,'2019-03-18 13:05:27.520000',2,NULL,10),(20,'24','2019-03-18 13:16:40.415000',NULL,'32',NULL,'2019-03-18 13:16:40.415000',1,NULL,10),(21,'24','2019-03-18 13:16:40.427000',NULL,'32',NULL,'2019-03-18 13:16:40.427000',2,NULL,10),(22,'33','2019-03-18 13:23:50.287000',NULL,'33',NULL,'2019-03-18 13:23:50.287000',1,NULL,10),(23,'33','2019-03-18 13:23:50.310000',NULL,'33',NULL,'2019-03-18 13:23:50.310000',2,NULL,10),(24,'33','2019-03-18 15:46:41.104000',NULL,'34',NULL,'2019-03-18 15:46:41.104000',1,NULL,10),(25,'33','2019-03-18 15:46:41.146000',NULL,'34',NULL,'2019-03-18 15:46:41.146000',2,NULL,10),(26,'33','2019-03-18 15:58:45.345000',NULL,'35',NULL,'2019-03-18 15:58:45.345000',1,NULL,10),(27,'33','2019-03-18 15:58:45.365000',NULL,'35',NULL,'2019-03-18 15:58:45.365000',2,NULL,10),(28,'33','2019-03-19 10:44:34.917000',NULL,'36',NULL,'2019-03-19 10:44:34.917000',1,NULL,10),(29,'33','2019-03-19 10:44:34.943000',NULL,'36',NULL,'2019-03-19 10:44:34.943000',2,NULL,10),(30,'33','2019-03-19 13:17:43.043000',NULL,'37',NULL,'2019-03-19 13:17:43.044000',1,NULL,10),(31,'33','2019-03-19 13:17:43.079000',NULL,'37',NULL,'2019-03-19 13:17:43.079000',2,NULL,10),(32,NULL,'2019-03-19 13:24:24.691000',NULL,'37',NULL,'2019-03-19 13:24:34.895000',3,NULL,20),(33,'33','2019-03-19 14:52:59.251000',NULL,'38',NULL,'2019-03-19 14:52:59.251000',1,NULL,10),(34,'33','2019-03-19 14:52:59.259000',NULL,'38',NULL,'2019-03-19 14:52:59.259000',2,NULL,10),(35,'33','2019-03-19 17:23:49.134000',NULL,'39',NULL,'2019-03-19 17:23:49.134000',1,NULL,10),(36,'33','2019-03-19 17:46:22.775000',NULL,'40',NULL,'2019-03-19 17:46:22.775000',1,NULL,12),(37,'33','2019-03-19 18:30:46.457000',NULL,'41',NULL,'2019-03-19 18:30:46.457000',1,NULL,12),(38,'33','2019-03-19 18:32:44.731000',NULL,'42',NULL,'2019-03-19 18:32:44.731000',1,NULL,10),(39,'33','2019-03-19 18:34:50.538000',NULL,'43',NULL,'2019-03-19 18:34:50.539000',1,NULL,10),(40,'33','2019-03-19 18:34:50.547000',NULL,'43',NULL,'2019-03-19 18:34:50.547000',2,NULL,10),(41,'33','2019-03-19 18:38:06.878000',NULL,'44',NULL,'2019-03-19 18:38:06.878000',1,NULL,10),(42,'33','2019-03-19 18:42:45.362000',NULL,'45',NULL,'2019-03-19 18:42:45.362000',1,NULL,10),(43,'33','2019-03-19 18:44:01.468000',NULL,'46',NULL,'2019-03-19 18:44:01.468000',1,NULL,10),(44,'33','2019-03-19 18:44:01.474000',NULL,'46',NULL,'2019-03-19 18:44:01.474000',2,NULL,10),(45,'33','2019-03-20 13:00:56.969000',NULL,'47',NULL,'2019-03-20 13:00:56.969000',1,NULL,10),(46,'33','2019-03-20 14:14:23.974000',NULL,'48',NULL,'2019-03-20 14:14:23.974000',1,NULL,10),(47,'33','2019-03-20 14:14:23.983000',NULL,'48',NULL,'2019-03-20 14:14:23.983000',2,NULL,10),(48,'33','2019-03-20 14:29:43.312000',NULL,'49',NULL,'2019-03-20 14:30:54.103000',1,NULL,12),(49,'33','2019-03-22 13:11:30.759000',NULL,'50',NULL,'2019-03-22 13:11:30.759000',1,NULL,10),(50,'33','2019-03-22 13:20:09.247000',NULL,'51',NULL,'2019-03-22 13:20:09.247000',2,NULL,2),(51,'33','2019-03-22 13:20:09.252000',NULL,'51',NULL,'2019-03-22 13:20:09.252000',3,NULL,0),(52,'33','2019-03-25 13:04:00.558000',NULL,'52',NULL,'2019-03-25 13:04:00.558000',1,NULL,10),(53,'33','2019-03-26 19:14:12.025000',NULL,'53',NULL,'2019-03-26 19:14:12.025000',1,NULL,10),(54,'24','2019-03-27 11:20:01.997000',NULL,'54',NULL,'2019-03-27 11:20:01.997000',2,NULL,2),(55,'24','2019-03-27 11:20:02.007000',NULL,'54',NULL,'2019-03-27 11:20:02.007000',3,NULL,0),(56,'24','2019-03-27 13:36:32.087000',NULL,'55',NULL,'2019-03-27 13:36:32.087000',2,NULL,2),(57,'24','2019-03-27 13:36:32.100000',NULL,'55',NULL,'2019-03-27 13:36:32.100000',3,NULL,0),(58,'24','2019-03-27 13:37:43.547000',NULL,'56',NULL,'2019-03-27 13:37:43.547000',1,NULL,10),(59,'24','2019-03-27 13:37:43.553000',NULL,'56',NULL,'2019-03-27 13:37:43.553000',2,NULL,10),(60,'33','2019-03-27 13:38:49.180000',NULL,'57',NULL,'2019-03-27 13:38:49.180000',1,NULL,10),(61,'33','2019-03-27 13:38:49.185000',NULL,'57',NULL,'2019-03-27 13:38:49.185000',2,NULL,10),(62,'24','2019-03-27 13:58:37.978000',NULL,'58',NULL,'2019-03-27 13:58:37.978000',1,NULL,10),(63,'24','2019-03-27 13:58:37.988000',NULL,'58',NULL,'2019-03-27 13:58:37.988000',2,NULL,10),(64,'24','2019-03-27 16:05:00.433000',NULL,'59',NULL,'2019-03-27 16:05:00.433000',2,NULL,2),(65,'24','2019-03-27 16:05:00.441000',NULL,'59',NULL,'2019-03-27 16:05:00.441000',3,NULL,0),(66,'33','2019-03-27 16:28:31.209000',NULL,'60',NULL,'2019-03-27 16:28:31.209000',1,NULL,3),(67,'24','2019-03-27 16:42:36.075000',NULL,'61',NULL,'2019-03-27 16:42:36.075000',1,NULL,10),(68,'24','2019-03-27 16:42:36.082000',NULL,'61',NULL,'2019-03-27 16:42:36.082000',2,NULL,10),(69,'17','2019-03-27 18:10:09.590000',NULL,'62',NULL,'2019-03-27 18:10:09.590000',2,NULL,2),(70,'17','2019-03-27 18:10:09.610000',NULL,'62',NULL,'2019-03-27 18:10:09.610000',3,NULL,0),(71,'24','2019-03-28 10:33:23.664000',NULL,'63',NULL,'2019-03-28 10:33:23.664000',1,NULL,10),(72,'24','2019-03-28 10:33:23.683000',NULL,'63',NULL,'2019-03-28 10:33:23.683000',2,NULL,10),(73,'17','2019-03-28 10:50:19.707000',NULL,'64',NULL,'2019-03-28 10:50:19.707000',1,NULL,10),(74,'17','2019-03-28 10:50:19.713000',NULL,'64',NULL,'2019-03-28 10:50:19.713000',2,NULL,10),(75,'33','2019-04-30 17:06:58.828000',NULL,'70',NULL,'2019-04-30 17:06:58.828000',1,NULL,10),(76,NULL,'2019-04-30 17:29:40.221000',NULL,'6',NULL,'2019-04-30 17:29:40.221000',1,NULL,1);
/*!40000 ALTER TABLE `t_job_plan_task_type` ENABLE KEYS */;
UNLOCK TABLES;

--
-- Table structure for table `t_job_profile`
--

DROP TABLE IF EXISTS `t_job_profile`;
/*!40101 SET @saved_cs_client     = @@character_set_client */;
/*!40101 SET character_set_client = utf8 */;
CREATE TABLE `t_job_profile` (
  `id` int(11) NOT NULL AUTO_INCREMENT,
  `created_by` varchar(255) DEFAULT NULL,
  `created_dt` datetime(6) DEFAULT NULL,
  `head_count` int(11) DEFAULT NULL,
  `is_enabled` varchar(255) DEFAULT NULL,
  `modified_by` varchar(255) DEFAULT NULL,
  `modified_dt` datetime(6) DEFAULT NULL,
  `m_profile_id` int(11) DEFAULT NULL,
  `t_job_id` varchar(255) DEFAULT NULL,
  PRIMARY KEY (`id`)
) ENGINE=InnoDB AUTO_INCREMENT=26 DEFAULT CHARSET=latin1;
/*!40101 SET character_set_client = @saved_cs_client */;

--
-- Dumping data for table `t_job_profile`
--

LOCK TABLES `t_job_profile` WRITE;
/*!40000 ALTER TABLE `t_job_profile` DISABLE KEYS */;
INSERT INTO `t_job_profile` VALUES (1,NULL,NULL,2,NULL,NULL,NULL,1,'3'),(2,NULL,'2018-12-11 11:37:06.652000',1,NULL,NULL,'2018-12-11 11:37:06.653000',1,'5'),(3,NULL,'2019-03-19 13:17:42.000000',1,NULL,NULL,'2019-03-19 13:17:42.000000',1,'37'),(4,NULL,'2019-03-19 17:22:44.964000',1,NULL,NULL,'2019-03-19 17:22:44.964000',1,'38'),(5,NULL,'2019-03-19 17:22:46.538000',1,NULL,NULL,'2019-03-19 17:22:46.538000',1,'38'),(6,NULL,'2019-03-19 17:22:47.588000',1,NULL,NULL,'2019-03-19 17:22:47.588000',1,'38'),(7,NULL,'2019-03-19 17:25:17.227000',2,NULL,NULL,'2019-03-19 17:25:17.227000',1,'39'),(8,NULL,'2019-03-19 18:37:10.051000',1,NULL,NULL,'2019-03-19 18:37:10.051000',1,'35'),(9,NULL,'2019-03-19 18:37:10.061000',1,NULL,NULL,'2019-03-19 18:37:10.061000',2,'35'),(10,NULL,'2019-03-19 18:47:09.485000',2,NULL,NULL,'2019-03-19 18:47:09.485000',2,'40'),(11,NULL,'2019-03-20 13:01:58.974000',1,NULL,NULL,'2019-03-20 13:01:58.974000',1,'47'),(12,NULL,'2019-03-20 14:31:35.675000',1,NULL,NULL,'2019-03-20 14:31:35.675000',1,'49'),(13,NULL,'2019-03-26 19:25:05.593000',1,NULL,NULL,'2019-03-26 19:25:05.593000',1,'53'),(14,NULL,'2019-03-26 19:25:05.606000',1,NULL,NULL,'2019-03-26 19:25:05.606000',68,'53'),(15,NULL,'2019-03-27 11:21:06.102000',1,NULL,NULL,'2019-03-27 11:21:06.102000',1,'53'),(16,NULL,'2019-03-27 11:21:06.110000',1,NULL,NULL,'2019-03-27 11:21:06.110000',68,'53'),(17,NULL,'2019-03-27 13:46:02.377000',1,NULL,NULL,'2019-03-27 13:46:02.377000',1,'56'),(18,NULL,'2019-03-27 13:46:02.387000',1,NULL,NULL,'2019-03-27 13:46:02.387000',2,'56'),(19,NULL,'2019-03-27 16:12:25.667000',1,NULL,NULL,'2019-03-27 16:12:25.667000',1,'59'),(20,NULL,'2019-03-27 16:12:25.674000',1,NULL,NULL,'2019-03-27 16:12:25.674000',7,'59'),(21,NULL,'2019-03-27 16:12:25.682000',1,NULL,NULL,'2019-03-27 16:12:25.682000',1,'59'),(22,NULL,'2019-03-27 16:41:19.124000',1,NULL,NULL,'2019-03-27 16:41:19.124000',39,'60'),(23,NULL,'2019-05-03 11:06:15.340000',1,NULL,NULL,'2019-05-03 11:06:15.340000',1,'6'),(24,NULL,'2019-05-03 11:06:15.346000',1,NULL,NULL,'2019-05-03 11:06:15.346000',2,'6'),(25,NULL,'2019-08-02 17:33:40.221000',1,NULL,NULL,'2019-08-02 17:33:40.221000',1,'5');
/*!40000 ALTER TABLE `t_job_profile` ENABLE KEYS */;
UNLOCK TABLES;

--
-- Table structure for table `t_job_task_list`
--

DROP TABLE IF EXISTS `t_job_task_list`;
/*!40101 SET @saved_cs_client     = @@character_set_client */;
/*!40101 SET character_set_client = utf8 */;
CREATE TABLE `t_job_task_list` (
  `id` int(11) NOT NULL AUTO_INCREMENT,
  `created_by` varchar(255) DEFAULT NULL,
  `created_dt` datetime(6) DEFAULT NULL,
  `is_enabled` varchar(255) DEFAULT NULL,
  `t_job_milestone_id` int(11) DEFAULT NULL,
  `modified_by` varchar(255) DEFAULT NULL,
  `modified_dt` datetime(6) DEFAULT NULL,
  `progress` int(11) DEFAULT NULL,
  `status` varchar(255) DEFAULT NULL,
  `task_list_desc` varchar(255) DEFAULT NULL,
  `task_list_name` varchar(255) DEFAULT NULL,
  `task_list_order` int(11) DEFAULT NULL,
  PRIMARY KEY (`id`),
  KEY `FKbah2c2a6hwtsnqnwrjxokpy0v` (`t_job_milestone_id`),
  CONSTRAINT `FKbah2c2a6hwtsnqnwrjxokpy0v` FOREIGN KEY (`t_job_milestone_id`) REFERENCES `t_job_milestone` (`id`)
) ENGINE=InnoDB AUTO_INCREMENT=36 DEFAULT CHARSET=latin1;
/*!40101 SET character_set_client = @saved_cs_client */;

--
-- Dumping data for table `t_job_task_list`
--

LOCK TABLES `t_job_task_list` WRITE;
/*!40000 ALTER TABLE `t_job_task_list` DISABLE KEYS */;
INSERT INTO `t_job_task_list` VALUES (4,NULL,'2018-12-10 09:24:11.555000',NULL,4,NULL,'2018-12-10 09:36:19.768000',50,NULL,NULL,'1-Task1',NULL),(5,NULL,'2018-12-10 09:24:11.611000',NULL,4,NULL,'2018-12-10 09:24:11.631000',75,NULL,NULL,'1-Task2',NULL),(6,NULL,'2018-12-10 09:24:11.637000',NULL,5,NULL,'2018-12-10 09:24:11.644000',50,NULL,NULL,'2-Task1',NULL),(10,NULL,'2019-02-02 14:45:58.330000',NULL,10,NULL,'2019-02-02 14:45:59.372000',25,NULL,NULL,'sub task 1',NULL),(11,NULL,'2019-02-02 14:45:58.331000',NULL,10,NULL,'2019-02-02 14:45:59.378000',50,NULL,NULL,'sub task 2',NULL),(12,NULL,'2019-02-02 14:45:59.383000',NULL,11,NULL,'2019-02-02 14:45:59.387000',75,NULL,NULL,'sub task 1',NULL),(20,NULL,'2019-03-20 14:33:18.002000',NULL,19,NULL,'2019-03-20 14:33:18.015000',25,NULL,NULL,'sample1',NULL),(21,NULL,'2019-03-20 14:33:18.020000',NULL,20,NULL,'2019-03-20 14:33:18.027000',50,NULL,NULL,'sample2',NULL),(22,NULL,'2019-03-20 14:33:18.022000',NULL,20,NULL,'2019-03-20 14:33:18.032000',75,NULL,NULL,'sample3',NULL),(23,NULL,'2019-03-20 14:33:18.038000',NULL,21,NULL,'2019-03-20 14:33:18.044000',50,NULL,NULL,'testing sample',NULL),(24,NULL,'2019-03-26 19:26:09.799000',NULL,22,NULL,'2019-03-26 19:26:09.809000',25,NULL,NULL,'task1',NULL),(25,NULL,'2019-03-26 19:26:09.823000',NULL,23,NULL,'2019-03-26 19:26:09.833000',50,NULL,NULL,'task2',NULL),(27,NULL,'2019-04-30 19:02:37.773000',NULL,26,NULL,'2019-04-30 19:02:39.293000',75,NULL,NULL,'r',NULL),(28,NULL,'2019-04-30 19:02:39.298000',NULL,27,NULL,'2019-04-30 19:02:39.302000',50,NULL,NULL,'r1',NULL),(29,NULL,'2019-04-30 19:03:06.809000',NULL,28,NULL,'2019-04-30 19:03:06.813000',25,NULL,NULL,'r2',NULL),(30,NULL,'2019-05-03 11:09:15.945000',NULL,29,NULL,'2019-05-03 11:09:15.961000',NULL,NULL,NULL,'T1',NULL),(31,NULL,'2019-05-03 11:09:15.967000',NULL,30,NULL,'2019-05-03 11:09:15.978000',NULL,NULL,NULL,'T2',NULL),(32,NULL,'2019-05-03 11:09:15.968000',NULL,30,NULL,'2019-05-03 11:09:15.983000',NULL,NULL,NULL,'T3',NULL),(33,NULL,'2019-05-03 11:09:15.990000',NULL,31,NULL,'2019-05-03 11:09:15.996000',NULL,NULL,NULL,'T4',NULL),(34,NULL,'2019-05-03 11:09:16.004000',NULL,32,NULL,'2019-05-03 11:09:16.010000',NULL,NULL,NULL,'T5',NULL),(35,NULL,'2019-05-03 11:09:16.016000',NULL,33,NULL,'2019-05-03 11:09:16.027000',NULL,NULL,NULL,'T6',NULL);
/*!40000 ALTER TABLE `t_job_task_list` ENABLE KEYS */;
UNLOCK TABLES;

--
-- Table structure for table `t_job_task_type`
--

DROP TABLE IF EXISTS `t_job_task_type`;
/*!40101 SET @saved_cs_client     = @@character_set_client */;
/*!40101 SET character_set_client = utf8 */;
CREATE TABLE `t_job_task_type` (
  `id` int(11) NOT NULL AUTO_INCREMENT,
  `created_by` varchar(255) DEFAULT NULL,
  `created_dt` datetime(6) DEFAULT NULL,
  `is_enabled` varchar(255) DEFAULT NULL,
  `t_job_id` varchar(255) DEFAULT NULL,
  `modified_by` varchar(255) DEFAULT NULL,
  `modified_dt` datetime(6) DEFAULT NULL,
  `task_type_id` int(11) DEFAULT NULL,
  `task_type_order` int(11) DEFAULT NULL,
  `weightage` float NOT NULL,
  PRIMARY KEY (`id`)
) ENGINE=InnoDB AUTO_INCREMENT=21 DEFAULT CHARSET=latin1;
/*!40101 SET character_set_client = @saved_cs_client */;

--
-- Dumping data for table `t_job_task_type`
--

LOCK TABLES `t_job_task_type` WRITE;
/*!40000 ALTER TABLE `t_job_task_type` DISABLE KEYS */;
INSERT INTO `t_job_task_type` VALUES (1,NULL,'2019-03-19 17:22:44.923000',NULL,'38',NULL,'2019-03-19 17:22:44.923000',1,NULL,10),(2,NULL,'2019-03-19 17:22:44.935000',NULL,'38',NULL,'2019-03-19 17:22:44.935000',2,NULL,10),(3,NULL,'2019-03-19 17:22:46.518000',NULL,'38',NULL,'2019-03-19 17:22:46.518000',1,NULL,10),(4,NULL,'2019-03-19 17:22:46.528000',NULL,'38',NULL,'2019-03-19 17:22:46.528000',2,NULL,10),(5,NULL,'2019-03-19 17:22:47.558000',NULL,'38',NULL,'2019-03-19 17:22:47.558000',1,NULL,10),(6,NULL,'2019-03-19 17:22:47.567000',NULL,'38',NULL,'2019-03-19 17:22:47.567000',2,NULL,10),(7,NULL,'2019-03-19 17:25:17.219000',NULL,'39',NULL,'2019-03-19 17:25:17.220000',1,NULL,10),(8,NULL,'2019-03-19 18:37:10.038000',NULL,'35',NULL,'2019-03-19 18:37:10.038000',1,NULL,10),(9,NULL,'2019-03-19 18:37:10.044000',NULL,'35',NULL,'2019-03-19 18:37:10.044000',2,NULL,10),(10,NULL,'2019-03-19 18:47:09.477000',NULL,'40',NULL,'2019-03-19 18:47:09.477000',1,NULL,12),(11,NULL,'2019-03-20 13:01:58.953000',NULL,'47',NULL,'2019-03-20 13:01:58.953000',1,NULL,10),(12,NULL,'2019-03-20 14:31:35.669000',NULL,'49',NULL,'2019-03-20 14:31:35.669000',1,NULL,12),(13,NULL,'2019-03-26 19:25:05.570000',NULL,'53',NULL,'2019-03-26 19:25:05.570000',1,NULL,10),(14,NULL,'2019-03-27 11:21:06.094000',NULL,'53',NULL,'2019-03-27 11:21:06.094000',1,NULL,10),(15,NULL,'2019-03-27 13:46:02.366000',NULL,'56',NULL,'2019-03-27 13:46:02.366000',1,NULL,10),(16,NULL,'2019-03-27 13:46:02.370000',NULL,'56',NULL,'2019-03-27 13:46:02.370000',2,NULL,10),(17,NULL,'2019-03-27 16:12:25.635000',NULL,'59',NULL,'2019-03-27 16:12:25.635000',2,NULL,2),(18,NULL,'2019-03-27 16:12:25.645000',NULL,'59',NULL,'2019-03-27 16:12:25.645000',3,NULL,0),(19,NULL,'2019-03-27 16:41:19.115000',NULL,'60',NULL,'2019-03-27 16:41:19.115000',1,NULL,3),(20,NULL,'2019-05-03 11:06:15.321000',NULL,'6',NULL,'2019-05-03 11:06:15.321000',1,NULL,1);
/*!40000 ALTER TABLE `t_job_task_type` ENABLE KEYS */;
UNLOCK TABLES;

--
-- Table structure for table `t_job_tip`
--

DROP TABLE IF EXISTS `t_job_tip`;
/*!40101 SET @saved_cs_client     = @@character_set_client */;
/*!40101 SET character_set_client = utf8 */;
CREATE TABLE `t_job_tip` (
  `id` int(11) NOT NULL AUTO_INCREMENT,
  `created_by` varchar(255) DEFAULT NULL,
  `created_dt` datetime(6) DEFAULT NULL,
  `equip_desc` varchar(255) DEFAULT NULL,
  `is_enabled` varchar(255) DEFAULT NULL,
  `t_job_id` varchar(255) DEFAULT NULL,
  `modified_by` varchar(255) DEFAULT NULL,
  `modified_dt` datetime(6) DEFAULT NULL,
  PRIMARY KEY (`id`)
) ENGINE=InnoDB DEFAULT CHARSET=latin1;
/*!40101 SET character_set_client = @saved_cs_client */;

--
-- Dumping data for table `t_job_tip`
--

LOCK TABLES `t_job_tip` WRITE;
/*!40000 ALTER TABLE `t_job_tip` DISABLE KEYS */;
/*!40000 ALTER TABLE `t_job_tip` ENABLE KEYS */;
UNLOCK TABLES;

--
-- Table structure for table `t_job_travel`
--

DROP TABLE IF EXISTS `t_job_travel`;
/*!40101 SET @saved_cs_client     = @@character_set_client */;
/*!40101 SET character_set_client = utf8 */;
CREATE TABLE `t_job_travel` (
  `id` int(11) NOT NULL AUTO_INCREMENT,
  `boarding_point` varchar(255) DEFAULT NULL,
  `created_by` varchar(255) DEFAULT NULL,
  `created_dt` datetime(6) DEFAULT NULL,
  `dropping_at` varchar(255) DEFAULT NULL,
  `is_enabled` varchar(255) DEFAULT NULL,
  `modified_by` varchar(255) DEFAULT NULL,
  `modified_dt` datetime(6) DEFAULT NULL,
  `pnr_no` varchar(255) DEFAULT NULL,
  `t_job_emp_id` varchar(255) DEFAULT NULL,
  `t_job_id` varchar(255) DEFAULT NULL,
  `travel_number` varchar(255) DEFAULT NULL,
  `travel_time` datetime(6) DEFAULT NULL,
  `travel_type` varchar(255) DEFAULT NULL,
  PRIMARY KEY (`id`)
) ENGINE=InnoDB AUTO_INCREMENT=3 DEFAULT CHARSET=latin1;
/*!40101 SET character_set_client = @saved_cs_client */;

--
-- Dumping data for table `t_job_travel`
--

LOCK TABLES `t_job_travel` WRITE;
/*!40000 ALTER TABLE `t_job_travel` DISABLE KEYS */;
INSERT INTO `t_job_travel` VALUES (1,'chennai',NULL,'2018-12-11 10:07:10.661000','bangalore',NULL,NULL,'2018-12-11 10:07:49.509000','112','1','3','112',NULL,'Train'),(2,'bangalore',NULL,'2018-12-11 10:07:49.519000','mysore',NULL,NULL,'2018-12-11 10:07:49.519000','111','1','3','11',NULL,'Bus');
/*!40000 ALTER TABLE `t_job_travel` ENABLE KEYS */;
UNLOCK TABLES;

--
-- Table structure for table `t_learning_track`
--

DROP TABLE IF EXISTS `t_learning_track`;
/*!40101 SET @saved_cs_client     = @@character_set_client */;
/*!40101 SET character_set_client = utf8 */;
CREATE TABLE `t_learning_track` (
  `id` int(11) NOT NULL AUTO_INCREMENT,
  `video_upload_id` varchar(100) DEFAULT NULL,
  `video_upload_category` varchar(100) DEFAULT NULL,
  `video_upload_desc` varchar(100) DEFAULT NULL,
  `video_upload_duration` varchar(100) DEFAULT NULL,
  `video_upload_employee_id` varchar(100) DEFAULT NULL,
  `is_like` varchar(100) DEFAULT NULL,
  `is_dis_like` varchar(100) DEFAULT NULL,
  `comment` varchar(100) DEFAULT NULL,
  `is_enabled` varchar(100) DEFAULT NULL,
  `created_by` varchar(100) DEFAULT NULL,
  `modified_by` varchar(100) DEFAULT NULL,
  `created_dt` datetime DEFAULT NULL,
  `modified_dt` datetime DEFAULT NULL,
  `video_name` varchar(100) DEFAULT NULL,
  `video_url` varchar(500) DEFAULT NULL,
  PRIMARY KEY (`id`)
) ENGINE=InnoDB AUTO_INCREMENT=33 DEFAULT CHARSET=latin1;
/*!40101 SET character_set_client = @saved_cs_client */;

--
-- Dumping data for table `t_learning_track`
--

LOCK TABLES `t_learning_track` WRITE;
/*!40000 ALTER TABLE `t_learning_track` DISABLE KEYS */;
INSERT INTO `t_learning_track` VALUES (1,'1','1','1','1','1','1','1','1','Y','1','1',NULL,NULL,NULL,NULL),(2,NULL,NULL,NULL,NULL,NULL,NULL,NULL,NULL,NULL,NULL,NULL,'2019-06-19 17:30:18','2019-06-19 17:30:18',NULL,'/home/priya/Desktop/Salary slip.pdf'),(3,'1',NULL,NULL,NULL,NULL,NULL,NULL,NULL,NULL,NULL,NULL,'2019-06-19 17:30:46','2019-06-19 17:30:46',NULL,'/home/priya/Desktop/Salary slip.pdf'),(4,NULL,'test',NULL,NULL,NULL,NULL,NULL,NULL,NULL,NULL,NULL,'2019-07-09 14:47:17','2019-07-09 14:47:17','test','/home/sundar/output.pdf'),(5,NULL,'test',NULL,NULL,NULL,NULL,NULL,NULL,NULL,NULL,NULL,'2019-07-09 15:32:32','2019-07-09 15:32:32','test','/home/sundar/output.pdf'),(6,NULL,NULL,NULL,NULL,NULL,NULL,NULL,NULL,NULL,NULL,NULL,'2019-07-12 18:07:42','2019-07-12 18:07:42',NULL,'/home/sundar/Downloads/download (1).jpg'),(7,NULL,NULL,NULL,NULL,NULL,NULL,NULL,NULL,NULL,NULL,NULL,'2019-07-12 18:22:18','2019-07-12 18:22:18',NULL,'/home/sundar/Downloads/download (1).jpg'),(8,NULL,'learninng',NULL,NULL,NULL,NULL,NULL,NULL,NULL,NULL,NULL,'2019-07-15 10:54:21','2019-07-15 10:54:21','java developer','/home/priya/Desktop/SampleVideo_1280x720_1mb.mp4'),(9,NULL,'hj',NULL,NULL,NULL,NULL,NULL,NULL,NULL,NULL,NULL,'2019-07-15 11:35:59','2019-07-15 11:35:59','jh','/home/priya/Desktop/SampleVideo_1280x720_1mb.mp4'),(10,NULL,NULL,NULL,NULL,NULL,NULL,NULL,NULL,NULL,NULL,NULL,'2019-07-15 11:41:19','2019-07-15 11:41:19',NULL,'/home/sundar/Downloads/download (1).jpg'),(11,NULL,'dsa',NULL,NULL,NULL,NULL,NULL,NULL,NULL,NULL,NULL,'2019-07-15 11:42:37','2019-07-15 11:42:37','java','/home/priya/Desktop/SampleVideo_1280x720_1mb.mp4'),(12,NULL,NULL,NULL,NULL,NULL,NULL,NULL,NULL,NULL,NULL,NULL,'2019-07-15 11:43:12','2019-07-15 11:43:12',NULL,'/home/sundar/Downloads/download (1).jpg'),(13,NULL,'ff',NULL,NULL,NULL,NULL,NULL,NULL,NULL,NULL,NULL,'2019-07-15 12:47:47','2019-07-15 12:47:47','ff','/home/priya/Desktop/SampleVideo_1280x720_1mb.mp4'),(14,NULL,'ff',NULL,NULL,NULL,NULL,NULL,NULL,NULL,NULL,NULL,'2019-07-15 13:04:36','2019-07-15 13:04:36','ff','/home/priya/Desktop/SampleVideo_1280x720_1mb.mp4'),(15,NULL,'ff',NULL,NULL,NULL,NULL,NULL,NULL,NULL,NULL,NULL,'2019-07-15 13:06:29','2019-07-15 13:06:29','ff','/home/priya/Desktop/SampleVideo_1280x720_1mb.mp4'),(16,NULL,'ss',NULL,NULL,NULL,NULL,NULL,NULL,NULL,NULL,NULL,'2019-07-15 13:07:46','2019-07-15 13:07:46','ss','/home/priya/Desktop/SampleVideo_1280x720_1mb.mp4'),(17,NULL,'s',NULL,NULL,NULL,NULL,NULL,NULL,NULL,NULL,NULL,'2019-07-15 13:10:13','2019-07-15 13:10:13','s','/home/priya/Desktop/SampleVideo_1280x720_1mb.mp4'),(18,NULL,'sss',NULL,NULL,NULL,NULL,NULL,NULL,NULL,NULL,NULL,'2019-07-15 14:49:50','2019-07-15 14:49:50','sss','/home/priya/Desktop/SampleVideo_1280x720_1mb.mp4'),(19,NULL,'sss',NULL,NULL,NULL,NULL,NULL,NULL,NULL,NULL,NULL,'2019-07-15 14:56:31','2019-07-15 14:56:31','sss','/opt/so/data/docs/upload/APPLICANT-PHOTO/2019-02-19T17:15:09.726-4aa3a57d-0a5b-4cc0-8548-d6f1117e98f9'),(20,NULL,'jjj',NULL,NULL,NULL,NULL,NULL,NULL,NULL,NULL,NULL,'2019-07-15 15:52:17','2019-07-15 15:52:17','gg','/home/priya/Desktop/SampleVideo_1280x720_1mb.mp4'),(21,NULL,'jjj',NULL,NULL,NULL,NULL,NULL,NULL,NULL,NULL,NULL,'2019-07-15 15:53:01','2019-07-15 15:53:01','gg','/home/priya/Desktop/SampleVideo_1280x720_1mb.mp4'),(22,NULL,'jjj',NULL,NULL,NULL,NULL,NULL,NULL,NULL,NULL,NULL,'2019-07-15 15:53:14','2019-07-15 15:53:14','gg','/home/priya/Desktop/SampleVideo_1280x720_1mb.mp4'),(23,NULL,'ss',NULL,NULL,NULL,NULL,NULL,NULL,NULL,NULL,NULL,'2019-07-15 16:07:25','2019-07-15 16:07:25','ss','/home/priya/Desktop/SampleVideo_1280x720_1mb.mp4'),(24,NULL,'ss',NULL,NULL,NULL,NULL,NULL,NULL,NULL,NULL,NULL,'2019-07-15 16:10:30','2019-07-15 16:10:30','ss','/home/priya/Desktop/SampleVideo_1280x720_1mb.mp4'),(25,NULL,'ss',NULL,NULL,NULL,NULL,NULL,NULL,NULL,NULL,NULL,'2019-07-15 18:16:32','2019-07-15 18:16:32','ss','/opt/so/data/docs/other/12-2018/2018-12-08T13:47:22.148-2fdcbbad-0805-4a5a-919f-b449b8b018cb'),(26,NULL,'ss',NULL,NULL,NULL,NULL,NULL,NULL,NULL,NULL,NULL,'2019-07-15 19:02:02','2019-07-15 19:02:02','ss','/opt/so/data/docs/other/12-2018/2018-12-08T13:47:22.148-2fdcbbad-0805-4a5a-919f-b449b8b018cb'),(27,NULL,'ss',NULL,NULL,NULL,NULL,NULL,NULL,NULL,NULL,NULL,'2019-07-15 19:02:32','2019-07-15 19:02:32','ss','/opt/so/data/docs/other/12-2018/2018-12-08T13:47:22.148-2fdcbbad-0805-4a5a-919f-b449b8b018cb'),(28,NULL,'ss',NULL,NULL,NULL,NULL,NULL,NULL,NULL,NULL,NULL,'2019-07-15 19:11:28','2019-07-15 19:11:28','ss','/opt/so/data/docs/other/12-2018/2018-12-08T13:47:22.148-2fdcbbad-0805-4a5a-919f-b449b8b018cb'),(29,NULL,'java',NULL,NULL,NULL,NULL,NULL,NULL,NULL,NULL,NULL,'2019-07-15 19:11:53','2019-07-15 19:11:53','java','/opt/so/data/docs/other/12-2018/2018-12-08T13:47:22.148-2fdcbbad-0805-4a5a-919f-b449b8b018cb'),(30,NULL,'ss',NULL,NULL,NULL,NULL,NULL,NULL,NULL,NULL,NULL,'2019-07-15 19:12:21','2019-07-15 19:12:21','sss','/opt/so/data/docs/other/12-2018/2018-12-08T13:47:22.148-2fdcbbad-0805-4a5a-919f-b449b8b018cb'),(31,NULL,'test',NULL,NULL,NULL,NULL,NULL,NULL,NULL,NULL,NULL,'2019-07-16 15:40:00','2019-07-16 15:40:00','test','filePath=/opt/so/data/docs/upload/CLIENT-Logo/2019-07-12T13:26:58.699-71ebed39-4286-4bc8-91d4-ccfec847a997'),(32,NULL,'test',NULL,NULL,NULL,NULL,NULL,NULL,NULL,NULL,NULL,'2019-07-16 15:41:24','2019-07-16 15:41:24','test','/opt/so/data/docs/upload/CLIENT-Logo/2019-07-12T13:26:58.699-71ebed39-4286-4bc8-91d4-ccfec847a997');
/*!40000 ALTER TABLE `t_learning_track` ENABLE KEYS */;
UNLOCK TABLES;

--
-- Table structure for table `t_learning_track_details`
--

DROP TABLE IF EXISTS `t_learning_track_details`;
/*!40101 SET @saved_cs_client     = @@character_set_client */;
/*!40101 SET character_set_client = utf8 */;
CREATE TABLE `t_learning_track_details` (
  `id` int(11) NOT NULL AUTO_INCREMENT,
  `t_learning_track_id` varchar(100) DEFAULT NULL,
  `is_video_watched` varchar(100) DEFAULT NULL,
  `video_play_head` varchar(100) DEFAULT NULL,
  `is_enabled` varchar(100) DEFAULT NULL,
  `created_by` varchar(100) DEFAULT NULL,
  `modified_by` varchar(100) DEFAULT NULL,
  `created_dt` datetime DEFAULT NULL,
  `modified_dt` datetime DEFAULT NULL,
  PRIMARY KEY (`id`)
) ENGINE=InnoDB AUTO_INCREMENT=2 DEFAULT CHARSET=latin1;
/*!40101 SET character_set_client = @saved_cs_client */;

--
-- Dumping data for table `t_learning_track_details`
--

LOCK TABLES `t_learning_track_details` WRITE;
/*!40000 ALTER TABLE `t_learning_track_details` DISABLE KEYS */;
INSERT INTO `t_learning_track_details` VALUES (1,'1','Y','1','Y','1','1',NULL,NULL);
/*!40000 ALTER TABLE `t_learning_track_details` ENABLE KEYS */;
UNLOCK TABLES;

--
-- Table structure for table `t_map_location_parameter`
--

DROP TABLE IF EXISTS `t_map_location_parameter`;
/*!40101 SET @saved_cs_client     = @@character_set_client */;
/*!40101 SET character_set_client = utf8 */;
CREATE TABLE `t_map_location_parameter` (
  `id` int(11) NOT NULL AUTO_INCREMENT,
  `address` varchar(100) DEFAULT NULL,
  `status` varchar(100) DEFAULT NULL,
  `is_completed` varchar(1) DEFAULT NULL,
  `is_error` varchar(1) DEFAULT NULL,
  `remarks` varchar(100) DEFAULT NULL,
  `country_code` varchar(100) DEFAULT NULL,
  `loc_name` varchar(100) DEFAULT NULL,
  `is_enabled` varchar(1) DEFAULT NULL,
  `created_by` varchar(100) DEFAULT NULL,
  `created_dt` datetime DEFAULT NULL,
  `modified_by` varchar(100) DEFAULT NULL,
  `modified_dt` datetime DEFAULT NULL,
  `lats` float DEFAULT NULL,
  `longs` float DEFAULT NULL,
  `limit_parameter` int(11) DEFAULT NULL,
  PRIMARY KEY (`id`)
) ENGINE=InnoDB AUTO_INCREMENT=50 DEFAULT CHARSET=latin1;
/*!40101 SET character_set_client = @saved_cs_client */;

--
-- Dumping data for table `t_map_location_parameter`
--

LOCK TABLES `t_map_location_parameter` WRITE;
/*!40000 ALTER TABLE `t_map_location_parameter` DISABLE KEYS */;
INSERT INTO `t_map_location_parameter` VALUES (33,'chennai','COMPLETED','Y','N',NULL,'IN','chennai',NULL,NULL,'2018-12-13 18:15:02',NULL,'2018-12-13 18:15:02',13.09,80.27,1),(34,'delhi','COMPLETED','Y','N',NULL,'IN','delhi',NULL,NULL,'2018-12-13 18:15:20',NULL,'2018-12-13 18:15:20',28.6535,77.1238,1),(35,'madurai','COMPLETED','Y','N',NULL,'IN','madrai',NULL,NULL,'2018-12-14 17:29:04',NULL,'2018-12-14 17:29:05',9.91966,78.1194,1),(36,'undefined','PROCESSING',NULL,NULL,NULL,'IN','madurai',NULL,NULL,'2018-12-14 19:10:10',NULL,'2018-12-14 19:10:10',NULL,NULL,1),(37,'undefined','PROCESSING',NULL,NULL,NULL,'IN','madurai',NULL,NULL,'2018-12-14 19:10:19',NULL,'2018-12-14 19:10:19',NULL,NULL,1),(38,'undefined','PROCESSING',NULL,NULL,NULL,'IN','madurai',NULL,NULL,'2019-01-21 15:49:27',NULL,'2019-01-21 15:49:27',NULL,NULL,1),(39,'undefined','PROCESSING',NULL,NULL,NULL,'IN','undefined',NULL,NULL,'2019-01-22 18:10:20',NULL,'2019-01-22 18:10:20',NULL,NULL,1),(40,'undefined','PROCESSING',NULL,NULL,NULL,'IN','trichy',NULL,NULL,'2019-02-02 16:08:34',NULL,'2019-02-02 16:08:34',NULL,NULL,1),(41,'undefined','PROCESSING',NULL,NULL,NULL,'IN','chennai',NULL,NULL,'2019-02-02 16:08:43',NULL,'2019-02-02 16:08:43',NULL,NULL,1),(42,'undefined','PROCESSING',NULL,NULL,NULL,'IN','chennai',NULL,NULL,'2019-03-20 14:41:53',NULL,'2019-03-20 14:41:53',NULL,NULL,1),(43,'kk nagar','COMPLETED','Y','N',NULL,'IN','chennai',NULL,NULL,'2019-03-20 14:42:04',NULL,'2019-03-20 14:42:05',13.0392,80.2007,1),(44,'k.k.nagar','COMPLETED','Y','N',NULL,'IN','chennai',NULL,NULL,'2019-03-20 14:42:15',NULL,'2019-03-20 14:42:15',20.1592,74.0964,1),(45,'chennai','COMPLETED','Y','N',NULL,'IN','mount road',NULL,NULL,'2019-03-20 14:52:27',NULL,'2019-03-20 14:52:27',13.09,80.27,1),(46,'ch','COMPLETED','Y','N',NULL,'IN','mount road',NULL,NULL,'2019-03-20 14:54:10',NULL,'2019-03-20 14:54:10',13.09,80.27,1),(47,'undefined','PROCESSING',NULL,NULL,NULL,'IN','ch',NULL,NULL,'2019-04-25 15:50:04',NULL,'2019-04-25 15:50:04',NULL,NULL,1),(48,'ch','COMPLETED','Y','N',NULL,'IN','ch',NULL,NULL,'2019-04-25 15:50:10',NULL,'2019-04-25 15:50:10',13.09,80.27,1),(49,'undefined','PROCESSING',NULL,NULL,NULL,'IN','',NULL,NULL,'2019-05-03 18:42:52',NULL,'2019-05-03 18:42:52',NULL,NULL,1);
/*!40000 ALTER TABLE `t_map_location_parameter` ENABLE KEYS */;
UNLOCK TABLES;

--
-- Table structure for table `t_payout_process_hdr`
--

DROP TABLE IF EXISTS `t_payout_process_hdr`;
/*!40101 SET @saved_cs_client     = @@character_set_client */;
/*!40101 SET character_set_client = utf8 */;
CREATE TABLE `t_payout_process_hdr` (
  `id` int(11) NOT NULL AUTO_INCREMENT,
  `created_by` varchar(255) DEFAULT NULL,
  `created_dt` datetime(6) DEFAULT NULL,
  `employee_id` varchar(255) DEFAULT NULL,
  `end_dt` datetime(6) DEFAULT NULL,
  `failure_count` int(11) DEFAULT NULL,
  `is_enabled` varchar(255) DEFAULT NULL,
  `modified_by` varchar(255) DEFAULT NULL,
  `modified_dt` datetime(6) DEFAULT NULL,
  `over_write` varchar(255) DEFAULT NULL,
  `pay_cycle_line_code` varchar(255) DEFAULT NULL,
  `pay_cycle_line_id` varchar(255) DEFAULT NULL,
  `process_status` varchar(255) DEFAULT NULL,
  `start_dt` datetime(6) DEFAULT NULL,
  `success_count` int(11) DEFAULT NULL,
  PRIMARY KEY (`id`)
) ENGINE=InnoDB DEFAULT CHARSET=latin1;
/*!40101 SET character_set_client = @saved_cs_client */;

--
-- Dumping data for table `t_payout_process_hdr`
--

LOCK TABLES `t_payout_process_hdr` WRITE;
/*!40000 ALTER TABLE `t_payout_process_hdr` DISABLE KEYS */;
/*!40000 ALTER TABLE `t_payout_process_hdr` ENABLE KEYS */;
UNLOCK TABLES;

--
-- Table structure for table `t_payout_process_line`
--

DROP TABLE IF EXISTS `t_payout_process_line`;
/*!40101 SET @saved_cs_client     = @@character_set_client */;
/*!40101 SET character_set_client = utf8 */;
CREATE TABLE `t_payout_process_line` (
  `id` int(11) NOT NULL AUTO_INCREMENT,
  `created_by` varchar(255) DEFAULT NULL,
  `created_dt` datetime(6) DEFAULT NULL,
  `employee_id` int(11) DEFAULT NULL,
  `is_enabled` varchar(255) DEFAULT NULL,
  `modified_by` varchar(255) DEFAULT NULL,
  `modified_dt` datetime(6) DEFAULT NULL,
  `t_payout_process_hdr_id` int(11) DEFAULT NULL,
  `result_code` varchar(255) DEFAULT NULL,
  `result_desc` varchar(255) DEFAULT NULL,
  PRIMARY KEY (`id`),
  KEY `FKt5qbiyp90shgpr7dmgwprl604` (`t_payout_process_hdr_id`),
  CONSTRAINT `FKt5qbiyp90shgpr7dmgwprl604` FOREIGN KEY (`t_payout_process_hdr_id`) REFERENCES `t_payout_process_hdr` (`id`)
) ENGINE=InnoDB DEFAULT CHARSET=latin1;
/*!40101 SET character_set_client = @saved_cs_client */;

--
-- Dumping data for table `t_payout_process_line`
--

LOCK TABLES `t_payout_process_line` WRITE;
/*!40000 ALTER TABLE `t_payout_process_line` DISABLE KEYS */;
/*!40000 ALTER TABLE `t_payout_process_line` ENABLE KEYS */;
UNLOCK TABLES;

--
-- Table structure for table `t_payroll_dtl`
--

DROP TABLE IF EXISTS `t_payroll_dtl`;
/*!40101 SET @saved_cs_client     = @@character_set_client */;
/*!40101 SET character_set_client = utf8 */;
CREATE TABLE `t_payroll_dtl` (
  `id` int(11) NOT NULL AUTO_INCREMENT,
  `created_by` varchar(255) DEFAULT NULL,
  `created_dt` datetime(6) DEFAULT NULL,
  `entry_amount` decimal(19,2) DEFAULT NULL,
  `entry_code` varchar(255) DEFAULT NULL,
  `entry_name` varchar(255) DEFAULT NULL,
  `entry_type` varchar(255) DEFAULT NULL,
  `is_enabled` varchar(255) DEFAULT NULL,
  `modified_by` varchar(255) DEFAULT NULL,
  `modified_dt` datetime(6) DEFAULT NULL,
  `t_payroll_hdr_id` int(11) DEFAULT NULL,
  `remarks` varchar(255) DEFAULT NULL,
  `status_code` varchar(255) DEFAULT NULL,
  `ytd` decimal(19,2) DEFAULT NULL,
  PRIMARY KEY (`id`),
  KEY `FKp9pij6ky4ojfghv18p9jeu5je` (`t_payroll_hdr_id`),
  CONSTRAINT `FKp9pij6ky4ojfghv18p9jeu5je` FOREIGN KEY (`t_payroll_hdr_id`) REFERENCES `t_payroll_hdr` (`id`)
) ENGINE=InnoDB DEFAULT CHARSET=latin1;
/*!40101 SET character_set_client = @saved_cs_client */;

--
-- Dumping data for table `t_payroll_dtl`
--

LOCK TABLES `t_payroll_dtl` WRITE;
/*!40000 ALTER TABLE `t_payroll_dtl` DISABLE KEYS */;
/*!40000 ALTER TABLE `t_payroll_dtl` ENABLE KEYS */;
UNLOCK TABLES;

--
-- Table structure for table `t_payroll_hdr`
--

DROP TABLE IF EXISTS `t_payroll_hdr`;
/*!40101 SET @saved_cs_client     = @@character_set_client */;
/*!40101 SET character_set_client = utf8 */;
CREATE TABLE `t_payroll_hdr` (
  `id` int(11) NOT NULL AUTO_INCREMENT,
  `bank_account_no` varchar(255) DEFAULT NULL,
  `bank_branch_name` varchar(255) DEFAULT NULL,
  `bank_ifsc_code` varchar(255) DEFAULT NULL,
  `bank_name` varchar(255) DEFAULT NULL,
  `created_by` varchar(255) DEFAULT NULL,
  `created_dt` datetime(6) DEFAULT NULL,
  `designation` varchar(255) DEFAULT NULL,
  `dob` datetime(6) DEFAULT NULL,
  `emp_code` varchar(255) DEFAULT NULL,
  `emp_fname` varchar(255) DEFAULT NULL,
  `emp_grade` varchar(255) DEFAULT NULL,
  `m_emp_id` int(11) DEFAULT NULL,
  `emp_lname` varchar(255) DEFAULT NULL,
  `t_emp_pay_adj_id` int(11) DEFAULT NULL,
  `m_emp_pay_structure_id` int(11) DEFAULT NULL,
  `is_enabled` varchar(255) DEFAULT NULL,
  `modified_by` varchar(255) DEFAULT NULL,
  `modified_dt` datetime(6) DEFAULT NULL,
  `month` int(11) DEFAULT NULL,
  `net_salary` decimal(19,2) DEFAULT NULL,
  `payment_mode` varchar(255) DEFAULT NULL,
  `t_payroll_batch_id` int(11) DEFAULT NULL,
  `pf_no` varchar(255) DEFAULT NULL,
  `remarks` varchar(255) DEFAULT NULL,
  `total_ctc` decimal(19,2) DEFAULT NULL,
  `total_deductions` decimal(19,2) DEFAULT NULL,
  `total_earnings` decimal(19,2) DEFAULT NULL,
  `year` int(11) DEFAULT NULL,
  PRIMARY KEY (`id`)
) ENGINE=InnoDB DEFAULT CHARSET=latin1;
/*!40101 SET character_set_client = @saved_cs_client */;

--
-- Dumping data for table `t_payroll_hdr`
--

LOCK TABLES `t_payroll_hdr` WRITE;
/*!40000 ALTER TABLE `t_payroll_hdr` DISABLE KEYS */;
/*!40000 ALTER TABLE `t_payroll_hdr` ENABLE KEYS */;
UNLOCK TABLES;

--
-- Table structure for table `t_pf_emp`
--

DROP TABLE IF EXISTS `t_pf_emp`;
/*!40101 SET @saved_cs_client     = @@character_set_client */;
/*!40101 SET character_set_client = utf8 */;
CREATE TABLE `t_pf_emp` (
  `id` int(11) NOT NULL AUTO_INCREMENT,
  `comptability_score` varchar(255) DEFAULT NULL,
  `created_by` varchar(255) DEFAULT NULL,
  `created_dt` datetime(6) DEFAULT NULL,
  `designation_name` varchar(255) DEFAULT NULL,
  `distance_to_location` varchar(255) DEFAULT NULL,
  `is_enabled` varchar(255) DEFAULT NULL,
  `m_employee_id` varchar(255) DEFAULT NULL,
  `modified_by` varchar(255) DEFAULT NULL,
  `modified_dt` datetime(6) DEFAULT NULL,
  `prev_job_id` varchar(255) DEFAULT NULL,
  `prev_lats` varchar(255) DEFAULT NULL,
  `prev_longs` varchar(255) DEFAULT NULL,
  `prev_map_location_id` varchar(255) DEFAULT NULL,
  `profile_finder_id` varchar(255) DEFAULT NULL,
  PRIMARY KEY (`id`)
) ENGINE=InnoDB AUTO_INCREMENT=1399 DEFAULT CHARSET=latin1;
/*!40101 SET character_set_client = @saved_cs_client */;

--
-- Dumping data for table `t_pf_emp`
--

LOCK TABLES `t_pf_emp` WRITE;
/*!40000 ALTER TABLE `t_pf_emp` DISABLE KEYS */;
INSERT INTO `t_pf_emp` VALUES (1,'0','2','2018-12-08 10:14:03.000000',NULL,'0','Y','3','2','2018-12-08 10:14:03.000000','2','13.067439079284668','80.23761749267578','1','1'),(2,'0','2','2018-12-08 10:14:03.000000',NULL,'0','Y','4','2','2018-12-08 10:14:03.000000','2','13.067439079284668','80.23761749267578','1','1'),(3,'0','2','2018-12-08 10:14:03.000000',NULL,'0','Y','5','2','2018-12-08 10:14:03.000000','2','13.067439079284668','80.23761749267578','1','1'),(4,'0','2','2018-12-08 10:15:31.000000',NULL,'0','Y','3','2','2018-12-08 10:15:31.000000','2','13.067439079284668','80.23761749267578','1','2'),(5,'0','2','2018-12-08 10:15:31.000000',NULL,'0','Y','4','2','2018-12-08 10:15:31.000000','2','13.067439079284668','80.23761749267578','1','2'),(6,'0','2','2018-12-08 10:15:31.000000',NULL,'0','Y','5','2','2018-12-08 10:15:31.000000','2','13.067439079284668','80.23761749267578','1','2'),(7,'0','2','2018-12-08 11:51:21.000000',NULL,'0','Y','3','2','2018-12-08 11:51:21.000000','2','13.067439079284668','80.23761749267578','1','3'),(8,'0','2','2018-12-08 11:51:21.000000',NULL,'0','Y','4','2','2018-12-08 11:51:21.000000','2','13.067439079284668','80.23761749267578','1','3'),(9,'0','1','2018-12-08 11:54:56.000000',NULL,'0','Y','3','1','2018-12-08 11:54:56.000000','2','13.067439079284668','80.23761749267578','1','4'),(10,'0','1','2018-12-08 12:34:08.000000',NULL,'0','Y','4','1','2018-12-08 12:43:36.000000','2','13.067439079284668','80.23761749267578','1','4'),(11,'50','2','2018-12-08 12:44:30.000000',NULL,'0',NULL,'3','1','2018-12-08 13:01:32.000000','2','13.067439079284668','80.23761749267578','1','5'),(12,'0','2','2018-12-08 12:44:30.000000',NULL,'0',NULL,'4','2','2018-12-08 12:44:30.000000','2','13.067439079284668','80.23761749267578','1','5'),(13,'0','2','2018-12-08 12:55:12.000000',NULL,'0',NULL,'3','2','2018-12-08 12:55:12.000000','2','13.067439079284668','80.23761749267578','1','6'),(14,'0','2','2018-12-08 12:55:12.000000',NULL,'0',NULL,'4','2','2018-12-08 12:55:12.000000','2','13.067439079284668','80.23761749267578','1','6'),(15,'0','2','2018-12-08 12:57:35.000000',NULL,'0',NULL,'3','2','2018-12-08 12:57:35.000000','2','13.067439079284668','80.23761749267578','1','7'),(16,'0','2','2018-12-08 12:57:35.000000',NULL,'0',NULL,'4','2','2018-12-08 12:57:35.000000','2','13.067439079284668','80.23761749267578','1','7'),(17,'50','2','2018-12-08 12:59:57.000000',NULL,'0',NULL,'3','2','2018-12-08 12:59:57.000000','2','13.067439079284668','80.23761749267578','1','8'),(18,'0','2','2018-12-08 12:59:57.000000',NULL,'0',NULL,'4','2','2018-12-08 12:59:57.000000','2','13.067439079284668','80.23761749267578','1','8'),(19,'50','2','2018-12-08 13:27:50.000000',NULL,'0',NULL,'3','2','2018-12-08 13:27:50.000000','2','13.067439079284668','80.23761749267578','1','9'),(20,'0','2','2018-12-08 13:27:50.000000',NULL,'0',NULL,'4','2','2018-12-08 13:27:50.000000','2','13.067439079284668','80.23761749267578','1','9'),(21,'0','2','2018-12-08 13:38:50.000000',NULL,'0',NULL,'3','2','2018-12-08 13:39:00.000000','2','13.067439079284668','80.23761749267578','1','10'),(22,'0','2','2018-12-08 13:38:50.000000',NULL,'0',NULL,'4','2','2018-12-08 13:39:00.000000','2','13.067439079284668','80.23761749267578','1','10'),(23,'0','2','2018-12-08 13:39:00.000000',NULL,'0',NULL,'3','2','2018-12-08 13:39:00.000000','2','13.067439079284668','80.23761749267578','1','10'),(24,'0','2','2018-12-08 13:39:00.000000',NULL,'0',NULL,'4','2','2018-12-08 13:39:00.000000','2','13.067439079284668','80.23761749267578','1','10'),(25,'50','1','2018-12-08 14:35:23.000000',NULL,'0','Y','3','1','2018-12-08 14:35:23.000000','2','13.067439079284668','80.23761749267578','1','14'),(26,'0','1','2018-12-08 14:35:23.000000',NULL,'0','Y','4','1','2018-12-08 14:35:23.000000','2','13.067439079284668','80.23761749267578','1','14'),(27,'50','2','2018-12-08 14:35:41.000000',NULL,'0','Y','3','2','2018-12-08 14:35:41.000000','2','13.067439079284668','80.23761749267578','1','15'),(28,'0','2','2018-12-08 14:35:41.000000',NULL,'0','Y','4','2','2018-12-08 14:35:41.000000','2','13.067439079284668','80.23761749267578','1','15'),(29,'50','2','2018-12-08 14:37:36.000000',NULL,'0','Y','3','2','2018-12-08 14:37:36.000000','2','13.067439079284668','80.23761749267578','1','16'),(30,'0','2','2018-12-08 14:37:36.000000',NULL,'0','Y','4','2','2018-12-08 14:37:36.000000','2','13.067439079284668','80.23761749267578','1','16'),(33,'0','2','2018-12-08 14:40:08.000000',NULL,'0','Y','3','2','2018-12-08 14:40:08.000000','2','13.067439079284668','80.23761749267578','1','17'),(34,'0','2','2018-12-08 14:40:08.000000',NULL,'0','Y','4','2','2018-12-08 14:40:08.000000','2','13.067439079284668','80.23761749267578','1','17'),(37,'0','2','2018-12-08 14:42:57.000000',NULL,'0','Y','3','2','2018-12-08 14:42:57.000000','2','13.067439079284668','80.23761749267578','1','18'),(38,'0','2','2018-12-08 14:42:57.000000',NULL,'0','Y','4','2','2018-12-08 14:42:57.000000','2','13.067439079284668','80.23761749267578','1','18'),(41,'0','2','2018-12-08 15:40:18.000000',NULL,'0','Y','3','2','2018-12-08 15:40:18.000000','2','13.067439079284668','80.23761749267578','1','19'),(42,'0','2','2018-12-08 15:40:18.000000',NULL,'0','Y','4','2','2018-12-08 15:40:18.000000','2','13.067439079284668','80.23761749267578','1','19'),(43,'0','3','2018-12-10 09:17:43.000000',NULL,'0','Y','3','3','2018-12-10 09:17:43.000000','2','13.067439079284668','80.23761749267578','1','20'),(44,'0','3','2018-12-10 09:17:43.000000',NULL,'0','Y','4','3','2018-12-10 09:17:43.000000','2','13.067439079284668','80.23761749267578','1','20'),(45,NULL,'3','2018-12-10 09:27:35.000000',NULL,NULL,'Y','3',NULL,NULL,NULL,NULL,NULL,NULL,'21'),(46,NULL,'3','2018-12-10 09:27:35.000000',NULL,NULL,'Y','4',NULL,NULL,NULL,NULL,NULL,NULL,'21'),(47,'0','1','2018-12-11 10:06:33.000000',NULL,'0','Y','3','1','2018-12-11 10:06:33.000000','2','13.067439079284668','80.23761749267578','1','22'),(48,'0','1','2018-12-11 10:06:33.000000',NULL,'0','Y','4','1','2018-12-11 10:06:33.000000','2','13.067439079284668','80.23761749267578','1','22'),(49,'0','1','2018-12-11 10:12:30.000000',NULL,'0','Y','3','1','2018-12-11 10:12:30.000000','2','13.067439079284668','80.23761749267578','1','23'),(50,'0','1','2018-12-11 10:12:30.000000',NULL,'0','Y','4','1','2018-12-11 10:12:30.000000','2','13.067439079284668','80.23761749267578','1','23'),(51,'0','1','2018-12-11 10:45:29.000000',NULL,'0','Y','3','1','2018-12-11 10:45:29.000000','2','13.067439079284668','80.23761749267578','1','24'),(52,'0','1','2018-12-11 10:45:29.000000',NULL,'0','Y','4','1','2018-12-11 10:45:29.000000','2','13.067439079284668','80.23761749267578','1','24'),(53,'0','1','2018-12-11 10:46:05.000000',NULL,'0','Y','3','1','2018-12-11 10:46:05.000000','2','13.067439079284668','80.23761749267578','1','25'),(54,'0','1','2018-12-11 10:46:05.000000',NULL,'0','Y','4','1','2018-12-11 10:46:05.000000','2','13.067439079284668','80.23761749267578','1','25'),(55,'0','1','2018-12-11 10:46:47.000000',NULL,'0','Y','3','1','2018-12-11 10:46:47.000000','2','13.067439079284668','80.23761749267578','1','26'),(56,'0','1','2018-12-11 10:46:47.000000',NULL,'0','Y','4','1','2018-12-11 10:46:47.000000','2','13.067439079284668','80.23761749267578','1','26'),(57,'0','1','2018-12-11 10:47:40.000000',NULL,'0','Y','3','1','2018-12-11 10:47:40.000000','2','13.067439079284668','80.23761749267578','1','27'),(58,'0','1','2018-12-11 10:47:40.000000',NULL,'0','Y','4','1','2018-12-11 10:47:40.000000','2','13.067439079284668','80.23761749267578','1','27'),(61,'0','1','2018-12-11 10:49:41.000000',NULL,'0','Y','3','1','2018-12-11 10:49:41.000000','2','13.067439079284668','80.23761749267578','1','28'),(62,'0','1','2018-12-11 10:49:41.000000',NULL,'0','Y','4','1','2018-12-11 10:49:41.000000','2','13.067439079284668','80.23761749267578','1','28'),(63,'0','1','2018-12-11 11:29:02.000000',NULL,'0','Y','3','1','2018-12-11 11:29:02.000000','5','13.067439079284668','80.23761749267578','1','29'),(64,'0','1','2018-12-11 11:29:02.000000',NULL,'0','Y','4','1','2018-12-11 11:29:02.000000','5','13.067439079284668','80.23761749267578','1','29'),(65,'0','3','2018-12-11 13:51:22.000000',NULL,'0','Y','2','3','2018-12-11 13:51:22.000000','5','13.067439079284668','80.23761749267578','1','30'),(66,'0','3','2018-12-11 13:51:22.000000',NULL,'0','Y','3','3','2018-12-11 13:51:22.000000','5','13.067439079284668','80.23761749267578','1','30'),(67,'0','3','2018-12-11 13:51:22.000000',NULL,'0','Y','4','3','2018-12-11 13:51:22.000000','5','13.067439079284668','80.23761749267578','1','30'),(68,'0','3','2018-12-11 13:51:22.000000',NULL,'0','Y','17','3','2018-12-11 13:51:22.000000','5','13.067439079284668','80.23761749267578','1','30'),(69,'33','4','2018-12-17 10:56:26.000000',NULL,'0','Y','1','4','2018-12-17 10:56:26.000000','2',NULL,NULL,'1','31'),(70,'0','4','2018-12-17 10:56:26.000000',NULL,'0','Y','2','4','2018-12-17 10:56:26.000000','2',NULL,NULL,'1','31'),(71,'0','4','2018-12-17 10:56:26.000000',NULL,'0','Y','3','4','2018-12-17 10:56:26.000000','2',NULL,NULL,'1','31'),(72,'0','4','2018-12-17 10:56:26.000000',NULL,'0','Y','4','4','2018-12-17 10:56:26.000000','2',NULL,NULL,'1','31'),(73,'0','4','2018-12-17 10:56:26.000000',NULL,'0','Y','17','4','2018-12-17 10:56:26.000000','2',NULL,NULL,'1','31'),(74,'0','4','2018-12-17 10:56:26.000000',NULL,'0','Y','23','4','2018-12-17 10:56:26.000000','2',NULL,NULL,'1','31'),(75,'0','4','2018-12-17 10:56:26.000000',NULL,'0','Y','24','4','2018-12-17 10:56:26.000000','2',NULL,NULL,'1','31'),(76,'0','23','2019-01-21 15:10:33.000000',NULL,'0','Y','1','23','2019-01-21 15:10:33.000000','5','13.09000015258789','80.2699966430664','18','32'),(77,'0','23','2019-01-21 15:10:33.000000',NULL,'0','Y','2','23','2019-01-21 15:10:33.000000','5','13.09000015258789','80.2699966430664','18','32'),(78,'0','23','2019-01-21 15:10:33.000000',NULL,'0','Y','3','23','2019-01-21 15:10:33.000000','5','13.09000015258789','80.2699966430664','18','32'),(79,'0','23','2019-01-21 15:10:33.000000',NULL,'0','Y','4','23','2019-01-21 15:10:33.000000','5','13.09000015258789','80.2699966430664','18','32'),(80,'0','23','2019-01-21 15:10:33.000000',NULL,'0','Y','17','23','2019-01-21 15:10:33.000000','5','13.09000015258789','80.2699966430664','18','32'),(81,'0','23','2019-01-21 15:10:33.000000',NULL,'0','Y','23','23','2019-01-21 15:10:33.000000','5','13.09000015258789','80.2699966430664','18','32'),(82,'0','23','2019-01-21 15:10:33.000000',NULL,'0','Y','24','23','2019-01-21 15:10:33.000000','5','13.09000015258789','80.2699966430664','18','32'),(90,'0','4','2019-01-22 17:39:56.000000',NULL,'0','Y','1','4','2019-01-22 17:39:56.000000','5','13.09000015258789','80.2699966430664','18','33'),(91,'0','4','2019-01-22 17:39:56.000000',NULL,'0','Y','2','4','2019-01-22 17:39:56.000000','5','13.09000015258789','80.2699966430664','18','33'),(92,'0','4','2019-01-22 17:39:56.000000',NULL,'0','Y','3','4','2019-01-22 17:39:56.000000','5','13.09000015258789','80.2699966430664','18','33'),(93,'0','4','2019-01-22 17:39:56.000000',NULL,'0','Y','4','4','2019-01-22 17:39:56.000000','5','13.09000015258789','80.2699966430664','18','33'),(94,'0','4','2019-01-22 17:39:56.000000',NULL,'0','Y','17','4','2019-01-22 17:39:56.000000','5','13.09000015258789','80.2699966430664','18','33'),(95,'0','4','2019-01-22 17:39:56.000000',NULL,'0','Y','23','4','2019-01-22 17:39:56.000000','5','13.09000015258789','80.2699966430664','18','33'),(96,'0','4','2019-01-22 17:39:56.000000',NULL,'0','Y','24','4','2019-01-22 17:39:56.000000','5','13.09000015258789','80.2699966430664','18','33'),(97,'0','4','2019-01-22 17:42:05.000000',NULL,'0','Y','1','4','2019-01-22 17:42:05.000000','5','13.09000015258789','80.2699966430664','18','34'),(98,'0','4','2019-01-22 17:42:05.000000',NULL,'0','Y','2','4','2019-01-22 17:42:05.000000','5','13.09000015258789','80.2699966430664','18','34'),(99,'0','4','2019-01-22 17:42:05.000000',NULL,'0','Y','3','4','2019-01-22 17:42:05.000000','5','13.09000015258789','80.2699966430664','18','34'),(100,'0','4','2019-01-22 17:42:05.000000',NULL,'0','Y','4','4','2019-01-22 17:42:05.000000','5','13.09000015258789','80.2699966430664','18','34'),(101,'0','4','2019-01-22 17:42:05.000000',NULL,'0','Y','17','4','2019-01-22 17:42:05.000000','5','13.09000015258789','80.2699966430664','18','34'),(102,'0','4','2019-01-22 17:42:05.000000',NULL,'0','Y','23','4','2019-01-22 17:42:05.000000','5','13.09000015258789','80.2699966430664','18','34'),(103,'0','4','2019-01-22 17:42:05.000000',NULL,'0','Y','24','4','2019-01-22 17:42:05.000000','5','13.09000015258789','80.2699966430664','18','34'),(104,'0','2','2019-01-23 18:24:15.000000',NULL,'0','Y','1','2','2019-01-23 18:24:15.000000','5','13.09000015258789','80.2699966430664','18','35'),(105,'0','2','2019-01-23 18:24:15.000000',NULL,'0','Y','2','2','2019-01-23 18:24:15.000000','5','13.09000015258789','80.2699966430664','18','35'),(106,'0','2','2019-01-23 18:24:15.000000',NULL,'0','Y','3','2','2019-01-23 18:24:15.000000','5','13.09000015258789','80.2699966430664','18','35'),(107,'0','2','2019-01-23 18:24:15.000000',NULL,'0','Y','4','2','2019-01-23 18:24:15.000000','5','13.09000015258789','80.2699966430664','18','35'),(108,'0','2','2019-01-23 18:24:15.000000',NULL,'0','Y','17','2','2019-01-23 18:24:15.000000','5','13.09000015258789','80.2699966430664','18','35'),(109,'0','2','2019-01-23 18:24:15.000000',NULL,'0','Y','23','2','2019-01-23 18:24:15.000000','5','13.09000015258789','80.2699966430664','18','35'),(110,'0','2','2019-01-23 18:24:15.000000',NULL,'0','Y','24','2','2019-01-23 18:24:15.000000','5','13.09000015258789','80.2699966430664','18','35'),(111,'0','3','2019-01-29 13:59:48.000000',NULL,'0','Y','1','3','2019-01-29 13:59:48.000000','5','13.09000015258789','80.2699966430664','18','36'),(112,'0','3','2019-01-29 13:59:48.000000',NULL,'0','Y','2','3','2019-01-29 13:59:48.000000','5','13.09000015258789','80.2699966430664','18','36'),(113,'0','3','2019-01-29 13:59:48.000000',NULL,'0','Y','3','3','2019-01-29 13:59:48.000000','5','13.09000015258789','80.2699966430664','18','36'),(114,'0','3','2019-01-29 13:59:48.000000',NULL,'0','Y','4','3','2019-01-29 13:59:48.000000','5','13.09000015258789','80.2699966430664','18','36'),(115,'0','3','2019-01-29 13:59:48.000000',NULL,'0','Y','17','3','2019-01-29 13:59:48.000000','5','13.09000015258789','80.2699966430664','18','36'),(116,'0','3','2019-01-29 13:59:48.000000',NULL,'0','Y','23','3','2019-01-29 13:59:48.000000','5','13.09000015258789','80.2699966430664','18','36'),(117,'0','3','2019-01-29 13:59:48.000000',NULL,'0','Y','24','3','2019-01-29 13:59:48.000000','5','13.09000015258789','80.2699966430664','18','36'),(118,'0','4','2019-02-02 15:58:22.000000',NULL,'0','Y','1','4','2019-02-02 15:58:22.000000','3','13.09000015258789','80.2699966430664','18','37'),(119,'0','4','2019-02-02 15:58:22.000000',NULL,'0','Y','2','4','2019-02-02 15:58:22.000000','3','13.09000015258789','80.2699966430664','18','37'),(120,'0','4','2019-02-02 15:58:22.000000',NULL,'0','Y','3','4','2019-02-02 15:58:22.000000','3','13.09000015258789','80.2699966430664','18','37'),(121,'0','4','2019-02-02 15:58:22.000000',NULL,'0','Y','4','4','2019-02-02 15:58:22.000000','3','13.09000015258789','80.2699966430664','18','37'),(122,'0','4','2019-02-02 15:58:22.000000',NULL,'0','Y','17','4','2019-02-02 15:58:22.000000','3','13.09000015258789','80.2699966430664','18','37'),(123,'0','4','2019-02-02 15:58:22.000000',NULL,'0','Y','23','4','2019-02-02 15:58:22.000000','3','13.09000015258789','80.2699966430664','18','37'),(124,'0','4','2019-02-02 15:58:22.000000',NULL,'0','Y','24','4','2019-02-02 15:58:22.000000','3','13.09000015258789','80.2699966430664','18','37'),(125,'0','4','2019-02-02 15:59:02.000000',NULL,'0','Y','1','4','2019-02-02 15:59:02.000000','3','13.09000015258789','80.2699966430664','18','38'),(126,'0','4','2019-02-02 15:59:02.000000',NULL,'0','Y','2','4','2019-02-02 15:59:02.000000','3','13.09000015258789','80.2699966430664','18','38'),(127,'0','4','2019-02-02 15:59:02.000000',NULL,'0','Y','3','4','2019-02-02 15:59:02.000000','3','13.09000015258789','80.2699966430664','18','38'),(128,'0','4','2019-02-02 15:59:02.000000',NULL,'0','Y','4','4','2019-02-02 15:59:02.000000','3','13.09000015258789','80.2699966430664','18','38'),(129,'0','4','2019-02-02 15:59:02.000000',NULL,'0','Y','17','4','2019-02-02 15:59:02.000000','3','13.09000015258789','80.2699966430664','18','38'),(130,'0','4','2019-02-02 15:59:02.000000',NULL,'0','Y','23','4','2019-02-02 15:59:02.000000','3','13.09000015258789','80.2699966430664','18','38'),(131,'0','4','2019-02-02 15:59:02.000000',NULL,'0','Y','24','4','2019-02-02 15:59:02.000000','3','13.09000015258789','80.2699966430664','18','38'),(132,'0','4','2019-02-02 17:22:06.000000',NULL,'0','Y','1','4','2019-02-02 17:22:06.000000','3','13.09000015258789','80.2699966430664','18','39'),(133,'0','4','2019-02-02 17:22:06.000000',NULL,'0','Y','2','4','2019-02-02 17:22:06.000000','3','13.09000015258789','80.2699966430664','18','39'),(134,'0','4','2019-02-02 17:22:06.000000',NULL,'0','Y','3','4','2019-02-02 17:22:06.000000','3','13.09000015258789','80.2699966430664','18','39'),(135,'0','4','2019-02-02 17:22:06.000000',NULL,'0','Y','4','4','2019-02-02 17:22:06.000000','3','13.09000015258789','80.2699966430664','18','39'),(136,'0','4','2019-02-02 17:22:06.000000',NULL,'0','Y','17','4','2019-02-02 17:22:06.000000','3','13.09000015258789','80.2699966430664','18','39'),(137,'0','4','2019-02-02 17:22:06.000000',NULL,'0','Y','23','4','2019-02-02 17:22:06.000000','3','13.09000015258789','80.2699966430664','18','39'),(138,'0','4','2019-02-02 17:22:06.000000',NULL,'0','Y','24','4','2019-02-02 17:22:06.000000','3','13.09000015258789','80.2699966430664','18','39'),(139,'0','2','2019-02-05 11:38:21.000000',NULL,'0','Y','1','2','2019-02-05 11:38:21.000000','3','13.09000015258789','80.2699966430664','18','40'),(140,'0','2','2019-02-05 11:38:21.000000',NULL,'0','Y','2','2','2019-02-05 11:38:21.000000','3','13.09000015258789','80.2699966430664','18','40'),(141,'0','2','2019-02-05 11:38:21.000000',NULL,'0','Y','3','2','2019-02-05 11:38:21.000000','3','13.09000015258789','80.2699966430664','18','40'),(142,'0','2','2019-02-05 11:38:21.000000',NULL,'0','Y','4','2','2019-02-05 11:38:21.000000','3','13.09000015258789','80.2699966430664','18','40'),(143,'0','2','2019-02-05 11:38:21.000000',NULL,'0','Y','17','2','2019-02-05 11:38:21.000000','3','13.09000015258789','80.2699966430664','18','40'),(144,'0','2','2019-02-05 11:38:21.000000',NULL,'0','Y','23','2','2019-02-05 11:38:21.000000','3','13.09000015258789','80.2699966430664','18','40'),(145,'0','2','2019-02-05 11:38:21.000000',NULL,'0','Y','24','2','2019-02-05 11:38:21.000000','3','13.09000015258789','80.2699966430664','18','40'),(146,'0','2','2019-03-11 14:01:11.000000',NULL,'0','Y','1','2','2019-03-11 14:01:11.000000','3','13.09000015258789','80.2699966430664','18','41'),(147,'0','2','2019-03-11 14:01:11.000000',NULL,'0','Y','2','2','2019-03-11 14:01:11.000000','3','13.09000015258789','80.2699966430664','18','41'),(148,'0','2','2019-03-11 14:01:11.000000',NULL,'0','Y','3','2','2019-03-11 14:01:11.000000','3','13.09000015258789','80.2699966430664','18','41'),(149,'0','2','2019-03-11 14:01:11.000000',NULL,'0','Y','4','2','2019-03-11 14:01:11.000000','3','13.09000015258789','80.2699966430664','18','41'),(150,'0','2','2019-03-11 14:01:11.000000',NULL,'0','Y','17','2','2019-03-11 14:01:11.000000','3','13.09000015258789','80.2699966430664','18','41'),(151,'0','2','2019-03-11 14:01:11.000000',NULL,'0','Y','22','2','2019-03-11 14:01:11.000000','3','13.09000015258789','80.2699966430664','18','41'),(152,'0','2','2019-03-11 14:01:11.000000',NULL,'0','Y','23','2','2019-03-11 14:01:11.000000','3','13.09000015258789','80.2699966430664','18','41'),(153,'0','2','2019-03-11 14:01:11.000000',NULL,'0','Y','24','2','2019-03-11 14:01:11.000000','3','13.09000015258789','80.2699966430664','18','41'),(154,'0','2','2019-03-11 14:03:15.000000',NULL,'0','Y','1','2','2019-03-11 14:03:15.000000','3','13.09000015258789','80.2699966430664','18','42'),(155,'0','2','2019-03-11 14:03:15.000000',NULL,'0','Y','2','2','2019-03-11 14:03:16.000000','3','13.09000015258789','80.2699966430664','18','42'),(156,'0','2','2019-03-11 14:03:15.000000',NULL,'0','Y','3','2','2019-03-11 14:03:16.000000','3','13.09000015258789','80.2699966430664','18','42'),(157,'0','2','2019-03-11 14:03:15.000000',NULL,'0','Y','4','2','2019-03-11 14:03:16.000000','3','13.09000015258789','80.2699966430664','18','42'),(158,'0','2','2019-03-11 14:03:15.000000',NULL,'0','Y','17','2','2019-03-11 14:03:16.000000','3','13.09000015258789','80.2699966430664','18','42'),(159,'0','2','2019-03-11 14:03:15.000000',NULL,'0','Y','22','2','2019-03-11 14:03:16.000000','3','13.09000015258789','80.2699966430664','18','42'),(160,'0','2','2019-03-11 14:03:15.000000',NULL,'0','Y','23','2','2019-03-11 14:03:16.000000','3','13.09000015258789','80.2699966430664','18','42'),(161,'0','2','2019-03-11 14:03:15.000000',NULL,'0','Y','24','2','2019-03-11 14:03:16.000000','3','13.09000015258789','80.2699966430664','18','42'),(162,'0','4','2019-03-16 16:16:12.000000',NULL,'0','Y','1','4','2019-03-16 16:16:12.000000','3','13.09000015258789','80.2699966430664','18','43'),(163,'0','4','2019-03-16 16:16:12.000000',NULL,'0','Y','2','4','2019-03-16 16:16:12.000000','3','13.09000015258789','80.2699966430664','18','43'),(164,'0','4','2019-03-16 16:16:12.000000',NULL,'0','Y','3','4','2019-03-16 16:16:12.000000','3','13.09000015258789','80.2699966430664','18','43'),(165,'0','4','2019-03-16 16:16:12.000000',NULL,'0','Y','4','4','2019-03-16 16:16:12.000000','3','13.09000015258789','80.2699966430664','18','43'),(166,'0','4','2019-03-16 16:16:12.000000',NULL,'0','Y','17','4','2019-03-16 16:16:12.000000','3','13.09000015258789','80.2699966430664','18','43'),(167,'0','4','2019-03-16 16:16:12.000000',NULL,'0','Y','22','4','2019-03-16 16:16:12.000000','3','13.09000015258789','80.2699966430664','18','43'),(168,'0','4','2019-03-16 16:16:12.000000',NULL,'0','Y','23','4','2019-03-16 16:16:12.000000','3','13.09000015258789','80.2699966430664','18','43'),(169,'0','4','2019-03-16 16:16:12.000000',NULL,'0','Y','24','4','2019-03-16 16:16:12.000000','3','13.09000015258789','80.2699966430664','18','43'),(186,'0','2','2019-03-18 13:25:19.000000',NULL,'0','Y','1','2','2019-03-18 13:25:19.000000','3','13.09000015258789','80.2699966430664','18','45'),(187,'0','2','2019-03-18 13:25:19.000000',NULL,'0','Y','2','2','2019-03-18 13:25:19.000000','3','13.09000015258789','80.2699966430664','18','45'),(188,'0','2','2019-03-18 13:25:19.000000',NULL,'0','Y','3','2','2019-03-18 13:25:19.000000','3','13.09000015258789','80.2699966430664','18','45'),(189,'0','2','2019-03-18 13:25:19.000000',NULL,'0','Y','4','2','2019-03-18 13:25:19.000000','3','13.09000015258789','80.2699966430664','18','45'),(190,'0','2','2019-03-18 13:25:19.000000',NULL,'0','Y','17','2','2019-03-18 13:25:19.000000','3','13.09000015258789','80.2699966430664','18','45'),(191,'0','2','2019-03-18 13:25:19.000000',NULL,'0','Y','22','2','2019-03-18 13:25:19.000000','3','13.09000015258789','80.2699966430664','18','45'),(192,'0','2','2019-03-18 13:25:19.000000',NULL,'0','Y','23','2','2019-03-18 13:25:19.000000','3','13.09000015258789','80.2699966430664','18','45'),(193,'0','2','2019-03-18 13:25:19.000000',NULL,'0','Y','24','2','2019-03-18 13:25:19.000000','3','13.09000015258789','80.2699966430664','18','45'),(202,'0','2','2019-03-18 15:59:50.000000',NULL,'0','Y','1','2','2019-03-18 15:59:50.000000','3','13.09000015258789','80.2699966430664','18','46'),(203,'0','2','2019-03-18 15:59:50.000000',NULL,'0','Y','2','2','2019-03-18 15:59:50.000000','3','13.09000015258789','80.2699966430664','18','46'),(204,'50','2','2019-03-18 15:59:50.000000',NULL,'0','Y','3','2','2019-03-18 15:59:50.000000','3','13.09000015258789','80.2699966430664','18','46'),(205,'0','2','2019-03-18 15:59:50.000000',NULL,'0','Y','4','2','2019-03-18 15:59:51.000000','3','13.09000015258789','80.2699966430664','18','46'),(206,'0','2','2019-03-18 15:59:50.000000',NULL,'0','Y','17','2','2019-03-18 15:59:51.000000','3','13.09000015258789','80.2699966430664','18','46'),(207,'0','2','2019-03-18 15:59:50.000000',NULL,'0','Y','22','2','2019-03-18 15:59:51.000000','3','13.09000015258789','80.2699966430664','18','46'),(208,'0','2','2019-03-18 15:59:50.000000',NULL,'0','Y','23','2','2019-03-18 15:59:51.000000','3','13.09000015258789','80.2699966430664','18','46'),(209,'0','2','2019-03-18 15:59:50.000000',NULL,'0','Y','24','2','2019-03-18 15:59:51.000000','3','13.09000015258789','80.2699966430664','18','46'),(226,'0','2','2019-03-19 10:46:17.000000',NULL,'0','Y','1','2','2019-03-19 10:46:17.000000','3','13.09000015258789','80.2699966430664','18','47'),(227,'0','2','2019-03-19 10:46:17.000000',NULL,'0','Y','2','2','2019-03-19 10:46:17.000000','3','13.09000015258789','80.2699966430664','18','47'),(228,'50','2','2019-03-19 10:46:17.000000',NULL,'0','Y','3','2','2019-03-19 10:46:17.000000','3','13.09000015258789','80.2699966430664','18','47'),(229,'0','2','2019-03-19 10:46:17.000000',NULL,'0','Y','4','2','2019-03-19 10:46:17.000000','3','13.09000015258789','80.2699966430664','18','47'),(230,'0','2','2019-03-19 10:46:17.000000',NULL,'0','Y','17','2','2019-03-19 10:46:17.000000','3','13.09000015258789','80.2699966430664','18','47'),(231,'0','2','2019-03-19 10:46:17.000000',NULL,'0','Y','22','2','2019-03-19 10:46:17.000000','3','13.09000015258789','80.2699966430664','18','47'),(232,'0','2','2019-03-19 10:46:17.000000',NULL,'0','Y','23','2','2019-03-19 10:46:17.000000','3','13.09000015258789','80.2699966430664','18','47'),(233,'0','2','2019-03-19 10:46:17.000000',NULL,'0','Y','24','2','2019-03-19 10:46:17.000000','3','13.09000015258789','80.2699966430664','18','47'),(234,'0','2','2019-03-19 13:18:13.000000',NULL,'0','Y','1','2','2019-03-19 13:18:13.000000','3','13.09000015258789','80.2699966430664','18','48'),(235,'0','2','2019-03-19 13:18:13.000000',NULL,'0','Y','2','2','2019-03-19 13:18:13.000000','3','13.09000015258789','80.2699966430664','18','48'),(236,'0','2','2019-03-19 13:18:13.000000',NULL,'0','Y','3','2','2019-03-19 13:18:13.000000','3','13.09000015258789','80.2699966430664','18','48'),(237,'0','2','2019-03-19 13:18:13.000000',NULL,'0','Y','4','2','2019-03-19 13:18:13.000000','3','13.09000015258789','80.2699966430664','18','48'),(238,'0','2','2019-03-19 13:18:13.000000',NULL,'0','Y','17','2','2019-03-19 13:18:13.000000','3','13.09000015258789','80.2699966430664','18','48'),(239,'0','2','2019-03-19 13:18:13.000000',NULL,'0','Y','22','2','2019-03-19 13:18:13.000000','3','13.09000015258789','80.2699966430664','18','48'),(240,'0','2','2019-03-19 13:18:13.000000',NULL,'0','Y','23','2','2019-03-19 13:18:13.000000','3','13.09000015258789','80.2699966430664','18','48'),(241,'0','2','2019-03-19 13:18:13.000000',NULL,'0','Y','24','2','2019-03-19 13:18:13.000000','3','13.09000015258789','80.2699966430664','18','48'),(250,'0','2','2019-03-19 13:21:14.000000',NULL,'0','Y','1','2','2019-03-19 13:21:14.000000','3','13.09000015258789','80.2699966430664','18','49'),(251,'0','2','2019-03-19 13:21:14.000000',NULL,'0','Y','2','2','2019-03-19 13:21:14.000000','3','13.09000015258789','80.2699966430664','18','49'),(252,'50','2','2019-03-19 13:21:14.000000',NULL,'0','Y','3','2','2019-03-19 13:21:14.000000','3','13.09000015258789','80.2699966430664','18','49'),(253,'0','2','2019-03-19 13:21:14.000000',NULL,'0','Y','4','2','2019-03-19 13:21:14.000000','3','13.09000015258789','80.2699966430664','18','49'),(254,'0','2','2019-03-19 13:21:14.000000',NULL,'0','Y','17','2','2019-03-19 13:21:14.000000','3','13.09000015258789','80.2699966430664','18','49'),(255,'0','2','2019-03-19 13:21:14.000000',NULL,'0','Y','22','2','2019-03-19 13:21:14.000000','3','13.09000015258789','80.2699966430664','18','49'),(256,'0','2','2019-03-19 13:21:14.000000',NULL,'0','Y','23','2','2019-03-19 13:21:14.000000','3','13.09000015258789','80.2699966430664','18','49'),(257,'0','2','2019-03-19 13:21:14.000000',NULL,'0','Y','24','2','2019-03-19 13:21:14.000000','3','13.09000015258789','80.2699966430664','18','49'),(258,NULL,'2','2019-03-19 13:26:41.000000',NULL,NULL,'Y','1',NULL,NULL,NULL,NULL,NULL,NULL,'50'),(259,NULL,'2','2019-03-19 13:26:41.000000',NULL,NULL,'Y','2',NULL,NULL,NULL,NULL,NULL,NULL,'50'),(260,NULL,'2','2019-03-19 13:26:41.000000',NULL,NULL,'Y','3',NULL,NULL,NULL,NULL,NULL,NULL,'50'),(261,NULL,'2','2019-03-19 13:26:41.000000',NULL,NULL,'Y','4',NULL,NULL,NULL,NULL,NULL,NULL,'50'),(262,NULL,'2','2019-03-19 13:26:41.000000',NULL,NULL,'Y','17',NULL,NULL,NULL,NULL,NULL,NULL,'50'),(263,NULL,'2','2019-03-19 13:26:41.000000',NULL,NULL,'Y','22',NULL,NULL,NULL,NULL,NULL,NULL,'50'),(264,NULL,'2','2019-03-19 13:26:41.000000',NULL,NULL,'Y','23',NULL,NULL,NULL,NULL,NULL,NULL,'50'),(265,NULL,'2','2019-03-19 13:26:41.000000',NULL,NULL,'Y','24',NULL,NULL,NULL,NULL,NULL,NULL,'50'),(266,'0','2','2019-03-19 14:38:21.000000',NULL,'0','Y','1','2','2019-03-19 14:38:22.000000','3','13.09000015258789','80.2699966430664','18','52'),(267,'0','2','2019-03-19 14:38:21.000000',NULL,'0','Y','2','2','2019-03-19 14:38:22.000000','3','13.09000015258789','80.2699966430664','18','52'),(268,'0','2','2019-03-19 14:38:22.000000',NULL,'0','Y','3','2','2019-03-19 14:38:22.000000','3','13.09000015258789','80.2699966430664','18','52'),(269,'0','2','2019-03-19 14:38:22.000000',NULL,'0','Y','4','2','2019-03-19 14:38:22.000000','3','13.09000015258789','80.2699966430664','18','52'),(270,'0','2','2019-03-19 14:38:22.000000',NULL,'0','Y','17','2','2019-03-19 14:38:22.000000','3','13.09000015258789','80.2699966430664','18','52'),(271,'0','2','2019-03-19 14:38:22.000000',NULL,'0','Y','22','2','2019-03-19 14:38:22.000000','3','13.09000015258789','80.2699966430664','18','52'),(272,'0','2','2019-03-19 14:38:22.000000',NULL,'0','Y','23','2','2019-03-19 14:38:22.000000','3','13.09000015258789','80.2699966430664','18','52'),(273,'0','2','2019-03-19 14:38:22.000000',NULL,'0','Y','24','2','2019-03-19 14:38:22.000000','3','13.09000015258789','80.2699966430664','18','52'),(274,'0','4','2019-03-19 14:39:02.000000',NULL,'0','Y','1','4','2019-03-19 14:39:02.000000','3','13.09000015258789','80.2699966430664','18','53'),(275,'0','4','2019-03-19 14:39:02.000000',NULL,'0','Y','2','4','2019-03-19 14:39:02.000000','3','13.09000015258789','80.2699966430664','18','53'),(276,'0','4','2019-03-19 14:39:02.000000',NULL,'0','Y','3','4','2019-03-19 14:39:02.000000','3','13.09000015258789','80.2699966430664','18','53'),(277,'0','4','2019-03-19 14:39:02.000000',NULL,'0','Y','4','4','2019-03-19 14:39:02.000000','3','13.09000015258789','80.2699966430664','18','53'),(278,'0','4','2019-03-19 14:39:02.000000',NULL,'0','Y','17','4','2019-03-19 14:39:02.000000','3','13.09000015258789','80.2699966430664','18','53'),(279,'0','4','2019-03-19 14:39:02.000000',NULL,'0','Y','22','4','2019-03-19 14:39:02.000000','3','13.09000015258789','80.2699966430664','18','53'),(280,'0','4','2019-03-19 14:39:02.000000',NULL,'0','Y','23','4','2019-03-19 14:39:02.000000','3','13.09000015258789','80.2699966430664','18','53'),(281,'0','4','2019-03-19 14:39:02.000000',NULL,'0','Y','24','4','2019-03-19 14:39:02.000000','3','13.09000015258789','80.2699966430664','18','53'),(282,'0','4','2019-03-19 14:39:21.000000',NULL,'0','Y','1','4','2019-03-19 14:39:21.000000','3','13.09000015258789','80.2699966430664','18','54'),(283,'0','4','2019-03-19 14:39:21.000000',NULL,'0','Y','2','4','2019-03-19 14:39:21.000000','3','13.09000015258789','80.2699966430664','18','54'),(284,'50','4','2019-03-19 14:39:21.000000',NULL,'0','Y','3','4','2019-03-19 14:39:21.000000','3','13.09000015258789','80.2699966430664','18','54'),(285,'0','4','2019-03-19 14:39:21.000000',NULL,'0','Y','4','4','2019-03-19 14:39:21.000000','3','13.09000015258789','80.2699966430664','18','54'),(286,'0','4','2019-03-19 14:39:21.000000',NULL,'0','Y','17','4','2019-03-19 14:39:21.000000','3','13.09000015258789','80.2699966430664','18','54'),(287,'0','4','2019-03-19 14:39:21.000000',NULL,'0','Y','22','4','2019-03-19 14:39:21.000000','3','13.09000015258789','80.2699966430664','18','54'),(288,'0','4','2019-03-19 14:39:21.000000',NULL,'0','Y','23','4','2019-03-19 14:39:21.000000','3','13.09000015258789','80.2699966430664','18','54'),(289,'0','4','2019-03-19 14:39:21.000000',NULL,'0','Y','24','4','2019-03-19 14:39:21.000000','3','13.09000015258789','80.2699966430664','18','54'),(306,'0','2','2019-03-19 14:54:52.000000',NULL,'0','Y','1','2','2019-03-19 14:54:52.000000','3','13.09000015258789','80.2699966430664','18','55'),(307,'0','2','2019-03-19 14:54:52.000000',NULL,'0','Y','2','2','2019-03-19 14:54:52.000000','3','13.09000015258789','80.2699966430664','18','55'),(308,'0','2','2019-03-19 14:54:52.000000',NULL,'0','Y','3','2','2019-03-19 14:54:52.000000','3','13.09000015258789','80.2699966430664','18','55'),(309,'0','2','2019-03-19 14:54:52.000000',NULL,'0','Y','4','2','2019-03-19 14:54:52.000000','3','13.09000015258789','80.2699966430664','18','55'),(310,'0','2','2019-03-19 14:54:52.000000',NULL,'0','Y','17','2','2019-03-19 14:54:52.000000','3','13.09000015258789','80.2699966430664','18','55'),(311,'0','2','2019-03-19 14:54:52.000000',NULL,'0','Y','22','2','2019-03-19 14:54:52.000000','3','13.09000015258789','80.2699966430664','18','55'),(312,'0','2','2019-03-19 14:54:52.000000',NULL,'0','Y','23','2','2019-03-19 14:54:52.000000','3','13.09000015258789','80.2699966430664','18','55'),(313,'0','2','2019-03-19 14:54:52.000000',NULL,'0','Y','24','2','2019-03-19 14:54:52.000000','3','13.09000015258789','80.2699966430664','18','55'),(314,'0','2','2019-03-19 14:55:57.000000',NULL,'0','Y','1','2','2019-03-19 14:55:57.000000','3','13.09000015258789','80.2699966430664','18','56'),(315,'0','2','2019-03-19 14:55:57.000000',NULL,'0','Y','2','2','2019-03-19 14:55:57.000000','3','13.09000015258789','80.2699966430664','18','56'),(316,'0','2','2019-03-19 14:55:57.000000',NULL,'0','Y','3','2','2019-03-19 14:55:57.000000','3','13.09000015258789','80.2699966430664','18','56'),(317,'0','2','2019-03-19 14:55:57.000000',NULL,'0','Y','4','2','2019-03-19 14:55:57.000000','3','13.09000015258789','80.2699966430664','18','56'),(318,'0','2','2019-03-19 14:55:57.000000',NULL,'0','Y','17','2','2019-03-19 14:55:57.000000','3','13.09000015258789','80.2699966430664','18','56'),(319,'0','2','2019-03-19 14:55:57.000000',NULL,'0','Y','22','2','2019-03-19 14:55:57.000000','3','13.09000015258789','80.2699966430664','18','56'),(320,'0','2','2019-03-19 14:55:57.000000',NULL,'0','Y','23','2','2019-03-19 14:55:57.000000','3','13.09000015258789','80.2699966430664','18','56'),(321,'0','2','2019-03-19 14:55:57.000000',NULL,'0','Y','24','2','2019-03-19 14:55:57.000000','3','13.09000015258789','80.2699966430664','18','56'),(322,'0','2','2019-03-19 16:10:13.000000',NULL,'0','Y','1','2','2019-03-19 16:10:13.000000','3','13.09000015258789','80.2699966430664','18','57'),(323,'0','2','2019-03-19 16:10:13.000000',NULL,'0','Y','2','2','2019-03-19 16:10:13.000000','3','13.09000015258789','80.2699966430664','18','57'),(324,'0','2','2019-03-19 16:10:13.000000',NULL,'0','Y','3','2','2019-03-19 16:10:13.000000','3','13.09000015258789','80.2699966430664','18','57'),(325,'0','2','2019-03-19 16:10:13.000000',NULL,'0','Y','4','2','2019-03-19 16:10:13.000000','3','13.09000015258789','80.2699966430664','18','57'),(326,'0','2','2019-03-19 16:10:13.000000',NULL,'0','Y','17','2','2019-03-19 16:10:13.000000','3','13.09000015258789','80.2699966430664','18','57'),(327,'0','2','2019-03-19 16:10:13.000000',NULL,'0','Y','22','2','2019-03-19 16:10:13.000000','3','13.09000015258789','80.2699966430664','18','57'),(328,'0','2','2019-03-19 16:10:13.000000',NULL,'0','Y','23','2','2019-03-19 16:10:13.000000','3','13.09000015258789','80.2699966430664','18','57'),(329,'0','2','2019-03-19 16:10:13.000000',NULL,'0','Y','24','2','2019-03-19 16:10:13.000000','3','13.09000015258789','80.2699966430664','18','57'),(338,'0','2','2019-03-19 17:24:37.000000',NULL,'0','Y','1','2','2019-03-19 17:24:37.000000','3','13.09000015258789','80.2699966430664','18','58'),(339,'0','2','2019-03-19 17:24:37.000000',NULL,'0','Y','2','2','2019-03-19 17:24:37.000000','3','13.09000015258789','80.2699966430664','18','58'),(340,'0','2','2019-03-19 17:24:37.000000',NULL,'0','Y','3','2','2019-03-19 17:24:37.000000','3','13.09000015258789','80.2699966430664','18','58'),(341,'0','2','2019-03-19 17:24:37.000000',NULL,'0','Y','4','2','2019-03-19 17:24:37.000000','3','13.09000015258789','80.2699966430664','18','58'),(342,'0','2','2019-03-19 17:24:37.000000',NULL,'0','Y','17','2','2019-03-19 17:24:37.000000','3','13.09000015258789','80.2699966430664','18','58'),(343,'0','2','2019-03-19 17:24:37.000000',NULL,'0','Y','22','2','2019-03-19 17:24:37.000000','3','13.09000015258789','80.2699966430664','18','58'),(344,'0','2','2019-03-19 17:24:37.000000',NULL,'0','Y','23','2','2019-03-19 17:24:37.000000','3','13.09000015258789','80.2699966430664','18','58'),(345,'0','2','2019-03-19 17:24:37.000000',NULL,'0','Y','24','2','2019-03-19 17:24:37.000000','3','13.09000015258789','80.2699966430664','18','58'),(354,'0','2','2019-03-19 18:31:45.000000',NULL,'0','Y','1','2','2019-03-19 18:31:45.000000','3','13.09000015258789','80.2699966430664','18','59'),(355,'0','2','2019-03-19 18:31:45.000000',NULL,'0','Y','2','2','2019-03-19 18:31:45.000000','3','13.09000015258789','80.2699966430664','18','59'),(356,'50','2','2019-03-19 18:31:45.000000',NULL,'0','Y','3','2','2019-03-19 18:31:45.000000','3','13.09000015258789','80.2699966430664','18','59'),(357,'0','2','2019-03-19 18:31:45.000000',NULL,'0','Y','4','2','2019-03-19 18:31:45.000000','3','13.09000015258789','80.2699966430664','18','59'),(358,'0','2','2019-03-19 18:31:45.000000',NULL,'0','Y','17','2','2019-03-19 18:31:45.000000','3','13.09000015258789','80.2699966430664','18','59'),(359,'0','2','2019-03-19 18:31:45.000000',NULL,'0','Y','22','2','2019-03-19 18:31:46.000000','3','13.09000015258789','80.2699966430664','18','59'),(360,'0','2','2019-03-19 18:31:45.000000',NULL,'0','Y','23','2','2019-03-19 18:31:46.000000','3','13.09000015258789','80.2699966430664','18','59'),(361,'0','2','2019-03-19 18:31:45.000000',NULL,'0','Y','24','2','2019-03-19 18:31:46.000000','3','13.09000015258789','80.2699966430664','18','59'),(370,'0','2','2019-03-19 18:33:42.000000',NULL,'0','Y','1','2','2019-03-19 18:33:42.000000','3','13.09000015258789','80.2699966430664','18','60'),(371,'0','2','2019-03-19 18:33:42.000000',NULL,'0','Y','2','2','2019-03-19 18:33:42.000000','3','13.09000015258789','80.2699966430664','18','60'),(372,'0','2','2019-03-19 18:33:42.000000',NULL,'0','Y','3','2','2019-03-19 18:33:42.000000','3','13.09000015258789','80.2699966430664','18','60'),(373,'0','2','2019-03-19 18:33:42.000000',NULL,'0','Y','4','2','2019-03-19 18:33:42.000000','3','13.09000015258789','80.2699966430664','18','60'),(374,'0','2','2019-03-19 18:33:42.000000',NULL,'0','Y','17','2','2019-03-19 18:33:42.000000','3','13.09000015258789','80.2699966430664','18','60'),(375,'0','2','2019-03-19 18:33:42.000000',NULL,'0','Y','22','2','2019-03-19 18:33:42.000000','3','13.09000015258789','80.2699966430664','18','60'),(376,'0','2','2019-03-19 18:33:42.000000',NULL,'0','Y','23','2','2019-03-19 18:33:42.000000','3','13.09000015258789','80.2699966430664','18','60'),(377,'0','2','2019-03-19 18:33:42.000000',NULL,'0','Y','24','2','2019-03-19 18:33:42.000000','3','13.09000015258789','80.2699966430664','18','60'),(386,'0','2','2019-03-19 18:35:36.000000',NULL,'0','Y','1','2','2019-03-19 18:35:36.000000','3','13.09000015258789','80.2699966430664','18','61'),(387,'0','2','2019-03-19 18:35:36.000000',NULL,'0','Y','2','2','2019-03-19 18:35:36.000000','3','13.09000015258789','80.2699966430664','18','61'),(388,'50','2','2019-03-19 18:35:36.000000',NULL,'0','Y','3','2','2019-03-19 18:35:36.000000','3','13.09000015258789','80.2699966430664','18','61'),(389,'0','2','2019-03-19 18:35:36.000000',NULL,'0','Y','4','2','2019-03-19 18:35:36.000000','3','13.09000015258789','80.2699966430664','18','61'),(390,'0','2','2019-03-19 18:35:36.000000',NULL,'0','Y','17','2','2019-03-19 18:35:36.000000','3','13.09000015258789','80.2699966430664','18','61'),(391,'0','2','2019-03-19 18:35:36.000000',NULL,'0','Y','22','2','2019-03-19 18:35:36.000000','3','13.09000015258789','80.2699966430664','18','61'),(392,'0','2','2019-03-19 18:35:36.000000',NULL,'0','Y','23','2','2019-03-19 18:35:36.000000','3','13.09000015258789','80.2699966430664','18','61'),(393,'0','2','2019-03-19 18:35:36.000000',NULL,'0','Y','24','2','2019-03-19 18:35:36.000000','3','13.09000015258789','80.2699966430664','18','61'),(394,'0','2','2019-03-19 18:38:38.000000',NULL,'0','Y','1','2','2019-03-19 18:38:38.000000','3','13.09000015258789','80.2699966430664','18','62'),(395,'0','2','2019-03-19 18:38:38.000000',NULL,'0','Y','2','2','2019-03-19 18:38:38.000000','3','13.09000015258789','80.2699966430664','18','62'),(396,'0','2','2019-03-19 18:38:38.000000',NULL,'0','Y','3','2','2019-03-19 18:38:38.000000','3','13.09000015258789','80.2699966430664','18','62'),(397,'0','2','2019-03-19 18:38:38.000000',NULL,'0','Y','4','2','2019-03-19 18:38:38.000000','3','13.09000015258789','80.2699966430664','18','62'),(398,'0','2','2019-03-19 18:38:38.000000',NULL,'0','Y','17','2','2019-03-19 18:38:38.000000','3','13.09000015258789','80.2699966430664','18','62'),(399,'0','2','2019-03-19 18:38:38.000000',NULL,'0','Y','22','2','2019-03-19 18:38:38.000000','3','13.09000015258789','80.2699966430664','18','62'),(400,'0','2','2019-03-19 18:38:38.000000',NULL,'0','Y','23','2','2019-03-19 18:38:38.000000','3','13.09000015258789','80.2699966430664','18','62'),(401,'0','2','2019-03-19 18:38:38.000000',NULL,'0','Y','24','2','2019-03-19 18:38:38.000000','3','13.09000015258789','80.2699966430664','18','62'),(410,'0','2','2019-03-19 18:46:56.000000',NULL,'0','Y','1','2','2019-03-19 18:46:56.000000','42','13.09000015258789','80.2699966430664','18','63'),(411,'0','2','2019-03-19 18:46:56.000000',NULL,'0','Y','2','2','2019-03-19 18:46:56.000000','42','13.09000015258789','80.2699966430664','18','63'),(412,'50','2','2019-03-19 18:46:56.000000',NULL,'0','Y','3','2','2019-03-19 18:46:56.000000','42','13.09000015258789','80.2699966430664','18','63'),(413,'0','2','2019-03-19 18:46:56.000000',NULL,'0','Y','4','2','2019-03-19 18:46:56.000000','42','13.09000015258789','80.2699966430664','18','63'),(414,'0','2','2019-03-19 18:46:56.000000',NULL,'0','Y','17','2','2019-03-19 18:46:56.000000','42','13.09000015258789','80.2699966430664','18','63'),(415,'0','2','2019-03-19 18:46:56.000000',NULL,'0','Y','22','2','2019-03-19 18:46:56.000000','42','13.09000015258789','80.2699966430664','18','63'),(416,'0','2','2019-03-19 18:46:56.000000',NULL,'0','Y','23','2','2019-03-19 18:46:56.000000','42','13.09000015258789','80.2699966430664','18','63'),(417,'0','2','2019-03-19 18:46:56.000000',NULL,'0','Y','24','2','2019-03-19 18:46:56.000000','42','13.09000015258789','80.2699966430664','18','63'),(418,NULL,'2','2019-03-19 18:47:43.000000',NULL,NULL,'Y','22',NULL,NULL,NULL,NULL,NULL,NULL,'64'),(419,'0','2','2019-03-20 13:01:23.000000',NULL,'0','Y','1','2','2019-03-20 13:01:23.000000','3','13.09000015258789','80.2699966430664','18','65'),(420,'0','2','2019-03-20 13:01:23.000000',NULL,'0','Y','2','2','2019-03-20 13:01:23.000000','3','13.09000015258789','80.2699966430664','18','65'),(421,'0','2','2019-03-20 13:01:23.000000',NULL,'0','Y','3','2','2019-03-20 13:01:23.000000','3','13.09000015258789','80.2699966430664','18','65'),(422,'0','2','2019-03-20 13:01:23.000000',NULL,'0','Y','4','2','2019-03-20 13:01:23.000000','3','13.09000015258789','80.2699966430664','18','65'),(423,'0','2','2019-03-20 13:01:23.000000',NULL,'0','Y','17','2','2019-03-20 13:01:23.000000','3','13.09000015258789','80.2699966430664','18','65'),(424,'0','2','2019-03-20 13:01:23.000000',NULL,'0','Y','22','2','2019-03-20 13:01:23.000000','3','13.09000015258789','80.2699966430664','18','65'),(425,'0','2','2019-03-20 13:01:23.000000',NULL,'0','Y','23','2','2019-03-20 13:01:23.000000','3','13.09000015258789','80.2699966430664','18','65'),(426,'0','2','2019-03-20 13:01:23.000000',NULL,'0','Y','24','2','2019-03-20 13:01:23.000000','3','13.09000015258789','80.2699966430664','18','65'),(427,'0','2','2019-03-20 14:30:22.000000',NULL,'0','Y','1','2','2019-03-20 14:30:22.000000','3','13.09000015258789','80.2699966430664','18','66'),(428,'0','2','2019-03-20 14:30:22.000000',NULL,'0','Y','2','2','2019-03-20 14:30:22.000000','3','13.09000015258789','80.2699966430664','18','66'),(429,'0','2','2019-03-20 14:30:22.000000',NULL,'0','Y','3','2','2019-03-20 14:30:22.000000','3','13.09000015258789','80.2699966430664','18','66'),(430,'0','2','2019-03-20 14:30:22.000000',NULL,'0','Y','4','2','2019-03-20 14:30:22.000000','3','13.09000015258789','80.2699966430664','18','66'),(431,'0','2','2019-03-20 14:30:22.000000',NULL,'0','Y','17','2','2019-03-20 14:30:22.000000','3','13.09000015258789','80.2699966430664','18','66'),(432,'0','2','2019-03-20 14:30:22.000000',NULL,'0','Y','22','2','2019-03-20 14:30:22.000000','3','13.09000015258789','80.2699966430664','18','66'),(433,'0','2','2019-03-20 14:30:22.000000',NULL,'0','Y','23','2','2019-03-20 14:30:22.000000','3','13.09000015258789','80.2699966430664','18','66'),(434,'0','2','2019-03-20 14:30:22.000000',NULL,'0','Y','24','2','2019-03-20 14:30:22.000000','3','13.09000015258789','80.2699966430664','18','66'),(435,'0','2','2019-03-21 11:12:05.000000',NULL,'0','Y','1','2','2019-03-21 11:12:05.000000','3','13.09000015258789','80.2699966430664','18','67'),(436,'0','2','2019-03-21 11:12:05.000000',NULL,'0','Y','2','2','2019-03-21 11:12:05.000000','3','13.09000015258789','80.2699966430664','18','67'),(437,'50','2','2019-03-21 11:12:05.000000',NULL,'0','Y','3','2','2019-03-21 11:12:05.000000','3','13.09000015258789','80.2699966430664','18','67'),(438,'0','2','2019-03-21 11:12:05.000000',NULL,'0','Y','4','2','2019-03-21 11:12:05.000000','3','13.09000015258789','80.2699966430664','18','67'),(439,'0','2','2019-03-21 11:12:05.000000',NULL,'0','Y','17','2','2019-03-21 11:12:05.000000','3','13.09000015258789','80.2699966430664','18','67'),(440,'0','2','2019-03-21 11:12:05.000000',NULL,'0','Y','22','2','2019-03-21 11:12:05.000000','3','13.09000015258789','80.2699966430664','18','67'),(441,'0','2','2019-03-21 11:12:05.000000',NULL,'0','Y','23','2','2019-03-21 11:12:05.000000','3','13.09000015258789','80.2699966430664','18','67'),(442,'0','2','2019-03-21 11:12:05.000000',NULL,'0','Y','24','2','2019-03-21 11:12:05.000000','3','13.09000015258789','80.2699966430664','18','67'),(451,'0','2','2019-03-21 11:31:37.000000',NULL,'0','Y','1','2','2019-03-21 11:31:37.000000','3','13.09000015258789','80.2699966430664','18','68'),(452,'0','2','2019-03-21 11:31:37.000000',NULL,'0','Y','2','2','2019-03-21 11:31:37.000000','3','13.09000015258789','80.2699966430664','18','68'),(453,'50','2','2019-03-21 11:31:37.000000',NULL,'0','Y','3','2','2019-03-21 11:31:37.000000','3','13.09000015258789','80.2699966430664','18','68'),(454,'0','2','2019-03-21 11:31:37.000000',NULL,'0','Y','4','2','2019-03-21 11:31:37.000000','3','13.09000015258789','80.2699966430664','18','68'),(455,'0','2','2019-03-21 11:31:37.000000',NULL,'0','Y','17','2','2019-03-21 11:31:37.000000','3','13.09000015258789','80.2699966430664','18','68'),(456,'0','2','2019-03-21 11:31:37.000000',NULL,'0','Y','22','2','2019-03-21 11:31:37.000000','3','13.09000015258789','80.2699966430664','18','68'),(457,'0','2','2019-03-21 11:31:37.000000',NULL,'0','Y','23','2','2019-03-21 11:31:37.000000','3','13.09000015258789','80.2699966430664','18','68'),(458,'0','2','2019-03-21 11:31:37.000000',NULL,'0','Y','24','2','2019-03-21 11:31:37.000000','3','13.09000015258789','80.2699966430664','18','68'),(571,'0','2','2019-03-21 11:37:28.000000',NULL,'0','Y','1','2','2019-03-21 11:37:28.000000','3','13.09000015258789','80.2699966430664','18','69'),(572,'0','2','2019-03-21 11:37:28.000000',NULL,'0','Y','2','2','2019-03-21 11:37:28.000000','3','13.09000015258789','80.2699966430664','18','69'),(573,'0','2','2019-03-21 11:37:28.000000',NULL,'0','Y','3','2','2019-03-21 11:37:28.000000','3','13.09000015258789','80.2699966430664','18','69'),(574,'0','2','2019-03-21 11:37:28.000000',NULL,'0','Y','4','2','2019-03-21 11:37:28.000000','3','13.09000015258789','80.2699966430664','18','69'),(575,'0','2','2019-03-21 11:37:28.000000',NULL,'0','Y','17','2','2019-03-21 11:37:28.000000','3','13.09000015258789','80.2699966430664','18','69'),(576,'0','2','2019-03-21 11:37:28.000000',NULL,'0','Y','22','2','2019-03-21 11:37:28.000000','3','13.09000015258789','80.2699966430664','18','69'),(577,'33','2','2019-03-21 11:37:28.000000',NULL,'0','Y','23','2','2019-03-21 11:37:28.000000','3','13.09000015258789','80.2699966430664','18','69'),(578,'0','2','2019-03-21 11:37:28.000000',NULL,'0','Y','24','2','2019-03-21 11:37:28.000000','3','13.09000015258789','80.2699966430664','18','69'),(603,'0','2','2019-03-21 11:53:00.000000',NULL,'0','Y','1','2','2019-03-21 11:53:00.000000','3','13.09000015258789','80.2699966430664','18','70'),(604,'0','2','2019-03-21 11:53:00.000000',NULL,'0','Y','2','2','2019-03-21 11:53:00.000000','3','13.09000015258789','80.2699966430664','18','70'),(605,'0','2','2019-03-21 11:53:00.000000',NULL,'0','Y','3','2','2019-03-21 11:53:00.000000','3','13.09000015258789','80.2699966430664','18','70'),(606,'0','2','2019-03-21 11:53:00.000000',NULL,'0','Y','4','2','2019-03-21 11:53:00.000000','3','13.09000015258789','80.2699966430664','18','70'),(607,'0','2','2019-03-21 11:53:00.000000',NULL,'0','Y','17','2','2019-03-21 11:53:00.000000','3','13.09000015258789','80.2699966430664','18','70'),(608,'0','2','2019-03-21 11:53:00.000000',NULL,'0','Y','22','2','2019-03-21 11:53:00.000000','3','13.09000015258789','80.2699966430664','18','70'),(609,'33','2','2019-03-21 11:53:00.000000',NULL,'0','Y','23','2','2019-03-21 11:53:00.000000','3','13.09000015258789','80.2699966430664','18','70'),(610,'0','2','2019-03-21 11:53:00.000000',NULL,'0','Y','24','2','2019-03-21 11:53:00.000000','3','13.09000015258789','80.2699966430664','18','70'),(611,'0','2','2019-03-21 11:54:25.000000',NULL,'0','Y','1','2','2019-03-21 11:54:25.000000','3','13.09000015258789','80.2699966430664','18','71'),(612,'0','2','2019-03-21 11:54:25.000000',NULL,'0','Y','2','2','2019-03-21 11:54:25.000000','3','13.09000015258789','80.2699966430664','18','71'),(613,'0','2','2019-03-21 11:54:25.000000',NULL,'0','Y','3','2','2019-03-21 11:54:25.000000','3','13.09000015258789','80.2699966430664','18','71'),(614,'0','2','2019-03-21 11:54:25.000000',NULL,'0','Y','4','2','2019-03-21 11:54:25.000000','3','13.09000015258789','80.2699966430664','18','71'),(615,'0','2','2019-03-21 11:54:25.000000',NULL,'0','Y','17','2','2019-03-21 11:54:25.000000','3','13.09000015258789','80.2699966430664','18','71'),(616,'0','2','2019-03-21 11:54:25.000000',NULL,'0','Y','22','2','2019-03-21 11:54:25.000000','3','13.09000015258789','80.2699966430664','18','71'),(617,'67','2','2019-03-21 11:54:25.000000',NULL,'0','Y','23','2','2019-03-21 11:54:25.000000','3','13.09000015258789','80.2699966430664','18','71'),(618,'0','2','2019-03-21 11:54:25.000000',NULL,'0','Y','24','2','2019-03-21 11:54:25.000000','3','13.09000015258789','80.2699966430664','18','71'),(619,'0','2','2019-03-21 11:55:35.000000',NULL,'0','Y','1','2','2019-03-21 11:55:35.000000','3','13.09000015258789','80.2699966430664','18','72'),(620,'0','2','2019-03-21 11:55:35.000000',NULL,'0','Y','2','2','2019-03-21 11:55:35.000000','3','13.09000015258789','80.2699966430664','18','72'),(621,'0','2','2019-03-21 11:55:35.000000',NULL,'0','Y','3','2','2019-03-21 11:55:35.000000','3','13.09000015258789','80.2699966430664','18','72'),(622,'0','2','2019-03-21 11:55:35.000000',NULL,'0','Y','4','2','2019-03-21 11:55:35.000000','3','13.09000015258789','80.2699966430664','18','72'),(623,'0','2','2019-03-21 11:55:35.000000',NULL,'0','Y','17','2','2019-03-21 11:55:35.000000','3','13.09000015258789','80.2699966430664','18','72'),(624,'0','2','2019-03-21 11:55:35.000000',NULL,'0','Y','22','2','2019-03-21 11:55:35.000000','3','13.09000015258789','80.2699966430664','18','72'),(625,'67','2','2019-03-21 11:55:35.000000',NULL,'0','Y','23','2','2019-03-21 11:55:35.000000','3','13.09000015258789','80.2699966430664','18','72'),(626,'0','2','2019-03-21 11:55:35.000000',NULL,'0','Y','24','2','2019-03-21 11:55:35.000000','3','13.09000015258789','80.2699966430664','18','72'),(627,'0','2','2019-03-21 11:56:09.000000',NULL,'0','Y','1','2','2019-03-21 11:56:09.000000','3','13.09000015258789','80.2699966430664','18','73'),(628,'0','2','2019-03-21 11:56:09.000000',NULL,'0','Y','2','2','2019-03-21 11:56:09.000000','3','13.09000015258789','80.2699966430664','18','73'),(629,'0','2','2019-03-21 11:56:09.000000',NULL,'0','Y','3','2','2019-03-21 11:56:09.000000','3','13.09000015258789','80.2699966430664','18','73'),(630,'0','2','2019-03-21 11:56:09.000000',NULL,'0','Y','4','2','2019-03-21 11:56:09.000000','3','13.09000015258789','80.2699966430664','18','73'),(631,'0','2','2019-03-21 11:56:09.000000',NULL,'0','Y','17','2','2019-03-21 11:56:09.000000','3','13.09000015258789','80.2699966430664','18','73'),(632,'0','2','2019-03-21 11:56:09.000000',NULL,'0','Y','22','2','2019-03-21 11:56:09.000000','3','13.09000015258789','80.2699966430664','18','73'),(633,'100','2','2019-03-21 11:56:09.000000',NULL,'0','Y','23','2','2019-03-21 11:56:09.000000','3','13.09000015258789','80.2699966430664','18','73'),(634,'0','2','2019-03-21 11:56:09.000000',NULL,'0','Y','24','2','2019-03-21 11:56:09.000000','3','13.09000015258789','80.2699966430664','18','73'),(635,'0','2','2019-03-21 12:19:47.000000',NULL,'0','Y','1','2','2019-03-21 12:19:47.000000','3','13.09000015258789','80.2699966430664','18','74'),(636,'0','2','2019-03-21 12:19:47.000000',NULL,'0','Y','2','2','2019-03-21 12:19:47.000000','3','13.09000015258789','80.2699966430664','18','74'),(637,'0','2','2019-03-21 12:19:47.000000',NULL,'0','Y','3','2','2019-03-21 12:19:47.000000','3','13.09000015258789','80.2699966430664','18','74'),(638,'0','2','2019-03-21 12:19:47.000000',NULL,'0','Y','4','2','2019-03-21 12:19:47.000000','3','13.09000015258789','80.2699966430664','18','74'),(639,'0','2','2019-03-21 12:19:47.000000',NULL,'0','Y','17','2','2019-03-21 12:19:47.000000','3','13.09000015258789','80.2699966430664','18','74'),(640,'0','2','2019-03-21 12:19:47.000000',NULL,'0','Y','22','2','2019-03-21 12:19:47.000000','3','13.09000015258789','80.2699966430664','18','74'),(641,'0','2','2019-03-21 12:19:47.000000',NULL,'0','Y','23','2','2019-03-21 12:19:47.000000','3','13.09000015258789','80.2699966430664','18','74'),(642,'0','2','2019-03-21 12:19:47.000000',NULL,'0','Y','24','2','2019-03-21 12:19:47.000000','3','13.09000015258789','80.2699966430664','18','74'),(643,'0','2','2019-03-21 13:59:03.000000',NULL,'0','Y','1','2','2019-03-21 13:59:03.000000','3','13.09000015258789','80.2699966430664','18','75'),(644,'0','2','2019-03-21 13:59:03.000000',NULL,'0','Y','2','2','2019-03-21 13:59:03.000000','3','13.09000015258789','80.2699966430664','18','75'),(645,'0','2','2019-03-21 13:59:03.000000',NULL,'0','Y','3','2','2019-03-21 13:59:03.000000','3','13.09000015258789','80.2699966430664','18','75'),(646,'0','2','2019-03-21 13:59:03.000000',NULL,'0','Y','4','2','2019-03-21 13:59:03.000000','3','13.09000015258789','80.2699966430664','18','75'),(647,'0','2','2019-03-21 13:59:03.000000',NULL,'0','Y','17','2','2019-03-21 13:59:03.000000','3','13.09000015258789','80.2699966430664','18','75'),(648,'0','2','2019-03-21 13:59:03.000000',NULL,'0','Y','22','2','2019-03-21 13:59:03.000000','3','13.09000015258789','80.2699966430664','18','75'),(649,'0','2','2019-03-21 13:59:03.000000',NULL,'0','Y','23','2','2019-03-21 13:59:03.000000','3','13.09000015258789','80.2699966430664','18','75'),(650,'0','2','2019-03-21 13:59:03.000000',NULL,'0','Y','24','2','2019-03-21 13:59:03.000000','3','13.09000015258789','80.2699966430664','18','75'),(651,'0','2','2019-03-21 14:01:05.000000',NULL,'0','Y','1','2','2019-03-21 14:01:05.000000','3','13.09000015258789','80.2699966430664','18','76'),(652,'0','2','2019-03-21 14:01:05.000000',NULL,'0','Y','2','2','2019-03-21 14:01:05.000000','3','13.09000015258789','80.2699966430664','18','76'),(653,'0','2','2019-03-21 14:01:05.000000',NULL,'0','Y','3','2','2019-03-21 14:01:05.000000','3','13.09000015258789','80.2699966430664','18','76'),(654,'0','2','2019-03-21 14:01:05.000000',NULL,'0','Y','4','2','2019-03-21 14:01:05.000000','3','13.09000015258789','80.2699966430664','18','76'),(655,'0','2','2019-03-21 14:01:05.000000',NULL,'0','Y','17','2','2019-03-21 14:01:05.000000','3','13.09000015258789','80.2699966430664','18','76'),(656,'0','2','2019-03-21 14:01:05.000000',NULL,'0','Y','22','2','2019-03-21 14:01:05.000000','3','13.09000015258789','80.2699966430664','18','76'),(657,'0','2','2019-03-21 14:01:05.000000',NULL,'0','Y','23','2','2019-03-21 14:01:05.000000','3','13.09000015258789','80.2699966430664','18','76'),(658,'0','2','2019-03-21 14:01:05.000000',NULL,'0','Y','24','2','2019-03-21 14:01:05.000000','3','13.09000015258789','80.2699966430664','18','76'),(675,'0','2','2019-03-21 14:12:28.000000',NULL,'0','Y','1','2','2019-03-21 14:12:28.000000','3','13.09000015258789','80.2699966430664','18','77'),(676,'0','2','2019-03-21 14:12:28.000000',NULL,'0','Y','2','2','2019-03-21 14:12:28.000000','3','13.09000015258789','80.2699966430664','18','77'),(677,'0','2','2019-03-21 14:12:28.000000',NULL,'0','Y','3','2','2019-03-21 14:12:28.000000','3','13.09000015258789','80.2699966430664','18','77'),(678,'0','2','2019-03-21 14:12:28.000000',NULL,'0','Y','4','2','2019-03-21 14:12:28.000000','3','13.09000015258789','80.2699966430664','18','77'),(679,'0','2','2019-03-21 14:12:28.000000',NULL,'0','Y','17','2','2019-03-21 14:12:28.000000','3','13.09000015258789','80.2699966430664','18','77'),(680,'50','2','2019-03-21 14:12:28.000000',NULL,'0','Y','22','2','2019-03-21 14:12:28.000000','3','13.09000015258789','80.2699966430664','18','77'),(681,'50','2','2019-03-21 14:12:28.000000',NULL,'0','Y','23','2','2019-03-21 14:12:28.000000','3','13.09000015258789','80.2699966430664','18','77'),(682,'0','2','2019-03-21 14:12:28.000000',NULL,'0','Y','24','2','2019-03-21 14:12:28.000000','3','13.09000015258789','80.2699966430664','18','77'),(707,'0','2','2019-03-21 14:22:56.000000',NULL,'0','Y','1','2','2019-03-21 14:22:56.000000','3','13.09000015258789','80.2699966430664','18','78'),(708,'0','2','2019-03-21 14:22:56.000000',NULL,'0','Y','2','2','2019-03-21 14:22:56.000000','3','13.09000015258789','80.2699966430664','18','78'),(709,'0','2','2019-03-21 14:22:56.000000',NULL,'0','Y','3','2','2019-03-21 14:22:56.000000','3','13.09000015258789','80.2699966430664','18','78'),(710,'0','2','2019-03-21 14:22:56.000000',NULL,'0','Y','4','2','2019-03-21 14:22:56.000000','3','13.09000015258789','80.2699966430664','18','78'),(711,'0','2','2019-03-21 14:22:56.000000',NULL,'0','Y','17','2','2019-03-21 14:22:56.000000','3','13.09000015258789','80.2699966430664','18','78'),(712,'100','2','2019-03-21 14:22:56.000000',NULL,'0','Y','22','2','2019-03-21 14:22:56.000000','3','13.09000015258789','80.2699966430664','18','78'),(713,'50','2','2019-03-21 14:22:56.000000',NULL,'0','Y','23','2','2019-03-21 14:22:56.000000','3','13.09000015258789','80.2699966430664','18','78'),(714,'0','2','2019-03-21 14:22:56.000000',NULL,'0','Y','24','2','2019-03-21 14:22:56.000000','3','13.09000015258789','80.2699966430664','18','78'),(715,'0','2','2019-03-21 17:27:25.000000',NULL,'0','Y','1','2','2019-03-21 17:27:25.000000','3','13.09000015258789','80.2699966430664','18','79'),(716,'0','2','2019-03-21 17:27:25.000000',NULL,'0','Y','2','2','2019-03-21 17:27:25.000000','3','13.09000015258789','80.2699966430664','18','79'),(717,'0','2','2019-03-21 17:27:25.000000',NULL,'0','Y','3','2','2019-03-21 17:27:25.000000','3','13.09000015258789','80.2699966430664','18','79'),(718,'0','2','2019-03-21 17:27:25.000000',NULL,'0','Y','4','2','2019-03-21 17:27:25.000000','3','13.09000015258789','80.2699966430664','18','79'),(719,'0','2','2019-03-21 17:27:25.000000',NULL,'0','Y','17','2','2019-03-21 17:27:25.000000','3','13.09000015258789','80.2699966430664','18','79'),(720,'0','2','2019-03-21 17:27:25.000000',NULL,'0','Y','22','2','2019-03-21 17:27:25.000000','3','13.09000015258789','80.2699966430664','18','79'),(721,'100','2','2019-03-21 17:27:25.000000',NULL,'0','Y','23','2','2019-03-21 17:27:25.000000','3','13.09000015258789','80.2699966430664','18','79'),(722,'0','2','2019-03-21 17:27:25.000000',NULL,'0','Y','24','2','2019-03-21 17:27:25.000000','3','13.09000015258789','80.2699966430664','18','79'),(739,'0','2','2019-03-21 17:37:20.000000',NULL,'0','Y','1','2','2019-03-21 17:37:20.000000','3','13.09000015258789','80.2699966430664','18','80'),(740,'0','2','2019-03-21 17:37:20.000000',NULL,'0','Y','2','2','2019-03-21 17:37:20.000000','3','13.09000015258789','80.2699966430664','18','80'),(741,'0','2','2019-03-21 17:37:20.000000',NULL,'0','Y','3','2','2019-03-21 17:37:20.000000','3','13.09000015258789','80.2699966430664','18','80'),(742,'0','2','2019-03-21 17:37:20.000000',NULL,'0','Y','4','2','2019-03-21 17:37:20.000000','3','13.09000015258789','80.2699966430664','18','80'),(743,'0','2','2019-03-21 17:37:20.000000',NULL,'0','Y','17','2','2019-03-21 17:37:20.000000','3','13.09000015258789','80.2699966430664','18','80'),(744,'0','2','2019-03-21 17:37:20.000000',NULL,'0','Y','22','2','2019-03-21 17:37:20.000000','3','13.09000015258789','80.2699966430664','18','80'),(745,'100','2','2019-03-21 17:37:20.000000',NULL,'0','Y','23','2','2019-03-21 17:37:20.000000','3','13.09000015258789','80.2699966430664','18','80'),(746,'0','2','2019-03-21 17:37:20.000000',NULL,'0','Y','24','2','2019-03-21 17:37:20.000000','3','13.09000015258789','80.2699966430664','18','80'),(747,'0','2','2019-03-21 17:44:16.000000',NULL,'0','Y','1','2','2019-03-21 17:44:16.000000','3','13.09000015258789','80.2699966430664','18','81'),(748,'0','2','2019-03-21 17:44:16.000000',NULL,'0','Y','2','2','2019-03-21 17:44:16.000000','3','13.09000015258789','80.2699966430664','18','81'),(749,'0','2','2019-03-21 17:44:16.000000',NULL,'0','Y','3','2','2019-03-21 17:44:16.000000','3','13.09000015258789','80.2699966430664','18','81'),(750,'0','2','2019-03-21 17:44:16.000000',NULL,'0','Y','4','2','2019-03-21 17:44:16.000000','3','13.09000015258789','80.2699966430664','18','81'),(751,'0','2','2019-03-21 17:44:16.000000',NULL,'0','Y','17','2','2019-03-21 17:44:16.000000','3','13.09000015258789','80.2699966430664','18','81'),(752,'0','2','2019-03-21 17:44:16.000000',NULL,'0','Y','22','2','2019-03-21 17:44:16.000000','3','13.09000015258789','80.2699966430664','18','81'),(753,'100','2','2019-03-21 17:44:16.000000',NULL,'0','Y','23','2','2019-03-21 17:44:16.000000','3','13.09000015258789','80.2699966430664','18','81'),(754,'0','2','2019-03-21 17:44:16.000000',NULL,'0','Y','24','2','2019-03-21 17:44:16.000000','3','13.09000015258789','80.2699966430664','18','81'),(803,'0','2','2019-03-21 17:47:09.000000',NULL,'0','Y','1','2','2019-03-21 17:47:10.000000','3','13.09000015258789','80.2699966430664','18','82'),(804,'0','2','2019-03-21 17:47:09.000000',NULL,'0','Y','2','2','2019-03-21 17:47:10.000000','3','13.09000015258789','80.2699966430664','18','82'),(805,'0','2','2019-03-21 17:47:10.000000',NULL,'0','Y','3','2','2019-03-21 17:47:10.000000','3','13.09000015258789','80.2699966430664','18','82'),(806,'0','2','2019-03-21 17:47:10.000000',NULL,'0','Y','4','2','2019-03-21 17:47:10.000000','3','13.09000015258789','80.2699966430664','18','82'),(807,'0','2','2019-03-21 17:47:10.000000',NULL,'0','Y','17','2','2019-03-21 17:47:10.000000','3','13.09000015258789','80.2699966430664','18','82'),(808,'0','2','2019-03-21 17:47:10.000000',NULL,'0','Y','22','2','2019-03-21 17:47:10.000000','3','13.09000015258789','80.2699966430664','18','82'),(809,NULL,'2','2019-03-21 17:47:10.000000',NULL,NULL,'Y','23',NULL,NULL,NULL,NULL,NULL,NULL,'82'),(810,'0','2','2019-03-21 17:47:10.000000',NULL,'0','Y','24','2','2019-03-21 17:47:10.000000','3','13.09000015258789','80.2699966430664','18','82'),(819,'0','2','2019-03-21 18:27:15.000000',NULL,'0','Y','1','2','2019-03-21 18:27:15.000000','3','13.09000015258789','80.2699966430664','18','83'),(820,'0','2','2019-03-21 18:27:15.000000',NULL,'0','Y','2','2','2019-03-21 18:27:15.000000','3','13.09000015258789','80.2699966430664','18','83'),(821,'0','2','2019-03-21 18:27:15.000000',NULL,'0','Y','3','2','2019-03-21 18:27:15.000000','3','13.09000015258789','80.2699966430664','18','83'),(822,'0','2','2019-03-21 18:27:15.000000',NULL,'0','Y','4','2','2019-03-21 18:27:15.000000','3','13.09000015258789','80.2699966430664','18','83'),(823,'0','2','2019-03-21 18:27:15.000000',NULL,'0','Y','17','2','2019-03-21 18:27:15.000000','3','13.09000015258789','80.2699966430664','18','83'),(824,'0','2','2019-03-21 18:27:15.000000',NULL,'0','Y','22','2','2019-03-21 18:27:15.000000','3','13.09000015258789','80.2699966430664','18','83'),(825,NULL,'2','2019-03-21 18:27:15.000000',NULL,NULL,'Y','23',NULL,NULL,NULL,NULL,NULL,NULL,'83'),(826,'0','2','2019-03-21 18:27:15.000000',NULL,'0','Y','24','2','2019-03-21 18:27:15.000000','3','13.09000015258789','80.2699966430664','18','83'),(827,'0','2','2019-03-21 18:28:35.000000',NULL,'0','Y','1','2','2019-03-21 18:28:35.000000','3','13.09000015258789','80.2699966430664','18','84'),(828,'0','2','2019-03-21 18:28:35.000000',NULL,'0','Y','2','2','2019-03-21 18:28:35.000000','3','13.09000015258789','80.2699966430664','18','84'),(829,'0','2','2019-03-21 18:28:35.000000',NULL,'0','Y','3','2','2019-03-21 18:28:35.000000','3','13.09000015258789','80.2699966430664','18','84'),(830,'0','2','2019-03-21 18:28:35.000000',NULL,'0','Y','4','2','2019-03-21 18:28:35.000000','3','13.09000015258789','80.2699966430664','18','84'),(831,'0','2','2019-03-21 18:28:35.000000',NULL,'0','Y','17','2','2019-03-21 18:28:35.000000','3','13.09000015258789','80.2699966430664','18','84'),(832,'100','2','2019-03-21 18:28:35.000000',NULL,'0','Y','22','2','2019-03-21 18:28:35.000000','3','13.09000015258789','80.2699966430664','18','84'),(833,NULL,'2','2019-03-21 18:28:35.000000',NULL,NULL,'Y','23',NULL,NULL,NULL,NULL,NULL,NULL,'84'),(834,'0','2','2019-03-21 18:28:35.000000',NULL,'0','Y','24','2','2019-03-21 18:28:35.000000','3','13.09000015258789','80.2699966430664','18','84'),(843,'0','2','2019-03-21 18:29:44.000000',NULL,'0','Y','1','2','2019-03-21 18:29:45.000000','3','13.09000015258789','80.2699966430664','18',NULL),(844,'0','2','2019-03-21 18:29:44.000000',NULL,'0','Y','2','2','2019-03-21 18:29:45.000000','3','13.09000015258789','80.2699966430664','18',NULL),(845,'0','2','2019-03-21 18:29:44.000000',NULL,'0','Y','3','2','2019-03-21 18:29:45.000000','3','13.09000015258789','80.2699966430664','18',NULL),(846,'0','2','2019-03-21 18:29:44.000000',NULL,'0','Y','4','2','2019-03-21 18:29:45.000000','3','13.09000015258789','80.2699966430664','18',NULL),(847,'0','2','2019-03-21 18:29:44.000000',NULL,'0','Y','17','2','2019-03-21 18:29:45.000000','3','13.09000015258789','80.2699966430664','18',NULL),(848,NULL,'2','2019-03-21 18:29:44.000000',NULL,NULL,'Y','22',NULL,NULL,NULL,NULL,NULL,NULL,NULL),(849,NULL,'2','2019-03-21 18:29:44.000000',NULL,NULL,'Y','23',NULL,NULL,NULL,NULL,NULL,NULL,NULL),(850,'0','2','2019-03-21 18:29:44.000000',NULL,'0','Y','24','2','2019-03-21 18:29:45.000000','3','13.09000015258789','80.2699966430664','18',NULL),(851,'0','2','2019-03-21 18:29:45.840000',NULL,'0','Y','1','2','2019-03-21 18:29:45.840000','3','13.09000015258789','80.2699966430664','18',NULL),(852,'0','2','2019-03-21 18:29:45.869000',NULL,'0','Y','2','2','2019-03-21 18:29:45.869000','3','13.09000015258789','80.2699966430664','18',NULL),(853,'0','2','2019-03-21 18:29:45.875000',NULL,'0','Y','3','2','2019-03-21 18:29:45.875000','3','13.09000015258789','80.2699966430664','18',NULL),(854,'0','2','2019-03-21 18:29:45.880000',NULL,'0','Y','4','2','2019-03-21 18:29:45.880000','3','13.09000015258789','80.2699966430664','18',NULL),(855,'0','2','2019-03-21 18:29:45.888000',NULL,'0','Y','17','2','2019-03-21 18:29:45.888000','3','13.09000015258789','80.2699966430664','18',NULL),(856,NULL,'2','2019-03-21 18:29:45.893000',NULL,NULL,'Y','22',NULL,'2019-03-21 18:29:45.893000',NULL,NULL,NULL,NULL,NULL),(857,NULL,'2','2019-03-21 18:29:45.896000',NULL,NULL,'Y','23',NULL,'2019-03-21 18:29:45.896000',NULL,NULL,NULL,NULL,NULL),(858,'0','2','2019-03-21 18:29:45.900000',NULL,'0','Y','24','2','2019-03-21 18:29:45.900000','3','13.09000015258789','80.2699966430664','18',NULL),(867,'0','2','2019-03-21 18:29:47.000000',NULL,'0','Y','1','2','2019-03-21 18:29:47.000000','3','13.09000015258789','80.2699966430664','18',NULL),(868,'0','2','2019-03-21 18:29:47.000000',NULL,'0','Y','2','2','2019-03-21 18:29:47.000000','3','13.09000015258789','80.2699966430664','18',NULL),(869,'0','2','2019-03-21 18:29:47.000000',NULL,'0','Y','3','2','2019-03-21 18:29:47.000000','3','13.09000015258789','80.2699966430664','18',NULL),(870,'0','2','2019-03-21 18:29:47.000000',NULL,'0','Y','4','2','2019-03-21 18:29:47.000000','3','13.09000015258789','80.2699966430664','18',NULL),(871,'0','2','2019-03-21 18:29:47.000000',NULL,'0','Y','17','2','2019-03-21 18:29:47.000000','3','13.09000015258789','80.2699966430664','18',NULL),(872,NULL,'2','2019-03-21 18:29:47.000000',NULL,NULL,'Y','22',NULL,NULL,NULL,NULL,NULL,NULL,NULL),(873,NULL,'2','2019-03-21 18:29:47.000000',NULL,NULL,'Y','23',NULL,NULL,NULL,NULL,NULL,NULL,NULL),(874,'0','2','2019-03-21 18:29:47.000000',NULL,'0','Y','24','2','2019-03-21 18:29:47.000000','3','13.09000015258789','80.2699966430664','18',NULL),(875,'0','2','2019-03-21 18:29:48.362000',NULL,'0','Y','1','2','2019-03-21 18:29:48.362000','3','13.09000015258789','80.2699966430664','18',NULL),(876,'0','2','2019-03-21 18:29:48.449000',NULL,'0','Y','2','2','2019-03-21 18:29:48.449000','3','13.09000015258789','80.2699966430664','18',NULL),(877,'0','2','2019-03-21 18:29:48.518000',NULL,'0','Y','3','2','2019-03-21 18:29:48.518000','3','13.09000015258789','80.2699966430664','18',NULL),(878,'0','2','2019-03-21 18:29:48.562000',NULL,'0','Y','4','2','2019-03-21 18:29:48.562000','3','13.09000015258789','80.2699966430664','18',NULL),(879,'0','2','2019-03-21 18:29:48.603000',NULL,'0','Y','17','2','2019-03-21 18:29:48.603000','3','13.09000015258789','80.2699966430664','18',NULL),(880,NULL,'2','2019-03-21 18:29:48.635000',NULL,NULL,'Y','22',NULL,'2019-03-21 18:29:48.635000',NULL,NULL,NULL,NULL,NULL),(881,NULL,'2','2019-03-21 18:29:48.668000',NULL,NULL,'Y','23',NULL,'2019-03-21 18:29:48.668000',NULL,NULL,NULL,NULL,NULL),(882,'0','2','2019-03-21 18:29:48.718000',NULL,'0','Y','24','2','2019-03-21 18:29:48.718000','3','13.09000015258789','80.2699966430664','18',NULL),(891,'0','2','2019-03-21 18:29:50.000000',NULL,'0','Y','1','2','2019-03-21 18:29:50.000000','3','13.09000015258789','80.2699966430664','18','85'),(892,'0','2','2019-03-21 18:29:50.000000',NULL,'0','Y','2','2','2019-03-21 18:29:50.000000','3','13.09000015258789','80.2699966430664','18','85'),(893,'0','2','2019-03-21 18:29:50.000000',NULL,'0','Y','3','2','2019-03-21 18:29:50.000000','3','13.09000015258789','80.2699966430664','18','85'),(894,'0','2','2019-03-21 18:29:50.000000',NULL,'0','Y','4','2','2019-03-21 18:29:50.000000','3','13.09000015258789','80.2699966430664','18','85'),(895,'0','2','2019-03-21 18:29:50.000000',NULL,'0','Y','17','2','2019-03-21 18:29:50.000000','3','13.09000015258789','80.2699966430664','18','85'),(896,NULL,'2','2019-03-21 18:29:50.000000',NULL,NULL,'Y','22',NULL,NULL,NULL,NULL,NULL,NULL,'85'),(897,NULL,'2','2019-03-21 18:29:50.000000',NULL,NULL,'Y','23',NULL,NULL,NULL,NULL,NULL,NULL,'85'),(898,'0','2','2019-03-21 18:29:50.000000',NULL,'0','Y','24','2','2019-03-21 18:29:50.000000','3','13.09000015258789','80.2699966430664','18','85'),(923,'0','2','2019-03-21 18:30:53.000000',NULL,'0','Y','1','2','2019-03-21 18:30:53.000000','3','13.09000015258789','80.2699966430664','18','86'),(924,'0','2','2019-03-21 18:30:53.000000',NULL,'0','Y','2','2','2019-03-21 18:30:53.000000','3','13.09000015258789','80.2699966430664','18','86'),(925,'0','2','2019-03-21 18:30:53.000000',NULL,'0','Y','3','2','2019-03-21 18:30:53.000000','3','13.09000015258789','80.2699966430664','18','86'),(926,'0','2','2019-03-21 18:30:53.000000',NULL,'0','Y','4','2','2019-03-21 18:30:53.000000','3','13.09000015258789','80.2699966430664','18','86'),(927,'0','2','2019-03-21 18:30:53.000000',NULL,'0','Y','17','2','2019-03-21 18:30:53.000000','3','13.09000015258789','80.2699966430664','18','86'),(928,NULL,'2','2019-03-21 18:30:53.000000',NULL,NULL,'Y','22',NULL,NULL,NULL,NULL,NULL,NULL,'86'),(929,NULL,'2','2019-03-21 18:30:53.000000',NULL,NULL,'Y','23',NULL,NULL,NULL,NULL,NULL,NULL,'86'),(930,'0','2','2019-03-21 18:30:53.000000',NULL,'0','Y','24','2','2019-03-21 18:30:53.000000','3','13.09000015258789','80.2699966430664','18','86'),(931,'0','2','2019-03-21 18:34:43.000000',NULL,'0','Y','1','2','2019-03-21 18:34:43.000000','49','13.09000015258789','80.2699966430664','23','87'),(932,'0','2','2019-03-21 18:34:43.000000',NULL,'0','Y','2','2','2019-03-21 18:34:43.000000','49','13.09000015258789','80.2699966430664','23','87'),(933,'0','2','2019-03-21 18:34:43.000000',NULL,'0','Y','3','2','2019-03-21 18:34:43.000000','49','13.09000015258789','80.2699966430664','23','87'),(934,'0','2','2019-03-21 18:34:43.000000',NULL,'0','Y','4','2','2019-03-21 18:34:43.000000','49','13.09000015258789','80.2699966430664','23','87'),(935,'0','2','2019-03-21 18:34:43.000000',NULL,'0','Y','17','2','2019-03-21 18:34:43.000000','49','13.09000015258789','80.2699966430664','23','87'),(936,'0','2','2019-03-21 18:34:43.000000',NULL,'0','Y','22','2','2019-03-21 18:34:43.000000','49','13.09000015258789','80.2699966430664','23','87'),(937,'100','2','2019-03-21 18:34:43.000000',NULL,'0','Y','23','2','2019-03-21 18:34:43.000000','49','13.09000015258789','80.2699966430664','23','87'),(938,'0','2','2019-03-21 18:34:43.000000',NULL,'0','Y','24','2','2019-03-21 18:34:43.000000','49','13.09000015258789','80.2699966430664','23','87'),(955,'0','2','2019-03-21 18:37:06.000000',NULL,'0','Y','1','2','2019-03-21 18:37:06.000000','3','13.09000015258789','80.2699966430664','18','88'),(956,'0','2','2019-03-21 18:37:06.000000',NULL,'0','Y','2','2','2019-03-21 18:37:06.000000','3','13.09000015258789','80.2699966430664','18','88'),(957,'0','2','2019-03-21 18:37:06.000000',NULL,'0','Y','3','2','2019-03-21 18:37:06.000000','3','13.09000015258789','80.2699966430664','18','88'),(958,'0','2','2019-03-21 18:37:06.000000',NULL,'0','Y','4','2','2019-03-21 18:37:06.000000','3','13.09000015258789','80.2699966430664','18','88'),(959,'0','2','2019-03-21 18:37:06.000000',NULL,'0','Y','17','2','2019-03-21 18:37:06.000000','3','13.09000015258789','80.2699966430664','18','88'),(960,'0','2','2019-03-21 18:37:06.000000',NULL,'0','Y','22','2','2019-03-21 18:37:06.000000','3','13.09000015258789','80.2699966430664','18','88'),(961,NULL,'2','2019-03-21 18:37:06.000000',NULL,NULL,'Y','23',NULL,NULL,NULL,NULL,NULL,NULL,'88'),(962,'0','2','2019-03-21 18:37:06.000000',NULL,'0','Y','24','2','2019-03-21 18:37:06.000000','3','13.09000015258789','80.2699966430664','18','88'),(971,NULL,'2','2019-03-21 18:37:58.000000',NULL,NULL,'Y','1',NULL,NULL,NULL,NULL,NULL,NULL,'89'),(972,'0','2','2019-03-21 18:37:58.000000',NULL,'0','Y','2','2','2019-03-21 18:37:58.000000','3','13.09000015258789','80.2699966430664','18','89'),(973,'0','2','2019-03-21 18:37:58.000000',NULL,'0','Y','3','2','2019-03-21 18:37:58.000000','3','13.09000015258789','80.2699966430664','18','89'),(974,'0','2','2019-03-21 18:37:58.000000',NULL,'0','Y','4','2','2019-03-21 18:37:58.000000','3','13.09000015258789','80.2699966430664','18','89'),(975,'0','2','2019-03-21 18:37:58.000000',NULL,'0','Y','17','2','2019-03-21 18:37:58.000000','3','13.09000015258789','80.2699966430664','18','89'),(976,NULL,'2','2019-03-21 18:37:58.000000',NULL,NULL,'Y','22',NULL,NULL,NULL,NULL,NULL,NULL,'89'),(977,NULL,'2','2019-03-21 18:37:58.000000',NULL,NULL,'Y','23',NULL,NULL,NULL,NULL,NULL,NULL,'89'),(978,'0','2','2019-03-21 18:37:58.000000',NULL,'0','Y','24','2','2019-03-21 18:37:58.000000','3','13.09000015258789','80.2699966430664','18','89'),(987,NULL,'2','2019-03-21 18:38:20.000000',NULL,NULL,'Y','1',NULL,NULL,NULL,NULL,NULL,NULL,'90'),(988,'0','2','2019-03-21 18:38:20.000000',NULL,'0','Y','2','2','2019-03-21 18:38:20.000000','3','13.09000015258789','80.2699966430664','18','90'),(989,'0','2','2019-03-21 18:38:20.000000',NULL,'0','Y','3','2','2019-03-21 18:38:20.000000','3','13.09000015258789','80.2699966430664','18','90'),(990,'0','2','2019-03-21 18:38:20.000000',NULL,'0','Y','4','2','2019-03-21 18:38:20.000000','3','13.09000015258789','80.2699966430664','18','90'),(991,'0','2','2019-03-21 18:38:20.000000',NULL,'0','Y','17','2','2019-03-21 18:38:20.000000','3','13.09000015258789','80.2699966430664','18','90'),(992,NULL,'2','2019-03-21 18:38:20.000000',NULL,NULL,'Y','22',NULL,NULL,NULL,NULL,NULL,NULL,'90'),(993,NULL,'2','2019-03-21 18:38:20.000000',NULL,NULL,'Y','23',NULL,NULL,NULL,NULL,NULL,NULL,'90'),(994,'0','2','2019-03-21 18:38:20.000000',NULL,'0','Y','24','2','2019-03-21 18:38:21.000000','3','13.09000015258789','80.2699966430664','18','90'),(995,NULL,'2','2019-03-22 13:17:54.000000',NULL,NULL,'Y','1',NULL,NULL,NULL,NULL,NULL,NULL,'91'),(996,'0','2','2019-03-22 13:17:54.000000',NULL,'0','Y','2','2','2019-03-22 13:17:54.000000','3','13.09000015258789','80.2699966430664','18','91'),(997,'0','2','2019-03-22 13:17:54.000000',NULL,'0','Y','3','2','2019-03-22 13:17:54.000000','3','13.09000015258789','80.2699966430664','18','91'),(998,'0','2','2019-03-22 13:17:54.000000',NULL,'0','Y','4','2','2019-03-22 13:17:54.000000','3','13.09000015258789','80.2699966430664','18','91'),(999,'0','2','2019-03-22 13:17:54.000000',NULL,'0','Y','17','2','2019-03-22 13:17:54.000000','3','13.09000015258789','80.2699966430664','18','91'),(1000,NULL,'2','2019-03-22 13:17:54.000000',NULL,NULL,'Y','22',NULL,NULL,NULL,NULL,NULL,NULL,'91'),(1001,NULL,'2','2019-03-22 13:17:54.000000',NULL,NULL,'Y','23',NULL,NULL,NULL,NULL,NULL,NULL,'91'),(1002,'0','2','2019-03-22 13:17:54.000000',NULL,'0','Y','24','2','2019-03-22 13:17:54.000000','3','13.09000015258789','80.2699966430664','18','91'),(1003,'0','2','2019-03-22 13:18:24.000000',NULL,'0','Y','1','2','2019-03-22 13:18:24.000000','3','13.09000015258789','80.2699966430664','18','92'),(1004,'0','2','2019-03-22 13:18:24.000000',NULL,'0','Y','2','2','2019-03-22 13:18:24.000000','3','13.09000015258789','80.2699966430664','18','92'),(1005,'0','2','2019-03-22 13:18:24.000000',NULL,'0','Y','3','2','2019-03-22 13:18:24.000000','3','13.09000015258789','80.2699966430664','18','92'),(1006,'0','2','2019-03-22 13:18:24.000000',NULL,'0','Y','4','2','2019-03-22 13:18:24.000000','3','13.09000015258789','80.2699966430664','18','92'),(1007,'0','2','2019-03-22 13:18:24.000000',NULL,'0','Y','17','2','2019-03-22 13:18:24.000000','3','13.09000015258789','80.2699966430664','18','92'),(1008,'0','2','2019-03-22 13:18:24.000000',NULL,'0','Y','22','2','2019-03-22 13:18:25.000000','3','13.09000015258789','80.2699966430664','18','92'),(1009,NULL,'2','2019-03-22 13:18:24.000000',NULL,NULL,'Y','23',NULL,NULL,NULL,NULL,NULL,NULL,'92'),(1010,'0','2','2019-03-22 13:18:24.000000',NULL,'0','Y','24','2','2019-03-22 13:18:25.000000','3','13.09000015258789','80.2699966430664','18','92'),(1019,'0','2','2019-03-22 13:19:14.000000',NULL,'0','Y','1','2','2019-03-22 13:19:14.000000','3','13.09000015258789','80.2699966430664','18','93'),(1020,'0','2','2019-03-22 13:19:14.000000',NULL,'0','Y','2','2','2019-03-22 13:19:14.000000','3','13.09000015258789','80.2699966430664','18','93'),(1021,'0','2','2019-03-22 13:19:14.000000',NULL,'0','Y','3','2','2019-03-22 13:19:14.000000','3','13.09000015258789','80.2699966430664','18','93'),(1022,'0','2','2019-03-22 13:19:14.000000',NULL,'0','Y','4','2','2019-03-22 13:19:14.000000','3','13.09000015258789','80.2699966430664','18','93'),(1023,'0','2','2019-03-22 13:19:14.000000',NULL,'0','Y','17','2','2019-03-22 13:19:14.000000','3','13.09000015258789','80.2699966430664','18','93'),(1024,'100','2','2019-03-22 13:19:14.000000',NULL,'0','Y','22','2','2019-03-22 13:19:14.000000','3','13.09000015258789','80.2699966430664','18','93'),(1025,NULL,'2','2019-03-22 13:19:14.000000',NULL,NULL,'Y','23',NULL,NULL,NULL,NULL,NULL,NULL,'93'),(1026,'0','2','2019-03-22 13:19:14.000000',NULL,'0','Y','24','2','2019-03-22 13:19:14.000000','3','13.09000015258789','80.2699966430664','18','93'),(1027,'0','2','2019-03-22 13:20:28.000000',NULL,'0','Y','1','2','2019-03-22 13:20:28.000000','3','13.09000015258789','80.2699966430664','18','94'),(1028,'0','2','2019-03-22 13:20:28.000000',NULL,'0','Y','2','2','2019-03-22 13:20:28.000000','3','13.09000015258789','80.2699966430664','18','94'),(1029,'0','2','2019-03-22 13:20:28.000000',NULL,'0','Y','3','2','2019-03-22 13:20:28.000000','3','13.09000015258789','80.2699966430664','18','94'),(1030,'0','2','2019-03-22 13:20:28.000000',NULL,'0','Y','4','2','2019-03-22 13:20:28.000000','3','13.09000015258789','80.2699966430664','18','94'),(1031,'0','2','2019-03-22 13:20:28.000000',NULL,'0','Y','17','2','2019-03-22 13:20:28.000000','3','13.09000015258789','80.2699966430664','18','94'),(1032,'0','2','2019-03-22 13:20:28.000000',NULL,'0','Y','22','2','2019-03-22 13:20:28.000000','3','13.09000015258789','80.2699966430664','18','94'),(1033,'100','2','2019-03-22 13:20:28.000000',NULL,'0','Y','23','2','2019-03-22 13:20:28.000000','3','13.09000015258789','80.2699966430664','18','94'),(1034,'0','2','2019-03-22 13:20:28.000000',NULL,'0','Y','24','2','2019-03-22 13:20:28.000000','3','13.09000015258789','80.2699966430664','18','94'),(1035,'0','2','2019-03-22 13:23:25.000000',NULL,'0','Y','1','2','2019-03-22 13:23:25.000000','3','13.09000015258789','80.2699966430664','18','95'),(1036,'0','2','2019-03-22 13:23:25.000000',NULL,'0','Y','2','2','2019-03-22 13:23:25.000000','3','13.09000015258789','80.2699966430664','18','95'),(1037,'0','2','2019-03-22 13:23:25.000000',NULL,'0','Y','3','2','2019-03-22 13:23:25.000000','3','13.09000015258789','80.2699966430664','18','95'),(1038,'0','2','2019-03-22 13:23:25.000000',NULL,'0','Y','4','2','2019-03-22 13:23:25.000000','3','13.09000015258789','80.2699966430664','18','95'),(1039,'0','2','2019-03-22 13:23:25.000000',NULL,'0','Y','17','2','2019-03-22 13:23:25.000000','3','13.09000015258789','80.2699966430664','18','95'),(1040,'0','2','2019-03-22 13:23:25.000000',NULL,'0','Y','22','2','2019-03-22 13:23:26.000000','3','13.09000015258789','80.2699966430664','18','95'),(1041,'0','2','2019-03-22 13:23:25.000000',NULL,'0','Y','23','2','2019-03-22 13:23:26.000000','3','13.09000015258789','80.2699966430664','18','95'),(1042,'0','2','2019-03-22 13:23:25.000000',NULL,'0','Y','24','2','2019-03-22 13:23:26.000000','3','13.09000015258789','80.2699966430664','18','95'),(1043,'0','2','2019-03-22 13:24:36.000000',NULL,'0','Y','1','2','2019-03-22 13:24:36.000000','3','13.09000015258789','80.2699966430664','18','96'),(1044,'0','2','2019-03-22 13:24:36.000000',NULL,'0','Y','2','2','2019-03-22 13:24:36.000000','3','13.09000015258789','80.2699966430664','18','96'),(1045,'0','2','2019-03-22 13:24:36.000000',NULL,'0','Y','3','2','2019-03-22 13:24:36.000000','3','13.09000015258789','80.2699966430664','18','96'),(1046,'0','2','2019-03-22 13:24:36.000000',NULL,'0','Y','4','2','2019-03-22 13:24:36.000000','3','13.09000015258789','80.2699966430664','18','96'),(1047,'0','2','2019-03-22 13:24:36.000000',NULL,'0','Y','17','2','2019-03-22 13:24:36.000000','3','13.09000015258789','80.2699966430664','18','96'),(1048,'0','2','2019-03-22 13:24:36.000000',NULL,'0','Y','22','2','2019-03-22 13:24:36.000000','3','13.09000015258789','80.2699966430664','18','96'),(1049,'0','2','2019-03-22 13:24:36.000000',NULL,'0','Y','23','2','2019-03-22 13:24:36.000000','3','13.09000015258789','80.2699966430664','18','96'),(1050,'0','2','2019-03-22 13:24:36.000000',NULL,'0','Y','24','2','2019-03-22 13:24:36.000000','3','13.09000015258789','80.2699966430664','18','96'),(1051,'50','2','2019-03-22 13:25:33.000000',NULL,'0','Y','1','2','2019-03-22 13:25:33.000000','3','13.09000015258789','80.2699966430664','18','97'),(1052,'0','2','2019-03-22 13:25:33.000000',NULL,'0','Y','2','2','2019-03-22 13:25:33.000000','3','13.09000015258789','80.2699966430664','18','97'),(1053,'0','2','2019-03-22 13:25:33.000000',NULL,'0','Y','3','2','2019-03-22 13:25:33.000000','3','13.09000015258789','80.2699966430664','18','97'),(1054,'0','2','2019-03-22 13:25:33.000000',NULL,'0','Y','4','2','2019-03-22 13:25:33.000000','3','13.09000015258789','80.2699966430664','18','97'),(1055,'0','2','2019-03-22 13:25:33.000000',NULL,'0','Y','17','2','2019-03-22 13:25:33.000000','3','13.09000015258789','80.2699966430664','18','97'),(1056,'0','2','2019-03-22 13:25:33.000000',NULL,'0','Y','22','2','2019-03-22 13:25:33.000000','3','13.09000015258789','80.2699966430664','18','97'),(1057,'0','2','2019-03-22 13:25:33.000000',NULL,'0','Y','23','2','2019-03-22 13:25:33.000000','3','13.09000015258789','80.2699966430664','18','97'),(1058,'0','2','2019-03-22 13:25:33.000000',NULL,'0','Y','24','2','2019-03-22 13:25:33.000000','3','13.09000015258789','80.2699966430664','18','97'),(1059,'0','2','2019-03-22 13:36:30.000000',NULL,'0','Y','1','2','2019-03-22 13:36:30.000000','3','13.09000015258789','80.2699966430664','18','98'),(1060,'0','2','2019-03-22 13:36:30.000000',NULL,'0','Y','2','2','2019-03-22 13:36:30.000000','3','13.09000015258789','80.2699966430664','18','98'),(1061,'0','2','2019-03-22 13:36:30.000000',NULL,'0','Y','3','2','2019-03-22 13:36:30.000000','3','13.09000015258789','80.2699966430664','18','98'),(1062,'0','2','2019-03-22 13:36:30.000000',NULL,'0','Y','4','2','2019-03-22 13:36:30.000000','3','13.09000015258789','80.2699966430664','18','98'),(1063,'0','2','2019-03-22 13:36:30.000000',NULL,'0','Y','17','2','2019-03-22 13:36:30.000000','3','13.09000015258789','80.2699966430664','18','98'),(1064,'0','2','2019-03-22 13:36:30.000000',NULL,'0','Y','22','2','2019-03-22 13:36:30.000000','3','13.09000015258789','80.2699966430664','18','98'),(1065,'100','2','2019-03-22 13:36:30.000000',NULL,'0','Y','23','2','2019-03-22 13:36:30.000000','3','13.09000015258789','80.2699966430664','18','98'),(1066,'0','2','2019-03-22 13:36:30.000000',NULL,'0','Y','24','2','2019-03-22 13:36:30.000000','3','13.09000015258789','80.2699966430664','18','98'),(1067,'0','17','2019-03-26 14:43:39.000000',NULL,'0','Y','1','17','2019-03-26 14:43:39.000000','3','13.09000015258789','80.2699966430664','18','99'),(1068,'0','17','2019-03-26 14:43:39.000000',NULL,'0','Y','2','17','2019-03-26 14:43:39.000000','3','13.09000015258789','80.2699966430664','18','99'),(1069,'0','17','2019-03-26 14:43:39.000000',NULL,'0','Y','3','17','2019-03-26 14:43:39.000000','3','13.09000015258789','80.2699966430664','18','99'),(1070,'0','17','2019-03-26 14:43:39.000000',NULL,'0','Y','4','17','2019-03-26 14:43:39.000000','3','13.09000015258789','80.2699966430664','18','99'),(1071,'0','17','2019-03-26 14:43:39.000000',NULL,'0','Y','17','17','2019-03-26 14:43:39.000000','3','13.09000015258789','80.2699966430664','18','99'),(1072,'0','17','2019-03-26 14:43:39.000000',NULL,'0','Y','22','17','2019-03-26 14:43:39.000000','3','13.09000015258789','80.2699966430664','18','99'),(1073,NULL,'17','2019-03-26 14:43:39.000000',NULL,NULL,'Y','23',NULL,NULL,NULL,NULL,NULL,NULL,'99'),(1074,'0','17','2019-03-26 14:43:39.000000',NULL,'0','Y','24','17','2019-03-26 14:43:39.000000','3','13.09000015258789','80.2699966430664','18','99'),(1075,'0','2','2019-03-26 19:15:02.000000',NULL,'0','Y','1','2','2019-03-26 19:15:02.000000','3','13.09000015258789','80.2699966430664','18','100'),(1076,'0','2','2019-03-26 19:15:02.000000',NULL,'0','Y','2','2','2019-03-26 19:15:02.000000','3','13.09000015258789','80.2699966430664','18','100'),(1077,'0','2','2019-03-26 19:15:02.000000',NULL,'0','Y','3','2','2019-03-26 19:15:02.000000','3','13.09000015258789','80.2699966430664','18','100'),(1078,'0','2','2019-03-26 19:15:02.000000',NULL,'0','Y','4','2','2019-03-26 19:15:02.000000','3','13.09000015258789','80.2699966430664','18','100'),(1079,'0','2','2019-03-26 19:15:02.000000',NULL,'0','Y','17','2','2019-03-26 19:15:02.000000','3','13.09000015258789','80.2699966430664','18','100'),(1080,'0','2','2019-03-26 19:15:02.000000',NULL,'0','Y','22','2','2019-03-26 19:15:02.000000','3','13.09000015258789','80.2699966430664','18','100'),(1081,NULL,'2','2019-03-26 19:15:02.000000',NULL,NULL,'Y','23',NULL,NULL,NULL,NULL,NULL,NULL,'100'),(1082,'0','2','2019-03-26 19:15:02.000000',NULL,'0','Y','24','2','2019-03-26 19:15:02.000000','3','13.09000015258789','80.2699966430664','18','100'),(1083,'0','2','2019-03-26 19:19:24.000000',NULL,'0','Y','1','2','2019-03-26 19:19:24.000000','3','13.09000015258789','80.2699966430664','18','101'),(1084,'0','2','2019-03-26 19:19:24.000000',NULL,'0','Y','2','2','2019-03-26 19:19:24.000000','3','13.09000015258789','80.2699966430664','18','101'),(1085,'0','2','2019-03-26 19:19:24.000000',NULL,'0','Y','3','2','2019-03-26 19:19:24.000000','3','13.09000015258789','80.2699966430664','18','101'),(1086,'0','2','2019-03-26 19:19:24.000000',NULL,'0','Y','4','2','2019-03-26 19:19:24.000000','3','13.09000015258789','80.2699966430664','18','101'),(1087,'0','2','2019-03-26 19:19:24.000000',NULL,'0','Y','17','2','2019-03-26 19:19:25.000000','3','13.09000015258789','80.2699966430664','18','101'),(1088,'0','2','2019-03-26 19:19:24.000000',NULL,'0','Y','22','2','2019-03-26 19:19:25.000000','3','13.09000015258789','80.2699966430664','18','101'),(1089,'100','2','2019-03-26 19:19:24.000000',NULL,'0','Y','23','2','2019-03-26 19:19:25.000000','3','13.09000015258789','80.2699966430664','18','101'),(1090,'0','2','2019-03-26 19:19:24.000000',NULL,'0','Y','24','2','2019-03-26 19:19:25.000000','3','13.09000015258789','80.2699966430664','18','101'),(1095,'0','2','2019-03-26 19:24:13.000000',NULL,'0','Y','1','2','2019-03-26 19:24:13.000000','3','13.09000015258789','80.2699966430664','18','102'),(1096,'0','2','2019-03-26 19:24:13.000000',NULL,'0','Y','2','2','2019-03-26 19:24:13.000000','3','13.09000015258789','80.2699966430664','18','102'),(1097,'0','2','2019-03-26 19:24:13.000000',NULL,'0','Y','3','2','2019-03-26 19:24:13.000000','3','13.09000015258789','80.2699966430664','18','102'),(1098,'0','2','2019-03-26 19:24:13.000000',NULL,'0','Y','4','2','2019-03-26 19:24:13.000000','3','13.09000015258789','80.2699966430664','18','102'),(1099,'50','2','2019-03-26 19:24:13.000000',NULL,'0','Y','17','2','2019-03-26 19:24:13.000000','3','13.09000015258789','80.2699966430664','18','102'),(1100,'0','2','2019-03-26 19:24:13.000000',NULL,'0','Y','22','2','2019-03-26 19:24:13.000000','3','13.09000015258789','80.2699966430664','18','102'),(1101,'0','2','2019-03-26 19:24:13.000000',NULL,'0','Y','24','2','2019-03-26 19:24:13.000000','3','13.09000015258789','80.2699966430664','18','102'),(1113,NULL,'2','2019-03-27 11:22:15.000000',NULL,NULL,'Y','23',NULL,NULL,NULL,NULL,NULL,NULL,'103'),(1114,NULL,'2','2019-03-27 11:22:15.000000',NULL,NULL,'Y','25',NULL,NULL,NULL,NULL,NULL,NULL,'103'),(1115,NULL,'2','2019-03-27 11:22:15.000000',NULL,NULL,'Y','26',NULL,NULL,NULL,NULL,NULL,NULL,'103'),(1116,NULL,'2','2019-03-27 11:22:15.000000',NULL,NULL,'Y','58',NULL,NULL,NULL,NULL,NULL,NULL,'103'),(1117,NULL,'4','2019-03-27 11:32:09.000000',NULL,NULL,'Y','1',NULL,NULL,NULL,NULL,NULL,NULL,'104'),(1118,'0','4','2019-03-27 11:32:09.000000',NULL,'0','Y','2','4','2019-03-27 11:32:09.000000','3','13.09000015258789','80.2699966430664','18','104'),(1119,'0','4','2019-03-27 11:32:09.000000',NULL,'0','Y','3','4','2019-03-27 11:32:09.000000','3','13.09000015258789','80.2699966430664','18','104'),(1120,'0','4','2019-03-27 11:32:09.000000',NULL,'0','Y','4','4','2019-03-27 11:32:09.000000','3','13.09000015258789','80.2699966430664','18','104'),(1121,'0','4','2019-03-27 11:32:09.000000',NULL,'0','Y','17','4','2019-03-27 11:32:09.000000','3','13.09000015258789','80.2699966430664','18','104'),(1122,NULL,'4','2019-03-27 11:32:09.000000',NULL,NULL,'Y','22',NULL,NULL,NULL,NULL,NULL,NULL,'104'),(1123,'0','4','2019-03-27 11:32:09.000000',NULL,'0','Y','24','4','2019-03-27 11:32:09.000000','3','13.09000015258789','80.2699966430664','18','104'),(1132,'0','2','2019-03-27 13:39:40.000000',NULL,'0','Y','1','2','2019-03-27 13:39:40.000000','3','13.09000015258789','80.2699966430664','18','106'),(1133,'0','2','2019-03-27 13:39:40.000000',NULL,'0','Y','2','2','2019-03-27 13:39:40.000000','3','13.09000015258789','80.2699966430664','18','106'),(1134,'50','2','2019-03-27 13:39:40.000000',NULL,'0','Y','3','2','2019-03-27 13:39:40.000000','3','13.09000015258789','80.2699966430664','18','106'),(1135,'0','2','2019-03-27 13:39:40.000000',NULL,'0','Y','4','2','2019-03-27 13:39:40.000000','3','13.09000015258789','80.2699966430664','18','106'),(1136,'0','2','2019-03-27 13:39:40.000000',NULL,'0','Y','17','2','2019-03-27 13:39:40.000000','3','13.09000015258789','80.2699966430664','18','106'),(1137,'0','2','2019-03-27 13:39:40.000000',NULL,'0','Y','22','2','2019-03-27 13:39:40.000000','3','13.09000015258789','80.2699966430664','18','106'),(1138,'0','2','2019-03-27 13:39:40.000000',NULL,'0','Y','24','2','2019-03-27 13:39:40.000000','3','13.09000015258789','80.2699966430664','18','106'),(1139,NULL,'2','2019-03-27 13:40:49.000000',NULL,NULL,'Y','23',NULL,NULL,NULL,NULL,NULL,NULL,'107'),(1140,NULL,'2','2019-03-27 13:40:49.000000',NULL,NULL,'Y','25',NULL,NULL,NULL,NULL,NULL,NULL,'107'),(1141,NULL,'2','2019-03-27 13:40:49.000000',NULL,NULL,'Y','26',NULL,NULL,NULL,NULL,NULL,NULL,'107'),(1142,NULL,'2','2019-03-27 13:40:49.000000',NULL,NULL,'Y','58',NULL,NULL,NULL,NULL,NULL,NULL,'107'),(1147,NULL,'2','2019-03-27 13:41:21.000000',NULL,NULL,'Y','1',NULL,NULL,NULL,NULL,NULL,NULL,'108'),(1148,'0','2','2019-03-27 13:41:21.000000',NULL,'0','Y','2','2','2019-03-27 13:41:21.000000','3','13.09000015258789','80.2699966430664','18','108'),(1149,'50','2','2019-03-27 13:41:21.000000',NULL,'0','Y','3','2','2019-03-27 13:41:21.000000','3','13.09000015258789','80.2699966430664','18','108'),(1150,'0','2','2019-03-27 13:41:21.000000',NULL,'0','Y','4','2','2019-03-27 13:41:21.000000','3','13.09000015258789','80.2699966430664','18','108'),(1151,'0','2','2019-03-27 13:41:21.000000',NULL,'0','Y','17','2','2019-03-27 13:41:21.000000','3','13.09000015258789','80.2699966430664','18','108'),(1152,NULL,'2','2019-03-27 13:41:21.000000',NULL,NULL,'Y','22',NULL,NULL,NULL,NULL,NULL,NULL,'108'),(1153,'0','2','2019-03-27 13:41:21.000000',NULL,'0','Y','24','2','2019-03-27 13:41:21.000000','3','13.09000015258789','80.2699966430664','18','108'),(1154,NULL,'4','2019-03-27 13:44:16.000000',NULL,NULL,'Y','1',NULL,NULL,NULL,NULL,NULL,NULL,'109'),(1155,'0','4','2019-03-27 13:44:16.000000',NULL,'0','Y','2','4','2019-03-27 13:44:16.000000','3','13.09000015258789','80.2699966430664','18','109'),(1156,'0','4','2019-03-27 13:44:16.000000',NULL,'0','Y','3','4','2019-03-27 13:44:16.000000','3','13.09000015258789','80.2699966430664','18','109'),(1157,'0','4','2019-03-27 13:44:16.000000',NULL,'0','Y','4','4','2019-03-27 13:44:16.000000','3','13.09000015258789','80.2699966430664','18','109'),(1158,'0','4','2019-03-27 13:44:16.000000',NULL,'0','Y','17','4','2019-03-27 13:44:16.000000','3','13.09000015258789','80.2699966430664','18','109'),(1159,NULL,'4','2019-03-27 13:44:16.000000',NULL,NULL,'Y','22',NULL,NULL,NULL,NULL,NULL,NULL,'109'),(1160,'0','4','2019-03-27 13:44:16.000000',NULL,'0','Y','24','4','2019-03-27 13:44:16.000000','3','13.09000015258789','80.2699966430664','18','109'),(1161,NULL,'4','2019-03-27 13:46:40.000000',NULL,NULL,'Y','1',NULL,NULL,NULL,NULL,NULL,NULL,'110'),(1162,'0','4','2019-03-27 13:46:40.000000',NULL,'0','Y','2','4','2019-03-27 13:46:40.000000','3','13.09000015258789','80.2699966430664','18','110'),(1163,'0','4','2019-03-27 13:46:40.000000',NULL,'0','Y','3','4','2019-03-27 13:46:40.000000','3','13.09000015258789','80.2699966430664','18','110'),(1164,'0','4','2019-03-27 13:46:40.000000',NULL,'0','Y','4','4','2019-03-27 13:46:41.000000','3','13.09000015258789','80.2699966430664','18','110'),(1165,'0','4','2019-03-27 13:46:40.000000',NULL,'0','Y','17','4','2019-03-27 13:46:41.000000','3','13.09000015258789','80.2699966430664','18','110'),(1166,NULL,'4','2019-03-27 13:46:40.000000',NULL,NULL,'Y','22',NULL,NULL,NULL,NULL,NULL,NULL,'110'),(1167,'0','4','2019-03-27 13:46:40.000000',NULL,'0','Y','24','4','2019-03-27 13:46:41.000000','3','13.09000015258789','80.2699966430664','18','110'),(1168,NULL,'2','2019-03-27 13:49:23.000000',NULL,NULL,'Y','23',NULL,NULL,NULL,NULL,NULL,NULL,'111'),(1169,NULL,'2','2019-03-27 13:49:23.000000',NULL,NULL,'Y','25',NULL,NULL,NULL,NULL,NULL,NULL,'111'),(1170,NULL,'2','2019-03-27 13:49:23.000000',NULL,NULL,'Y','26',NULL,NULL,NULL,NULL,NULL,NULL,'111'),(1171,NULL,'2','2019-03-27 13:49:23.000000',NULL,NULL,'Y','58',NULL,NULL,NULL,NULL,NULL,NULL,'111'),(1172,'0','4','2019-03-27 13:50:35.000000',NULL,'0','Y','1','4','2019-03-27 13:50:35.000000','3','13.09000015258789','80.2699966430664','18','112'),(1173,'0','4','2019-03-27 13:50:35.000000',NULL,'0','Y','2','4','2019-03-27 13:50:35.000000','3','13.09000015258789','80.2699966430664','18','112'),(1174,'0','4','2019-03-27 13:50:35.000000',NULL,'0','Y','3','4','2019-03-27 13:50:35.000000','3','13.09000015258789','80.2699966430664','18','112'),(1175,'0','4','2019-03-27 13:50:35.000000',NULL,'0','Y','4','4','2019-03-27 13:50:35.000000','3','13.09000015258789','80.2699966430664','18','112'),(1176,'0','4','2019-03-27 13:50:35.000000',NULL,'0','Y','17','4','2019-03-27 13:50:35.000000','3','13.09000015258789','80.2699966430664','18','112'),(1177,'0','4','2019-03-27 13:50:35.000000',NULL,'0','Y','22','4','2019-03-27 13:50:35.000000','3','13.09000015258789','80.2699966430664','18','112'),(1178,'0','4','2019-03-27 13:50:35.000000',NULL,'0','Y','24','4','2019-03-27 13:50:35.000000','3','13.09000015258789','80.2699966430664','18','112'),(1183,NULL,'4','2019-03-27 13:51:11.000000',NULL,NULL,'Y','1',NULL,NULL,NULL,NULL,NULL,NULL,'113'),(1184,'0','4','2019-03-27 13:51:11.000000',NULL,'0','Y','2','4','2019-03-27 13:51:11.000000','3','13.09000015258789','80.2699966430664','18','113'),(1185,'0','4','2019-03-27 13:51:11.000000',NULL,'0','Y','3','4','2019-03-27 13:51:11.000000','3','13.09000015258789','80.2699966430664','18','113'),(1186,'0','4','2019-03-27 13:51:11.000000',NULL,'0','Y','4','4','2019-03-27 13:51:11.000000','3','13.09000015258789','80.2699966430664','18','113'),(1187,'0','4','2019-03-27 13:51:11.000000',NULL,'0','Y','17','4','2019-03-27 13:51:11.000000','3','13.09000015258789','80.2699966430664','18','113'),(1188,NULL,'4','2019-03-27 13:51:11.000000',NULL,NULL,'Y','22',NULL,NULL,NULL,NULL,NULL,NULL,'113'),(1189,'0','4','2019-03-27 13:51:11.000000',NULL,'0','Y','24','4','2019-03-27 13:51:11.000000','3','13.09000015258789','80.2699966430664','18','113'),(1190,'0','2','2019-03-27 13:54:42.000000',NULL,'0','Y','1','2','2019-03-27 13:54:42.000000','57','13.09000015258789','80.2699966430664','23','114'),(1191,'0','2','2019-03-27 13:54:42.000000',NULL,'0','Y','2','2','2019-03-27 13:54:42.000000','57','13.09000015258789','80.2699966430664','23','114'),(1192,'0','2','2019-03-27 13:54:42.000000',NULL,'0','Y','3','2','2019-03-27 13:54:42.000000','57','13.09000015258789','80.2699966430664','23','114'),(1193,'0','2','2019-03-27 13:54:42.000000',NULL,'0','Y','4','2','2019-03-27 13:54:42.000000','57','13.09000015258789','80.2699966430664','23','114'),(1194,'50','2','2019-03-27 13:54:42.000000',NULL,'0','Y','17','2','2019-03-27 13:54:42.000000','57','13.09000015258789','80.2699966430664','23','114'),(1195,'0','2','2019-03-27 13:54:42.000000',NULL,'0','Y','22','2','2019-03-27 13:54:42.000000','57','13.09000015258789','80.2699966430664','23','114'),(1196,'0','2','2019-03-27 13:54:42.000000',NULL,'0','Y','24','2','2019-03-27 13:54:42.000000','57','13.09000015258789','80.2699966430664','23','114'),(1197,NULL,'4','2019-03-27 14:15:01.000000',NULL,NULL,'Y','1',NULL,NULL,NULL,NULL,NULL,NULL,'115'),(1198,'0','4','2019-03-27 14:15:01.000000',NULL,'0','Y','2','4','2019-03-27 14:15:01.000000','3','13.09000015258789','80.2699966430664','18','115'),(1199,'0','4','2019-03-27 14:15:01.000000',NULL,'0','Y','3','4','2019-03-27 14:15:01.000000','3','13.09000015258789','80.2699966430664','18','115'),(1200,'0','4','2019-03-27 14:15:01.000000',NULL,'0','Y','4','4','2019-03-27 14:15:01.000000','3','13.09000015258789','80.2699966430664','18','115'),(1201,'0','4','2019-03-27 14:15:01.000000',NULL,'0','Y','17','4','2019-03-27 14:15:01.000000','3','13.09000015258789','80.2699966430664','18','115'),(1202,NULL,'4','2019-03-27 14:15:01.000000',NULL,NULL,'Y','22',NULL,NULL,NULL,NULL,NULL,NULL,'115'),(1203,'0','4','2019-03-27 14:15:01.000000',NULL,'0','Y','24','4','2019-03-27 14:15:01.000000','3','13.09000015258789','80.2699966430664','18','115'),(1204,NULL,'2','2019-03-27 14:15:05.000000',NULL,NULL,'Y','1',NULL,NULL,NULL,NULL,NULL,NULL,'116'),(1205,NULL,'2','2019-03-27 14:15:05.000000',NULL,NULL,'Y','2',NULL,NULL,NULL,NULL,NULL,NULL,'116'),(1206,NULL,'2','2019-03-27 14:15:05.000000',NULL,NULL,'Y','3',NULL,NULL,NULL,NULL,NULL,NULL,'116'),(1207,NULL,'2','2019-03-27 14:15:05.000000',NULL,NULL,'Y','4',NULL,NULL,NULL,NULL,NULL,NULL,'116'),(1208,NULL,'2','2019-03-27 14:15:05.000000',NULL,NULL,'Y','17',NULL,NULL,NULL,NULL,NULL,NULL,'116'),(1209,NULL,'2','2019-03-27 14:15:05.000000',NULL,NULL,'Y','22',NULL,NULL,NULL,NULL,NULL,NULL,'116'),(1210,NULL,'2','2019-03-27 14:15:05.000000',NULL,NULL,'Y','24',NULL,NULL,NULL,NULL,NULL,NULL,'116'),(1225,NULL,'4','2019-03-27 16:06:43.000000',NULL,NULL,'Y','1',NULL,NULL,NULL,NULL,NULL,NULL,'117'),(1226,'0','4','2019-03-27 16:06:43.000000',NULL,'0','Y','2','4','2019-03-27 16:06:43.000000','3','13.09000015258789','80.2699966430664','18','117'),(1227,'0','4','2019-03-27 16:06:43.000000',NULL,'0','Y','3','4','2019-03-27 16:06:43.000000','3','13.09000015258789','80.2699966430664','18','117'),(1228,'0','4','2019-03-27 16:06:43.000000',NULL,'0','Y','4','4','2019-03-27 16:06:43.000000','3','13.09000015258789','80.2699966430664','18','117'),(1229,'0','4','2019-03-27 16:06:43.000000',NULL,'0','Y','17','4','2019-03-27 16:06:43.000000','3','13.09000015258789','80.2699966430664','18','117'),(1230,NULL,'4','2019-03-27 16:06:43.000000',NULL,NULL,'Y','22',NULL,NULL,NULL,NULL,NULL,NULL,'117'),(1231,'0','4','2019-03-27 16:06:43.000000',NULL,'0','Y','24','4','2019-03-27 16:06:43.000000','3','13.09000015258789','80.2699966430664','18','117'),(1236,'0','2','2019-03-27 16:29:11.000000',NULL,'0','Y','1','2','2019-03-27 16:29:11.000000','3','13.09000015258789','80.2699966430664','18','118'),(1237,'0','2','2019-03-27 16:29:11.000000',NULL,'0','Y','2','2','2019-03-27 16:29:11.000000','3','13.09000015258789','80.2699966430664','18','118'),(1238,'0','2','2019-03-27 16:29:11.000000',NULL,'0','Y','3','2','2019-03-27 16:29:11.000000','3','13.09000015258789','80.2699966430664','18','118'),(1239,'0','2','2019-03-27 16:29:11.000000',NULL,'0','Y','4','2','2019-03-27 16:29:11.000000','3','13.09000015258789','80.2699966430664','18','118'),(1240,'0','2','2019-03-27 16:29:11.000000',NULL,'0','Y','17','2','2019-03-27 16:29:11.000000','3','13.09000015258789','80.2699966430664','18','118'),(1241,'0','2','2019-03-27 16:29:11.000000',NULL,'0','Y','22','2','2019-03-27 16:29:11.000000','3','13.09000015258789','80.2699966430664','18','118'),(1242,'0','2','2019-03-27 16:29:11.000000',NULL,'0','Y','24','2','2019-03-27 16:29:11.000000','3','13.09000015258789','80.2699966430664','18','118'),(1243,NULL,'4','2019-03-27 16:29:55.000000',NULL,NULL,'Y','1',NULL,NULL,NULL,NULL,NULL,NULL,'119'),(1244,'0','4','2019-03-27 16:29:55.000000',NULL,'0','Y','2','4','2019-03-27 16:29:55.000000','3','13.09000015258789','80.2699966430664','18','119'),(1245,'0','4','2019-03-27 16:29:55.000000',NULL,'0','Y','3','4','2019-03-27 16:29:55.000000','3','13.09000015258789','80.2699966430664','18','119'),(1246,NULL,'4','2019-03-27 16:29:55.000000',NULL,NULL,'Y','4',NULL,NULL,NULL,NULL,NULL,NULL,'119'),(1247,NULL,'4','2019-03-27 16:29:55.000000',NULL,NULL,'Y','17',NULL,NULL,NULL,NULL,NULL,NULL,'119'),(1248,NULL,'4','2019-03-27 16:29:55.000000',NULL,NULL,'Y','22',NULL,NULL,NULL,NULL,NULL,NULL,'119'),(1249,'0','4','2019-03-27 16:29:55.000000',NULL,'0','Y','24','4','2019-03-27 16:29:55.000000','3','13.09000015258789','80.2699966430664','18','119'),(1250,NULL,'4','2019-03-27 16:30:24.000000',NULL,NULL,'Y','1',NULL,NULL,NULL,NULL,NULL,NULL,'120'),(1251,'0','4','2019-03-27 16:30:24.000000',NULL,'0','Y','2','4','2019-03-27 16:30:24.000000','3','13.09000015258789','80.2699966430664','18','120'),(1252,'0','4','2019-03-27 16:30:24.000000',NULL,'0','Y','3','4','2019-03-27 16:30:24.000000','3','13.09000015258789','80.2699966430664','18','120'),(1253,NULL,'4','2019-03-27 16:30:24.000000',NULL,NULL,'Y','4',NULL,NULL,NULL,NULL,NULL,NULL,'120'),(1254,NULL,'4','2019-03-27 16:30:24.000000',NULL,NULL,'Y','17',NULL,NULL,NULL,NULL,NULL,NULL,'120'),(1255,NULL,'4','2019-03-27 16:30:24.000000',NULL,NULL,'Y','22',NULL,NULL,NULL,NULL,NULL,NULL,'120'),(1256,'0','4','2019-03-27 16:30:24.000000',NULL,'0','Y','24','4','2019-03-27 16:30:24.000000','3','13.09000015258789','80.2699966430664','18','120'),(1257,NULL,'17','2019-03-27 18:12:05.000000',NULL,NULL,'Y','1',NULL,NULL,NULL,NULL,NULL,NULL,'121'),(1258,'0','17','2019-03-27 18:12:05.000000',NULL,'0','Y','2','17','2019-03-27 18:12:05.000000','3','13.09000015258789','80.2699966430664','18','121'),(1259,'0','17','2019-03-27 18:12:05.000000',NULL,'0','Y','3','17','2019-03-27 18:12:05.000000','3','13.09000015258789','80.2699966430664','18','121'),(1260,'0','17','2019-03-27 18:12:05.000000',NULL,'0','Y','4','17','2019-03-27 18:12:05.000000','3','13.09000015258789','80.2699966430664','18','121'),(1261,'0','17','2019-03-27 18:12:05.000000',NULL,'0','Y','17','17','2019-03-27 18:12:05.000000','3','13.09000015258789','80.2699966430664','18','121'),(1262,NULL,'17','2019-03-27 18:12:05.000000',NULL,NULL,'Y','22',NULL,NULL,NULL,NULL,NULL,NULL,'121'),(1263,'0','17','2019-03-27 18:12:05.000000',NULL,'0','Y','24','17','2019-03-27 18:12:05.000000','3','13.09000015258789','80.2699966430664','18','121'),(1264,NULL,'2','2019-03-28 10:29:15.000000',NULL,NULL,'Y','23',NULL,NULL,NULL,NULL,NULL,NULL,'122'),(1265,'0','2','2019-03-28 10:29:15.000000',NULL,'0','Y','25','2','2019-03-28 10:29:15.000000','62','13.09000015258789','80.2699966430664','18','122'),(1266,'0','2','2019-03-28 10:29:15.000000',NULL,'0','Y','26','2','2019-03-28 10:29:15.000000','62','13.09000015258789','80.2699966430664','18','122'),(1267,'0','2','2019-03-28 10:29:15.000000',NULL,'0','Y','58','2','2019-03-28 10:29:15.000000','62','13.09000015258789','80.2699966430664','18','122'),(1275,'0','2','2019-03-28 12:13:34.000000',NULL,'0','Y','1','2','2019-03-28 12:13:34.000000','69','13.09000015258789','80.2699966430664','18','123'),(1276,'0','2','2019-03-28 12:13:34.000000',NULL,'0','Y','2','2','2019-03-28 12:13:34.000000','69','13.09000015258789','80.2699966430664','18','123'),(1277,'0','2','2019-03-28 12:13:34.000000',NULL,'0','Y','3','2','2019-03-28 12:13:34.000000','69','13.09000015258789','80.2699966430664','18','123'),(1278,'0','2','2019-03-28 12:13:34.000000',NULL,'0','Y','4','2','2019-03-28 12:13:34.000000','69','13.09000015258789','80.2699966430664','18','123'),(1279,'0','2','2019-03-28 12:13:34.000000',NULL,'0','Y','17','2','2019-03-28 12:13:34.000000','69','13.09000015258789','80.2699966430664','18','123'),(1280,NULL,'2','2019-03-28 12:13:34.000000',NULL,NULL,'Y','22',NULL,NULL,NULL,NULL,NULL,NULL,'123'),(1281,'0','2','2019-03-28 12:13:34.000000',NULL,'0','Y','24','2','2019-03-28 12:13:34.000000','69','13.09000015258789','80.2699966430664','18','123'),(1282,NULL,'2','2019-03-30 13:36:37.000000',NULL,NULL,'Y','23',NULL,NULL,NULL,NULL,NULL,NULL,'124'),(1283,'0','2','2019-03-30 13:36:37.000000',NULL,'0','Y','25','2','2019-03-30 13:36:37.000000','69','13.09000015258789','80.2699966430664','18','124'),(1284,'0','2','2019-03-30 13:36:37.000000',NULL,'0','Y','26','2','2019-03-30 13:36:37.000000','69','13.09000015258789','80.2699966430664','18','124'),(1285,'0','2','2019-03-30 13:36:37.000000',NULL,'0','Y','58','2','2019-03-30 13:36:37.000000','69','13.09000015258789','80.2699966430664','18','124'),(1286,NULL,'2','2019-04-22 17:25:55.000000',NULL,NULL,'Y','1',NULL,NULL,NULL,NULL,NULL,NULL,'125'),(1287,NULL,'2','2019-04-22 17:25:55.000000',NULL,NULL,'Y','2',NULL,NULL,NULL,NULL,NULL,NULL,'125'),(1288,NULL,'2','2019-04-22 17:25:55.000000',NULL,NULL,'Y','3',NULL,NULL,NULL,NULL,NULL,NULL,'125'),(1289,NULL,'2','2019-04-22 17:25:55.000000',NULL,NULL,'Y','4',NULL,NULL,NULL,NULL,NULL,NULL,'125'),(1290,NULL,'2','2019-04-22 17:25:55.000000',NULL,NULL,'Y','17',NULL,NULL,NULL,NULL,NULL,NULL,'125'),(1291,NULL,'2','2019-04-22 17:25:55.000000',NULL,NULL,'Y','22',NULL,NULL,NULL,NULL,NULL,NULL,'125'),(1292,NULL,'2','2019-04-22 17:25:55.000000',NULL,NULL,'Y','24',NULL,NULL,NULL,NULL,NULL,NULL,'125'),(1300,'25','2','2019-04-30 17:07:30.000000','Engineer','0','Y','23','2','2019-04-30 17:07:30.000000','3','13.09000015258789','80.2699966430664','18','126'),(1301,'0','2','2019-04-30 17:07:30.000000','Engineer','0','Y','25','2','2019-04-30 17:07:30.000000','3','13.09000015258789','80.2699966430664','18','126'),(1302,'0','2','2019-04-30 17:07:30.000000','Director','0','Y','26','2','2019-04-30 17:07:30.000000','3','13.09000015258789','80.2699966430664','18','126'),(1303,'0','2','2019-04-30 17:07:30.000000','Engineer','0','Y','58','2','2019-04-30 17:07:30.000000','3','13.09000015258789','80.2699966430664','18','126'),(1311,NULL,'2','2019-04-30 17:18:33.000000',NULL,NULL,'Y','1',NULL,NULL,NULL,NULL,NULL,NULL,'127'),(1312,'0','2','2019-04-30 17:18:33.000000','Director','0','Y','2','2','2019-04-30 17:18:33.000000','70','13.09000015258789','80.2699966430664',NULL,'127'),(1313,NULL,'2','2019-04-30 17:18:33.000000',NULL,NULL,'Y','3',NULL,NULL,NULL,NULL,NULL,NULL,'127'),(1314,NULL,'2','2019-04-30 17:18:33.000000',NULL,NULL,'Y','4',NULL,NULL,NULL,NULL,NULL,NULL,'127'),(1315,'0','2','2019-04-30 17:18:33.000000','Senior Manager','0','Y','17','2','2019-04-30 17:18:33.000000','70','13.09000015258789','80.2699966430664',NULL,'127'),(1316,NULL,'2','2019-04-30 17:18:33.000000',NULL,NULL,'Y','22',NULL,NULL,NULL,NULL,NULL,NULL,'127'),(1317,'0','2','2019-04-30 17:18:33.000000','Engineer','0','Y','24','2','2019-04-30 17:18:33.000000','70','13.09000015258789','80.2699966430664',NULL,'127'),(1325,NULL,'2','2019-05-02 18:05:13.000000',NULL,NULL,'Y','23',NULL,NULL,NULL,NULL,NULL,NULL,'128'),(1326,'0','2','2019-05-02 18:05:13.000000','AI','0','Y','25','2','2019-05-02 18:05:13.000000','3','13.09000015258789','80.2699966430664','18','128'),(1327,'0','2','2019-05-02 18:05:13.000000','Director','0','Y','26','2','2019-05-02 18:05:13.000000','3','13.09000015258789','80.2699966430664','18','128'),(1328,'0','2','2019-05-02 18:05:13.000000','Engineer','0','Y','58','2','2019-05-02 18:05:13.000000','3','13.09000015258789','80.2699966430664','18','128'),(1340,'0','2','2019-05-03 11:05:41.000000','Executive','0','Y','1','2','2019-05-03 11:05:41.000000','3','13.09000015258789','80.2699966430664','18','129'),(1341,'0','2','2019-05-03 11:05:41.000000','Director','0','Y','2','2','2019-05-03 11:05:41.000000','3','13.09000015258789','80.2699966430664','18','129'),(1342,'50','2','2019-05-03 11:05:41.000000','Senior Manager','0','Y','3','2','2019-05-03 11:05:41.000000','3','13.09000015258789','80.2699966430664','18','129'),(1343,'0','2','2019-05-03 11:05:41.000000','Senior Engineer','0','Y','4','2','2019-05-03 11:05:41.000000','3','13.09000015258789','80.2699966430664','18','129'),(1344,'0','2','2019-05-03 11:05:41.000000','Senior Manager','0','Y','17','2','2019-05-03 11:05:41.000000','3','13.09000015258789','80.2699966430664','18','129'),(1345,'0','2','2019-05-03 11:05:41.000000','Engineer','0','Y','22','2','2019-05-03 11:05:41.000000','3','13.09000015258789','80.2699966430664','18','129'),(1346,'0','2','2019-05-03 11:05:41.000000','Engineer','0','Y','24','2','2019-05-03 11:05:41.000000','3','13.09000015258789','80.2699966430664','18','129'),(1354,'50','2','2019-05-03 11:12:51.000000','Engineer','0','Y','23','2','2019-05-03 11:12:51.000000','6','13.09000015258789','80.2699966430664','18','130'),(1355,'0','2','2019-05-03 11:12:51.000000','AI','0','Y','25','2','2019-05-03 11:12:51.000000','6','13.09000015258789','80.2699966430664','18','130'),(1356,'0','2','2019-05-03 11:12:51.000000','Director','0','Y','26','2','2019-05-03 11:12:51.000000','6','13.09000015258789','80.2699966430664','18','130'),(1357,'0','2','2019-05-03 11:12:51.000000','Engineer','0','Y','58','2','2019-05-03 11:12:52.000000','6','13.09000015258789','80.2699966430664','18','130'),(1373,'0','26','2019-05-07 11:24:47.000000','Executive','0','Y','1','26','2019-05-07 11:24:47.000000','3','13.09000015258789','80.2699966430664','18','131'),(1374,'0','26','2019-05-07 11:24:47.000000','Director','0','Y','2','26','2019-05-07 11:24:47.000000','3','13.09000015258789','80.2699966430664','18','131'),(1375,'50','26','2019-05-07 11:24:47.000000','Senior Manager','0','Y','3','26','2019-05-07 11:24:47.000000','3','13.09000015258789','80.2699966430664','18','131'),(1376,'0','26','2019-05-07 11:24:47.000000','Senior Engineer','0','Y','4','26','2019-05-07 11:24:47.000000','3','13.09000015258789','80.2699966430664','18','131'),(1377,'0','26','2019-05-07 11:24:47.000000','Senior Manager','0','Y','17','26','2019-05-07 11:24:47.000000','3','13.09000015258789','80.2699966430664','18','131'),(1378,'0','26','2019-05-07 11:24:47.000000','Engineer','0','Y','22','26','2019-05-07 11:24:47.000000','3','13.09000015258789','80.2699966430664','18','131'),(1379,'0','26','2019-05-07 11:24:47.000000','Engineer','0','Y','24','26','2019-05-07 11:24:47.000000','3','13.09000015258789','80.2699966430664','18','131'),(1384,'50','1','2019-06-12 17:22:03.000000','Engineer','0','Y','23','1','2019-06-12 17:22:03.000000','6','13.09000015258789','80.2699966430664','22','132'),(1385,'0','1','2019-06-12 17:22:03.000000','AI','0','Y','25','1','2019-06-12 17:22:03.000000','6','13.09000015258789','80.2699966430664','22','132'),(1386,'0','1','2019-06-12 17:22:03.000000','Director','0','Y','26','1','2019-06-12 17:22:03.000000','6','13.09000015258789','80.2699966430664','22','132'),(1387,'0','1','2019-06-12 17:22:03.000000','Engineer','0','Y','58','1','2019-06-12 17:22:03.000000','6','13.09000015258789','80.2699966430664','22','132'),(1388,'50','1','2019-06-12 17:32:16.000000','Engineer','0','Y','23','1','2019-06-12 17:32:17.000000','70','13.09000015258789','80.2699966430664','23','133'),(1389,'0','1','2019-06-12 17:32:16.000000','AI','0','Y','25','1','2019-06-12 17:32:17.000000','70','13.09000015258789','80.2699966430664','23','133'),(1390,'0','1','2019-06-12 17:32:16.000000','Director','0','Y','26','1','2019-06-12 17:32:17.000000','70','13.09000015258789','80.2699966430664','23','133'),(1391,'0','1','2019-06-12 17:32:16.000000','Engineer','0','Y','58','1','2019-06-12 17:32:17.000000','70','13.09000015258789','80.2699966430664','23','133'),(1396,NULL,'99','2019-09-06 15:39:58.000000',NULL,NULL,'Y','3',NULL,NULL,NULL,NULL,NULL,NULL,'134'),(1397,NULL,'99','2019-09-06 15:39:58.000000',NULL,NULL,'Y','4',NULL,NULL,NULL,NULL,NULL,NULL,'134'),(1398,NULL,'99','2019-09-06 15:39:58.000000',NULL,NULL,'Y','17',NULL,NULL,NULL,NULL,NULL,NULL,'134');
/*!40000 ALTER TABLE `t_pf_emp` ENABLE KEYS */;
UNLOCK TABLES;

--
-- Table structure for table `t_pf_emp_commitment`
--

DROP TABLE IF EXISTS `t_pf_emp_commitment`;
/*!40101 SET @saved_cs_client     = @@character_set_client */;
/*!40101 SET character_set_client = utf8 */;
CREATE TABLE `t_pf_emp_commitment` (
  `id` int(11) NOT NULL AUTO_INCREMENT,
  `commitment_type` varchar(255) DEFAULT NULL,
  `created_by` varchar(255) DEFAULT NULL,
  `created_dt` datetime(6) DEFAULT NULL,
  `distance_to_location` varchar(255) DEFAULT NULL,
  `from_dt` date DEFAULT NULL,
  `holiday_name` varchar(255) DEFAULT NULL,
  `is_enabled` varchar(255) DEFAULT NULL,
  `job_id` varchar(255) DEFAULT NULL,
  `job_name` varchar(255) DEFAULT NULL,
  `lats` varchar(255) DEFAULT NULL,
  `leave_name` varchar(255) DEFAULT NULL,
  `longs` varchar(255) DEFAULT NULL,
  `match_employee_id` varchar(255) DEFAULT NULL,
  `modified_by` varchar(255) DEFAULT NULL,
  `modified_dt` datetime(6) DEFAULT NULL,
  `to_dt` date DEFAULT NULL,
  PRIMARY KEY (`id`)
) ENGINE=InnoDB AUTO_INCREMENT=752 DEFAULT CHARSET=latin1;
/*!40101 SET character_set_client = @saved_cs_client */;

--
-- Dumping data for table `t_pf_emp_commitment`
--

LOCK TABLES `t_pf_emp_commitment` WRITE;
/*!40000 ALTER TABLE `t_pf_emp_commitment` DISABLE KEYS */;
INSERT INTO `t_pf_emp_commitment` VALUES (3,'holiday','2','2018-12-08 15:40:18.000000',NULL,'2018-12-25','CHRISTMAS','Y',NULL,NULL,NULL,'',NULL,'41',NULL,NULL,'2018-12-25'),(4,'holiday','2','2018-12-08 15:40:18.000000',NULL,'2018-12-25','CHRISTMAS','Y',NULL,NULL,NULL,'',NULL,'42',NULL,NULL,'2018-12-25'),(5,'holiday','1','2018-12-11 10:06:33.000000',NULL,'2018-12-25','CHRISTMAS','Y',NULL,NULL,NULL,'',NULL,'47',NULL,NULL,'2018-12-25'),(6,'holiday','1','2018-12-11 10:06:33.000000',NULL,'2018-12-25','CHRISTMAS','Y',NULL,NULL,NULL,'',NULL,'48',NULL,NULL,'2018-12-25'),(7,'holiday','1','2018-12-11 10:12:30.000000',NULL,'2018-12-25','CHRISTMAS','Y',NULL,NULL,NULL,'',NULL,'49',NULL,NULL,'2018-12-25'),(8,'holiday','1','2018-12-11 10:12:30.000000',NULL,'2018-12-25','CHRISTMAS','Y',NULL,NULL,NULL,'',NULL,'50',NULL,NULL,'2018-12-25'),(11,'holiday','1','2018-12-11 10:49:41.000000',NULL,'2018-12-25','CHRISTMAS','Y',NULL,NULL,NULL,'',NULL,'61',NULL,NULL,'2018-12-25'),(12,'holiday','1','2018-12-11 10:49:41.000000',NULL,'2018-12-25','CHRISTMAS','Y',NULL,NULL,NULL,'',NULL,'62',NULL,NULL,'2018-12-25'),(13,'holiday','4','2018-12-17 10:56:26.000000',NULL,'2018-12-25','CHRISTMAS','Y',NULL,NULL,NULL,'',NULL,'69',NULL,NULL,'2018-12-25'),(14,'holiday','4','2018-12-17 10:56:26.000000',NULL,'2018-12-25','CHRISTMAS','Y',NULL,NULL,NULL,'',NULL,'70',NULL,NULL,'2018-12-25'),(15,'holiday','4','2018-12-17 10:56:26.000000',NULL,'2018-12-25','CHRISTMAS','Y',NULL,NULL,NULL,'',NULL,'71',NULL,NULL,'2018-12-25'),(16,'holiday','4','2018-12-17 10:56:26.000000',NULL,'2018-12-25','CHRISTMAS','Y',NULL,NULL,NULL,'',NULL,'72',NULL,NULL,'2018-12-25'),(17,'holiday','4','2018-12-17 10:56:26.000000',NULL,'2018-12-25','CHRISTMAS','Y',NULL,NULL,NULL,'',NULL,'73',NULL,NULL,'2018-12-25'),(18,'holiday','4','2018-12-17 10:56:26.000000',NULL,'2018-12-25','CHRISTMAS','Y',NULL,NULL,NULL,'',NULL,'74',NULL,NULL,'2018-12-25'),(19,'holiday','4','2018-12-17 10:56:26.000000',NULL,'2018-12-25','CHRISTMAS','Y',NULL,NULL,NULL,'',NULL,'75',NULL,NULL,'2018-12-25'),(20,'LEAVE','23','2019-01-21 15:10:33.000000',NULL,'2019-02-09',NULL,'Y',NULL,NULL,NULL,NULL,NULL,'77',NULL,NULL,'2019-02-09'),(21,'LEAVE','23','2019-01-21 15:10:33.000000',NULL,'2019-01-18',NULL,'Y',NULL,NULL,NULL,NULL,NULL,'78',NULL,NULL,'2019-01-18'),(22,'LEAVE','23','2019-01-21 15:10:33.000000',NULL,'2019-01-18',NULL,'Y',NULL,NULL,NULL,NULL,NULL,'78',NULL,NULL,'2019-01-18'),(24,'LEAVE','23','2019-01-21 15:10:33.000000',NULL,'2018-12-27',NULL,'Y',NULL,NULL,NULL,NULL,NULL,'79',NULL,NULL,'2018-12-27'),(25,'LEAVE','23','2019-01-21 15:10:33.000000',NULL,'2018-12-27',NULL,'Y',NULL,NULL,NULL,NULL,NULL,'79',NULL,NULL,'2018-12-28'),(26,'LEAVE','23','2019-01-21 15:10:33.000000',NULL,'2018-12-27',NULL,'Y',NULL,NULL,NULL,NULL,NULL,'79',NULL,NULL,'2018-12-31'),(27,'LEAVE','23','2019-01-21 15:10:33.000000',NULL,'2018-12-29',NULL,'Y',NULL,NULL,NULL,NULL,NULL,'79',NULL,NULL,'2018-12-30'),(28,'LEAVE','23','2019-01-21 15:10:33.000000',NULL,'2018-12-29',NULL,'Y',NULL,NULL,NULL,NULL,NULL,'79',NULL,NULL,'2018-12-30'),(29,'LEAVE','23','2019-01-21 15:10:33.000000',NULL,'2019-01-02',NULL,'Y',NULL,NULL,NULL,NULL,NULL,'79',NULL,NULL,'2019-01-02'),(30,'LEAVE','23','2019-01-21 15:10:33.000000',NULL,'2019-01-02',NULL,'Y',NULL,NULL,NULL,NULL,NULL,'79',NULL,NULL,'2019-01-02'),(31,'LEAVE','23','2019-01-21 15:10:33.000000',NULL,'2019-01-02',NULL,'Y',NULL,NULL,NULL,NULL,NULL,'79',NULL,NULL,'2019-01-02'),(32,'LEAVE','23','2019-01-21 15:10:33.000000',NULL,'2019-01-02',NULL,'Y',NULL,NULL,NULL,NULL,NULL,'79',NULL,NULL,'2019-01-02'),(33,'LEAVE','23','2019-01-21 15:10:33.000000',NULL,'2019-01-04',NULL,'Y',NULL,NULL,NULL,NULL,NULL,'79',NULL,NULL,'2019-01-04'),(58,'LEAVE','4','2019-01-22 17:39:56.000000',NULL,'2019-02-09',NULL,'Y',NULL,NULL,NULL,NULL,NULL,'91',NULL,NULL,'2019-02-09'),(59,'LEAVE','4','2019-01-22 17:39:56.000000',NULL,'2019-01-18',NULL,'Y',NULL,NULL,NULL,NULL,NULL,'92',NULL,NULL,'2019-01-18'),(60,'LEAVE','4','2019-01-22 17:39:56.000000',NULL,'2019-01-18',NULL,'Y',NULL,NULL,NULL,NULL,NULL,'92',NULL,NULL,'2019-01-18'),(62,'LEAVE','4','2019-01-22 17:39:56.000000',NULL,'2018-12-27',NULL,'Y',NULL,NULL,NULL,NULL,NULL,'93',NULL,NULL,'2018-12-27'),(63,'LEAVE','4','2019-01-22 17:39:56.000000',NULL,'2018-12-27',NULL,'Y',NULL,NULL,NULL,NULL,NULL,'93',NULL,NULL,'2018-12-28'),(64,'LEAVE','4','2019-01-22 17:39:56.000000',NULL,'2018-12-27',NULL,'Y',NULL,NULL,NULL,NULL,NULL,'93',NULL,NULL,'2018-12-31'),(65,'LEAVE','4','2019-01-22 17:39:56.000000',NULL,'2018-12-29',NULL,'Y',NULL,NULL,NULL,NULL,NULL,'93',NULL,NULL,'2018-12-30'),(66,'LEAVE','4','2019-01-22 17:39:56.000000',NULL,'2018-12-29',NULL,'Y',NULL,NULL,NULL,NULL,NULL,'93',NULL,NULL,'2018-12-30'),(67,'LEAVE','4','2019-01-22 17:39:56.000000',NULL,'2019-01-02',NULL,'Y',NULL,NULL,NULL,NULL,NULL,'93',NULL,NULL,'2019-01-02'),(68,'LEAVE','4','2019-01-22 17:39:56.000000',NULL,'2019-01-02',NULL,'Y',NULL,NULL,NULL,NULL,NULL,'93',NULL,NULL,'2019-01-02'),(69,'LEAVE','4','2019-01-22 17:39:56.000000',NULL,'2019-01-02',NULL,'Y',NULL,NULL,NULL,NULL,NULL,'93',NULL,NULL,'2019-01-02'),(70,'LEAVE','4','2019-01-22 17:39:56.000000',NULL,'2019-01-02',NULL,'Y',NULL,NULL,NULL,NULL,NULL,'93',NULL,NULL,'2019-01-02'),(71,'LEAVE','4','2019-01-22 17:39:56.000000',NULL,'2019-01-04',NULL,'Y',NULL,NULL,NULL,NULL,NULL,'93',NULL,NULL,'2019-01-04'),(77,'LEAVE','4','2019-01-22 17:42:05.000000',NULL,'2019-02-09',NULL,'Y',NULL,NULL,NULL,NULL,NULL,'98',NULL,NULL,'2019-02-09'),(78,'LEAVE','4','2019-01-22 17:42:05.000000',NULL,'2019-01-18',NULL,'Y',NULL,NULL,NULL,NULL,NULL,'99',NULL,NULL,'2019-01-18'),(79,'LEAVE','4','2019-01-22 17:42:05.000000',NULL,'2019-01-18',NULL,'Y',NULL,NULL,NULL,NULL,NULL,'99',NULL,NULL,'2019-01-18'),(81,'LEAVE','4','2019-01-22 17:42:05.000000',NULL,'2018-12-27',NULL,'Y',NULL,NULL,NULL,NULL,NULL,'100',NULL,NULL,'2018-12-27'),(82,'LEAVE','4','2019-01-22 17:42:05.000000',NULL,'2018-12-27',NULL,'Y',NULL,NULL,NULL,NULL,NULL,'100',NULL,NULL,'2018-12-28'),(83,'LEAVE','4','2019-01-22 17:42:05.000000',NULL,'2018-12-27',NULL,'Y',NULL,NULL,NULL,NULL,NULL,'100',NULL,NULL,'2018-12-31'),(84,'LEAVE','4','2019-01-22 17:42:05.000000',NULL,'2018-12-29',NULL,'Y',NULL,NULL,NULL,NULL,NULL,'100',NULL,NULL,'2018-12-30'),(85,'LEAVE','4','2019-01-22 17:42:05.000000',NULL,'2018-12-29',NULL,'Y',NULL,NULL,NULL,NULL,NULL,'100',NULL,NULL,'2018-12-30'),(86,'LEAVE','4','2019-01-22 17:42:05.000000',NULL,'2019-01-02',NULL,'Y',NULL,NULL,NULL,NULL,NULL,'100',NULL,NULL,'2019-01-02'),(87,'LEAVE','4','2019-01-22 17:42:05.000000',NULL,'2019-01-02',NULL,'Y',NULL,NULL,NULL,NULL,NULL,'100',NULL,NULL,'2019-01-02'),(88,'LEAVE','4','2019-01-22 17:42:05.000000',NULL,'2019-01-02',NULL,'Y',NULL,NULL,NULL,NULL,NULL,'100',NULL,NULL,'2019-01-02'),(89,'LEAVE','4','2019-01-22 17:42:05.000000',NULL,'2019-01-02',NULL,'Y',NULL,NULL,NULL,NULL,NULL,'100',NULL,NULL,'2019-01-02'),(90,'LEAVE','4','2019-01-22 17:42:05.000000',NULL,'2019-01-04',NULL,'Y',NULL,NULL,NULL,NULL,NULL,'100',NULL,NULL,'2019-01-04'),(96,'LEAVE','2','2019-01-23 18:24:15.000000',NULL,'2019-02-09',NULL,'Y',NULL,NULL,NULL,NULL,NULL,'105',NULL,NULL,'2019-02-09'),(97,'LEAVE','2','2019-01-23 18:24:15.000000',NULL,'2019-01-18',NULL,'Y',NULL,NULL,NULL,NULL,NULL,'106',NULL,NULL,'2019-01-18'),(98,'LEAVE','2','2019-01-23 18:24:15.000000',NULL,'2019-01-18',NULL,'Y',NULL,NULL,NULL,NULL,NULL,'106',NULL,NULL,'2019-01-18'),(100,'LEAVE','2','2019-01-23 18:24:15.000000',NULL,'2018-12-27',NULL,'Y',NULL,NULL,NULL,NULL,NULL,'107',NULL,NULL,'2018-12-27'),(101,'LEAVE','2','2019-01-23 18:24:15.000000',NULL,'2018-12-27',NULL,'Y',NULL,NULL,NULL,NULL,NULL,'107',NULL,NULL,'2018-12-28'),(102,'LEAVE','2','2019-01-23 18:24:15.000000',NULL,'2018-12-27',NULL,'Y',NULL,NULL,NULL,NULL,NULL,'107',NULL,NULL,'2018-12-31'),(103,'LEAVE','2','2019-01-23 18:24:15.000000',NULL,'2018-12-29',NULL,'Y',NULL,NULL,NULL,NULL,NULL,'107',NULL,NULL,'2018-12-30'),(104,'LEAVE','2','2019-01-23 18:24:15.000000',NULL,'2018-12-29',NULL,'Y',NULL,NULL,NULL,NULL,NULL,'107',NULL,NULL,'2018-12-30'),(105,'LEAVE','2','2019-01-23 18:24:15.000000',NULL,'2019-01-02',NULL,'Y',NULL,NULL,NULL,NULL,NULL,'107',NULL,NULL,'2019-01-02'),(106,'LEAVE','2','2019-01-23 18:24:15.000000',NULL,'2019-01-02',NULL,'Y',NULL,NULL,NULL,NULL,NULL,'107',NULL,NULL,'2019-01-02'),(107,'LEAVE','2','2019-01-23 18:24:15.000000',NULL,'2019-01-02',NULL,'Y',NULL,NULL,NULL,NULL,NULL,'107',NULL,NULL,'2019-01-02'),(108,'LEAVE','2','2019-01-23 18:24:15.000000',NULL,'2019-01-02',NULL,'Y',NULL,NULL,NULL,NULL,NULL,'107',NULL,NULL,'2019-01-02'),(109,'LEAVE','2','2019-01-23 18:24:15.000000',NULL,'2019-01-04',NULL,'Y',NULL,NULL,NULL,NULL,NULL,'107',NULL,NULL,'2019-01-04'),(115,'LEAVE','3','2019-01-29 13:59:48.000000',NULL,'2019-02-09',NULL,'Y',NULL,NULL,NULL,NULL,NULL,'112',NULL,NULL,'2019-02-09'),(116,'LEAVE','3','2019-01-29 13:59:48.000000',NULL,'2019-01-18',NULL,'Y',NULL,NULL,NULL,NULL,NULL,'113',NULL,NULL,'2019-01-18'),(117,'LEAVE','3','2019-01-29 13:59:48.000000',NULL,'2019-01-18',NULL,'Y',NULL,NULL,NULL,NULL,NULL,'113',NULL,NULL,'2019-01-18'),(119,'LEAVE','3','2019-01-29 13:59:48.000000',NULL,'2018-12-27',NULL,'Y',NULL,NULL,NULL,NULL,NULL,'114',NULL,NULL,'2018-12-27'),(120,'LEAVE','3','2019-01-29 13:59:48.000000',NULL,'2018-12-27',NULL,'Y',NULL,NULL,NULL,NULL,NULL,'114',NULL,NULL,'2018-12-28'),(121,'LEAVE','3','2019-01-29 13:59:48.000000',NULL,'2018-12-27',NULL,'Y',NULL,NULL,NULL,NULL,NULL,'114',NULL,NULL,'2018-12-31'),(122,'LEAVE','3','2019-01-29 13:59:48.000000',NULL,'2018-12-29',NULL,'Y',NULL,NULL,NULL,NULL,NULL,'114',NULL,NULL,'2018-12-30'),(123,'LEAVE','3','2019-01-29 13:59:48.000000',NULL,'2018-12-29',NULL,'Y',NULL,NULL,NULL,NULL,NULL,'114',NULL,NULL,'2018-12-30'),(124,'LEAVE','3','2019-01-29 13:59:48.000000',NULL,'2019-01-02',NULL,'Y',NULL,NULL,NULL,NULL,NULL,'114',NULL,NULL,'2019-01-02'),(125,'LEAVE','3','2019-01-29 13:59:48.000000',NULL,'2019-01-02',NULL,'Y',NULL,NULL,NULL,NULL,NULL,'114',NULL,NULL,'2019-01-02'),(126,'LEAVE','3','2019-01-29 13:59:48.000000',NULL,'2019-01-02',NULL,'Y',NULL,NULL,NULL,NULL,NULL,'114',NULL,NULL,'2019-01-02'),(127,'LEAVE','3','2019-01-29 13:59:48.000000',NULL,'2019-01-02',NULL,'Y',NULL,NULL,NULL,NULL,NULL,'114',NULL,NULL,'2019-01-02'),(128,'LEAVE','3','2019-01-29 13:59:48.000000',NULL,'2019-01-04',NULL,'Y',NULL,NULL,NULL,NULL,NULL,'114',NULL,NULL,'2019-01-04'),(129,'LEAVE','3','2019-01-29 13:59:48.000000',NULL,'2019-01-18',NULL,'Y',NULL,NULL,NULL,'Casual Leave',NULL,'114',NULL,NULL,'2019-01-18'),(130,'LEAVE','3','2019-01-29 13:59:48.000000',NULL,'2019-01-18',NULL,'Y',NULL,NULL,NULL,'Sick Leave',NULL,'114',NULL,NULL,'2019-01-18'),(131,'LEAVE','3','2019-01-29 13:59:48.000000',NULL,'2019-01-18',NULL,'Y',NULL,NULL,NULL,'Privilege Leave',NULL,'114',NULL,NULL,'2019-01-18'),(132,'LEAVE','3','2019-01-29 13:59:48.000000',NULL,'2019-01-18',NULL,'Y',NULL,NULL,NULL,'Wedding/Adoption Leave',NULL,'114',NULL,NULL,'2019-01-18'),(133,'LEAVE','3','2019-01-29 13:59:48.000000',NULL,'2019-01-18',NULL,'Y',NULL,NULL,NULL,'Paternety/Maternity Leave',NULL,'114',NULL,NULL,'2019-01-18'),(134,'LEAVE','3','2019-01-29 13:59:48.000000',NULL,'2019-01-26',NULL,'Y',NULL,NULL,NULL,NULL,NULL,'114',NULL,NULL,'2019-01-26'),(135,'LEAVE','3','2019-01-29 13:59:48.000000',NULL,'2019-01-26',NULL,'Y',NULL,NULL,NULL,NULL,NULL,'114',NULL,NULL,'2019-01-26'),(136,'LEAVE','3','2019-01-29 13:59:48.000000',NULL,'2019-01-18',NULL,'Y',NULL,NULL,NULL,NULL,NULL,'114',NULL,NULL,'2019-01-18'),(137,'LEAVE','3','2019-01-29 13:59:48.000000',NULL,'2019-01-18',NULL,'Y',NULL,NULL,NULL,NULL,NULL,'114',NULL,NULL,'2019-01-18'),(150,'LEAVE','3','2019-01-29 13:59:48.000000',NULL,'2019-01-25',NULL,'Y',NULL,NULL,NULL,NULL,NULL,'116',NULL,NULL,'2019-01-25'),(151,'LEAVE','3','2019-01-29 13:59:48.000000',NULL,'2019-01-25',NULL,'Y',NULL,NULL,NULL,NULL,NULL,'116',NULL,NULL,'2019-01-25'),(153,'LEAVE','4','2019-02-02 15:58:22.000000',NULL,'2019-02-09',NULL,'Y',NULL,NULL,NULL,NULL,NULL,'119',NULL,NULL,'2019-02-09'),(154,'LEAVE','4','2019-02-02 15:58:22.000000',NULL,'2019-01-18',NULL,'Y',NULL,NULL,NULL,NULL,NULL,'120',NULL,NULL,'2019-01-18'),(155,'LEAVE','4','2019-02-02 15:58:22.000000',NULL,'2019-01-18',NULL,'Y',NULL,NULL,NULL,NULL,NULL,'120',NULL,NULL,'2019-01-18'),(157,'LEAVE','4','2019-02-02 15:58:22.000000',NULL,'2018-12-27',NULL,'Y',NULL,NULL,NULL,NULL,NULL,'121',NULL,NULL,'2018-12-27'),(158,'LEAVE','4','2019-02-02 15:58:22.000000',NULL,'2018-12-27',NULL,'Y',NULL,NULL,NULL,NULL,NULL,'121',NULL,NULL,'2018-12-28'),(159,'LEAVE','4','2019-02-02 15:58:22.000000',NULL,'2018-12-27',NULL,'Y',NULL,NULL,NULL,NULL,NULL,'121',NULL,NULL,'2018-12-31'),(160,'LEAVE','4','2019-02-02 15:58:22.000000',NULL,'2018-12-29',NULL,'Y',NULL,NULL,NULL,NULL,NULL,'121',NULL,NULL,'2018-12-30'),(161,'LEAVE','4','2019-02-02 15:58:22.000000',NULL,'2018-12-29',NULL,'Y',NULL,NULL,NULL,NULL,NULL,'121',NULL,NULL,'2018-12-30'),(162,'LEAVE','4','2019-02-02 15:58:22.000000',NULL,'2019-01-02',NULL,'Y',NULL,NULL,NULL,NULL,NULL,'121',NULL,NULL,'2019-01-02'),(163,'LEAVE','4','2019-02-02 15:58:22.000000',NULL,'2019-01-02',NULL,'Y',NULL,NULL,NULL,NULL,NULL,'121',NULL,NULL,'2019-01-02'),(164,'LEAVE','4','2019-02-02 15:58:22.000000',NULL,'2019-01-02',NULL,'Y',NULL,NULL,NULL,NULL,NULL,'121',NULL,NULL,'2019-01-02'),(165,'LEAVE','4','2019-02-02 15:58:22.000000',NULL,'2019-01-02',NULL,'Y',NULL,NULL,NULL,NULL,NULL,'121',NULL,NULL,'2019-01-02'),(166,'LEAVE','4','2019-02-02 15:58:22.000000',NULL,'2019-01-04',NULL,'Y',NULL,NULL,NULL,NULL,NULL,'121',NULL,NULL,'2019-01-04'),(167,'LEAVE','4','2019-02-02 15:58:22.000000',NULL,'2019-01-18',NULL,'Y',NULL,NULL,NULL,'Casual Leave',NULL,'121',NULL,NULL,'2019-01-18'),(168,'LEAVE','4','2019-02-02 15:58:22.000000',NULL,'2019-01-18',NULL,'Y',NULL,NULL,NULL,'Sick Leave',NULL,'121',NULL,NULL,'2019-01-18'),(169,'LEAVE','4','2019-02-02 15:58:22.000000',NULL,'2019-01-18',NULL,'Y',NULL,NULL,NULL,'Privilege Leave',NULL,'121',NULL,NULL,'2019-01-18'),(170,'LEAVE','4','2019-02-02 15:58:22.000000',NULL,'2019-01-18',NULL,'Y',NULL,NULL,NULL,'Wedding/Adoption Leave',NULL,'121',NULL,NULL,'2019-01-18'),(171,'LEAVE','4','2019-02-02 15:58:22.000000',NULL,'2019-01-18',NULL,'Y',NULL,NULL,NULL,'Paternety/Maternity Leave',NULL,'121',NULL,NULL,'2019-01-18'),(172,'LEAVE','4','2019-02-02 15:58:22.000000',NULL,'2019-01-26',NULL,'Y',NULL,NULL,NULL,NULL,NULL,'121',NULL,NULL,'2019-01-26'),(173,'LEAVE','4','2019-02-02 15:58:22.000000',NULL,'2019-01-26',NULL,'Y',NULL,NULL,NULL,NULL,NULL,'121',NULL,NULL,'2019-01-26'),(174,'LEAVE','4','2019-02-02 15:58:22.000000',NULL,'2019-01-18',NULL,'Y',NULL,NULL,NULL,NULL,NULL,'121',NULL,NULL,'2019-01-18'),(175,'LEAVE','4','2019-02-02 15:58:22.000000',NULL,'2019-01-18',NULL,'Y',NULL,NULL,NULL,NULL,NULL,'121',NULL,NULL,'2019-01-18'),(188,'LEAVE','4','2019-02-02 15:58:22.000000',NULL,'2019-01-25',NULL,'Y',NULL,NULL,NULL,NULL,NULL,'123',NULL,NULL,'2019-01-25'),(189,'LEAVE','4','2019-02-02 15:58:22.000000',NULL,'2019-01-25',NULL,'Y',NULL,NULL,NULL,NULL,NULL,'123',NULL,NULL,'2019-01-25'),(191,'LEAVE','4','2019-02-02 15:59:02.000000',NULL,'2019-02-09',NULL,'Y',NULL,NULL,NULL,NULL,NULL,'126',NULL,NULL,'2019-02-09'),(192,'LEAVE','4','2019-02-02 15:59:02.000000',NULL,'2019-01-18',NULL,'Y',NULL,NULL,NULL,NULL,NULL,'127',NULL,NULL,'2019-01-18'),(193,'LEAVE','4','2019-02-02 15:59:02.000000',NULL,'2019-01-18',NULL,'Y',NULL,NULL,NULL,NULL,NULL,'127',NULL,NULL,'2019-01-18'),(195,'LEAVE','4','2019-02-02 15:59:02.000000',NULL,'2018-12-27',NULL,'Y',NULL,NULL,NULL,NULL,NULL,'128',NULL,NULL,'2018-12-27'),(196,'LEAVE','4','2019-02-02 15:59:02.000000',NULL,'2018-12-27',NULL,'Y',NULL,NULL,NULL,NULL,NULL,'128',NULL,NULL,'2018-12-28'),(197,'LEAVE','4','2019-02-02 15:59:02.000000',NULL,'2018-12-27',NULL,'Y',NULL,NULL,NULL,NULL,NULL,'128',NULL,NULL,'2018-12-31'),(198,'LEAVE','4','2019-02-02 15:59:02.000000',NULL,'2018-12-29',NULL,'Y',NULL,NULL,NULL,NULL,NULL,'128',NULL,NULL,'2018-12-30'),(199,'LEAVE','4','2019-02-02 15:59:02.000000',NULL,'2018-12-29',NULL,'Y',NULL,NULL,NULL,NULL,NULL,'128',NULL,NULL,'2018-12-30'),(200,'LEAVE','4','2019-02-02 15:59:02.000000',NULL,'2019-01-02',NULL,'Y',NULL,NULL,NULL,NULL,NULL,'128',NULL,NULL,'2019-01-02'),(201,'LEAVE','4','2019-02-02 15:59:02.000000',NULL,'2019-01-02',NULL,'Y',NULL,NULL,NULL,NULL,NULL,'128',NULL,NULL,'2019-01-02'),(202,'LEAVE','4','2019-02-02 15:59:02.000000',NULL,'2019-01-02',NULL,'Y',NULL,NULL,NULL,NULL,NULL,'128',NULL,NULL,'2019-01-02'),(203,'LEAVE','4','2019-02-02 15:59:02.000000',NULL,'2019-01-02',NULL,'Y',NULL,NULL,NULL,NULL,NULL,'128',NULL,NULL,'2019-01-02'),(204,'LEAVE','4','2019-02-02 15:59:02.000000',NULL,'2019-01-04',NULL,'Y',NULL,NULL,NULL,NULL,NULL,'128',NULL,NULL,'2019-01-04'),(205,'LEAVE','4','2019-02-02 15:59:02.000000',NULL,'2019-01-18',NULL,'Y',NULL,NULL,NULL,'Casual Leave',NULL,'128',NULL,NULL,'2019-01-18'),(206,'LEAVE','4','2019-02-02 15:59:02.000000',NULL,'2019-01-26',NULL,'Y',NULL,NULL,NULL,NULL,NULL,'128',NULL,NULL,'2019-01-26'),(207,'LEAVE','4','2019-02-02 15:59:02.000000',NULL,'2019-01-26',NULL,'Y',NULL,NULL,NULL,NULL,NULL,'128',NULL,NULL,'2019-01-26'),(208,'LEAVE','4','2019-02-02 15:59:02.000000',NULL,'2019-01-18',NULL,'Y',NULL,NULL,NULL,NULL,NULL,'128',NULL,NULL,'2019-01-18'),(209,'LEAVE','4','2019-02-02 15:59:02.000000',NULL,'2019-01-18',NULL,'Y',NULL,NULL,NULL,NULL,NULL,'128',NULL,NULL,'2019-01-18'),(210,'LEAVE','4','2019-02-02 15:59:02.000000',NULL,'2019-01-25',NULL,'Y',NULL,NULL,NULL,NULL,NULL,'130',NULL,NULL,'2019-01-25'),(211,'LEAVE','4','2019-02-02 15:59:02.000000',NULL,'2019-01-25',NULL,'Y',NULL,NULL,NULL,NULL,NULL,'130',NULL,NULL,'2019-01-25'),(213,'LEAVE','4','2019-02-02 17:22:06.000000',NULL,'2019-02-09',NULL,'Y',NULL,NULL,NULL,NULL,NULL,'133',NULL,NULL,'2019-02-09'),(214,'LEAVE','4','2019-02-02 17:22:06.000000',NULL,'2019-01-18',NULL,'Y',NULL,NULL,NULL,NULL,NULL,'134',NULL,NULL,'2019-01-18'),(215,'LEAVE','4','2019-02-02 17:22:06.000000',NULL,'2019-01-18',NULL,'Y',NULL,NULL,NULL,NULL,NULL,'134',NULL,NULL,'2019-01-18'),(217,'LEAVE','4','2019-02-02 17:22:06.000000',NULL,'2018-12-27',NULL,'Y',NULL,NULL,NULL,NULL,NULL,'135',NULL,NULL,'2018-12-27'),(218,'LEAVE','4','2019-02-02 17:22:06.000000',NULL,'2018-12-27',NULL,'Y',NULL,NULL,NULL,NULL,NULL,'135',NULL,NULL,'2018-12-28'),(219,'LEAVE','4','2019-02-02 17:22:06.000000',NULL,'2018-12-27',NULL,'Y',NULL,NULL,NULL,NULL,NULL,'135',NULL,NULL,'2018-12-31'),(220,'LEAVE','4','2019-02-02 17:22:06.000000',NULL,'2018-12-29',NULL,'Y',NULL,NULL,NULL,NULL,NULL,'135',NULL,NULL,'2018-12-30'),(221,'LEAVE','4','2019-02-02 17:22:06.000000',NULL,'2018-12-29',NULL,'Y',NULL,NULL,NULL,NULL,NULL,'135',NULL,NULL,'2018-12-30'),(222,'LEAVE','4','2019-02-02 17:22:06.000000',NULL,'2019-01-02',NULL,'Y',NULL,NULL,NULL,NULL,NULL,'135',NULL,NULL,'2019-01-02'),(223,'LEAVE','4','2019-02-02 17:22:06.000000',NULL,'2019-01-02',NULL,'Y',NULL,NULL,NULL,NULL,NULL,'135',NULL,NULL,'2019-01-02'),(224,'LEAVE','4','2019-02-02 17:22:06.000000',NULL,'2019-01-02',NULL,'Y',NULL,NULL,NULL,NULL,NULL,'135',NULL,NULL,'2019-01-02'),(225,'LEAVE','4','2019-02-02 17:22:06.000000',NULL,'2019-01-02',NULL,'Y',NULL,NULL,NULL,NULL,NULL,'135',NULL,NULL,'2019-01-02'),(226,'LEAVE','4','2019-02-02 17:22:06.000000',NULL,'2019-01-04',NULL,'Y',NULL,NULL,NULL,NULL,NULL,'135',NULL,NULL,'2019-01-04'),(227,'LEAVE','4','2019-02-02 17:22:06.000000',NULL,'2019-01-18',NULL,'Y',NULL,NULL,NULL,'Casual Leave',NULL,'135',NULL,NULL,'2019-01-18'),(228,'LEAVE','4','2019-02-02 17:22:06.000000',NULL,'2019-01-26',NULL,'Y',NULL,NULL,NULL,NULL,NULL,'135',NULL,NULL,'2019-01-26'),(229,'LEAVE','4','2019-02-02 17:22:06.000000',NULL,'2019-01-26',NULL,'Y',NULL,NULL,NULL,NULL,NULL,'135',NULL,NULL,'2019-01-26'),(230,'LEAVE','4','2019-02-02 17:22:06.000000',NULL,'2019-01-18',NULL,'Y',NULL,NULL,NULL,NULL,NULL,'135',NULL,NULL,'2019-01-18'),(231,'LEAVE','4','2019-02-02 17:22:06.000000',NULL,'2019-01-18',NULL,'Y',NULL,NULL,NULL,NULL,NULL,'135',NULL,NULL,'2019-01-18'),(232,'LEAVE','4','2019-02-02 17:22:06.000000',NULL,'2019-01-25',NULL,'Y',NULL,NULL,NULL,NULL,NULL,'137',NULL,NULL,'2019-01-25'),(233,'LEAVE','4','2019-02-02 17:22:06.000000',NULL,'2019-01-25',NULL,'Y',NULL,NULL,NULL,NULL,NULL,'137',NULL,NULL,'2019-01-25'),(235,'LEAVE','2','2019-02-05 11:38:21.000000',NULL,'2019-02-09',NULL,'Y',NULL,NULL,NULL,NULL,NULL,'140',NULL,NULL,'2019-02-09'),(236,'LEAVE','2','2019-02-05 11:38:21.000000',NULL,'2019-01-18',NULL,'Y',NULL,NULL,NULL,NULL,NULL,'141',NULL,NULL,'2019-01-18'),(237,'LEAVE','2','2019-02-05 11:38:21.000000',NULL,'2019-01-18',NULL,'Y',NULL,NULL,NULL,NULL,NULL,'141',NULL,NULL,'2019-01-18'),(239,'LEAVE','2','2019-02-05 11:38:21.000000',NULL,'2018-12-27',NULL,'Y',NULL,NULL,NULL,NULL,NULL,'142',NULL,NULL,'2018-12-27'),(240,'LEAVE','2','2019-02-05 11:38:21.000000',NULL,'2018-12-27',NULL,'Y',NULL,NULL,NULL,NULL,NULL,'142',NULL,NULL,'2018-12-28'),(241,'LEAVE','2','2019-02-05 11:38:21.000000',NULL,'2018-12-27',NULL,'Y',NULL,NULL,NULL,NULL,NULL,'142',NULL,NULL,'2018-12-31'),(242,'LEAVE','2','2019-02-05 11:38:21.000000',NULL,'2018-12-29',NULL,'Y',NULL,NULL,NULL,NULL,NULL,'142',NULL,NULL,'2018-12-30'),(243,'LEAVE','2','2019-02-05 11:38:21.000000',NULL,'2018-12-29',NULL,'Y',NULL,NULL,NULL,NULL,NULL,'142',NULL,NULL,'2018-12-30'),(244,'LEAVE','2','2019-02-05 11:38:21.000000',NULL,'2019-01-02',NULL,'Y',NULL,NULL,NULL,NULL,NULL,'142',NULL,NULL,'2019-01-02'),(245,'LEAVE','2','2019-02-05 11:38:21.000000',NULL,'2019-01-02',NULL,'Y',NULL,NULL,NULL,NULL,NULL,'142',NULL,NULL,'2019-01-02'),(246,'LEAVE','2','2019-02-05 11:38:21.000000',NULL,'2019-01-02',NULL,'Y',NULL,NULL,NULL,NULL,NULL,'142',NULL,NULL,'2019-01-02'),(247,'LEAVE','2','2019-02-05 11:38:21.000000',NULL,'2019-01-02',NULL,'Y',NULL,NULL,NULL,NULL,NULL,'142',NULL,NULL,'2019-01-02'),(248,'LEAVE','2','2019-02-05 11:38:21.000000',NULL,'2019-01-04',NULL,'Y',NULL,NULL,NULL,NULL,NULL,'142',NULL,NULL,'2019-01-04'),(249,'LEAVE','2','2019-02-05 11:38:21.000000',NULL,'2019-01-18',NULL,'Y',NULL,NULL,NULL,'Casual Leave',NULL,'142',NULL,NULL,'2019-01-18'),(250,'LEAVE','2','2019-02-05 11:38:21.000000',NULL,'2019-01-26',NULL,'Y',NULL,NULL,NULL,NULL,NULL,'142',NULL,NULL,'2019-01-26'),(251,'LEAVE','2','2019-02-05 11:38:21.000000',NULL,'2019-01-26',NULL,'Y',NULL,NULL,NULL,NULL,NULL,'142',NULL,NULL,'2019-01-26'),(252,'LEAVE','2','2019-02-05 11:38:21.000000',NULL,'2019-01-18',NULL,'Y',NULL,NULL,NULL,NULL,NULL,'142',NULL,NULL,'2019-01-18'),(253,'LEAVE','2','2019-02-05 11:38:21.000000',NULL,'2019-01-18',NULL,'Y',NULL,NULL,NULL,NULL,NULL,'142',NULL,NULL,'2019-01-18'),(254,'LEAVE','2','2019-02-05 11:38:21.000000',NULL,'2019-01-25',NULL,'Y',NULL,NULL,NULL,NULL,NULL,'144',NULL,NULL,'2019-01-25'),(255,'LEAVE','2','2019-02-05 11:38:21.000000',NULL,'2019-01-25',NULL,'Y',NULL,NULL,NULL,NULL,NULL,'144',NULL,NULL,'2019-01-25'),(256,'LEAVE','2','2019-03-11 14:01:11.000000',NULL,'2019-02-09',NULL,'Y',NULL,NULL,NULL,NULL,NULL,'147',NULL,NULL,'2019-02-09'),(257,'LEAVE','2','2019-03-11 14:01:11.000000',NULL,'2019-01-18',NULL,'Y',NULL,NULL,NULL,NULL,NULL,'148',NULL,NULL,'2019-01-18'),(258,'LEAVE','2','2019-03-11 14:01:11.000000',NULL,'2019-01-18',NULL,'Y',NULL,NULL,NULL,NULL,NULL,'148',NULL,NULL,'2019-01-18'),(260,'LEAVE','2','2019-03-11 14:01:11.000000',NULL,'2018-12-27',NULL,'Y',NULL,NULL,NULL,NULL,NULL,'149',NULL,NULL,'2018-12-27'),(261,'LEAVE','2','2019-03-11 14:01:11.000000',NULL,'2018-12-27',NULL,'Y',NULL,NULL,NULL,NULL,NULL,'149',NULL,NULL,'2018-12-28'),(262,'LEAVE','2','2019-03-11 14:01:11.000000',NULL,'2018-12-27',NULL,'Y',NULL,NULL,NULL,NULL,NULL,'149',NULL,NULL,'2018-12-31'),(263,'LEAVE','2','2019-03-11 14:01:11.000000',NULL,'2018-12-29',NULL,'Y',NULL,NULL,NULL,NULL,NULL,'149',NULL,NULL,'2018-12-30'),(264,'LEAVE','2','2019-03-11 14:01:11.000000',NULL,'2018-12-29',NULL,'Y',NULL,NULL,NULL,NULL,NULL,'149',NULL,NULL,'2018-12-30'),(265,'LEAVE','2','2019-03-11 14:01:11.000000',NULL,'2019-01-02',NULL,'Y',NULL,NULL,NULL,NULL,NULL,'149',NULL,NULL,'2019-01-02'),(266,'LEAVE','2','2019-03-11 14:01:11.000000',NULL,'2019-01-02',NULL,'Y',NULL,NULL,NULL,NULL,NULL,'149',NULL,NULL,'2019-01-02'),(267,'LEAVE','2','2019-03-11 14:01:11.000000',NULL,'2019-01-02',NULL,'Y',NULL,NULL,NULL,NULL,NULL,'149',NULL,NULL,'2019-01-02'),(268,'LEAVE','2','2019-03-11 14:01:11.000000',NULL,'2019-01-02',NULL,'Y',NULL,NULL,NULL,NULL,NULL,'149',NULL,NULL,'2019-01-02'),(269,'LEAVE','2','2019-03-11 14:01:11.000000',NULL,'2019-01-04',NULL,'Y',NULL,NULL,NULL,NULL,NULL,'149',NULL,NULL,'2019-01-04'),(270,'LEAVE','2','2019-03-11 14:01:11.000000',NULL,'2019-01-18',NULL,'Y',NULL,NULL,NULL,'Casual Leave',NULL,'149',NULL,NULL,'2019-01-18'),(271,'LEAVE','2','2019-03-11 14:01:11.000000',NULL,'2019-01-26',NULL,'Y',NULL,NULL,NULL,NULL,NULL,'149',NULL,NULL,'2019-01-26'),(272,'LEAVE','2','2019-03-11 14:01:11.000000',NULL,'2019-01-26',NULL,'Y',NULL,NULL,NULL,NULL,NULL,'149',NULL,NULL,'2019-01-26'),(273,'LEAVE','2','2019-03-11 14:01:11.000000',NULL,'2019-01-18',NULL,'Y',NULL,NULL,NULL,NULL,NULL,'149',NULL,NULL,'2019-01-18'),(274,'LEAVE','2','2019-03-11 14:01:11.000000',NULL,'2019-01-18',NULL,'Y',NULL,NULL,NULL,NULL,NULL,'149',NULL,NULL,'2019-01-18'),(275,'LEAVE','2','2019-03-11 14:01:11.000000',NULL,'2019-01-25',NULL,'Y',NULL,NULL,NULL,NULL,NULL,'152',NULL,NULL,'2019-01-25'),(276,'LEAVE','2','2019-03-11 14:01:11.000000',NULL,'2019-01-25',NULL,'Y',NULL,NULL,NULL,NULL,NULL,'152',NULL,NULL,'2019-01-25'),(278,'LEAVE','2','2019-03-11 14:03:16.000000',NULL,'2019-02-09',NULL,'Y',NULL,NULL,NULL,NULL,NULL,'155',NULL,NULL,'2019-02-09'),(279,'LEAVE','2','2019-03-11 14:03:16.000000',NULL,'2019-01-18',NULL,'Y',NULL,NULL,NULL,NULL,NULL,'156',NULL,NULL,'2019-01-18'),(280,'LEAVE','2','2019-03-11 14:03:16.000000',NULL,'2019-01-18',NULL,'Y',NULL,NULL,NULL,NULL,NULL,'156',NULL,NULL,'2019-01-18'),(282,'LEAVE','2','2019-03-11 14:03:16.000000',NULL,'2018-12-27',NULL,'Y',NULL,NULL,NULL,NULL,NULL,'157',NULL,NULL,'2018-12-27'),(283,'LEAVE','2','2019-03-11 14:03:16.000000',NULL,'2018-12-27',NULL,'Y',NULL,NULL,NULL,NULL,NULL,'157',NULL,NULL,'2018-12-28'),(284,'LEAVE','2','2019-03-11 14:03:16.000000',NULL,'2018-12-27',NULL,'Y',NULL,NULL,NULL,NULL,NULL,'157',NULL,NULL,'2018-12-31'),(285,'LEAVE','2','2019-03-11 14:03:16.000000',NULL,'2018-12-29',NULL,'Y',NULL,NULL,NULL,NULL,NULL,'157',NULL,NULL,'2018-12-30'),(286,'LEAVE','2','2019-03-11 14:03:16.000000',NULL,'2018-12-29',NULL,'Y',NULL,NULL,NULL,NULL,NULL,'157',NULL,NULL,'2018-12-30'),(287,'LEAVE','2','2019-03-11 14:03:16.000000',NULL,'2019-01-02',NULL,'Y',NULL,NULL,NULL,NULL,NULL,'157',NULL,NULL,'2019-01-02'),(288,'LEAVE','2','2019-03-11 14:03:16.000000',NULL,'2019-01-02',NULL,'Y',NULL,NULL,NULL,NULL,NULL,'157',NULL,NULL,'2019-01-02'),(289,'LEAVE','2','2019-03-11 14:03:16.000000',NULL,'2019-01-02',NULL,'Y',NULL,NULL,NULL,NULL,NULL,'157',NULL,NULL,'2019-01-02'),(290,'LEAVE','2','2019-03-11 14:03:16.000000',NULL,'2019-01-02',NULL,'Y',NULL,NULL,NULL,NULL,NULL,'157',NULL,NULL,'2019-01-02'),(291,'LEAVE','2','2019-03-11 14:03:16.000000',NULL,'2019-01-04',NULL,'Y',NULL,NULL,NULL,NULL,NULL,'157',NULL,NULL,'2019-01-04'),(292,'LEAVE','2','2019-03-11 14:03:16.000000',NULL,'2019-01-18',NULL,'Y',NULL,NULL,NULL,'Casual Leave',NULL,'157',NULL,NULL,'2019-01-18'),(293,'LEAVE','2','2019-03-11 14:03:16.000000',NULL,'2019-01-26',NULL,'Y',NULL,NULL,NULL,NULL,NULL,'157',NULL,NULL,'2019-01-26'),(294,'LEAVE','2','2019-03-11 14:03:16.000000',NULL,'2019-01-26',NULL,'Y',NULL,NULL,NULL,NULL,NULL,'157',NULL,NULL,'2019-01-26'),(295,'LEAVE','2','2019-03-11 14:03:16.000000',NULL,'2019-01-18',NULL,'Y',NULL,NULL,NULL,NULL,NULL,'157',NULL,NULL,'2019-01-18'),(296,'LEAVE','2','2019-03-11 14:03:16.000000',NULL,'2019-01-18',NULL,'Y',NULL,NULL,NULL,NULL,NULL,'157',NULL,NULL,'2019-01-18'),(297,'LEAVE','2','2019-03-11 14:03:16.000000',NULL,'2019-01-25',NULL,'Y',NULL,NULL,NULL,NULL,NULL,'160',NULL,NULL,'2019-01-25'),(298,'LEAVE','2','2019-03-11 14:03:16.000000',NULL,'2019-01-25',NULL,'Y',NULL,NULL,NULL,NULL,NULL,'160',NULL,NULL,'2019-01-25'),(300,'LEAVE','2','2019-03-19 13:18:13.000000',NULL,'2019-02-09',NULL,'Y',NULL,NULL,NULL,NULL,NULL,'235',NULL,NULL,'2019-02-09'),(301,'LEAVE','2','2019-03-19 13:18:13.000000',NULL,'2019-02-02',NULL,'Y',NULL,NULL,NULL,'Casual Leave',NULL,'237',NULL,NULL,'2019-02-02'),(304,'LEAVE','2','2019-03-19 13:21:14.000000',NULL,'2019-02-09',NULL,'Y',NULL,NULL,NULL,NULL,NULL,'251',NULL,NULL,'2019-02-09'),(305,'LEAVE','2','2019-03-19 13:21:14.000000',NULL,'2019-02-02',NULL,'Y',NULL,NULL,NULL,'Casual Leave',NULL,'253',NULL,NULL,'2019-02-03'),(306,'LEAVE','2','2019-03-19 13:21:14.000000',NULL,'2019-02-02',NULL,'Y',NULL,NULL,NULL,'Casual Leave',NULL,'254',NULL,NULL,'2019-02-06'),(307,'LEAVE','2','2019-03-19 14:38:22.000000',NULL,'2019-02-09',NULL,'Y',NULL,NULL,NULL,NULL,NULL,'267',NULL,NULL,'2019-02-09'),(308,'LEAVE','2','2019-03-19 14:38:22.000000',NULL,'2019-02-02',NULL,'Y',NULL,NULL,NULL,'Casual Leave',NULL,'269',NULL,NULL,'2019-02-03'),(309,'LEAVE','2','2019-03-19 14:38:22.000000',NULL,'2019-02-02',NULL,'Y',NULL,NULL,NULL,'Casual Leave',NULL,'270',NULL,NULL,'2019-02-06'),(310,'LEAVE','4','2019-03-19 14:39:02.000000',NULL,'2019-02-09',NULL,'Y',NULL,NULL,NULL,NULL,NULL,'275',NULL,NULL,'2019-02-09'),(311,'LEAVE','4','2019-03-19 14:39:02.000000',NULL,'2019-02-02',NULL,'Y',NULL,NULL,NULL,'Casual Leave',NULL,'277',NULL,NULL,'2019-02-03'),(312,'LEAVE','4','2019-03-19 14:39:02.000000',NULL,'2019-02-02',NULL,'Y',NULL,NULL,NULL,'Casual Leave',NULL,'278',NULL,NULL,'2019-02-06'),(313,'LEAVE','4','2019-03-19 14:39:21.000000',NULL,'2019-02-09',NULL,'Y',NULL,NULL,NULL,NULL,NULL,'283',NULL,NULL,'2019-02-09'),(314,'LEAVE','4','2019-03-19 14:39:21.000000',NULL,'2019-02-02',NULL,'Y',NULL,NULL,NULL,'Casual Leave',NULL,'285',NULL,NULL,'2019-02-03'),(315,'LEAVE','4','2019-03-19 14:39:21.000000',NULL,'2019-02-02',NULL,'Y',NULL,NULL,NULL,'Casual Leave',NULL,'286',NULL,NULL,'2019-02-06'),(316,'JOB','2','2019-03-19 18:38:38.000000','0','2019-03-20',NULL,'Y','39','Testing and commissing ',NULL,NULL,NULL,'394',NULL,NULL,'2019-03-24'),(317,'JOB','2','2019-03-19 18:38:38.000000','0','2019-03-01',NULL,'Y','35','Electrical',NULL,NULL,NULL,'396',NULL,NULL,'2019-03-21'),(318,'JOB','2','2019-03-19 18:38:38.000000','0','2019-03-01',NULL,'Y','35','Electrical',NULL,NULL,NULL,'397',NULL,NULL,'2019-03-21'),(319,'JOB','2','2019-03-19 18:38:38.000000','0','2019-03-22',NULL,'Y','38','Electrical',NULL,NULL,NULL,'400',NULL,NULL,'2019-03-26'),(320,'JOB','2','2019-03-19 18:38:38.000000','0','2019-03-20',NULL,'Y','39','Testing and commissing ',NULL,NULL,NULL,'400',NULL,NULL,'2019-03-24'),(322,'JOB','2','2019-03-21 11:12:05.000000','0','2019-03-31',NULL,'Y','49','Testing and commissing ','20.15920066833496',NULL,'74.09639739990234','441',NULL,NULL,'2019-04-01'),(324,'JOB','2','2019-03-21 11:31:37.000000','0','2019-03-31',NULL,'Y','49','Testing and commissing ','20.15920066833496',NULL,'74.09639739990234','457',NULL,NULL,'2019-04-01'),(339,'JOB','2','2019-03-21 11:37:28.000000','0','2019-03-31',NULL,'Y','49','Testing and commissing ','20.15920066833496',NULL,'74.09639739990234','577',NULL,NULL,'2019-04-01'),(343,'JOB','2','2019-03-21 11:53:00.000000','0','2019-03-31',NULL,'Y','49','Testing and commissing ','20.15920066833496',NULL,'74.09639739990234','609',NULL,NULL,'2019-04-01'),(344,'JOB','2','2019-03-21 11:54:25.000000','0','2019-03-31',NULL,'Y','49','Testing and commissing ','20.15920066833496',NULL,'74.09639739990234','617',NULL,NULL,'2019-04-01'),(345,'JOB','2','2019-03-21 11:55:35.000000','0','2019-03-31',NULL,'Y','49','Testing and commissing ','20.15920066833496',NULL,'74.09639739990234','625',NULL,NULL,'2019-04-01'),(346,'JOB','2','2019-03-21 11:56:09.000000','0','2019-03-31',NULL,'Y','49','Testing and commissing ','20.15920066833496',NULL,'74.09639739990234','633',NULL,NULL,'2019-04-01'),(347,'JOB','2','2019-03-21 12:19:47.000000','0','2019-03-31',NULL,'Y','49','Testing and commissing ','20.15920066833496',NULL,'74.09639739990234','641',NULL,NULL,'2019-04-01'),(348,'JOB','2','2019-03-21 13:59:03.000000','0','2019-03-31',NULL,'Y','49','Testing and commissing ','20.15920066833496',NULL,'74.09639739990234','649',NULL,NULL,'2019-04-01'),(349,'JOB','2','2019-03-21 14:01:05.000000','0','2019-03-31',NULL,'Y','49','Testing and commissing ','20.15920066833496',NULL,'74.09639739990234','657',NULL,NULL,'2019-04-01'),(352,'JOB','2','2019-03-21 14:12:28.000000','0','2019-03-31',NULL,'Y','49','Testing and commissing ','20.15920066833496',NULL,'74.09639739990234','681',NULL,NULL,'2019-04-01'),(356,'JOB','2','2019-03-21 14:22:56.000000','0','2019-03-31',NULL,'Y','49','Testing and commissing ','20.15920066833496',NULL,'74.09639739990234','713',NULL,NULL,'2019-04-01'),(357,'JOB','2','2019-03-21 17:27:25.000000','0','2019-03-31',NULL,'Y','49','Testing and commissing ','20.15920066833496',NULL,'74.09639739990234','721',NULL,NULL,'2019-04-01'),(360,'JOB','2','2019-03-21 17:37:20.000000','0','2019-03-31',NULL,'Y','49','Testing and commissing ','20.15920066833496',NULL,'74.09639739990234','745',NULL,NULL,'2019-04-01'),(361,'JOB','2','2019-03-21 17:44:16.000000','0','2019-03-31',NULL,'Y','49','Testing and commissing ','20.15920066833496',NULL,'74.09639739990234','753',NULL,NULL,'2019-04-01'),(364,'JOB','2','2019-03-21 18:37:58.000000','0','2019-03-01',NULL,'Y','35','Electrical',NULL,NULL,NULL,'973',NULL,NULL,'2019-03-21'),(365,'JOB','2','2019-03-21 18:37:58.000000','0','2019-03-01',NULL,'Y','35','Electrical',NULL,NULL,NULL,'974',NULL,NULL,'2019-03-21'),(368,'JOB','2','2019-03-21 18:38:20.000000','0','2019-03-01',NULL,'Y','35','Electrical',NULL,NULL,NULL,'989',NULL,NULL,'2019-03-21'),(369,'JOB','2','2019-03-21 18:38:20.000000','0','2019-03-01',NULL,'Y','35','Electrical',NULL,NULL,NULL,'990',NULL,NULL,'2019-03-21'),(370,'LEAVE','17','2019-03-26 14:43:39.000000',NULL,'2019-03-22',NULL,'Y',NULL,NULL,NULL,NULL,NULL,'1070',NULL,NULL,'2019-03-26'),(372,'JOB','4','2019-03-27 11:32:09.000000','0','2019-03-01',NULL,'Y','35','Electrical','20.15920066833496',NULL,'74.09639739990234','1119',NULL,NULL,'2019-03-21'),(373,'LEAVE','4','2019-03-27 11:32:09.000000',NULL,'2019-03-23',NULL,'Y',NULL,NULL,NULL,NULL,NULL,'1120',NULL,NULL,'2019-03-22'),(374,'LEAVE','4','2019-03-27 11:32:09.000000',NULL,'2019-03-22',NULL,'Y',NULL,NULL,NULL,NULL,NULL,'1120',NULL,NULL,'2019-03-26'),(376,'JOB','4','2019-03-27 11:32:09.000000','0','2019-03-01',NULL,'Y','35','Electrical','20.15920066833496',NULL,'74.09639739990234','1120',NULL,NULL,'2019-03-21'),(377,'JOB','4','2019-03-27 11:32:09.000000','0','2019-04-08',NULL,'Y','53','Testing and commissing ','20.15920066833496',NULL,'74.09639739990234','1121',NULL,NULL,'2019-04-12'),(378,'JOB','2','2019-03-27 13:41:21.000000','0','2019-03-01',NULL,'Y','35','Electrical',NULL,NULL,NULL,'1149',NULL,NULL,'2019-03-21'),(379,'LEAVE','2','2019-03-27 13:41:21.000000',NULL,'2019-03-23',NULL,'Y',NULL,NULL,NULL,NULL,NULL,'1150',NULL,NULL,'2019-03-22'),(380,'LEAVE','2','2019-03-27 13:41:21.000000',NULL,'2019-03-22',NULL,'Y',NULL,NULL,NULL,NULL,NULL,'1150',NULL,NULL,'2019-03-26'),(382,'JOB','2','2019-03-27 13:41:21.000000','0','2019-03-01',NULL,'Y','35','Electrical',NULL,NULL,NULL,'1150',NULL,NULL,'2019-03-21'),(383,'JOB','4','2019-03-27 13:44:16.000000','0','2019-03-01',NULL,'Y','35','Electrical',NULL,NULL,NULL,'1156',NULL,NULL,'2019-03-21'),(384,'LEAVE','4','2019-03-27 13:44:16.000000',NULL,'2019-03-23',NULL,'Y',NULL,NULL,NULL,NULL,NULL,'1157',NULL,NULL,'2019-03-22'),(385,'LEAVE','4','2019-03-27 13:44:16.000000',NULL,'2019-03-22',NULL,'Y',NULL,NULL,NULL,NULL,NULL,'1157',NULL,NULL,'2019-03-26'),(387,'JOB','4','2019-03-27 13:44:16.000000','0','2019-03-01',NULL,'Y','35','Electrical',NULL,NULL,NULL,'1157',NULL,NULL,'2019-03-21'),(388,'LEAVE','4','2019-03-27 13:46:40.000000',NULL,'2019-02-09',NULL,'Y',NULL,NULL,NULL,NULL,NULL,'1162',NULL,NULL,'2019-02-09'),(389,'LEAVE','4','2019-03-27 13:46:40.000000',NULL,'2019-02-02',NULL,'Y',NULL,NULL,NULL,'Casual Leave',NULL,'1164',NULL,NULL,'2019-02-03'),(390,'LEAVE','4','2019-03-27 13:46:40.000000',NULL,'2019-03-23',NULL,'Y',NULL,NULL,NULL,NULL,NULL,'1164',NULL,NULL,'2019-03-22'),(391,'LEAVE','4','2019-03-27 13:46:40.000000',NULL,'2019-03-22',NULL,'Y',NULL,NULL,NULL,NULL,NULL,'1164',NULL,NULL,'2019-03-26'),(392,'LEAVE','4','2019-03-27 13:46:41.000000',NULL,'2019-02-02',NULL,'Y',NULL,NULL,NULL,'Casual Leave',NULL,'1165',NULL,NULL,'2019-02-06'),(393,'JOB','4','2019-03-27 13:50:35.000000','0','2019-04-02',NULL,'Y','56','Electrical','20.15920066833496',NULL,'74.09639739990234','1177',NULL,NULL,'2019-04-06'),(394,'LEAVE','4','2019-03-27 13:51:11.000000',NULL,'2019-02-09',NULL,'Y',NULL,NULL,NULL,NULL,NULL,'1184',NULL,NULL,'2019-02-09'),(395,'LEAVE','4','2019-03-27 13:51:11.000000',NULL,'2019-02-02',NULL,'Y',NULL,NULL,NULL,'Casual Leave',NULL,'1186',NULL,NULL,'2019-02-03'),(396,'LEAVE','4','2019-03-27 13:51:11.000000',NULL,'2019-03-23',NULL,'Y',NULL,NULL,NULL,NULL,NULL,'1186',NULL,NULL,'2019-03-22'),(397,'LEAVE','4','2019-03-27 13:51:11.000000',NULL,'2019-03-22',NULL,'Y',NULL,NULL,NULL,NULL,NULL,'1186',NULL,NULL,'2019-03-26'),(398,'LEAVE','4','2019-03-27 13:51:11.000000',NULL,'2019-02-02',NULL,'Y',NULL,NULL,NULL,'Casual Leave',NULL,'1187',NULL,NULL,'2019-02-06'),(399,'JOB','4','2019-03-27 14:15:01.000000','0','2019-03-01',NULL,'Y','35','Electrical',NULL,NULL,NULL,'1199',NULL,NULL,'2019-03-21'),(400,'LEAVE','4','2019-03-27 14:15:01.000000',NULL,'2019-03-23',NULL,'Y',NULL,NULL,NULL,NULL,NULL,'1200',NULL,NULL,'2019-03-22'),(401,'LEAVE','4','2019-03-27 14:15:01.000000',NULL,'2019-03-22',NULL,'Y',NULL,NULL,NULL,NULL,NULL,'1200',NULL,NULL,'2019-03-26'),(403,'JOB','4','2019-03-27 14:15:01.000000','0','2019-03-01',NULL,'Y','35','Electrical',NULL,NULL,NULL,'1200',NULL,NULL,'2019-03-21'),(418,'LEAVE','4','2019-03-27 16:06:43.000000',NULL,'2019-02-09',NULL,'Y',NULL,NULL,NULL,NULL,NULL,'1226',NULL,NULL,'2019-02-09'),(419,'JOB','4','2019-03-27 16:06:43.000000','0','2019-03-01',NULL,'Y','35','Electrical','20.15920066833496',NULL,'74.09639739990234','1227',NULL,NULL,'2019-03-21'),(420,'LEAVE','4','2019-03-27 16:06:43.000000',NULL,'2019-02-02',NULL,'Y',NULL,NULL,NULL,'Casual Leave',NULL,'1228',NULL,NULL,'2019-02-03'),(421,'LEAVE','4','2019-03-27 16:06:43.000000',NULL,'2019-03-23',NULL,'Y',NULL,NULL,NULL,NULL,NULL,'1228',NULL,NULL,'2019-03-22'),(422,'LEAVE','4','2019-03-27 16:06:43.000000',NULL,'2019-03-22',NULL,'Y',NULL,NULL,NULL,NULL,NULL,'1228',NULL,NULL,'2019-03-26'),(423,'JOB','4','2019-03-27 16:06:43.000000','0','2019-03-01',NULL,'Y','35','Electrical','20.15920066833496',NULL,'74.09639739990234','1228',NULL,NULL,'2019-03-21'),(424,'LEAVE','4','2019-03-27 16:06:43.000000',NULL,'2019-02-02',NULL,'Y',NULL,NULL,NULL,'Casual Leave',NULL,'1229',NULL,NULL,'2019-02-06'),(425,'LEAVE','4','2019-03-27 16:29:55.000000',NULL,'2019-02-09',NULL,'Y',NULL,NULL,NULL,NULL,NULL,'1244',NULL,NULL,'2019-02-09'),(426,'JOB','4','2019-03-27 16:29:55.000000','0','2019-03-01',NULL,'Y','35','Electrical','20.15920066833496',NULL,'74.09639739990234','1245',NULL,NULL,'2019-03-21'),(427,'LEAVE','4','2019-03-27 16:30:24.000000',NULL,'2019-02-09',NULL,'Y',NULL,NULL,NULL,NULL,NULL,'1251',NULL,NULL,'2019-02-09'),(428,'JOB','4','2019-03-27 16:30:24.000000','0','2019-03-01',NULL,'Y','35','Electrical','20.15920066833496',NULL,'74.09639739990234','1252',NULL,NULL,'2019-03-21'),(429,'JOB','17','2019-03-27 18:12:05.000000','0','2019-03-01',NULL,'Y','35','Electrical','20.15920066833496',NULL,'74.09639739990234','1259',NULL,NULL,'2019-03-21'),(430,'LEAVE','17','2019-03-27 18:12:05.000000',NULL,'2019-03-23',NULL,'Y',NULL,NULL,NULL,NULL,NULL,'1260',NULL,NULL,'2019-03-22'),(431,'LEAVE','17','2019-03-27 18:12:05.000000',NULL,'2019-03-01',NULL,'Y',NULL,NULL,NULL,NULL,NULL,'1260',NULL,NULL,'2019-03-26'),(433,'JOB','17','2019-03-27 18:12:05.000000','0','2019-03-01',NULL,'Y','35','Electrical','20.15920066833496',NULL,'74.09639739990234','1260',NULL,NULL,'2019-03-21'),(436,'LEAVE','2','2019-04-30 17:18:33.000000',NULL,'2019-02-09',NULL,'Y',NULL,NULL,NULL,NULL,NULL,'1312',NULL,NULL,'2019-02-09'),(437,'LEAVE','2','2019-04-30 17:18:33.000000',NULL,'2019-02-02',NULL,'Y',NULL,NULL,NULL,'Casual Leave',NULL,'1315',NULL,NULL,'2019-02-06'),(466,'holiday','2','2019-05-02 18:05:13.000000',NULL,'2018-12-25','CHRISTMAS','Y',NULL,NULL,NULL,'',NULL,'1326',NULL,NULL,'2018-12-25'),(467,'holiday','2','2019-05-02 18:05:13.000000',NULL,'2018-12-25','CHRISTMAS','Y',NULL,NULL,NULL,'',NULL,'1327',NULL,NULL,'2018-12-25'),(468,'holiday','2','2019-05-02 18:05:13.000000',NULL,'2018-12-25','CHRISTMAS','Y',NULL,NULL,NULL,'',NULL,'1328',NULL,NULL,'2018-12-25'),(500,'holiday','2','2019-05-03 11:05:41.000000',NULL,'2018-12-25','CHRISTMAS','Y',NULL,NULL,NULL,'',NULL,'1340',NULL,NULL,'2018-12-25'),(501,'LEAVE','2','2019-05-03 11:05:41.000000',NULL,'2019-02-09',NULL,'Y',NULL,NULL,NULL,NULL,NULL,'1341',NULL,NULL,'2019-02-09'),(502,'holiday','2','2019-05-03 11:05:41.000000',NULL,'2018-12-25','CHRISTMAS','Y',NULL,NULL,NULL,'',NULL,'1341',NULL,NULL,'2018-12-25'),(503,'LEAVE','2','2019-05-03 11:05:41.000000',NULL,'2019-01-18',NULL,'Y',NULL,NULL,NULL,NULL,NULL,'1342',NULL,NULL,'2019-01-18'),(504,'LEAVE','2','2019-05-03 11:05:41.000000',NULL,'2019-01-18',NULL,'Y',NULL,NULL,NULL,NULL,NULL,'1342',NULL,NULL,'2019-01-18'),(506,'holiday','2','2019-05-03 11:05:41.000000',NULL,'2018-12-25','CHRISTMAS','Y',NULL,NULL,NULL,'',NULL,'1342',NULL,NULL,'2018-12-25'),(507,'LEAVE','2','2019-05-03 11:05:41.000000',NULL,'2018-12-27',NULL,'Y',NULL,NULL,NULL,NULL,NULL,'1343',NULL,NULL,'2018-12-31'),(508,'LEAVE','2','2019-05-03 11:05:41.000000',NULL,'2018-12-29',NULL,'Y',NULL,NULL,NULL,NULL,NULL,'1343',NULL,NULL,'2018-12-30'),(509,'LEAVE','2','2019-05-03 11:05:41.000000',NULL,'2018-12-29',NULL,'Y',NULL,NULL,NULL,NULL,NULL,'1343',NULL,NULL,'2018-12-30'),(510,'LEAVE','2','2019-05-03 11:05:41.000000',NULL,'2019-01-02',NULL,'Y',NULL,NULL,NULL,NULL,NULL,'1343',NULL,NULL,'2019-01-02'),(511,'LEAVE','2','2019-05-03 11:05:41.000000',NULL,'2019-01-18',NULL,'Y',NULL,NULL,NULL,'Casual Leave',NULL,'1343',NULL,NULL,'2019-01-18'),(512,'LEAVE','2','2019-05-03 11:05:41.000000',NULL,'2019-01-26',NULL,'Y',NULL,NULL,NULL,NULL,NULL,'1343',NULL,NULL,'2019-01-26'),(513,'LEAVE','2','2019-05-03 11:05:41.000000',NULL,'2019-03-23',NULL,'Y',NULL,NULL,NULL,NULL,NULL,'1343',NULL,NULL,'2019-03-22'),(514,'LEAVE','2','2019-05-03 11:05:41.000000',NULL,'2019-03-01',NULL,'Y',NULL,NULL,NULL,NULL,NULL,'1343',NULL,NULL,'2019-03-26'),(522,'holiday','2','2019-05-03 11:05:41.000000',NULL,'2018-12-25','CHRISTMAS','Y',NULL,NULL,NULL,'',NULL,'1343',NULL,NULL,'2018-12-25'),(523,'JOB','2','2019-05-03 11:05:41.000000','0','2018-11-30',NULL,'Y','3',' Job 1',NULL,NULL,NULL,'1343',NULL,NULL,'2018-12-15'),(524,'LEAVE','2','2019-05-03 11:05:41.000000',NULL,'2019-02-02',NULL,'Y',NULL,NULL,NULL,'Casual Leave',NULL,'1344',NULL,NULL,'2019-02-06'),(525,'holiday','2','2019-05-03 11:05:41.000000',NULL,'2018-12-25','CHRISTMAS','Y',NULL,NULL,NULL,'',NULL,'1344',NULL,NULL,'2018-12-25'),(526,'holiday','2','2019-05-03 11:05:41.000000',NULL,'2018-12-25','CHRISTMAS','Y',NULL,NULL,NULL,'',NULL,'1345',NULL,NULL,'2018-12-25'),(527,'holiday','2','2019-05-03 11:05:41.000000',NULL,'2018-12-25','CHRISTMAS','Y',NULL,NULL,NULL,'',NULL,'1346',NULL,NULL,'2018-12-25'),(671,'holiday','26','2019-05-07 11:24:47.000000',NULL,'2019-01-01','NEW YEAR DAY','Y',NULL,NULL,NULL,'',NULL,'1373',NULL,NULL,'2019-01-01'),(672,'holiday','26','2019-05-07 11:24:47.000000',NULL,'2019-01-15','PONGAL','Y',NULL,NULL,NULL,'',NULL,'1373',NULL,NULL,'2019-01-15'),(673,'holiday','26','2019-05-07 11:24:47.000000',NULL,'2019-01-15','THIRUVALLUVAR DAY','Y',NULL,NULL,NULL,'',NULL,'1373',NULL,NULL,'2019-01-15'),(674,'holiday','26','2019-05-07 11:24:47.000000',NULL,'2019-01-16','UZHAVAR THIRUNAL','Y',NULL,NULL,NULL,'',NULL,'1373',NULL,NULL,'2019-01-16'),(675,'holiday','26','2019-05-07 11:24:47.000000',NULL,'2019-01-26','REPUBLIC DAY','Y',NULL,NULL,NULL,'',NULL,'1373',NULL,NULL,'2019-01-26'),(678,'JOB','26','2019-05-07 11:24:47.000000','0','2018-12-04',NULL,'Y','6','Retrofitting',NULL,NULL,NULL,'1373',NULL,NULL,'2019-03-15'),(679,'LEAVE','26','2019-05-07 11:24:47.000000',NULL,'2019-02-09',NULL,'Y',NULL,NULL,NULL,'Sick Leave',NULL,'1374',NULL,NULL,'2019-02-09'),(680,'holiday','26','2019-05-07 11:24:47.000000',NULL,'2019-01-01','NEW YEAR DAY','Y',NULL,NULL,NULL,'',NULL,'1374',NULL,NULL,'2019-01-01'),(681,'holiday','26','2019-05-07 11:24:47.000000',NULL,'2019-01-15','PONGAL','Y',NULL,NULL,NULL,'',NULL,'1374',NULL,NULL,'2019-01-15'),(682,'holiday','26','2019-05-07 11:24:47.000000',NULL,'2019-01-15','THIRUVALLUVAR DAY','Y',NULL,NULL,NULL,'',NULL,'1374',NULL,NULL,'2019-01-15'),(683,'holiday','26','2019-05-07 11:24:47.000000',NULL,'2019-01-16','UZHAVAR THIRUNAL','Y',NULL,NULL,NULL,'',NULL,'1374',NULL,NULL,'2019-01-16'),(684,'holiday','26','2019-05-07 11:24:47.000000',NULL,'2019-01-26','REPUBLIC DAY','Y',NULL,NULL,NULL,'',NULL,'1374',NULL,NULL,'2019-01-26'),(687,'LEAVE','26','2019-05-07 11:24:47.000000',NULL,'2019-01-18',NULL,'Y',NULL,NULL,NULL,'Sick Leave',NULL,'1375',NULL,NULL,'2019-01-18'),(688,'LEAVE','26','2019-05-07 11:24:47.000000',NULL,'2019-01-18',NULL,'Y',NULL,NULL,NULL,'Casual Leave',NULL,'1375',NULL,NULL,'2019-01-18'),(690,'holiday','26','2019-05-07 11:24:47.000000',NULL,'2019-01-01','NEW YEAR DAY','Y',NULL,NULL,NULL,'',NULL,'1375',NULL,NULL,'2019-01-01'),(691,'holiday','26','2019-05-07 11:24:47.000000',NULL,'2019-01-15','PONGAL','Y',NULL,NULL,NULL,'',NULL,'1375',NULL,NULL,'2019-01-15'),(692,'holiday','26','2019-05-07 11:24:47.000000',NULL,'2019-01-15','THIRUVALLUVAR DAY','Y',NULL,NULL,NULL,'',NULL,'1375',NULL,NULL,'2019-01-15'),(693,'holiday','26','2019-05-07 11:24:47.000000',NULL,'2019-01-16','UZHAVAR THIRUNAL','Y',NULL,NULL,NULL,'',NULL,'1375',NULL,NULL,'2019-01-16'),(694,'holiday','26','2019-05-07 11:24:47.000000',NULL,'2019-01-26','REPUBLIC DAY','Y',NULL,NULL,NULL,'',NULL,'1375',NULL,NULL,'2019-01-26'),(697,'LEAVE','26','2019-05-07 11:24:47.000000',NULL,'2018-12-27',NULL,'Y',NULL,NULL,NULL,'Sick Leave',NULL,'1376',NULL,NULL,'2018-12-31'),(698,'LEAVE','26','2019-05-07 11:24:47.000000',NULL,'2018-12-29',NULL,'Y',NULL,NULL,NULL,'Casual Leave',NULL,'1376',NULL,NULL,'2018-12-30'),(699,'LEAVE','26','2019-05-07 11:24:47.000000',NULL,'2018-12-29',NULL,'Y',NULL,NULL,NULL,'Sick Leave',NULL,'1376',NULL,NULL,'2018-12-30'),(700,'LEAVE','26','2019-05-07 11:24:47.000000',NULL,'2019-01-02',NULL,'Y',NULL,NULL,NULL,'Sick Leave',NULL,'1376',NULL,NULL,'2019-01-02'),(701,'LEAVE','26','2019-05-07 11:24:47.000000',NULL,'2019-01-18',NULL,'Y',NULL,NULL,NULL,'Sick Leave',NULL,'1376',NULL,NULL,'2019-01-18'),(702,'LEAVE','26','2019-05-07 11:24:47.000000',NULL,'2019-01-26',NULL,'Y',NULL,NULL,NULL,'Casual Leave',NULL,'1376',NULL,NULL,'2019-01-26'),(703,'LEAVE','26','2019-05-07 11:24:47.000000',NULL,'2019-03-23',NULL,'Y',NULL,NULL,NULL,'Privilege Leave',NULL,'1376',NULL,NULL,'2019-03-22'),(704,'LEAVE','26','2019-05-07 11:24:47.000000',NULL,'2019-03-01',NULL,'Y',NULL,NULL,NULL,'Privilege Leave',NULL,'1376',NULL,NULL,'2019-03-26'),(712,'holiday','26','2019-05-07 11:24:47.000000',NULL,'2019-01-01','NEW YEAR DAY','Y',NULL,NULL,NULL,'',NULL,'1376',NULL,NULL,'2019-01-01'),(713,'holiday','26','2019-05-07 11:24:47.000000',NULL,'2019-01-15','PONGAL','Y',NULL,NULL,NULL,'',NULL,'1376',NULL,NULL,'2019-01-15'),(714,'holiday','26','2019-05-07 11:24:47.000000',NULL,'2019-01-15','THIRUVALLUVAR DAY','Y',NULL,NULL,NULL,'',NULL,'1376',NULL,NULL,'2019-01-15'),(715,'holiday','26','2019-05-07 11:24:47.000000',NULL,'2019-01-16','UZHAVAR THIRUNAL','Y',NULL,NULL,NULL,'',NULL,'1376',NULL,NULL,'2019-01-16'),(716,'holiday','26','2019-05-07 11:24:47.000000',NULL,'2019-01-26','REPUBLIC DAY','Y',NULL,NULL,NULL,'',NULL,'1376',NULL,NULL,'2019-01-26'),(719,'JOB','26','2019-05-07 11:24:47.000000','0','2018-11-30',NULL,'Y','3',' Job 1',NULL,NULL,NULL,'1376',NULL,NULL,'2018-12-15'),(720,'LEAVE','26','2019-05-07 11:24:47.000000',NULL,'2019-02-02',NULL,'Y',NULL,NULL,NULL,'Casual Leave',NULL,'1377',NULL,NULL,'2019-02-06'),(721,'holiday','26','2019-05-07 11:24:47.000000',NULL,'2019-01-01','NEW YEAR DAY','Y',NULL,NULL,NULL,'',NULL,'1377',NULL,NULL,'2019-01-01'),(722,'holiday','26','2019-05-07 11:24:47.000000',NULL,'2019-01-15','PONGAL','Y',NULL,NULL,NULL,'',NULL,'1377',NULL,NULL,'2019-01-15'),(723,'holiday','26','2019-05-07 11:24:47.000000',NULL,'2019-01-15','THIRUVALLUVAR DAY','Y',NULL,NULL,NULL,'',NULL,'1377',NULL,NULL,'2019-01-15'),(724,'holiday','26','2019-05-07 11:24:47.000000',NULL,'2019-01-16','UZHAVAR THIRUNAL','Y',NULL,NULL,NULL,'',NULL,'1377',NULL,NULL,'2019-01-16'),(725,'holiday','26','2019-05-07 11:24:47.000000',NULL,'2019-01-26','REPUBLIC DAY','Y',NULL,NULL,NULL,'',NULL,'1377',NULL,NULL,'2019-01-26'),(728,'holiday','26','2019-05-07 11:24:47.000000',NULL,'2019-01-01','NEW YEAR DAY','Y',NULL,NULL,NULL,'',NULL,'1378',NULL,NULL,'2019-01-01'),(729,'holiday','26','2019-05-07 11:24:47.000000',NULL,'2019-01-15','PONGAL','Y',NULL,NULL,NULL,'',NULL,'1378',NULL,NULL,'2019-01-15'),(730,'holiday','26','2019-05-07 11:24:47.000000',NULL,'2019-01-15','THIRUVALLUVAR DAY','Y',NULL,NULL,NULL,'',NULL,'1378',NULL,NULL,'2019-01-15'),(731,'holiday','26','2019-05-07 11:24:47.000000',NULL,'2019-01-16','UZHAVAR THIRUNAL','Y',NULL,NULL,NULL,'',NULL,'1378',NULL,NULL,'2019-01-16'),(732,'holiday','26','2019-05-07 11:24:47.000000',NULL,'2019-01-26','REPUBLIC DAY','Y',NULL,NULL,NULL,'',NULL,'1378',NULL,NULL,'2019-01-26'),(735,'holiday','26','2019-05-07 11:24:47.000000',NULL,'2019-01-01','NEW YEAR DAY','Y',NULL,NULL,NULL,'',NULL,'1379',NULL,NULL,'2019-01-01'),(736,'holiday','26','2019-05-07 11:24:47.000000',NULL,'2019-01-15','PONGAL','Y',NULL,NULL,NULL,'',NULL,'1379',NULL,NULL,'2019-01-15'),(737,'holiday','26','2019-05-07 11:24:47.000000',NULL,'2019-01-15','THIRUVALLUVAR DAY','Y',NULL,NULL,NULL,'',NULL,'1379',NULL,NULL,'2019-01-15'),(738,'holiday','26','2019-05-07 11:24:47.000000',NULL,'2019-01-16','UZHAVAR THIRUNAL','Y',NULL,NULL,NULL,'',NULL,'1379',NULL,NULL,'2019-01-16'),(739,'holiday','26','2019-05-07 11:24:47.000000',NULL,'2019-01-26','REPUBLIC DAY','Y',NULL,NULL,NULL,'',NULL,'1379',NULL,NULL,'2019-01-26'),(744,'holiday','1','2019-06-12 17:22:03.000000',NULL,'2019-05-01','MAY DAY','Y',NULL,NULL,NULL,'',NULL,'1384',NULL,NULL,'2019-05-01'),(745,'holiday','1','2019-06-12 17:22:03.000000',NULL,'2019-05-01','MAY DAY','Y',NULL,NULL,NULL,'',NULL,'1385',NULL,NULL,'2019-05-01'),(746,'holiday','1','2019-06-12 17:22:03.000000',NULL,'2019-05-01','MAY DAY','Y',NULL,NULL,NULL,'',NULL,'1386',NULL,NULL,'2019-05-01'),(747,'holiday','1','2019-06-12 17:22:03.000000',NULL,'2019-05-01','MAY DAY','Y',NULL,NULL,NULL,'',NULL,'1387',NULL,NULL,'2019-05-01'),(748,'LEAVE','1','2019-06-12 17:32:17.000000',NULL,'2019-01-25',NULL,'Y',NULL,NULL,NULL,'Casual Leave',NULL,'1388',NULL,NULL,'2019-01-25'),(749,'LEAVE','1','2019-06-12 17:32:17.000000',NULL,'2019-01-25',NULL,'Y',NULL,NULL,NULL,'Casual Leave',NULL,'1388',NULL,NULL,'2019-01-25'),(750,'LEAVE','1','2019-06-12 17:32:17.000000',NULL,'2019-03-25',NULL,'Y',NULL,NULL,NULL,'Sick Leave',NULL,'1388',NULL,NULL,'2019-03-26'),(751,'LEAVE','1','2019-06-12 17:32:17.000000',NULL,'2019-03-31',NULL,'Y',NULL,NULL,NULL,'Privilege Leave',NULL,'1388',NULL,NULL,'2019-04-01');
/*!40000 ALTER TABLE `t_pf_emp_commitment` ENABLE KEYS */;
UNLOCK TABLES;

--
-- Table structure for table `t_pf_emp_skill`
--

DROP TABLE IF EXISTS `t_pf_emp_skill`;
/*!40101 SET @saved_cs_client     = @@character_set_client */;
/*!40101 SET character_set_client = utf8 */;
CREATE TABLE `t_pf_emp_skill` (
  `id` int(11) NOT NULL AUTO_INCREMENT,
  `created_by` varchar(255) DEFAULT NULL,
  `created_dt` datetime(6) DEFAULT NULL,
  `is_enabled` varchar(255) DEFAULT NULL,
  `is_matched` varchar(255) DEFAULT NULL,
  `m_product_id` varchar(255) DEFAULT NULL,
  `m_profile_line_id` varchar(255) DEFAULT NULL,
  `m_service_id` varchar(255) DEFAULT NULL,
  `match_employee_id` varchar(255) DEFAULT NULL,
  `modified_by` varchar(255) DEFAULT NULL,
  `modified_dt` datetime(6) DEFAULT NULL,
  `product_name` varchar(255) DEFAULT NULL,
  `service_name` varchar(255) DEFAULT NULL,
  `skill_level` varchar(255) DEFAULT NULL,
  PRIMARY KEY (`id`)
) ENGINE=InnoDB AUTO_INCREMENT=4441 DEFAULT CHARSET=latin1;
/*!40101 SET character_set_client = @saved_cs_client */;

--
-- Dumping data for table `t_pf_emp_skill`
--

LOCK TABLES `t_pf_emp_skill` WRITE;
/*!40000 ALTER TABLE `t_pf_emp_skill` DISABLE KEYS */;
INSERT INTO `t_pf_emp_skill` VALUES (1,'admin','2018-12-08 10:14:03.000000','Y','N','1','1','1','3',NULL,NULL,'wires','Automation Controls & Systems ','3'),(2,'admin','2018-12-08 10:14:03.000000','Y','N','4','10','7','3',NULL,NULL,NULL,'Generator Installation ','2'),(3,'admin','2018-12-08 10:14:03.000000','Y','N','1','15','12','3',NULL,NULL,'wires','GeneralService','3'),(4,'admin','2018-12-08 10:14:03.000000','Y','N','1','1','1','4',NULL,NULL,'wires','Automation Controls & Systems ','3'),(5,'admin','2018-12-08 10:14:03.000000','Y','N','4','10','7','4',NULL,NULL,NULL,'Generator Installation ','2'),(6,'admin','2018-12-08 10:14:03.000000','Y','N','1','15','12','4',NULL,NULL,'wires','GeneralService','3'),(7,'admin','2018-12-08 10:14:03.000000','Y','N','1','1','1','5',NULL,NULL,'wires','Automation Controls & Systems ','3'),(8,'admin','2018-12-08 10:14:03.000000','Y','N','4','10','7','5',NULL,NULL,NULL,'Generator Installation ','2'),(9,'admin','2018-12-08 10:14:03.000000','Y','N','1','15','12','5',NULL,NULL,'wires','GeneralService','3'),(10,'admin','2018-12-08 10:15:31.000000','Y','N','1','2','2','3',NULL,NULL,'wires','Ceiling Fans','2'),(11,'admin','2018-12-08 10:15:31.000000','Y','N','5','11','8','3',NULL,NULL,NULL,'Panel Replacements ','3'),(13,'admin','2018-12-08 10:15:31.000000','Y','N','1','2','2','4',NULL,NULL,'wires','Ceiling Fans','2'),(14,'admin','2018-12-08 10:15:31.000000','Y','N','5','11','8','4',NULL,NULL,NULL,'Panel Replacements ','3'),(16,'admin','2018-12-08 10:15:31.000000','Y','N','1','2','2','5',NULL,NULL,'wires','Ceiling Fans','2'),(17,'admin','2018-12-08 10:15:31.000000','Y','N','5','11','8','5',NULL,NULL,NULL,'Panel Replacements ','3'),(19,'admin','2018-12-08 11:51:21.000000','Y','N','1','2','2','3',NULL,NULL,'wires','Ceiling Fans','2'),(20,'admin','2018-12-08 11:51:21.000000','Y','N','5','11','8','3',NULL,NULL,NULL,'Panel Replacements ','3'),(22,'admin','2018-12-08 11:51:21.000000','Y','N','1','2','2','4',NULL,NULL,'wires','Ceiling Fans','2'),(23,'admin','2018-12-08 11:51:21.000000','Y','N','5','11','8','4',NULL,NULL,NULL,'Panel Replacements ','3'),(25,'admin','2018-12-08 11:54:56.000000','Y','N','1','2','2','3',NULL,NULL,'wires','Ceiling Fans','2'),(26,'admin','2018-12-08 11:54:56.000000','Y','N','5','11','8','3',NULL,NULL,NULL,'Panel Replacements ','3'),(28,'admin','2018-12-08 11:54:56.000000','Y','N','1','2','2','4',NULL,NULL,'wires','Ceiling Fans','2'),(29,'admin','2018-12-08 11:54:56.000000','Y','N','5','11','8','4',NULL,NULL,NULL,'Panel Replacements ','3'),(31,'admin','2018-12-08 12:01:50.000000','Y','N','1','2','2','4',NULL,NULL,'wires','Ceiling Fans','2'),(32,'admin','2018-12-08 12:01:50.000000','Y','N','5','11','8','4',NULL,NULL,NULL,'Panel Replacements ','3'),(34,'admin','2018-12-08 12:33:00.000000','Y','N','1','2','2','4',NULL,NULL,'wires','Ceiling Fans','2'),(35,'admin','2018-12-08 12:33:00.000000','Y','N','5','11','8','4',NULL,NULL,NULL,'Panel Replacements ','3'),(37,'admin','2018-12-08 12:34:08.000000','Y','N','1','2','2','4',NULL,NULL,'wires','Ceiling Fans','2'),(38,'admin','2018-12-08 12:34:08.000000','Y','N','5','11','8','4',NULL,NULL,NULL,'Panel Replacements ','3'),(40,'1','2018-12-08 12:43:36.000000','Y','N','1','2','2','4',NULL,NULL,'wires','Ceiling Fans','2'),(41,'1','2018-12-08 12:43:36.000000','Y','N','5','11','8','4',NULL,NULL,NULL,'Panel Replacements ','3'),(43,'2','2018-12-08 12:44:30.000000','Y','N','1','2','2','3',NULL,NULL,'wires','Ceiling Fans','2'),(44,'2','2018-12-08 12:44:30.000000','Y','N','5','11','8','3',NULL,NULL,NULL,'Panel Replacements ','3'),(46,'2','2018-12-08 12:44:30.000000','Y','N','1','2','2','4',NULL,NULL,'wires','Ceiling Fans','2'),(47,'2','2018-12-08 12:44:30.000000','Y','N','5','11','8','4',NULL,NULL,NULL,'Panel Replacements ','3'),(49,'1','2018-12-08 12:45:36.000000','Y','N','1','2','2','3',NULL,NULL,'wires','Ceiling Fans','2'),(50,'1','2018-12-08 12:45:36.000000','Y','N','5','11','8','3',NULL,NULL,NULL,'Panel Replacements ','3'),(52,'1','2018-12-08 12:45:45.000000','Y','N','1','2','2','3',NULL,NULL,'wires','Ceiling Fans','2'),(53,'1','2018-12-08 12:45:45.000000','Y','N','5','11','8','3',NULL,NULL,NULL,'Panel Replacements ','3'),(55,'1','2018-12-08 12:48:37.000000','Y','N','1','2','2','3',NULL,NULL,'wires','Ceiling Fans','2'),(56,'1','2018-12-08 12:48:37.000000','Y','N','5','11','8','3',NULL,NULL,NULL,'Panel Replacements ','3'),(58,'1','2018-12-08 12:49:35.000000','Y','N','1','2','2','3',NULL,NULL,'wires','Ceiling Fans','2'),(59,'1','2018-12-08 12:49:35.000000','Y','N','5','11','8','3',NULL,NULL,NULL,'Panel Replacements ','3'),(61,'1','2018-12-08 12:49:43.000000','Y','N','1','2','2','3',NULL,NULL,'wires','Ceiling Fans','2'),(62,'1','2018-12-08 12:49:43.000000','Y','N','5','11','8','3',NULL,NULL,NULL,'Panel Replacements ','3'),(64,'1','2018-12-08 12:50:36.000000','Y','N','1','2','2','3',NULL,NULL,'wires','Ceiling Fans','2'),(65,'1','2018-12-08 12:50:36.000000','Y','N','5','11','8','3',NULL,NULL,NULL,'Panel Replacements ','3'),(67,'1','2018-12-08 12:52:08.000000','Y','N','1','2','2','3',NULL,NULL,'wires','Ceiling Fans','2'),(68,'1','2018-12-08 12:52:08.000000','Y','N','5','11','8','3',NULL,NULL,NULL,'Panel Replacements ','3'),(73,'2','2018-12-08 12:55:12.000000','Y','N','1','2','2','13',NULL,NULL,'wires','Ceiling Fans','2'),(74,'2','2018-12-08 12:55:12.000000','Y','N','5','11','8','13',NULL,NULL,NULL,'Panel Replacements ','3'),(76,'2','2018-12-08 12:55:12.000000','Y','N','1','2','2','14',NULL,NULL,'wires','Ceiling Fans','2'),(77,'2','2018-12-08 12:55:12.000000','Y','N','5','11','8','14',NULL,NULL,NULL,'Panel Replacements ','3'),(79,'2','2018-12-08 12:57:35.000000','Y','Y','5','11','8','15',NULL,NULL,NULL,'Panel Replacements ','3'),(80,'2','2018-12-08 12:57:35.000000','Y','N','1','2','2','15',NULL,NULL,'wires','Ceiling Fans','2'),(82,'2','2018-12-08 12:57:35.000000','Y','N','1','2','2','16',NULL,NULL,'wires','Ceiling Fans','2'),(83,'2','2018-12-08 12:57:35.000000','Y','N','5','11','8','16',NULL,NULL,NULL,'Panel Replacements ','3'),(85,'2','2018-12-08 12:59:57.000000','Y','Y','5','11','8','17',NULL,NULL,NULL,'Panel Replacements ','3'),(86,'2','2018-12-08 12:59:57.000000','Y','N','1','2','2','17',NULL,NULL,'wires','Ceiling Fans','2'),(88,'2','2018-12-08 12:59:57.000000','Y','N','1','2','2','18',NULL,NULL,'wires','Ceiling Fans','2'),(89,'2','2018-12-08 12:59:57.000000','Y','N','5','11','8','18',NULL,NULL,NULL,'Panel Replacements ','3'),(91,'1','2018-12-08 13:01:32.000000','Y','Y','5','11','8','11',NULL,NULL,NULL,'Panel Replacements ','3'),(92,'1','2018-12-08 13:01:32.000000','Y','N','1','2','2','11',NULL,NULL,'wires','Ceiling Fans','2'),(94,'2','2018-12-08 13:27:50.000000','Y','Y','5','11','8','19',NULL,NULL,NULL,'Panel Replacements ','3'),(95,'2','2018-12-08 13:27:50.000000','Y','N','1','2','2','19',NULL,NULL,'wires','Ceiling Fans','2'),(97,'2','2018-12-08 13:27:50.000000','Y','N','1','2','2','20',NULL,NULL,'wires','Ceiling Fans','2'),(98,'2','2018-12-08 13:27:50.000000','Y','N','5','11','8','20',NULL,NULL,NULL,'Panel Replacements ','3'),(106,'2','2018-12-08 13:39:00.000000','Y','N','1','1','1','21',NULL,NULL,'wires','Automation Controls & Systems ','3'),(107,'2','2018-12-08 13:39:00.000000','Y','N','4','10','7','21',NULL,NULL,NULL,'Generator Installation ','2'),(108,'2','2018-12-08 13:39:00.000000','Y','N','1','15','12','21',NULL,NULL,'wires','GeneralService','3'),(109,'2','2018-12-08 13:39:00.000000','Y','N','1','1','1','22',NULL,NULL,'wires','Automation Controls & Systems ','3'),(110,'2','2018-12-08 13:39:00.000000','Y','N','4','10','7','22',NULL,NULL,NULL,'Generator Installation ','2'),(111,'2','2018-12-08 13:39:00.000000','Y','N','1','15','12','22',NULL,NULL,'wires','GeneralService','3'),(112,'2','2018-12-08 13:39:00.000000','Y','N','1','1','1','23',NULL,NULL,'wires','Automation Controls & Systems ','3'),(113,'2','2018-12-08 13:39:00.000000','Y','N','4','10','7','23',NULL,NULL,NULL,'Generator Installation ','2'),(114,'2','2018-12-08 13:39:00.000000','Y','N','1','15','12','23',NULL,NULL,'wires','GeneralService','3'),(115,'2','2018-12-08 13:39:00.000000','Y','N','1','1','1','24',NULL,NULL,'wires','Automation Controls & Systems ','3'),(116,'2','2018-12-08 13:39:00.000000','Y','N','4','10','7','24',NULL,NULL,NULL,'Generator Installation ','2'),(117,'2','2018-12-08 13:39:00.000000','Y','N','1','15','12','24',NULL,NULL,'wires','GeneralService','3'),(118,'1','2018-12-08 14:35:23.000000','Y','Y','5','11','8','25',NULL,NULL,NULL,'Panel Replacements ','3'),(119,'1','2018-12-08 14:35:23.000000','Y','N','1','2','2','25',NULL,NULL,'wires','Ceiling Fans','2'),(121,'1','2018-12-08 14:35:23.000000','Y','N','1','2','2','26',NULL,NULL,'wires','Ceiling Fans','2'),(122,'1','2018-12-08 14:35:23.000000','Y','N','5','11','8','26',NULL,NULL,NULL,'Panel Replacements ','3'),(124,'2','2018-12-08 14:35:41.000000','Y','Y','5','11','8','27',NULL,NULL,NULL,'Panel Replacements ','3'),(125,'2','2018-12-08 14:35:41.000000','Y','N','1','2','2','27',NULL,NULL,'wires','Ceiling Fans','2'),(127,'2','2018-12-08 14:35:41.000000','Y','N','1','2','2','28',NULL,NULL,'wires','Ceiling Fans','2'),(128,'2','2018-12-08 14:35:41.000000','Y','N','5','11','8','28',NULL,NULL,NULL,'Panel Replacements ','3'),(130,'2','2018-12-08 14:37:36.000000','Y','Y','5','11','8','29',NULL,NULL,NULL,'Panel Replacements ','3'),(131,'2','2018-12-08 14:37:36.000000','Y','N','1','2','2','29',NULL,NULL,'wires','Ceiling Fans','2'),(133,'2','2018-12-08 14:37:36.000000','Y','N','1','2','2','30',NULL,NULL,'wires','Ceiling Fans','2'),(134,'2','2018-12-08 14:37:36.000000','Y','N','5','11','8','30',NULL,NULL,NULL,'Panel Replacements ','3'),(142,'2','2018-12-08 14:40:08.000000','Y','N','3','6','4','33',NULL,NULL,'General','Electric Heat','4'),(143,'2','2018-12-08 14:40:08.000000','Y','N','3','13','5','33',NULL,NULL,'General','Electrical Maintenance ','1'),(145,'2','2018-12-08 14:40:08.000000','Y','N','3','6','4','34',NULL,NULL,'General','Electric Heat','4'),(146,'2','2018-12-08 14:40:08.000000','Y','N','3','13','5','34',NULL,NULL,'General','Electrical Maintenance ','1'),(154,'2','2018-12-08 14:42:57.000000','Y','N','1','1','1','37',NULL,NULL,'wires','Automation Controls & Systems ','3'),(155,'2','2018-12-08 14:42:57.000000','Y','N','4','10','7','37',NULL,NULL,NULL,'Generator Installation ','2'),(156,'2','2018-12-08 14:42:57.000000','Y','N','1','15','12','37',NULL,NULL,'wires','GeneralService','3'),(157,'2','2018-12-08 14:42:57.000000','Y','N','1','1','1','38',NULL,NULL,'wires','Automation Controls & Systems ','3'),(158,'2','2018-12-08 14:42:57.000000','Y','N','4','10','7','38',NULL,NULL,NULL,'Generator Installation ','2'),(159,'2','2018-12-08 14:42:57.000000','Y','N','1','15','12','38',NULL,NULL,'wires','GeneralService','3'),(166,'2','2018-12-08 15:40:18.000000','Y','N','1','1','1','41',NULL,NULL,'wires','Automation Controls & Systems ','3'),(167,'2','2018-12-08 15:40:18.000000','Y','N','4','10','7','41',NULL,NULL,NULL,'Generator Installation ','2'),(168,'2','2018-12-08 15:40:18.000000','Y','N','1','15','12','41',NULL,NULL,'wires','GeneralService','3'),(169,'2','2018-12-08 15:40:18.000000','Y','N','1','1','1','42',NULL,NULL,'wires','Automation Controls & Systems ','3'),(170,'2','2018-12-08 15:40:18.000000','Y','N','4','10','7','42',NULL,NULL,NULL,'Generator Installation ','2'),(171,'2','2018-12-08 15:40:18.000000','Y','N','1','15','12','42',NULL,NULL,'wires','GeneralService','3'),(172,'3','2018-12-10 09:17:43.000000','Y','N','1','1','1','43',NULL,NULL,'wires','Automation Controls & Systems ','3'),(173,'3','2018-12-10 09:17:43.000000','Y','N','4','10','7','43',NULL,NULL,NULL,'Generator Installation ','2'),(174,'3','2018-12-10 09:17:43.000000','Y','N','1','15','12','43',NULL,NULL,'wires','GeneralService','3'),(175,'3','2018-12-10 09:17:43.000000','Y','N','1','1','1','44',NULL,NULL,'wires','Automation Controls & Systems ','3'),(176,'3','2018-12-10 09:17:43.000000','Y','N','4','10','7','44',NULL,NULL,NULL,'Generator Installation ','2'),(177,'3','2018-12-10 09:17:43.000000','Y','N','1','15','12','44',NULL,NULL,'wires','GeneralService','3'),(178,'1','2018-12-11 10:06:33.000000','Y','N','1','1','1','47',NULL,NULL,'wires','Automation Controls & Systems ','3'),(179,'1','2018-12-11 10:06:33.000000','Y','N','4','10','7','47',NULL,NULL,NULL,'Generator Installation ','2'),(180,'1','2018-12-11 10:06:33.000000','Y','N','1','15','12','47',NULL,NULL,'wires','GeneralService','3'),(181,'1','2018-12-11 10:06:33.000000','Y','N','1','1','1','48',NULL,NULL,'wires','Automation Controls & Systems ','3'),(182,'1','2018-12-11 10:06:33.000000','Y','N','4','10','7','48',NULL,NULL,NULL,'Generator Installation ','2'),(183,'1','2018-12-11 10:06:33.000000','Y','N','1','15','12','48',NULL,NULL,'wires','GeneralService','3'),(184,'1','2018-12-11 10:12:30.000000','Y','N','1','1','1','49',NULL,NULL,'wires','Automation Controls & Systems ','3'),(185,'1','2018-12-11 10:12:30.000000','Y','N','4','10','7','49',NULL,NULL,NULL,'Generator Installation ','2'),(186,'1','2018-12-11 10:12:30.000000','Y','N','1','15','12','49',NULL,NULL,'wires','GeneralService','3'),(187,'1','2018-12-11 10:12:30.000000','Y','N','1','1','1','50',NULL,NULL,'wires','Automation Controls & Systems ','3'),(188,'1','2018-12-11 10:12:30.000000','Y','N','4','10','7','50',NULL,NULL,NULL,'Generator Installation ','2'),(189,'1','2018-12-11 10:12:30.000000','Y','N','1','15','12','50',NULL,NULL,'wires','GeneralService','3'),(190,'1','2018-12-11 10:45:29.000000','Y','N','1','1','1','51',NULL,NULL,'wires','Automation Controls & Systems ','3'),(191,'1','2018-12-11 10:45:29.000000','Y','N','4','10','7','51',NULL,NULL,NULL,'Generator Installation ','2'),(192,'1','2018-12-11 10:45:29.000000','Y','N','1','15','12','51',NULL,NULL,'wires','GeneralService','3'),(193,'1','2018-12-11 10:45:29.000000','Y','N','1','1','1','52',NULL,NULL,'wires','Automation Controls & Systems ','3'),(194,'1','2018-12-11 10:45:29.000000','Y','N','4','10','7','52',NULL,NULL,NULL,'Generator Installation ','2'),(195,'1','2018-12-11 10:45:29.000000','Y','N','1','15','12','52',NULL,NULL,'wires','GeneralService','3'),(196,'1','2018-12-11 10:46:05.000000','Y','N','1','1','1','53',NULL,NULL,'wires','Automation Controls & Systems ','3'),(197,'1','2018-12-11 10:46:05.000000','Y','N','4','10','7','53',NULL,NULL,NULL,'Generator Installation ','2'),(198,'1','2018-12-11 10:46:05.000000','Y','N','1','15','12','53',NULL,NULL,'wires','GeneralService','3'),(199,'1','2018-12-11 10:46:05.000000','Y','N','1','1','1','54',NULL,NULL,'wires','Automation Controls & Systems ','3'),(200,'1','2018-12-11 10:46:05.000000','Y','N','4','10','7','54',NULL,NULL,NULL,'Generator Installation ','2'),(201,'1','2018-12-11 10:46:05.000000','Y','N','1','15','12','54',NULL,NULL,'wires','GeneralService','3'),(202,'1','2018-12-11 10:46:47.000000','Y','N','3','6','4','55',NULL,NULL,'General','Electric Heat','4'),(203,'1','2018-12-11 10:46:47.000000','Y','N','3','13','5','55',NULL,NULL,'General','Electrical Maintenance ','1'),(205,'1','2018-12-11 10:46:47.000000','Y','N','3','6','4','56',NULL,NULL,'General','Electric Heat','4'),(206,'1','2018-12-11 10:46:47.000000','Y','N','3','13','5','56',NULL,NULL,'General','Electrical Maintenance ','1'),(208,'1','2018-12-11 10:47:40.000000','Y','N','3','9','4','57',NULL,NULL,'General','Electric Heat','4'),(209,'1','2018-12-11 10:47:40.000000','Y','N','3','16','12','57',NULL,NULL,'General','GeneralService','4'),(211,'1','2018-12-11 10:47:40.000000','Y','N','3','9','4','58',NULL,NULL,'General','Electric Heat','4'),(212,'1','2018-12-11 10:47:40.000000','Y','N','3','16','12','58',NULL,NULL,'General','GeneralService','4'),(220,'1','2018-12-11 10:49:41.000000','Y','N','1','1','1','61',NULL,NULL,'wires','Automation Controls & Systems ','3'),(221,'1','2018-12-11 10:49:41.000000','Y','N','4','10','7','61',NULL,NULL,NULL,'Generator Installation ','2'),(222,'1','2018-12-11 10:49:41.000000','Y','N','1','15','12','61',NULL,NULL,'wires','GeneralService','3'),(223,'1','2018-12-11 10:49:41.000000','Y','N','1','1','1','62',NULL,NULL,'wires','Automation Controls & Systems ','3'),(224,'1','2018-12-11 10:49:41.000000','Y','N','4','10','7','62',NULL,NULL,NULL,'Generator Installation ','2'),(225,'1','2018-12-11 10:49:41.000000','Y','N','1','15','12','62',NULL,NULL,'wires','GeneralService','3'),(226,'1','2018-12-11 11:29:02.000000','Y','N','1','1','1','63',NULL,NULL,'wires','Automation Controls & Systems ','3'),(227,'1','2018-12-11 11:29:02.000000','Y','N','4','10','7','63',NULL,NULL,NULL,'Generator Installation ','2'),(228,'1','2018-12-11 11:29:02.000000','Y','N','1','15','12','63',NULL,NULL,'wires','GeneralService','3'),(229,'1','2018-12-11 11:29:02.000000','Y','N','1','1','1','64',NULL,NULL,'wires','Automation Controls & Systems ','3'),(230,'1','2018-12-11 11:29:02.000000','Y','N','4','10','7','64',NULL,NULL,NULL,'Generator Installation ','2'),(231,'1','2018-12-11 11:29:02.000000','Y','N','1','15','12','64',NULL,NULL,'wires','GeneralService','3'),(232,'3','2018-12-11 13:51:22.000000','Y','N','1','1','1','65',NULL,NULL,'wires','Automation Controls & Systems ','3'),(233,'3','2018-12-11 13:51:22.000000','Y','N','4','10','7','65',NULL,NULL,NULL,'Generator Installation ','2'),(234,'3','2018-12-11 13:51:22.000000','Y','N','1','15','12','65',NULL,NULL,'wires','GeneralService','3'),(235,'3','2018-12-11 13:51:22.000000','Y','N','1','1','1','66',NULL,NULL,'wires','Automation Controls & Systems ','3'),(236,'3','2018-12-11 13:51:22.000000','Y','N','4','10','7','66',NULL,NULL,NULL,'Generator Installation ','2'),(237,'3','2018-12-11 13:51:22.000000','Y','N','1','15','12','66',NULL,NULL,'wires','GeneralService','3'),(238,'3','2018-12-11 13:51:22.000000','Y','N','1','1','1','67',NULL,NULL,'wires','Automation Controls & Systems ','3'),(239,'3','2018-12-11 13:51:22.000000','Y','N','4','10','7','67',NULL,NULL,NULL,'Generator Installation ','2'),(240,'3','2018-12-11 13:51:22.000000','Y','N','1','15','12','67',NULL,NULL,'wires','GeneralService','3'),(241,'3','2018-12-11 13:51:22.000000','Y','N','1','1','1','68',NULL,NULL,'wires','Automation Controls & Systems ','3'),(242,'3','2018-12-11 13:51:22.000000','Y','N','4','10','7','68',NULL,NULL,NULL,'Generator Installation ','2'),(243,'3','2018-12-11 13:51:22.000000','Y','N','1','15','12','68',NULL,NULL,'wires','GeneralService','3'),(244,'4','2018-12-17 10:56:26.000000','Y','Y','1','1','1','69',NULL,NULL,'wires','Automation Controls & Systems ','3'),(245,'4','2018-12-17 10:56:26.000000','Y','N','4','10','7','69',NULL,NULL,NULL,'Generator Installation ','2'),(246,'4','2018-12-17 10:56:26.000000','Y','N','1','15','12','69',NULL,NULL,'wires','GeneralService','3'),(247,'4','2018-12-17 10:56:26.000000','Y','N','1','1','1','70',NULL,NULL,'wires','Automation Controls & Systems ','3'),(248,'4','2018-12-17 10:56:26.000000','Y','N','4','10','7','70',NULL,NULL,NULL,'Generator Installation ','2'),(249,'4','2018-12-17 10:56:26.000000','Y','N','1','15','12','70',NULL,NULL,'wires','GeneralService','3'),(250,'4','2018-12-17 10:56:26.000000','Y','N','1','1','1','71',NULL,NULL,'wires','Automation Controls & Systems ','3'),(251,'4','2018-12-17 10:56:26.000000','Y','N','4','10','7','71',NULL,NULL,NULL,'Generator Installation ','2'),(252,'4','2018-12-17 10:56:26.000000','Y','N','1','15','12','71',NULL,NULL,'wires','GeneralService','3'),(253,'4','2018-12-17 10:56:26.000000','Y','N','1','1','1','72',NULL,NULL,'wires','Automation Controls & Systems ','3'),(254,'4','2018-12-17 10:56:26.000000','Y','N','4','10','7','72',NULL,NULL,NULL,'Generator Installation ','2'),(255,'4','2018-12-17 10:56:26.000000','Y','N','1','15','12','72',NULL,NULL,'wires','GeneralService','3'),(256,'4','2018-12-17 10:56:26.000000','Y','N','1','1','1','73',NULL,NULL,'wires','Automation Controls & Systems ','3'),(257,'4','2018-12-17 10:56:26.000000','Y','N','4','10','7','73',NULL,NULL,NULL,'Generator Installation ','2'),(258,'4','2018-12-17 10:56:26.000000','Y','N','1','15','12','73',NULL,NULL,'wires','GeneralService','3'),(259,'4','2018-12-17 10:56:26.000000','Y','N','1','1','1','74',NULL,NULL,'wires','Automation Controls & Systems ','3'),(260,'4','2018-12-17 10:56:26.000000','Y','N','4','10','7','74',NULL,NULL,NULL,'Generator Installation ','2'),(261,'4','2018-12-17 10:56:26.000000','Y','N','1','15','12','74',NULL,NULL,'wires','GeneralService','3'),(262,'4','2018-12-17 10:56:26.000000','Y','N','1','1','1','75',NULL,NULL,'wires','Automation Controls & Systems ','3'),(263,'4','2018-12-17 10:56:26.000000','Y','N','4','10','7','75',NULL,NULL,NULL,'Generator Installation ','2'),(264,'4','2018-12-17 10:56:26.000000','Y','N','1','15','12','75',NULL,NULL,'wires','GeneralService','3'),(265,'23','2019-01-21 15:10:33.000000','Y','N','5','1','1','76',NULL,NULL,NULL,'Automation Controls & Systems ','3'),(266,'23','2019-01-21 15:10:33.000000','Y','N','4','10','7','76',NULL,NULL,NULL,'Generator Installation ','2'),(267,'23','2019-01-21 15:10:33.000000','Y','N','5','15','12','76',NULL,NULL,NULL,'GeneralService','3'),(268,'23','2019-01-21 15:10:33.000000','Y','N','5','1','1','77',NULL,NULL,NULL,'Automation Controls & Systems ','3'),(269,'23','2019-01-21 15:10:33.000000','Y','N','4','10','7','77',NULL,NULL,NULL,'Generator Installation ','2'),(270,'23','2019-01-21 15:10:33.000000','Y','N','5','15','12','77',NULL,NULL,NULL,'GeneralService','3'),(271,'23','2019-01-21 15:10:33.000000','Y','N','5','1','1','78',NULL,NULL,NULL,'Automation Controls & Systems ','3'),(272,'23','2019-01-21 15:10:33.000000','Y','N','4','10','7','78',NULL,NULL,NULL,'Generator Installation ','2'),(273,'23','2019-01-21 15:10:33.000000','Y','N','5','15','12','78',NULL,NULL,NULL,'GeneralService','3'),(274,'23','2019-01-21 15:10:33.000000','Y','N','5','1','1','79',NULL,NULL,NULL,'Automation Controls & Systems ','3'),(275,'23','2019-01-21 15:10:33.000000','Y','N','4','10','7','79',NULL,NULL,NULL,'Generator Installation ','2'),(276,'23','2019-01-21 15:10:33.000000','Y','N','5','15','12','79',NULL,NULL,NULL,'GeneralService','3'),(277,'23','2019-01-21 15:10:33.000000','Y','N','5','1','1','80',NULL,NULL,NULL,'Automation Controls & Systems ','3'),(278,'23','2019-01-21 15:10:33.000000','Y','N','4','10','7','80',NULL,NULL,NULL,'Generator Installation ','2'),(279,'23','2019-01-21 15:10:33.000000','Y','N','5','15','12','80',NULL,NULL,NULL,'GeneralService','3'),(280,'23','2019-01-21 15:10:33.000000','Y','N','5','1','1','81',NULL,NULL,NULL,'Automation Controls & Systems ','3'),(281,'23','2019-01-21 15:10:33.000000','Y','N','4','10','7','81',NULL,NULL,NULL,'Generator Installation ','2'),(282,'23','2019-01-21 15:10:33.000000','Y','N','5','15','12','81',NULL,NULL,NULL,'GeneralService','3'),(283,'23','2019-01-21 15:10:33.000000','Y','N','5','1','1','82',NULL,NULL,NULL,'Automation Controls & Systems ','3'),(284,'23','2019-01-21 15:10:33.000000','Y','N','4','10','7','82',NULL,NULL,NULL,'Generator Installation ','2'),(285,'23','2019-01-21 15:10:33.000000','Y','N','5','15','12','82',NULL,NULL,NULL,'GeneralService','3'),(307,'4','2019-01-22 17:39:56.000000','Y','N','5','1','1','90',NULL,NULL,NULL,'Automation Controls & Systems ','3'),(308,'4','2019-01-22 17:39:56.000000','Y','N','4','10','7','90',NULL,NULL,NULL,'Generator Installation ','2'),(309,'4','2019-01-22 17:39:56.000000','Y','N','5','15','12','90',NULL,NULL,NULL,'GeneralService','3'),(310,'4','2019-01-22 17:39:56.000000','Y','N','5','1','1','91',NULL,NULL,NULL,'Automation Controls & Systems ','3'),(311,'4','2019-01-22 17:39:56.000000','Y','N','4','10','7','91',NULL,NULL,NULL,'Generator Installation ','2'),(312,'4','2019-01-22 17:39:56.000000','Y','N','5','15','12','91',NULL,NULL,NULL,'GeneralService','3'),(313,'4','2019-01-22 17:39:56.000000','Y','N','5','1','1','92',NULL,NULL,NULL,'Automation Controls & Systems ','3'),(314,'4','2019-01-22 17:39:56.000000','Y','N','4','10','7','92',NULL,NULL,NULL,'Generator Installation ','2'),(315,'4','2019-01-22 17:39:56.000000','Y','N','5','15','12','92',NULL,NULL,NULL,'GeneralService','3'),(316,'4','2019-01-22 17:39:56.000000','Y','N','5','1','1','93',NULL,NULL,NULL,'Automation Controls & Systems ','3'),(317,'4','2019-01-22 17:39:56.000000','Y','N','4','10','7','93',NULL,NULL,NULL,'Generator Installation ','2'),(318,'4','2019-01-22 17:39:56.000000','Y','N','5','15','12','93',NULL,NULL,NULL,'GeneralService','3'),(319,'4','2019-01-22 17:39:56.000000','Y','N','5','1','1','94',NULL,NULL,NULL,'Automation Controls & Systems ','3'),(320,'4','2019-01-22 17:39:56.000000','Y','N','4','10','7','94',NULL,NULL,NULL,'Generator Installation ','2'),(321,'4','2019-01-22 17:39:56.000000','Y','N','5','15','12','94',NULL,NULL,NULL,'GeneralService','3'),(322,'4','2019-01-22 17:39:56.000000','Y','N','5','1','1','95',NULL,NULL,NULL,'Automation Controls & Systems ','3'),(323,'4','2019-01-22 17:39:56.000000','Y','N','4','10','7','95',NULL,NULL,NULL,'Generator Installation ','2'),(324,'4','2019-01-22 17:39:56.000000','Y','N','5','15','12','95',NULL,NULL,NULL,'GeneralService','3'),(325,'4','2019-01-22 17:39:56.000000','Y','N','5','1','1','96',NULL,NULL,NULL,'Automation Controls & Systems ','3'),(326,'4','2019-01-22 17:39:56.000000','Y','N','4','10','7','96',NULL,NULL,NULL,'Generator Installation ','2'),(327,'4','2019-01-22 17:39:56.000000','Y','N','5','15','12','96',NULL,NULL,NULL,'GeneralService','3'),(328,'4','2019-01-22 17:42:05.000000','Y','N','5','1','1','97',NULL,NULL,NULL,'Automation Controls & Systems ','3'),(329,'4','2019-01-22 17:42:05.000000','Y','N','4','10','7','97',NULL,NULL,NULL,'Generator Installation ','2'),(330,'4','2019-01-22 17:42:05.000000','Y','N','5','15','12','97',NULL,NULL,NULL,'GeneralService','3'),(331,'4','2019-01-22 17:42:05.000000','Y','N','5','1','1','98',NULL,NULL,NULL,'Automation Controls & Systems ','3'),(332,'4','2019-01-22 17:42:05.000000','Y','N','4','10','7','98',NULL,NULL,NULL,'Generator Installation ','2'),(333,'4','2019-01-22 17:42:05.000000','Y','N','5','15','12','98',NULL,NULL,NULL,'GeneralService','3'),(334,'4','2019-01-22 17:42:05.000000','Y','N','5','1','1','99',NULL,NULL,NULL,'Automation Controls & Systems ','3'),(335,'4','2019-01-22 17:42:05.000000','Y','N','4','10','7','99',NULL,NULL,NULL,'Generator Installation ','2'),(336,'4','2019-01-22 17:42:05.000000','Y','N','5','15','12','99',NULL,NULL,NULL,'GeneralService','3'),(337,'4','2019-01-22 17:42:05.000000','Y','N','5','1','1','100',NULL,NULL,NULL,'Automation Controls & Systems ','3'),(338,'4','2019-01-22 17:42:05.000000','Y','N','4','10','7','100',NULL,NULL,NULL,'Generator Installation ','2'),(339,'4','2019-01-22 17:42:05.000000','Y','N','5','15','12','100',NULL,NULL,NULL,'GeneralService','3'),(340,'4','2019-01-22 17:42:05.000000','Y','N','5','1','1','101',NULL,NULL,NULL,'Automation Controls & Systems ','3'),(341,'4','2019-01-22 17:42:05.000000','Y','N','4','10','7','101',NULL,NULL,NULL,'Generator Installation ','2'),(342,'4','2019-01-22 17:42:05.000000','Y','N','5','15','12','101',NULL,NULL,NULL,'GeneralService','3'),(343,'4','2019-01-22 17:42:05.000000','Y','N','5','1','1','102',NULL,NULL,NULL,'Automation Controls & Systems ','3'),(344,'4','2019-01-22 17:42:05.000000','Y','N','4','10','7','102',NULL,NULL,NULL,'Generator Installation ','2'),(345,'4','2019-01-22 17:42:05.000000','Y','N','5','15','12','102',NULL,NULL,NULL,'GeneralService','3'),(346,'4','2019-01-22 17:42:05.000000','Y','N','5','1','1','103',NULL,NULL,NULL,'Automation Controls & Systems ','3'),(347,'4','2019-01-22 17:42:05.000000','Y','N','4','10','7','103',NULL,NULL,NULL,'Generator Installation ','2'),(348,'4','2019-01-22 17:42:05.000000','Y','N','5','15','12','103',NULL,NULL,NULL,'GeneralService','3'),(349,'2','2019-01-23 18:24:15.000000','Y','N','5','1','1','104',NULL,NULL,NULL,'Automation Controls & Systems ','3'),(350,'2','2019-01-23 18:24:15.000000','Y','N','4','10','7','104',NULL,NULL,NULL,'Generator Installation ','2'),(351,'2','2019-01-23 18:24:15.000000','Y','N','5','15','12','104',NULL,NULL,NULL,'GeneralService','3'),(352,'2','2019-01-23 18:24:15.000000','Y','N','5','1','1','105',NULL,NULL,NULL,'Automation Controls & Systems ','3'),(353,'2','2019-01-23 18:24:15.000000','Y','N','4','10','7','105',NULL,NULL,NULL,'Generator Installation ','2'),(354,'2','2019-01-23 18:24:15.000000','Y','N','5','15','12','105',NULL,NULL,NULL,'GeneralService','3'),(355,'2','2019-01-23 18:24:15.000000','Y','N','5','1','1','106',NULL,NULL,NULL,'Automation Controls & Systems ','3'),(356,'2','2019-01-23 18:24:15.000000','Y','N','4','10','7','106',NULL,NULL,NULL,'Generator Installation ','2'),(357,'2','2019-01-23 18:24:15.000000','Y','N','5','15','12','106',NULL,NULL,NULL,'GeneralService','3'),(358,'2','2019-01-23 18:24:15.000000','Y','N','5','1','1','107',NULL,NULL,NULL,'Automation Controls & Systems ','3'),(359,'2','2019-01-23 18:24:15.000000','Y','N','4','10','7','107',NULL,NULL,NULL,'Generator Installation ','2'),(360,'2','2019-01-23 18:24:15.000000','Y','N','5','15','12','107',NULL,NULL,NULL,'GeneralService','3'),(361,'2','2019-01-23 18:24:15.000000','Y','N','5','1','1','108',NULL,NULL,NULL,'Automation Controls & Systems ','3'),(362,'2','2019-01-23 18:24:15.000000','Y','N','4','10','7','108',NULL,NULL,NULL,'Generator Installation ','2'),(363,'2','2019-01-23 18:24:15.000000','Y','N','5','15','12','108',NULL,NULL,NULL,'GeneralService','3'),(364,'2','2019-01-23 18:24:15.000000','Y','N','5','1','1','109',NULL,NULL,NULL,'Automation Controls & Systems ','3'),(365,'2','2019-01-23 18:24:15.000000','Y','N','4','10','7','109',NULL,NULL,NULL,'Generator Installation ','2'),(366,'2','2019-01-23 18:24:15.000000','Y','N','5','15','12','109',NULL,NULL,NULL,'GeneralService','3'),(367,'2','2019-01-23 18:24:15.000000','Y','N','5','1','1','110',NULL,NULL,NULL,'Automation Controls & Systems ','3'),(368,'2','2019-01-23 18:24:15.000000','Y','N','4','10','7','110',NULL,NULL,NULL,'Generator Installation ','2'),(369,'2','2019-01-23 18:24:15.000000','Y','N','5','15','12','110',NULL,NULL,NULL,'GeneralService','3'),(370,'3','2019-01-29 13:59:48.000000','Y','N','5','1','1','111',NULL,NULL,NULL,'Automation Controls & Systems ','3'),(371,'3','2019-01-29 13:59:48.000000','Y','N','4','10','7','111',NULL,NULL,NULL,'Generator Installation ','2'),(372,'3','2019-01-29 13:59:48.000000','Y','N','5','15','12','111',NULL,NULL,NULL,'GeneralService','3'),(373,'3','2019-01-29 13:59:48.000000','Y','N','5','1','1','112',NULL,NULL,NULL,'Automation Controls & Systems ','3'),(374,'3','2019-01-29 13:59:48.000000','Y','N','4','10','7','112',NULL,NULL,NULL,'Generator Installation ','2'),(375,'3','2019-01-29 13:59:48.000000','Y','N','5','15','12','112',NULL,NULL,NULL,'GeneralService','3'),(376,'3','2019-01-29 13:59:48.000000','Y','N','5','1','1','113',NULL,NULL,NULL,'Automation Controls & Systems ','3'),(377,'3','2019-01-29 13:59:48.000000','Y','N','4','10','7','113',NULL,NULL,NULL,'Generator Installation ','2'),(378,'3','2019-01-29 13:59:48.000000','Y','N','5','15','12','113',NULL,NULL,NULL,'GeneralService','3'),(379,'3','2019-01-29 13:59:48.000000','Y','N','5','1','1','114',NULL,NULL,NULL,'Automation Controls & Systems ','3'),(380,'3','2019-01-29 13:59:48.000000','Y','N','4','10','7','114',NULL,NULL,NULL,'Generator Installation ','2'),(381,'3','2019-01-29 13:59:48.000000','Y','N','5','15','12','114',NULL,NULL,NULL,'GeneralService','3'),(382,'3','2019-01-29 13:59:48.000000','Y','N','5','1','1','115',NULL,NULL,NULL,'Automation Controls & Systems ','3'),(383,'3','2019-01-29 13:59:48.000000','Y','N','4','10','7','115',NULL,NULL,NULL,'Generator Installation ','2'),(384,'3','2019-01-29 13:59:48.000000','Y','N','5','15','12','115',NULL,NULL,NULL,'GeneralService','3'),(385,'3','2019-01-29 13:59:48.000000','Y','N','5','1','1','116',NULL,NULL,NULL,'Automation Controls & Systems ','3'),(386,'3','2019-01-29 13:59:48.000000','Y','N','4','10','7','116',NULL,NULL,NULL,'Generator Installation ','2'),(387,'3','2019-01-29 13:59:48.000000','Y','N','5','15','12','116',NULL,NULL,NULL,'GeneralService','3'),(388,'3','2019-01-29 13:59:48.000000','Y','N','5','1','1','117',NULL,NULL,NULL,'Automation Controls & Systems ','3'),(389,'3','2019-01-29 13:59:48.000000','Y','N','4','10','7','117',NULL,NULL,NULL,'Generator Installation ','2'),(390,'3','2019-01-29 13:59:48.000000','Y','N','5','15','12','117',NULL,NULL,NULL,'GeneralService','3'),(391,'4','2019-02-02 15:58:22.000000','Y','N','5','1','1','118',NULL,NULL,NULL,'Automation Controls & Systems ','3'),(392,'4','2019-02-02 15:58:22.000000','Y','N','4','10','7','118',NULL,NULL,NULL,'Generator Installation ','2'),(393,'4','2019-02-02 15:58:22.000000','Y','N','5','15','12','118',NULL,NULL,NULL,'GeneralService','3'),(394,'4','2019-02-02 15:58:22.000000','Y','N','5','1','1','119',NULL,NULL,NULL,'Automation Controls & Systems ','3'),(395,'4','2019-02-02 15:58:22.000000','Y','N','4','10','7','119',NULL,NULL,NULL,'Generator Installation ','2'),(396,'4','2019-02-02 15:58:22.000000','Y','N','5','15','12','119',NULL,NULL,NULL,'GeneralService','3'),(397,'4','2019-02-02 15:58:22.000000','Y','N','5','1','1','120',NULL,NULL,NULL,'Automation Controls & Systems ','3'),(398,'4','2019-02-02 15:58:22.000000','Y','N','4','10','7','120',NULL,NULL,NULL,'Generator Installation ','2'),(399,'4','2019-02-02 15:58:22.000000','Y','N','5','15','12','120',NULL,NULL,NULL,'GeneralService','3'),(400,'4','2019-02-02 15:58:22.000000','Y','N','5','1','1','121',NULL,NULL,NULL,'Automation Controls & Systems ','3'),(401,'4','2019-02-02 15:58:22.000000','Y','N','4','10','7','121',NULL,NULL,NULL,'Generator Installation ','2'),(402,'4','2019-02-02 15:58:22.000000','Y','N','5','15','12','121',NULL,NULL,NULL,'GeneralService','3'),(403,'4','2019-02-02 15:58:22.000000','Y','N','5','1','1','122',NULL,NULL,NULL,'Automation Controls & Systems ','3'),(404,'4','2019-02-02 15:58:22.000000','Y','N','4','10','7','122',NULL,NULL,NULL,'Generator Installation ','2'),(405,'4','2019-02-02 15:58:22.000000','Y','N','5','15','12','122',NULL,NULL,NULL,'GeneralService','3'),(406,'4','2019-02-02 15:58:22.000000','Y','N','5','1','1','123',NULL,NULL,NULL,'Automation Controls & Systems ','3'),(407,'4','2019-02-02 15:58:22.000000','Y','N','4','10','7','123',NULL,NULL,NULL,'Generator Installation ','2'),(408,'4','2019-02-02 15:58:22.000000','Y','N','5','15','12','123',NULL,NULL,NULL,'GeneralService','3'),(409,'4','2019-02-02 15:58:22.000000','Y','N','5','1','1','124',NULL,NULL,NULL,'Automation Controls & Systems ','3'),(410,'4','2019-02-02 15:58:22.000000','Y','N','4','10','7','124',NULL,NULL,NULL,'Generator Installation ','2'),(411,'4','2019-02-02 15:58:22.000000','Y','N','5','15','12','124',NULL,NULL,NULL,'GeneralService','3'),(412,'4','2019-02-02 15:59:02.000000','Y','N','5','1','1','125',NULL,NULL,NULL,'Automation Controls & Systems ','3'),(413,'4','2019-02-02 15:59:02.000000','Y','N','4','10','7','125',NULL,NULL,NULL,'Generator Installation ','2'),(414,'4','2019-02-02 15:59:02.000000','Y','N','5','15','12','125',NULL,NULL,NULL,'GeneralService','3'),(415,'4','2019-02-02 15:59:02.000000','Y','N','5','1','1','126',NULL,NULL,NULL,'Automation Controls & Systems ','3'),(416,'4','2019-02-02 15:59:02.000000','Y','N','4','10','7','126',NULL,NULL,NULL,'Generator Installation ','2'),(417,'4','2019-02-02 15:59:02.000000','Y','N','5','15','12','126',NULL,NULL,NULL,'GeneralService','3'),(418,'4','2019-02-02 15:59:02.000000','Y','N','5','1','1','127',NULL,NULL,NULL,'Automation Controls & Systems ','3'),(419,'4','2019-02-02 15:59:02.000000','Y','N','4','10','7','127',NULL,NULL,NULL,'Generator Installation ','2'),(420,'4','2019-02-02 15:59:02.000000','Y','N','5','15','12','127',NULL,NULL,NULL,'GeneralService','3'),(421,'4','2019-02-02 15:59:02.000000','Y','N','5','1','1','128',NULL,NULL,NULL,'Automation Controls & Systems ','3'),(422,'4','2019-02-02 15:59:02.000000','Y','N','4','10','7','128',NULL,NULL,NULL,'Generator Installation ','2'),(423,'4','2019-02-02 15:59:02.000000','Y','N','5','15','12','128',NULL,NULL,NULL,'GeneralService','3'),(424,'4','2019-02-02 15:59:02.000000','Y','N','5','1','1','129',NULL,NULL,NULL,'Automation Controls & Systems ','3'),(425,'4','2019-02-02 15:59:02.000000','Y','N','4','10','7','129',NULL,NULL,NULL,'Generator Installation ','2'),(426,'4','2019-02-02 15:59:02.000000','Y','N','5','15','12','129',NULL,NULL,NULL,'GeneralService','3'),(427,'4','2019-02-02 15:59:02.000000','Y','N','5','1','1','130',NULL,NULL,NULL,'Automation Controls & Systems ','3'),(428,'4','2019-02-02 15:59:02.000000','Y','N','4','10','7','130',NULL,NULL,NULL,'Generator Installation ','2'),(429,'4','2019-02-02 15:59:02.000000','Y','N','5','15','12','130',NULL,NULL,NULL,'GeneralService','3'),(430,'4','2019-02-02 15:59:02.000000','Y','N','5','1','1','131',NULL,NULL,NULL,'Automation Controls & Systems ','3'),(431,'4','2019-02-02 15:59:02.000000','Y','N','4','10','7','131',NULL,NULL,NULL,'Generator Installation ','2'),(432,'4','2019-02-02 15:59:02.000000','Y','N','5','15','12','131',NULL,NULL,NULL,'GeneralService','3'),(433,'4','2019-02-02 17:22:06.000000','Y','N','5','1','1','132',NULL,NULL,NULL,'Automation Controls & Systems ','3'),(434,'4','2019-02-02 17:22:06.000000','Y','N','4','10','7','132',NULL,NULL,NULL,'Generator Installation ','2'),(435,'4','2019-02-02 17:22:06.000000','Y','N','5','15','12','132',NULL,NULL,NULL,'GeneralService','3'),(436,'4','2019-02-02 17:22:06.000000','Y','N','5','1','1','133',NULL,NULL,NULL,'Automation Controls & Systems ','3'),(437,'4','2019-02-02 17:22:06.000000','Y','N','4','10','7','133',NULL,NULL,NULL,'Generator Installation ','2'),(438,'4','2019-02-02 17:22:06.000000','Y','N','5','15','12','133',NULL,NULL,NULL,'GeneralService','3'),(439,'4','2019-02-02 17:22:06.000000','Y','N','5','1','1','134',NULL,NULL,NULL,'Automation Controls & Systems ','3'),(440,'4','2019-02-02 17:22:06.000000','Y','N','4','10','7','134',NULL,NULL,NULL,'Generator Installation ','2'),(441,'4','2019-02-02 17:22:06.000000','Y','N','5','15','12','134',NULL,NULL,NULL,'GeneralService','3'),(442,'4','2019-02-02 17:22:06.000000','Y','N','5','1','1','135',NULL,NULL,NULL,'Automation Controls & Systems ','3'),(443,'4','2019-02-02 17:22:06.000000','Y','N','4','10','7','135',NULL,NULL,NULL,'Generator Installation ','2'),(444,'4','2019-02-02 17:22:06.000000','Y','N','5','15','12','135',NULL,NULL,NULL,'GeneralService','3'),(445,'4','2019-02-02 17:22:06.000000','Y','N','5','1','1','136',NULL,NULL,NULL,'Automation Controls & Systems ','3'),(446,'4','2019-02-02 17:22:06.000000','Y','N','4','10','7','136',NULL,NULL,NULL,'Generator Installation ','2'),(447,'4','2019-02-02 17:22:06.000000','Y','N','5','15','12','136',NULL,NULL,NULL,'GeneralService','3'),(448,'4','2019-02-02 17:22:06.000000','Y','N','5','1','1','137',NULL,NULL,NULL,'Automation Controls & Systems ','3'),(449,'4','2019-02-02 17:22:06.000000','Y','N','4','10','7','137',NULL,NULL,NULL,'Generator Installation ','2'),(450,'4','2019-02-02 17:22:06.000000','Y','N','5','15','12','137',NULL,NULL,NULL,'GeneralService','3'),(451,'4','2019-02-02 17:22:06.000000','Y','N','5','1','1','138',NULL,NULL,NULL,'Automation Controls & Systems ','3'),(452,'4','2019-02-02 17:22:06.000000','Y','N','4','10','7','138',NULL,NULL,NULL,'Generator Installation ','2'),(453,'4','2019-02-02 17:22:06.000000','Y','N','5','15','12','138',NULL,NULL,NULL,'GeneralService','3'),(454,'2','2019-02-05 11:38:21.000000','Y','N','5','1','1','139',NULL,NULL,NULL,'Automation Controls & Systems ','3'),(455,'2','2019-02-05 11:38:21.000000','Y','N','4','10','7','139',NULL,NULL,NULL,'Generator Installation ','2'),(456,'2','2019-02-05 11:38:21.000000','Y','N','5','15','12','139',NULL,NULL,NULL,'GeneralService','3'),(457,'2','2019-02-05 11:38:21.000000','Y','N','5','1','1','140',NULL,NULL,NULL,'Automation Controls & Systems ','3'),(458,'2','2019-02-05 11:38:21.000000','Y','N','4','10','7','140',NULL,NULL,NULL,'Generator Installation ','2'),(459,'2','2019-02-05 11:38:21.000000','Y','N','5','15','12','140',NULL,NULL,NULL,'GeneralService','3'),(460,'2','2019-02-05 11:38:21.000000','Y','N','5','1','1','141',NULL,NULL,NULL,'Automation Controls & Systems ','3'),(461,'2','2019-02-05 11:38:21.000000','Y','N','4','10','7','141',NULL,NULL,NULL,'Generator Installation ','2'),(462,'2','2019-02-05 11:38:21.000000','Y','N','5','15','12','141',NULL,NULL,NULL,'GeneralService','3'),(463,'2','2019-02-05 11:38:21.000000','Y','N','5','1','1','142',NULL,NULL,NULL,'Automation Controls & Systems ','3'),(464,'2','2019-02-05 11:38:21.000000','Y','N','4','10','7','142',NULL,NULL,NULL,'Generator Installation ','2'),(465,'2','2019-02-05 11:38:21.000000','Y','N','5','15','12','142',NULL,NULL,NULL,'GeneralService','3'),(466,'2','2019-02-05 11:38:21.000000','Y','N','5','1','1','143',NULL,NULL,NULL,'Automation Controls & Systems ','3'),(467,'2','2019-02-05 11:38:21.000000','Y','N','4','10','7','143',NULL,NULL,NULL,'Generator Installation ','2'),(468,'2','2019-02-05 11:38:21.000000','Y','N','5','15','12','143',NULL,NULL,NULL,'GeneralService','3'),(469,'2','2019-02-05 11:38:21.000000','Y','N','5','1','1','144',NULL,NULL,NULL,'Automation Controls & Systems ','3'),(470,'2','2019-02-05 11:38:21.000000','Y','N','4','10','7','144',NULL,NULL,NULL,'Generator Installation ','2'),(471,'2','2019-02-05 11:38:21.000000','Y','N','5','15','12','144',NULL,NULL,NULL,'GeneralService','3'),(472,'2','2019-02-05 11:38:21.000000','Y','N','5','1','1','145',NULL,NULL,NULL,'Automation Controls & Systems ','3'),(473,'2','2019-02-05 11:38:21.000000','Y','N','4','10','7','145',NULL,NULL,NULL,'Generator Installation ','2'),(474,'2','2019-02-05 11:38:21.000000','Y','N','5','15','12','145',NULL,NULL,NULL,'GeneralService','3'),(475,'2','2019-03-11 14:01:11.000000','Y','N','5','1','1','146',NULL,NULL,'wires','Automation Controls & Systems ','3'),(476,'2','2019-03-11 14:01:11.000000','Y','N','4','10','7','146',NULL,NULL,'Product','Generator Installation ','2'),(477,'2','2019-03-11 14:01:11.000000','Y','N','5','15','12','146',NULL,NULL,'wires','GeneralService','3'),(478,'2','2019-03-11 14:01:11.000000','Y','N','5','1','1','147',NULL,NULL,'wires','Automation Controls & Systems ','3'),(479,'2','2019-03-11 14:01:11.000000','Y','N','4','10','7','147',NULL,NULL,'Product','Generator Installation ','2'),(480,'2','2019-03-11 14:01:11.000000','Y','N','5','15','12','147',NULL,NULL,'wires','GeneralService','3'),(481,'2','2019-03-11 14:01:11.000000','Y','N','5','1','1','148',NULL,NULL,'wires','Automation Controls & Systems ','3'),(482,'2','2019-03-11 14:01:11.000000','Y','N','4','10','7','148',NULL,NULL,'Product','Generator Installation ','2'),(483,'2','2019-03-11 14:01:11.000000','Y','N','5','15','12','148',NULL,NULL,'wires','GeneralService','3'),(484,'2','2019-03-11 14:01:11.000000','Y','N','5','1','1','149',NULL,NULL,'wires','Automation Controls & Systems ','3'),(485,'2','2019-03-11 14:01:11.000000','Y','N','4','10','7','149',NULL,NULL,'Product','Generator Installation ','2'),(486,'2','2019-03-11 14:01:11.000000','Y','N','5','15','12','149',NULL,NULL,'wires','GeneralService','3'),(487,'2','2019-03-11 14:01:11.000000','Y','N','5','1','1','150',NULL,NULL,'wires','Automation Controls & Systems ','3'),(488,'2','2019-03-11 14:01:11.000000','Y','N','4','10','7','150',NULL,NULL,'Product','Generator Installation ','2'),(489,'2','2019-03-11 14:01:11.000000','Y','N','5','15','12','150',NULL,NULL,'wires','GeneralService','3'),(490,'2','2019-03-11 14:01:11.000000','Y','N','5','1','1','151',NULL,NULL,'wires','Automation Controls & Systems ','3'),(491,'2','2019-03-11 14:01:11.000000','Y','N','4','10','7','151',NULL,NULL,'Product','Generator Installation ','2'),(492,'2','2019-03-11 14:01:11.000000','Y','N','5','15','12','151',NULL,NULL,'wires','GeneralService','3'),(493,'2','2019-03-11 14:01:11.000000','Y','N','5','1','1','152',NULL,NULL,'wires','Automation Controls & Systems ','3'),(494,'2','2019-03-11 14:01:11.000000','Y','N','4','10','7','152',NULL,NULL,'Product','Generator Installation ','2'),(495,'2','2019-03-11 14:01:11.000000','Y','N','5','15','12','152',NULL,NULL,'wires','GeneralService','3'),(496,'2','2019-03-11 14:01:11.000000','Y','N','5','1','1','153',NULL,NULL,'wires','Automation Controls & Systems ','3'),(497,'2','2019-03-11 14:01:11.000000','Y','N','4','10','7','153',NULL,NULL,'Product','Generator Installation ','2'),(498,'2','2019-03-11 14:01:11.000000','Y','N','5','15','12','153',NULL,NULL,'wires','GeneralService','3'),(499,'2','2019-03-11 14:03:15.000000','Y','N','5','1','1','154',NULL,NULL,'wires','Automation Controls & Systems ','3'),(500,'2','2019-03-11 14:03:15.000000','Y','N','4','10','7','154',NULL,NULL,'Product','Generator Installation ','2'),(501,'2','2019-03-11 14:03:15.000000','Y','N','5','15','12','154',NULL,NULL,'wires','GeneralService','3'),(502,'2','2019-03-11 14:03:15.000000','Y','N','5','1','1','155',NULL,NULL,'wires','Automation Controls & Systems ','3'),(503,'2','2019-03-11 14:03:15.000000','Y','N','4','10','7','155',NULL,NULL,'Product','Generator Installation ','2'),(504,'2','2019-03-11 14:03:15.000000','Y','N','5','15','12','155',NULL,NULL,'wires','GeneralService','3'),(505,'2','2019-03-11 14:03:16.000000','Y','N','5','1','1','156',NULL,NULL,'wires','Automation Controls & Systems ','3'),(506,'2','2019-03-11 14:03:16.000000','Y','N','4','10','7','156',NULL,NULL,'Product','Generator Installation ','2'),(507,'2','2019-03-11 14:03:16.000000','Y','N','5','15','12','156',NULL,NULL,'wires','GeneralService','3'),(508,'2','2019-03-11 14:03:16.000000','Y','N','5','1','1','157',NULL,NULL,'wires','Automation Controls & Systems ','3'),(509,'2','2019-03-11 14:03:16.000000','Y','N','4','10','7','157',NULL,NULL,'Product','Generator Installation ','2'),(510,'2','2019-03-11 14:03:16.000000','Y','N','5','15','12','157',NULL,NULL,'wires','GeneralService','3'),(511,'2','2019-03-11 14:03:16.000000','Y','N','5','1','1','158',NULL,NULL,'wires','Automation Controls & Systems ','3'),(512,'2','2019-03-11 14:03:16.000000','Y','N','4','10','7','158',NULL,NULL,'Product','Generator Installation ','2'),(513,'2','2019-03-11 14:03:16.000000','Y','N','5','15','12','158',NULL,NULL,'wires','GeneralService','3'),(514,'2','2019-03-11 14:03:16.000000','Y','N','5','1','1','159',NULL,NULL,'wires','Automation Controls & Systems ','3'),(515,'2','2019-03-11 14:03:16.000000','Y','N','4','10','7','159',NULL,NULL,'Product','Generator Installation ','2'),(516,'2','2019-03-11 14:03:16.000000','Y','N','5','15','12','159',NULL,NULL,'wires','GeneralService','3'),(517,'2','2019-03-11 14:03:16.000000','Y','N','5','1','1','160',NULL,NULL,'wires','Automation Controls & Systems ','3'),(518,'2','2019-03-11 14:03:16.000000','Y','N','4','10','7','160',NULL,NULL,'Product','Generator Installation ','2'),(519,'2','2019-03-11 14:03:16.000000','Y','N','5','15','12','160',NULL,NULL,'wires','GeneralService','3'),(520,'2','2019-03-11 14:03:16.000000','Y','N','5','1','1','161',NULL,NULL,'wires','Automation Controls & Systems ','3'),(521,'2','2019-03-11 14:03:16.000000','Y','N','4','10','7','161',NULL,NULL,'Product','Generator Installation ','2'),(522,'2','2019-03-11 14:03:16.000000','Y','N','5','15','12','161',NULL,NULL,'wires','GeneralService','3'),(523,'4','2019-03-16 16:16:12.000000','Y','N','5','1','1','162',NULL,NULL,'wires','Automation Controls & Systems ','3'),(524,'4','2019-03-16 16:16:12.000000','Y','N','4','10','7','162',NULL,NULL,'Product','Generator Installation ','2'),(525,'4','2019-03-16 16:16:12.000000','Y','N','5','15','12','162',NULL,NULL,'wires','GeneralService','3'),(526,'4','2019-03-16 16:16:12.000000','Y','N','5','1','1','163',NULL,NULL,'wires','Automation Controls & Systems ','3'),(527,'4','2019-03-16 16:16:12.000000','Y','N','4','10','7','163',NULL,NULL,'Product','Generator Installation ','2'),(528,'4','2019-03-16 16:16:12.000000','Y','N','5','15','12','163',NULL,NULL,'wires','GeneralService','3'),(529,'4','2019-03-16 16:16:12.000000','Y','N','5','1','1','164',NULL,NULL,'wires','Automation Controls & Systems ','3'),(530,'4','2019-03-16 16:16:12.000000','Y','N','4','10','7','164',NULL,NULL,'Product','Generator Installation ','2'),(531,'4','2019-03-16 16:16:12.000000','Y','N','5','15','12','164',NULL,NULL,'wires','GeneralService','3'),(532,'4','2019-03-16 16:16:12.000000','Y','N','5','1','1','165',NULL,NULL,'wires','Automation Controls & Systems ','3'),(533,'4','2019-03-16 16:16:12.000000','Y','N','4','10','7','165',NULL,NULL,'Product','Generator Installation ','2'),(534,'4','2019-03-16 16:16:12.000000','Y','N','5','15','12','165',NULL,NULL,'wires','GeneralService','3'),(535,'4','2019-03-16 16:16:12.000000','Y','N','5','1','1','166',NULL,NULL,'wires','Automation Controls & Systems ','3'),(536,'4','2019-03-16 16:16:12.000000','Y','N','4','10','7','166',NULL,NULL,'Product','Generator Installation ','2'),(537,'4','2019-03-16 16:16:12.000000','Y','N','5','15','12','166',NULL,NULL,'wires','GeneralService','3'),(538,'4','2019-03-16 16:16:12.000000','Y','N','5','1','1','167',NULL,NULL,'wires','Automation Controls & Systems ','3'),(539,'4','2019-03-16 16:16:12.000000','Y','N','4','10','7','167',NULL,NULL,'Product','Generator Installation ','2'),(540,'4','2019-03-16 16:16:12.000000','Y','N','5','15','12','167',NULL,NULL,'wires','GeneralService','3'),(541,'4','2019-03-16 16:16:12.000000','Y','N','5','1','1','168',NULL,NULL,'wires','Automation Controls & Systems ','3'),(542,'4','2019-03-16 16:16:12.000000','Y','N','4','10','7','168',NULL,NULL,'Product','Generator Installation ','2'),(543,'4','2019-03-16 16:16:12.000000','Y','N','5','15','12','168',NULL,NULL,'wires','GeneralService','3'),(544,'4','2019-03-16 16:16:12.000000','Y','N','5','1','1','169',NULL,NULL,'wires','Automation Controls & Systems ','3'),(545,'4','2019-03-16 16:16:12.000000','Y','N','4','10','7','169',NULL,NULL,'Product','Generator Installation ','2'),(546,'4','2019-03-16 16:16:12.000000','Y','N','5','15','12','169',NULL,NULL,'wires','GeneralService','3'),(595,'2','2019-03-18 13:25:19.000000','Y','N','5','1','1','186',NULL,NULL,'wires','Automation Controls & Systems ','3'),(596,'2','2019-03-18 13:25:19.000000','Y','N','4','10','7','186',NULL,NULL,'Product','Generator Installation ','2'),(597,'2','2019-03-18 13:25:19.000000','Y','N','5','15','12','186',NULL,NULL,'wires','GeneralService','3'),(598,'2','2019-03-18 13:25:19.000000','Y','N','5','1','1','187',NULL,NULL,'wires','Automation Controls & Systems ','3'),(599,'2','2019-03-18 13:25:19.000000','Y','N','4','10','7','187',NULL,NULL,'Product','Generator Installation ','2'),(600,'2','2019-03-18 13:25:19.000000','Y','N','5','15','12','187',NULL,NULL,'wires','GeneralService','3'),(601,'2','2019-03-18 13:25:19.000000','Y','N','5','1','1','188',NULL,NULL,'wires','Automation Controls & Systems ','3'),(602,'2','2019-03-18 13:25:19.000000','Y','N','4','10','7','188',NULL,NULL,'Product','Generator Installation ','2'),(603,'2','2019-03-18 13:25:19.000000','Y','N','5','15','12','188',NULL,NULL,'wires','GeneralService','3'),(604,'2','2019-03-18 13:25:19.000000','Y','N','5','1','1','189',NULL,NULL,'wires','Automation Controls & Systems ','3'),(605,'2','2019-03-18 13:25:19.000000','Y','N','4','10','7','189',NULL,NULL,'Product','Generator Installation ','2'),(606,'2','2019-03-18 13:25:19.000000','Y','N','5','15','12','189',NULL,NULL,'wires','GeneralService','3'),(607,'2','2019-03-18 13:25:19.000000','Y','N','5','1','1','190',NULL,NULL,'wires','Automation Controls & Systems ','3'),(608,'2','2019-03-18 13:25:19.000000','Y','N','4','10','7','190',NULL,NULL,'Product','Generator Installation ','2'),(609,'2','2019-03-18 13:25:19.000000','Y','N','5','15','12','190',NULL,NULL,'wires','GeneralService','3'),(610,'2','2019-03-18 13:25:19.000000','Y','N','5','1','1','191',NULL,NULL,'wires','Automation Controls & Systems ','3'),(611,'2','2019-03-18 13:25:19.000000','Y','N','4','10','7','191',NULL,NULL,'Product','Generator Installation ','2'),(612,'2','2019-03-18 13:25:19.000000','Y','N','5','15','12','191',NULL,NULL,'wires','GeneralService','3'),(613,'2','2019-03-18 13:25:19.000000','Y','N','5','1','1','192',NULL,NULL,'wires','Automation Controls & Systems ','3'),(614,'2','2019-03-18 13:25:19.000000','Y','N','4','10','7','192',NULL,NULL,'Product','Generator Installation ','2'),(615,'2','2019-03-18 13:25:19.000000','Y','N','5','15','12','192',NULL,NULL,'wires','GeneralService','3'),(616,'2','2019-03-18 13:25:19.000000','Y','N','5','1','1','193',NULL,NULL,'wires','Automation Controls & Systems ','3'),(617,'2','2019-03-18 13:25:19.000000','Y','N','4','10','7','193',NULL,NULL,'Product','Generator Installation ','2'),(618,'2','2019-03-18 13:25:19.000000','Y','N','5','15','12','193',NULL,NULL,'wires','GeneralService','3'),(643,'2','2019-03-18 15:59:50.000000','Y','N','5','2','2','202',NULL,NULL,'wires','Ceiling Fans','2'),(644,'2','2019-03-18 15:59:50.000000','Y','N','5','11','8','202',NULL,NULL,'wires','Panel Replacements ','3'),(646,'2','2019-03-18 15:59:50.000000','Y','N','5','2','2','203',NULL,NULL,'wires','Ceiling Fans','2'),(647,'2','2019-03-18 15:59:50.000000','Y','N','5','11','8','203',NULL,NULL,'wires','Panel Replacements ','3'),(649,'2','2019-03-18 15:59:50.000000','Y','Y','5','11','8','204',NULL,NULL,'wires','Panel Replacements ','3'),(650,'2','2019-03-18 15:59:50.000000','Y','N','5','2','2','204',NULL,NULL,'wires','Ceiling Fans','2'),(652,'2','2019-03-18 15:59:50.000000','Y','N','5','2','2','205',NULL,NULL,'wires','Ceiling Fans','2'),(653,'2','2019-03-18 15:59:50.000000','Y','N','5','11','8','205',NULL,NULL,'wires','Panel Replacements ','3'),(655,'2','2019-03-18 15:59:51.000000','Y','N','5','2','2','206',NULL,NULL,'wires','Ceiling Fans','2'),(656,'2','2019-03-18 15:59:51.000000','Y','N','5','11','8','206',NULL,NULL,'wires','Panel Replacements ','3'),(658,'2','2019-03-18 15:59:51.000000','Y','N','5','2','2','207',NULL,NULL,'wires','Ceiling Fans','2'),(659,'2','2019-03-18 15:59:51.000000','Y','N','5','11','8','207',NULL,NULL,'wires','Panel Replacements ','3'),(661,'2','2019-03-18 15:59:51.000000','Y','N','5','2','2','208',NULL,NULL,'wires','Ceiling Fans','2'),(662,'2','2019-03-18 15:59:51.000000','Y','N','5','11','8','208',NULL,NULL,'wires','Panel Replacements ','3'),(664,'2','2019-03-18 15:59:51.000000','Y','N','5','2','2','209',NULL,NULL,'wires','Ceiling Fans','2'),(665,'2','2019-03-18 15:59:51.000000','Y','N','5','11','8','209',NULL,NULL,'wires','Panel Replacements ','3'),(715,'2','2019-03-19 10:46:17.000000','Y','N','5','2','2','226',NULL,NULL,'wires','Ceiling Fans','2'),(716,'2','2019-03-19 10:46:17.000000','Y','N','5','11','8','226',NULL,NULL,'wires','Panel Replacements ','3'),(718,'2','2019-03-19 10:46:17.000000','Y','N','5','2','2','227',NULL,NULL,'wires','Ceiling Fans','2'),(719,'2','2019-03-19 10:46:17.000000','Y','N','5','11','8','227',NULL,NULL,'wires','Panel Replacements ','3'),(721,'2','2019-03-19 10:46:17.000000','Y','Y','5','11','8','228',NULL,NULL,'wires','Panel Replacements ','3'),(722,'2','2019-03-19 10:46:17.000000','Y','N','5','2','2','228',NULL,NULL,'wires','Ceiling Fans','2'),(724,'2','2019-03-19 10:46:17.000000','Y','N','5','2','2','229',NULL,NULL,'wires','Ceiling Fans','2'),(725,'2','2019-03-19 10:46:17.000000','Y','N','5','11','8','229',NULL,NULL,'wires','Panel Replacements ','3'),(727,'2','2019-03-19 10:46:17.000000','Y','N','5','2','2','230',NULL,NULL,'wires','Ceiling Fans','2'),(728,'2','2019-03-19 10:46:17.000000','Y','N','5','11','8','230',NULL,NULL,'wires','Panel Replacements ','3'),(730,'2','2019-03-19 10:46:17.000000','Y','N','5','2','2','231',NULL,NULL,'wires','Ceiling Fans','2'),(731,'2','2019-03-19 10:46:17.000000','Y','N','5','11','8','231',NULL,NULL,'wires','Panel Replacements ','3'),(733,'2','2019-03-19 10:46:17.000000','Y','N','5','2','2','232',NULL,NULL,'wires','Ceiling Fans','2'),(734,'2','2019-03-19 10:46:17.000000','Y','N','5','11','8','232',NULL,NULL,'wires','Panel Replacements ','3'),(736,'2','2019-03-19 10:46:17.000000','Y','N','5','2','2','233',NULL,NULL,'wires','Ceiling Fans','2'),(737,'2','2019-03-19 10:46:17.000000','Y','N','5','11','8','233',NULL,NULL,'wires','Panel Replacements ','3'),(739,'2','2019-03-19 13:18:13.000000','Y','N','5','1','1','234',NULL,NULL,'wires','Automation Controls & Systems ','3'),(740,'2','2019-03-19 13:18:13.000000','Y','N','4','10','7','234',NULL,NULL,'Product','Generator Installation ','2'),(741,'2','2019-03-19 13:18:13.000000','Y','N','5','15','12','234',NULL,NULL,'wires','GeneralService','3'),(742,'2','2019-03-19 13:18:13.000000','Y','N','5','1','1','235',NULL,NULL,'wires','Automation Controls & Systems ','3'),(743,'2','2019-03-19 13:18:13.000000','Y','N','4','10','7','235',NULL,NULL,'Product','Generator Installation ','2'),(744,'2','2019-03-19 13:18:13.000000','Y','N','5','15','12','235',NULL,NULL,'wires','GeneralService','3'),(745,'2','2019-03-19 13:18:13.000000','Y','N','5','1','1','236',NULL,NULL,'wires','Automation Controls & Systems ','3'),(746,'2','2019-03-19 13:18:13.000000','Y','N','4','10','7','236',NULL,NULL,'Product','Generator Installation ','2'),(747,'2','2019-03-19 13:18:13.000000','Y','N','5','15','12','236',NULL,NULL,'wires','GeneralService','3'),(748,'2','2019-03-19 13:18:13.000000','Y','N','5','1','1','237',NULL,NULL,'wires','Automation Controls & Systems ','3'),(749,'2','2019-03-19 13:18:13.000000','Y','N','4','10','7','237',NULL,NULL,'Product','Generator Installation ','2'),(750,'2','2019-03-19 13:18:13.000000','Y','N','5','15','12','237',NULL,NULL,'wires','GeneralService','3'),(751,'2','2019-03-19 13:18:13.000000','Y','N','5','1','1','238',NULL,NULL,'wires','Automation Controls & Systems ','3'),(752,'2','2019-03-19 13:18:13.000000','Y','N','4','10','7','238',NULL,NULL,'Product','Generator Installation ','2'),(753,'2','2019-03-19 13:18:13.000000','Y','N','5','15','12','238',NULL,NULL,'wires','GeneralService','3'),(754,'2','2019-03-19 13:18:13.000000','Y','N','5','1','1','239',NULL,NULL,'wires','Automation Controls & Systems ','3'),(755,'2','2019-03-19 13:18:13.000000','Y','N','4','10','7','239',NULL,NULL,'Product','Generator Installation ','2'),(756,'2','2019-03-19 13:18:13.000000','Y','N','5','15','12','239',NULL,NULL,'wires','GeneralService','3'),(757,'2','2019-03-19 13:18:13.000000','Y','N','5','1','1','240',NULL,NULL,'wires','Automation Controls & Systems ','3'),(758,'2','2019-03-19 13:18:13.000000','Y','N','4','10','7','240',NULL,NULL,'Product','Generator Installation ','2'),(759,'2','2019-03-19 13:18:13.000000','Y','N','5','15','12','240',NULL,NULL,'wires','GeneralService','3'),(760,'2','2019-03-19 13:18:13.000000','Y','N','5','1','1','241',NULL,NULL,'wires','Automation Controls & Systems ','3'),(761,'2','2019-03-19 13:18:13.000000','Y','N','4','10','7','241',NULL,NULL,'Product','Generator Installation ','2'),(762,'2','2019-03-19 13:18:13.000000','Y','N','5','15','12','241',NULL,NULL,'wires','GeneralService','3'),(787,'2','2019-03-19 13:21:14.000000','Y','N','5','2','2','250',NULL,NULL,'wires','Ceiling Fans','2'),(788,'2','2019-03-19 13:21:14.000000','Y','N','5','11','8','250',NULL,NULL,'wires','Panel Replacements ','3'),(790,'2','2019-03-19 13:21:14.000000','Y','N','5','2','2','251',NULL,NULL,'wires','Ceiling Fans','2'),(791,'2','2019-03-19 13:21:14.000000','Y','N','5','11','8','251',NULL,NULL,'wires','Panel Replacements ','3'),(793,'2','2019-03-19 13:21:14.000000','Y','Y','5','11','8','252',NULL,NULL,'wires','Panel Replacements ','3'),(794,'2','2019-03-19 13:21:14.000000','Y','N','5','2','2','252',NULL,NULL,'wires','Ceiling Fans','2'),(796,'2','2019-03-19 13:21:14.000000','Y','N','5','2','2','253',NULL,NULL,'wires','Ceiling Fans','2'),(797,'2','2019-03-19 13:21:14.000000','Y','N','5','11','8','253',NULL,NULL,'wires','Panel Replacements ','3'),(799,'2','2019-03-19 13:21:14.000000','Y','N','5','2','2','254',NULL,NULL,'wires','Ceiling Fans','2'),(800,'2','2019-03-19 13:21:14.000000','Y','N','5','11','8','254',NULL,NULL,'wires','Panel Replacements ','3'),(802,'2','2019-03-19 13:21:14.000000','Y','N','5','2','2','255',NULL,NULL,'wires','Ceiling Fans','2'),(803,'2','2019-03-19 13:21:14.000000','Y','N','5','11','8','255',NULL,NULL,'wires','Panel Replacements ','3'),(805,'2','2019-03-19 13:21:14.000000','Y','N','5','2','2','256',NULL,NULL,'wires','Ceiling Fans','2'),(806,'2','2019-03-19 13:21:14.000000','Y','N','5','11','8','256',NULL,NULL,'wires','Panel Replacements ','3'),(808,'2','2019-03-19 13:21:14.000000','Y','N','5','2','2','257',NULL,NULL,'wires','Ceiling Fans','2'),(809,'2','2019-03-19 13:21:14.000000','Y','N','5','11','8','257',NULL,NULL,'wires','Panel Replacements ','3'),(811,'2','2019-03-19 14:38:22.000000','Y','N','5','1','1','266',NULL,NULL,'wires','Automation Controls & Systems ','3'),(812,'2','2019-03-19 14:38:22.000000','Y','N','4','10','7','266',NULL,NULL,'Product','Generator Installation ','2'),(813,'2','2019-03-19 14:38:22.000000','Y','N','5','15','12','266',NULL,NULL,'wires','GeneralService','3'),(814,'2','2019-03-19 14:38:22.000000','Y','N','5','1','1','267',NULL,NULL,'wires','Automation Controls & Systems ','3'),(815,'2','2019-03-19 14:38:22.000000','Y','N','4','10','7','267',NULL,NULL,'Product','Generator Installation ','2'),(816,'2','2019-03-19 14:38:22.000000','Y','N','5','15','12','267',NULL,NULL,'wires','GeneralService','3'),(817,'2','2019-03-19 14:38:22.000000','Y','N','5','1','1','268',NULL,NULL,'wires','Automation Controls & Systems ','3'),(818,'2','2019-03-19 14:38:22.000000','Y','N','4','10','7','268',NULL,NULL,'Product','Generator Installation ','2'),(819,'2','2019-03-19 14:38:22.000000','Y','N','5','15','12','268',NULL,NULL,'wires','GeneralService','3'),(820,'2','2019-03-19 14:38:22.000000','Y','N','5','1','1','269',NULL,NULL,'wires','Automation Controls & Systems ','3'),(821,'2','2019-03-19 14:38:22.000000','Y','N','4','10','7','269',NULL,NULL,'Product','Generator Installation ','2'),(822,'2','2019-03-19 14:38:22.000000','Y','N','5','15','12','269',NULL,NULL,'wires','GeneralService','3'),(823,'2','2019-03-19 14:38:22.000000','Y','N','5','1','1','270',NULL,NULL,'wires','Automation Controls & Systems ','3'),(824,'2','2019-03-19 14:38:22.000000','Y','N','4','10','7','270',NULL,NULL,'Product','Generator Installation ','2'),(825,'2','2019-03-19 14:38:22.000000','Y','N','5','15','12','270',NULL,NULL,'wires','GeneralService','3'),(826,'2','2019-03-19 14:38:22.000000','Y','N','5','1','1','271',NULL,NULL,'wires','Automation Controls & Systems ','3'),(827,'2','2019-03-19 14:38:22.000000','Y','N','4','10','7','271',NULL,NULL,'Product','Generator Installation ','2'),(828,'2','2019-03-19 14:38:22.000000','Y','N','5','15','12','271',NULL,NULL,'wires','GeneralService','3'),(829,'2','2019-03-19 14:38:22.000000','Y','N','5','1','1','272',NULL,NULL,'wires','Automation Controls & Systems ','3'),(830,'2','2019-03-19 14:38:22.000000','Y','N','4','10','7','272',NULL,NULL,'Product','Generator Installation ','2'),(831,'2','2019-03-19 14:38:22.000000','Y','N','5','15','12','272',NULL,NULL,'wires','GeneralService','3'),(832,'2','2019-03-19 14:38:22.000000','Y','N','5','1','1','273',NULL,NULL,'wires','Automation Controls & Systems ','3'),(833,'2','2019-03-19 14:38:22.000000','Y','N','4','10','7','273',NULL,NULL,'Product','Generator Installation ','2'),(834,'2','2019-03-19 14:38:22.000000','Y','N','5','15','12','273',NULL,NULL,'wires','GeneralService','3'),(835,'4','2019-03-19 14:39:02.000000','Y','N','5','1','1','274',NULL,NULL,'wires','Automation Controls & Systems ','3'),(836,'4','2019-03-19 14:39:02.000000','Y','N','4','10','7','274',NULL,NULL,'Product','Generator Installation ','2'),(837,'4','2019-03-19 14:39:02.000000','Y','N','5','15','12','274',NULL,NULL,'wires','GeneralService','3'),(838,'4','2019-03-19 14:39:02.000000','Y','N','5','1','1','275',NULL,NULL,'wires','Automation Controls & Systems ','3'),(839,'4','2019-03-19 14:39:02.000000','Y','N','4','10','7','275',NULL,NULL,'Product','Generator Installation ','2'),(840,'4','2019-03-19 14:39:02.000000','Y','N','5','15','12','275',NULL,NULL,'wires','GeneralService','3'),(841,'4','2019-03-19 14:39:02.000000','Y','N','5','1','1','276',NULL,NULL,'wires','Automation Controls & Systems ','3'),(842,'4','2019-03-19 14:39:02.000000','Y','N','4','10','7','276',NULL,NULL,'Product','Generator Installation ','2'),(843,'4','2019-03-19 14:39:02.000000','Y','N','5','15','12','276',NULL,NULL,'wires','GeneralService','3'),(844,'4','2019-03-19 14:39:02.000000','Y','N','5','1','1','277',NULL,NULL,'wires','Automation Controls & Systems ','3'),(845,'4','2019-03-19 14:39:02.000000','Y','N','4','10','7','277',NULL,NULL,'Product','Generator Installation ','2'),(846,'4','2019-03-19 14:39:02.000000','Y','N','5','15','12','277',NULL,NULL,'wires','GeneralService','3'),(847,'4','2019-03-19 14:39:02.000000','Y','N','5','1','1','278',NULL,NULL,'wires','Automation Controls & Systems ','3'),(848,'4','2019-03-19 14:39:02.000000','Y','N','4','10','7','278',NULL,NULL,'Product','Generator Installation ','2'),(849,'4','2019-03-19 14:39:02.000000','Y','N','5','15','12','278',NULL,NULL,'wires','GeneralService','3'),(850,'4','2019-03-19 14:39:02.000000','Y','N','5','1','1','279',NULL,NULL,'wires','Automation Controls & Systems ','3'),(851,'4','2019-03-19 14:39:02.000000','Y','N','4','10','7','279',NULL,NULL,'Product','Generator Installation ','2'),(852,'4','2019-03-19 14:39:02.000000','Y','N','5','15','12','279',NULL,NULL,'wires','GeneralService','3'),(853,'4','2019-03-19 14:39:02.000000','Y','N','5','1','1','280',NULL,NULL,'wires','Automation Controls & Systems ','3'),(854,'4','2019-03-19 14:39:02.000000','Y','N','4','10','7','280',NULL,NULL,'Product','Generator Installation ','2'),(855,'4','2019-03-19 14:39:02.000000','Y','N','5','15','12','280',NULL,NULL,'wires','GeneralService','3'),(856,'4','2019-03-19 14:39:02.000000','Y','N','5','1','1','281',NULL,NULL,'wires','Automation Controls & Systems ','3'),(857,'4','2019-03-19 14:39:02.000000','Y','N','4','10','7','281',NULL,NULL,'Product','Generator Installation ','2'),(858,'4','2019-03-19 14:39:02.000000','Y','N','5','15','12','281',NULL,NULL,'wires','GeneralService','3'),(859,'4','2019-03-19 14:39:21.000000','Y','N','5','2','2','282',NULL,NULL,'wires','Ceiling Fans','2'),(860,'4','2019-03-19 14:39:21.000000','Y','N','5','11','8','282',NULL,NULL,'wires','Panel Replacements ','3'),(862,'4','2019-03-19 14:39:21.000000','Y','N','5','2','2','283',NULL,NULL,'wires','Ceiling Fans','2'),(863,'4','2019-03-19 14:39:21.000000','Y','N','5','11','8','283',NULL,NULL,'wires','Panel Replacements ','3'),(865,'4','2019-03-19 14:39:21.000000','Y','Y','5','11','8','284',NULL,NULL,'wires','Panel Replacements ','3'),(866,'4','2019-03-19 14:39:21.000000','Y','N','5','2','2','284',NULL,NULL,'wires','Ceiling Fans','2'),(868,'4','2019-03-19 14:39:21.000000','Y','N','5','2','2','285',NULL,NULL,'wires','Ceiling Fans','2'),(869,'4','2019-03-19 14:39:21.000000','Y','N','5','11','8','285',NULL,NULL,'wires','Panel Replacements ','3'),(871,'4','2019-03-19 14:39:21.000000','Y','N','5','2','2','286',NULL,NULL,'wires','Ceiling Fans','2'),(872,'4','2019-03-19 14:39:21.000000','Y','N','5','11','8','286',NULL,NULL,'wires','Panel Replacements ','3'),(874,'4','2019-03-19 14:39:21.000000','Y','N','5','2','2','287',NULL,NULL,'wires','Ceiling Fans','2'),(875,'4','2019-03-19 14:39:21.000000','Y','N','5','11','8','287',NULL,NULL,'wires','Panel Replacements ','3'),(877,'4','2019-03-19 14:39:21.000000','Y','N','5','2','2','288',NULL,NULL,'wires','Ceiling Fans','2'),(878,'4','2019-03-19 14:39:21.000000','Y','N','5','11','8','288',NULL,NULL,'wires','Panel Replacements ','3'),(880,'4','2019-03-19 14:39:21.000000','Y','N','5','2','2','289',NULL,NULL,'wires','Ceiling Fans','2'),(881,'4','2019-03-19 14:39:21.000000','Y','N','5','11','8','289',NULL,NULL,'wires','Panel Replacements ','3'),(931,'2','2019-03-19 14:54:52.000000','Y','N','5','1','1','306',NULL,NULL,'wires','Automation Controls & Systems ','3'),(932,'2','2019-03-19 14:54:52.000000','Y','N','4','10','7','306',NULL,NULL,'Product','Generator Installation ','2'),(933,'2','2019-03-19 14:54:52.000000','Y','N','5','15','12','306',NULL,NULL,'wires','GeneralService','3'),(934,'2','2019-03-19 14:54:52.000000','Y','N','5','1','1','307',NULL,NULL,'wires','Automation Controls & Systems ','3'),(935,'2','2019-03-19 14:54:52.000000','Y','N','4','10','7','307',NULL,NULL,'Product','Generator Installation ','2'),(936,'2','2019-03-19 14:54:52.000000','Y','N','5','15','12','307',NULL,NULL,'wires','GeneralService','3'),(937,'2','2019-03-19 14:54:52.000000','Y','N','5','1','1','308',NULL,NULL,'wires','Automation Controls & Systems ','3'),(938,'2','2019-03-19 14:54:52.000000','Y','N','4','10','7','308',NULL,NULL,'Product','Generator Installation ','2'),(939,'2','2019-03-19 14:54:52.000000','Y','N','5','15','12','308',NULL,NULL,'wires','GeneralService','3'),(940,'2','2019-03-19 14:54:52.000000','Y','N','5','1','1','309',NULL,NULL,'wires','Automation Controls & Systems ','3'),(941,'2','2019-03-19 14:54:52.000000','Y','N','4','10','7','309',NULL,NULL,'Product','Generator Installation ','2'),(942,'2','2019-03-19 14:54:52.000000','Y','N','5','15','12','309',NULL,NULL,'wires','GeneralService','3'),(943,'2','2019-03-19 14:54:52.000000','Y','N','5','1','1','310',NULL,NULL,'wires','Automation Controls & Systems ','3'),(944,'2','2019-03-19 14:54:52.000000','Y','N','4','10','7','310',NULL,NULL,'Product','Generator Installation ','2'),(945,'2','2019-03-19 14:54:52.000000','Y','N','5','15','12','310',NULL,NULL,'wires','GeneralService','3'),(946,'2','2019-03-19 14:54:52.000000','Y','N','5','1','1','311',NULL,NULL,'wires','Automation Controls & Systems ','3'),(947,'2','2019-03-19 14:54:52.000000','Y','N','4','10','7','311',NULL,NULL,'Product','Generator Installation ','2'),(948,'2','2019-03-19 14:54:52.000000','Y','N','5','15','12','311',NULL,NULL,'wires','GeneralService','3'),(949,'2','2019-03-19 14:54:52.000000','Y','N','5','1','1','312',NULL,NULL,'wires','Automation Controls & Systems ','3'),(950,'2','2019-03-19 14:54:52.000000','Y','N','4','10','7','312',NULL,NULL,'Product','Generator Installation ','2'),(951,'2','2019-03-19 14:54:52.000000','Y','N','5','15','12','312',NULL,NULL,'wires','GeneralService','3'),(952,'2','2019-03-19 14:54:52.000000','Y','N','5','1','1','313',NULL,NULL,'wires','Automation Controls & Systems ','3'),(953,'2','2019-03-19 14:54:52.000000','Y','N','4','10','7','313',NULL,NULL,'Product','Generator Installation ','2'),(954,'2','2019-03-19 14:54:52.000000','Y','N','5','15','12','313',NULL,NULL,'wires','GeneralService','3'),(955,'2','2019-03-19 14:55:57.000000','Y','N','5','1','1','314',NULL,NULL,'wires','Automation Controls & Systems ','3'),(956,'2','2019-03-19 14:55:57.000000','Y','N','4','10','7','314',NULL,NULL,'Product','Generator Installation ','2'),(957,'2','2019-03-19 14:55:57.000000','Y','N','5','15','12','314',NULL,NULL,'wires','GeneralService','3'),(958,'2','2019-03-19 14:55:57.000000','Y','N','5','1','1','315',NULL,NULL,'wires','Automation Controls & Systems ','3'),(959,'2','2019-03-19 14:55:57.000000','Y','N','4','10','7','315',NULL,NULL,'Product','Generator Installation ','2'),(960,'2','2019-03-19 14:55:57.000000','Y','N','5','15','12','315',NULL,NULL,'wires','GeneralService','3'),(961,'2','2019-03-19 14:55:57.000000','Y','N','5','1','1','316',NULL,NULL,'wires','Automation Controls & Systems ','3'),(962,'2','2019-03-19 14:55:57.000000','Y','N','4','10','7','316',NULL,NULL,'Product','Generator Installation ','2'),(963,'2','2019-03-19 14:55:57.000000','Y','N','5','15','12','316',NULL,NULL,'wires','GeneralService','3'),(964,'2','2019-03-19 14:55:57.000000','Y','N','5','1','1','317',NULL,NULL,'wires','Automation Controls & Systems ','3'),(965,'2','2019-03-19 14:55:57.000000','Y','N','4','10','7','317',NULL,NULL,'Product','Generator Installation ','2'),(966,'2','2019-03-19 14:55:57.000000','Y','N','5','15','12','317',NULL,NULL,'wires','GeneralService','3'),(967,'2','2019-03-19 14:55:57.000000','Y','N','5','1','1','318',NULL,NULL,'wires','Automation Controls & Systems ','3'),(968,'2','2019-03-19 14:55:57.000000','Y','N','4','10','7','318',NULL,NULL,'Product','Generator Installation ','2'),(969,'2','2019-03-19 14:55:57.000000','Y','N','5','15','12','318',NULL,NULL,'wires','GeneralService','3'),(970,'2','2019-03-19 14:55:57.000000','Y','N','5','1','1','319',NULL,NULL,'wires','Automation Controls & Systems ','3'),(971,'2','2019-03-19 14:55:57.000000','Y','N','4','10','7','319',NULL,NULL,'Product','Generator Installation ','2'),(972,'2','2019-03-19 14:55:57.000000','Y','N','5','15','12','319',NULL,NULL,'wires','GeneralService','3'),(973,'2','2019-03-19 14:55:57.000000','Y','N','5','1','1','320',NULL,NULL,'wires','Automation Controls & Systems ','3'),(974,'2','2019-03-19 14:55:57.000000','Y','N','4','10','7','320',NULL,NULL,'Product','Generator Installation ','2'),(975,'2','2019-03-19 14:55:57.000000','Y','N','5','15','12','320',NULL,NULL,'wires','GeneralService','3'),(976,'2','2019-03-19 14:55:57.000000','Y','N','5','1','1','321',NULL,NULL,'wires','Automation Controls & Systems ','3'),(977,'2','2019-03-19 14:55:57.000000','Y','N','4','10','7','321',NULL,NULL,'Product','Generator Installation ','2'),(978,'2','2019-03-19 14:55:57.000000','Y','N','5','15','12','321',NULL,NULL,'wires','GeneralService','3'),(979,'2','2019-03-19 16:10:13.000000','Y','N','5','1','1','322',NULL,NULL,'wires','Automation Controls & Systems ','3'),(980,'2','2019-03-19 16:10:13.000000','Y','N','4','10','7','322',NULL,NULL,'Product','Generator Installation ','2'),(981,'2','2019-03-19 16:10:13.000000','Y','N','5','15','12','322',NULL,NULL,'wires','GeneralService','3'),(982,'2','2019-03-19 16:10:13.000000','Y','N','5','1','1','323',NULL,NULL,'wires','Automation Controls & Systems ','3'),(983,'2','2019-03-19 16:10:13.000000','Y','N','4','10','7','323',NULL,NULL,'Product','Generator Installation ','2'),(984,'2','2019-03-19 16:10:13.000000','Y','N','5','15','12','323',NULL,NULL,'wires','GeneralService','3'),(985,'2','2019-03-19 16:10:13.000000','Y','N','5','1','1','324',NULL,NULL,'wires','Automation Controls & Systems ','3'),(986,'2','2019-03-19 16:10:13.000000','Y','N','4','10','7','324',NULL,NULL,'Product','Generator Installation ','2'),(987,'2','2019-03-19 16:10:13.000000','Y','N','5','15','12','324',NULL,NULL,'wires','GeneralService','3'),(988,'2','2019-03-19 16:10:13.000000','Y','N','5','1','1','325',NULL,NULL,'wires','Automation Controls & Systems ','3'),(989,'2','2019-03-19 16:10:13.000000','Y','N','4','10','7','325',NULL,NULL,'Product','Generator Installation ','2'),(990,'2','2019-03-19 16:10:13.000000','Y','N','5','15','12','325',NULL,NULL,'wires','GeneralService','3'),(991,'2','2019-03-19 16:10:13.000000','Y','N','5','1','1','326',NULL,NULL,'wires','Automation Controls & Systems ','3'),(992,'2','2019-03-19 16:10:13.000000','Y','N','4','10','7','326',NULL,NULL,'Product','Generator Installation ','2'),(993,'2','2019-03-19 16:10:13.000000','Y','N','5','15','12','326',NULL,NULL,'wires','GeneralService','3'),(994,'2','2019-03-19 16:10:13.000000','Y','N','5','1','1','327',NULL,NULL,'wires','Automation Controls & Systems ','3'),(995,'2','2019-03-19 16:10:13.000000','Y','N','4','10','7','327',NULL,NULL,'Product','Generator Installation ','2'),(996,'2','2019-03-19 16:10:13.000000','Y','N','5','15','12','327',NULL,NULL,'wires','GeneralService','3'),(997,'2','2019-03-19 16:10:13.000000','Y','N','5','1','1','328',NULL,NULL,'wires','Automation Controls & Systems ','3'),(998,'2','2019-03-19 16:10:13.000000','Y','N','4','10','7','328',NULL,NULL,'Product','Generator Installation ','2'),(999,'2','2019-03-19 16:10:13.000000','Y','N','5','15','12','328',NULL,NULL,'wires','GeneralService','3'),(1000,'2','2019-03-19 16:10:13.000000','Y','N','5','1','1','329',NULL,NULL,'wires','Automation Controls & Systems ','3'),(1001,'2','2019-03-19 16:10:13.000000','Y','N','4','10','7','329',NULL,NULL,'Product','Generator Installation ','2'),(1002,'2','2019-03-19 16:10:13.000000','Y','N','5','15','12','329',NULL,NULL,'wires','GeneralService','3'),(1027,'2','2019-03-19 17:24:37.000000','Y','N','5','1','1','338',NULL,NULL,'wires','Automation Controls & Systems ','3'),(1028,'2','2019-03-19 17:24:37.000000','Y','N','4','10','7','338',NULL,NULL,'Product','Generator Installation ','2'),(1029,'2','2019-03-19 17:24:37.000000','Y','N','5','15','12','338',NULL,NULL,'wires','GeneralService','3'),(1030,'2','2019-03-19 17:24:37.000000','Y','N','5','1','1','339',NULL,NULL,'wires','Automation Controls & Systems ','3'),(1031,'2','2019-03-19 17:24:37.000000','Y','N','4','10','7','339',NULL,NULL,'Product','Generator Installation ','2'),(1032,'2','2019-03-19 17:24:37.000000','Y','N','5','15','12','339',NULL,NULL,'wires','GeneralService','3'),(1033,'2','2019-03-19 17:24:37.000000','Y','N','5','1','1','340',NULL,NULL,'wires','Automation Controls & Systems ','3'),(1034,'2','2019-03-19 17:24:37.000000','Y','N','4','10','7','340',NULL,NULL,'Product','Generator Installation ','2'),(1035,'2','2019-03-19 17:24:37.000000','Y','N','5','15','12','340',NULL,NULL,'wires','GeneralService','3'),(1036,'2','2019-03-19 17:24:37.000000','Y','N','5','1','1','341',NULL,NULL,'wires','Automation Controls & Systems ','3'),(1037,'2','2019-03-19 17:24:37.000000','Y','N','4','10','7','341',NULL,NULL,'Product','Generator Installation ','2'),(1038,'2','2019-03-19 17:24:37.000000','Y','N','5','15','12','341',NULL,NULL,'wires','GeneralService','3'),(1039,'2','2019-03-19 17:24:37.000000','Y','N','5','1','1','342',NULL,NULL,'wires','Automation Controls & Systems ','3'),(1040,'2','2019-03-19 17:24:37.000000','Y','N','4','10','7','342',NULL,NULL,'Product','Generator Installation ','2'),(1041,'2','2019-03-19 17:24:37.000000','Y','N','5','15','12','342',NULL,NULL,'wires','GeneralService','3'),(1042,'2','2019-03-19 17:24:37.000000','Y','N','5','1','1','343',NULL,NULL,'wires','Automation Controls & Systems ','3'),(1043,'2','2019-03-19 17:24:37.000000','Y','N','4','10','7','343',NULL,NULL,'Product','Generator Installation ','2'),(1044,'2','2019-03-19 17:24:37.000000','Y','N','5','15','12','343',NULL,NULL,'wires','GeneralService','3'),(1045,'2','2019-03-19 17:24:37.000000','Y','N','5','1','1','344',NULL,NULL,'wires','Automation Controls & Systems ','3'),(1046,'2','2019-03-19 17:24:37.000000','Y','N','4','10','7','344',NULL,NULL,'Product','Generator Installation ','2'),(1047,'2','2019-03-19 17:24:37.000000','Y','N','5','15','12','344',NULL,NULL,'wires','GeneralService','3'),(1048,'2','2019-03-19 17:24:37.000000','Y','N','5','1','1','345',NULL,NULL,'wires','Automation Controls & Systems ','3'),(1049,'2','2019-03-19 17:24:37.000000','Y','N','4','10','7','345',NULL,NULL,'Product','Generator Installation ','2'),(1050,'2','2019-03-19 17:24:37.000000','Y','N','5','15','12','345',NULL,NULL,'wires','GeneralService','3'),(1075,'2','2019-03-19 18:31:45.000000','Y','N','5','2','2','354',NULL,NULL,'wires','Ceiling Fans','2'),(1076,'2','2019-03-19 18:31:45.000000','Y','N','5','11','8','354',NULL,NULL,'wires','Panel Replacements ','3'),(1078,'2','2019-03-19 18:31:45.000000','Y','N','5','2','2','355',NULL,NULL,'wires','Ceiling Fans','2'),(1079,'2','2019-03-19 18:31:45.000000','Y','N','5','11','8','355',NULL,NULL,'wires','Panel Replacements ','3'),(1081,'2','2019-03-19 18:31:45.000000','Y','Y','5','11','8','356',NULL,NULL,'wires','Panel Replacements ','3'),(1082,'2','2019-03-19 18:31:45.000000','Y','N','5','2','2','356',NULL,NULL,'wires','Ceiling Fans','2'),(1084,'2','2019-03-19 18:31:45.000000','Y','N','5','2','2','357',NULL,NULL,'wires','Ceiling Fans','2'),(1085,'2','2019-03-19 18:31:45.000000','Y','N','5','11','8','357',NULL,NULL,'wires','Panel Replacements ','3'),(1087,'2','2019-03-19 18:31:45.000000','Y','N','5','2','2','358',NULL,NULL,'wires','Ceiling Fans','2'),(1088,'2','2019-03-19 18:31:45.000000','Y','N','5','11','8','358',NULL,NULL,'wires','Panel Replacements ','3'),(1090,'2','2019-03-19 18:31:46.000000','Y','N','5','2','2','359',NULL,NULL,'wires','Ceiling Fans','2'),(1091,'2','2019-03-19 18:31:46.000000','Y','N','5','11','8','359',NULL,NULL,'wires','Panel Replacements ','3'),(1093,'2','2019-03-19 18:31:46.000000','Y','N','5','2','2','360',NULL,NULL,'wires','Ceiling Fans','2'),(1094,'2','2019-03-19 18:31:46.000000','Y','N','5','11','8','360',NULL,NULL,'wires','Panel Replacements ','3'),(1096,'2','2019-03-19 18:31:46.000000','Y','N','5','2','2','361',NULL,NULL,'wires','Ceiling Fans','2'),(1097,'2','2019-03-19 18:31:46.000000','Y','N','5','11','8','361',NULL,NULL,'wires','Panel Replacements ','3'),(1123,'2','2019-03-19 18:33:42.000000','Y','N','7','9','4','370',NULL,NULL,'sampe','Electric Heat','4'),(1124,'2','2019-03-19 18:33:42.000000','Y','N','7','16','12','370',NULL,NULL,'sampe','GeneralService','4'),(1126,'2','2019-03-19 18:33:42.000000','Y','N','7','9','4','371',NULL,NULL,'sampe','Electric Heat','4'),(1127,'2','2019-03-19 18:33:42.000000','Y','N','7','16','12','371',NULL,NULL,'sampe','GeneralService','4'),(1129,'2','2019-03-19 18:33:42.000000','Y','N','7','9','4','372',NULL,NULL,'sampe','Electric Heat','4'),(1130,'2','2019-03-19 18:33:42.000000','Y','N','7','16','12','372',NULL,NULL,'sampe','GeneralService','4'),(1132,'2','2019-03-19 18:33:42.000000','Y','N','7','9','4','373',NULL,NULL,'sampe','Electric Heat','4'),(1133,'2','2019-03-19 18:33:42.000000','Y','N','7','16','12','373',NULL,NULL,'sampe','GeneralService','4'),(1135,'2','2019-03-19 18:33:42.000000','Y','N','7','9','4','374',NULL,NULL,'sampe','Electric Heat','4'),(1136,'2','2019-03-19 18:33:42.000000','Y','N','7','16','12','374',NULL,NULL,'sampe','GeneralService','4'),(1138,'2','2019-03-19 18:33:42.000000','Y','N','7','9','4','375',NULL,NULL,'sampe','Electric Heat','4'),(1139,'2','2019-03-19 18:33:42.000000','Y','N','7','16','12','375',NULL,NULL,'sampe','GeneralService','4'),(1141,'2','2019-03-19 18:33:42.000000','Y','N','7','9','4','376',NULL,NULL,'sampe','Electric Heat','4'),(1142,'2','2019-03-19 18:33:42.000000','Y','N','7','16','12','376',NULL,NULL,'sampe','GeneralService','4'),(1144,'2','2019-03-19 18:33:42.000000','Y','N','7','9','4','377',NULL,NULL,'sampe','Electric Heat','4'),(1145,'2','2019-03-19 18:33:42.000000','Y','N','7','16','12','377',NULL,NULL,'sampe','GeneralService','4'),(1171,'2','2019-03-19 18:35:36.000000','Y','N','5','2','2','386',NULL,NULL,'wires','Ceiling Fans','2'),(1172,'2','2019-03-19 18:35:36.000000','Y','N','5','11','8','386',NULL,NULL,'wires','Panel Replacements ','3'),(1174,'2','2019-03-19 18:35:36.000000','Y','N','5','2','2','387',NULL,NULL,'wires','Ceiling Fans','2'),(1175,'2','2019-03-19 18:35:36.000000','Y','N','5','11','8','387',NULL,NULL,'wires','Panel Replacements ','3'),(1177,'2','2019-03-19 18:35:36.000000','Y','Y','5','11','8','388',NULL,NULL,'wires','Panel Replacements ','3'),(1178,'2','2019-03-19 18:35:36.000000','Y','N','5','2','2','388',NULL,NULL,'wires','Ceiling Fans','2'),(1180,'2','2019-03-19 18:35:36.000000','Y','N','5','2','2','389',NULL,NULL,'wires','Ceiling Fans','2'),(1181,'2','2019-03-19 18:35:36.000000','Y','N','5','11','8','389',NULL,NULL,'wires','Panel Replacements ','3'),(1183,'2','2019-03-19 18:35:36.000000','Y','N','5','2','2','390',NULL,NULL,'wires','Ceiling Fans','2'),(1184,'2','2019-03-19 18:35:36.000000','Y','N','5','11','8','390',NULL,NULL,'wires','Panel Replacements ','3'),(1186,'2','2019-03-19 18:35:36.000000','Y','N','5','2','2','391',NULL,NULL,'wires','Ceiling Fans','2'),(1187,'2','2019-03-19 18:35:36.000000','Y','N','5','11','8','391',NULL,NULL,'wires','Panel Replacements ','3'),(1189,'2','2019-03-19 18:35:36.000000','Y','N','5','2','2','392',NULL,NULL,'wires','Ceiling Fans','2'),(1190,'2','2019-03-19 18:35:36.000000','Y','N','5','11','8','392',NULL,NULL,'wires','Panel Replacements ','3'),(1192,'2','2019-03-19 18:35:36.000000','Y','N','5','2','2','393',NULL,NULL,'wires','Ceiling Fans','2'),(1193,'2','2019-03-19 18:35:36.000000','Y','N','5','11','8','393',NULL,NULL,'wires','Panel Replacements ','3'),(1195,'2','2019-03-19 18:38:38.000000','Y','N','5','1','1','394',NULL,NULL,'wires','Automation Controls & Systems ','3'),(1196,'2','2019-03-19 18:38:38.000000','Y','N','4','10','7','394',NULL,NULL,'Product','Generator Installation ','2'),(1197,'2','2019-03-19 18:38:38.000000','Y','N','5','15','12','394',NULL,NULL,'wires','GeneralService','3'),(1198,'2','2019-03-19 18:38:38.000000','Y','N','5','1','1','395',NULL,NULL,'wires','Automation Controls & Systems ','3'),(1199,'2','2019-03-19 18:38:38.000000','Y','N','4','10','7','395',NULL,NULL,'Product','Generator Installation ','2'),(1200,'2','2019-03-19 18:38:38.000000','Y','N','5','15','12','395',NULL,NULL,'wires','GeneralService','3'),(1201,'2','2019-03-19 18:38:38.000000','Y','N','5','1','1','396',NULL,NULL,'wires','Automation Controls & Systems ','3'),(1202,'2','2019-03-19 18:38:38.000000','Y','N','4','10','7','396',NULL,NULL,'Product','Generator Installation ','2'),(1203,'2','2019-03-19 18:38:38.000000','Y','N','5','15','12','396',NULL,NULL,'wires','GeneralService','3'),(1204,'2','2019-03-19 18:38:38.000000','Y','N','5','1','1','397',NULL,NULL,'wires','Automation Controls & Systems ','3'),(1205,'2','2019-03-19 18:38:38.000000','Y','N','4','10','7','397',NULL,NULL,'Product','Generator Installation ','2'),(1206,'2','2019-03-19 18:38:38.000000','Y','N','5','15','12','397',NULL,NULL,'wires','GeneralService','3'),(1207,'2','2019-03-19 18:38:38.000000','Y','N','5','1','1','398',NULL,NULL,'wires','Automation Controls & Systems ','3'),(1208,'2','2019-03-19 18:38:38.000000','Y','N','4','10','7','398',NULL,NULL,'Product','Generator Installation ','2'),(1209,'2','2019-03-19 18:38:38.000000','Y','N','5','15','12','398',NULL,NULL,'wires','GeneralService','3'),(1210,'2','2019-03-19 18:38:38.000000','Y','N','5','1','1','399',NULL,NULL,'wires','Automation Controls & Systems ','3'),(1211,'2','2019-03-19 18:38:38.000000','Y','N','4','10','7','399',NULL,NULL,'Product','Generator Installation ','2'),(1212,'2','2019-03-19 18:38:38.000000','Y','N','5','15','12','399',NULL,NULL,'wires','GeneralService','3'),(1213,'2','2019-03-19 18:38:38.000000','Y','N','5','1','1','400',NULL,NULL,'wires','Automation Controls & Systems ','3'),(1214,'2','2019-03-19 18:38:38.000000','Y','N','4','10','7','400',NULL,NULL,'Product','Generator Installation ','2'),(1215,'2','2019-03-19 18:38:38.000000','Y','N','5','15','12','400',NULL,NULL,'wires','GeneralService','3'),(1216,'2','2019-03-19 18:38:38.000000','Y','N','5','1','1','401',NULL,NULL,'wires','Automation Controls & Systems ','3'),(1217,'2','2019-03-19 18:38:38.000000','Y','N','4','10','7','401',NULL,NULL,'Product','Generator Installation ','2'),(1218,'2','2019-03-19 18:38:38.000000','Y','N','5','15','12','401',NULL,NULL,'wires','GeneralService','3'),(1243,'2','2019-03-19 18:46:56.000000','Y','N','5','2','2','410',NULL,NULL,'wires','Ceiling Fans','2'),(1244,'2','2019-03-19 18:46:56.000000','Y','N','5','11','8','410',NULL,NULL,'wires','Panel Replacements ','3'),(1246,'2','2019-03-19 18:46:56.000000','Y','N','5','2','2','411',NULL,NULL,'wires','Ceiling Fans','2'),(1247,'2','2019-03-19 18:46:56.000000','Y','N','5','11','8','411',NULL,NULL,'wires','Panel Replacements ','3'),(1249,'2','2019-03-19 18:46:56.000000','Y','Y','5','11','8','412',NULL,NULL,'wires','Panel Replacements ','3'),(1250,'2','2019-03-19 18:46:56.000000','Y','N','5','2','2','412',NULL,NULL,'wires','Ceiling Fans','2'),(1252,'2','2019-03-19 18:46:56.000000','Y','N','5','2','2','413',NULL,NULL,'wires','Ceiling Fans','2'),(1253,'2','2019-03-19 18:46:56.000000','Y','N','5','11','8','413',NULL,NULL,'wires','Panel Replacements ','3'),(1255,'2','2019-03-19 18:46:56.000000','Y','N','5','2','2','414',NULL,NULL,'wires','Ceiling Fans','2'),(1256,'2','2019-03-19 18:46:56.000000','Y','N','5','11','8','414',NULL,NULL,'wires','Panel Replacements ','3'),(1258,'2','2019-03-19 18:46:56.000000','Y','N','5','2','2','415',NULL,NULL,'wires','Ceiling Fans','2'),(1259,'2','2019-03-19 18:46:56.000000','Y','N','5','11','8','415',NULL,NULL,'wires','Panel Replacements ','3'),(1261,'2','2019-03-19 18:46:56.000000','Y','N','5','2','2','416',NULL,NULL,'wires','Ceiling Fans','2'),(1262,'2','2019-03-19 18:46:56.000000','Y','N','5','11','8','416',NULL,NULL,'wires','Panel Replacements ','3'),(1264,'2','2019-03-19 18:46:56.000000','Y','N','5','2','2','417',NULL,NULL,'wires','Ceiling Fans','2'),(1265,'2','2019-03-19 18:46:56.000000','Y','N','5','11','8','417',NULL,NULL,'wires','Panel Replacements ','3'),(1267,'2','2019-03-20 13:01:23.000000','Y','N','5','1','1','419',NULL,NULL,'wires','Automation Controls & Systems ','3'),(1268,'2','2019-03-20 13:01:23.000000','Y','N','4','10','7','419',NULL,NULL,'Product','Generator Installation ','2'),(1269,'2','2019-03-20 13:01:23.000000','Y','N','5','15','12','419',NULL,NULL,'wires','GeneralService','3'),(1270,'2','2019-03-20 13:01:23.000000','Y','N','5','1','1','420',NULL,NULL,'wires','Automation Controls & Systems ','3'),(1271,'2','2019-03-20 13:01:23.000000','Y','N','4','10','7','420',NULL,NULL,'Product','Generator Installation ','2'),(1272,'2','2019-03-20 13:01:23.000000','Y','N','5','15','12','420',NULL,NULL,'wires','GeneralService','3'),(1273,'2','2019-03-20 13:01:23.000000','Y','N','5','1','1','421',NULL,NULL,'wires','Automation Controls & Systems ','3'),(1274,'2','2019-03-20 13:01:23.000000','Y','N','4','10','7','421',NULL,NULL,'Product','Generator Installation ','2'),(1275,'2','2019-03-20 13:01:23.000000','Y','N','5','15','12','421',NULL,NULL,'wires','GeneralService','3'),(1276,'2','2019-03-20 13:01:23.000000','Y','N','5','1','1','422',NULL,NULL,'wires','Automation Controls & Systems ','3'),(1277,'2','2019-03-20 13:01:23.000000','Y','N','4','10','7','422',NULL,NULL,'Product','Generator Installation ','2'),(1278,'2','2019-03-20 13:01:23.000000','Y','N','5','15','12','422',NULL,NULL,'wires','GeneralService','3'),(1279,'2','2019-03-20 13:01:23.000000','Y','N','5','1','1','423',NULL,NULL,'wires','Automation Controls & Systems ','3'),(1280,'2','2019-03-20 13:01:23.000000','Y','N','4','10','7','423',NULL,NULL,'Product','Generator Installation ','2'),(1281,'2','2019-03-20 13:01:23.000000','Y','N','5','15','12','423',NULL,NULL,'wires','GeneralService','3'),(1282,'2','2019-03-20 13:01:23.000000','Y','N','5','1','1','424',NULL,NULL,'wires','Automation Controls & Systems ','3'),(1283,'2','2019-03-20 13:01:23.000000','Y','N','4','10','7','424',NULL,NULL,'Product','Generator Installation ','2'),(1284,'2','2019-03-20 13:01:23.000000','Y','N','5','15','12','424',NULL,NULL,'wires','GeneralService','3'),(1285,'2','2019-03-20 13:01:23.000000','Y','N','5','1','1','425',NULL,NULL,'wires','Automation Controls & Systems ','3'),(1286,'2','2019-03-20 13:01:23.000000','Y','N','4','10','7','425',NULL,NULL,'Product','Generator Installation ','2'),(1287,'2','2019-03-20 13:01:23.000000','Y','N','5','15','12','425',NULL,NULL,'wires','GeneralService','3'),(1288,'2','2019-03-20 13:01:23.000000','Y','N','5','1','1','426',NULL,NULL,'wires','Automation Controls & Systems ','3'),(1289,'2','2019-03-20 13:01:23.000000','Y','N','4','10','7','426',NULL,NULL,'Product','Generator Installation ','2'),(1290,'2','2019-03-20 13:01:23.000000','Y','N','5','15','12','426',NULL,NULL,'wires','GeneralService','3'),(1291,'2','2019-03-20 14:30:22.000000','Y','N','5','1','1','427',NULL,NULL,'wires','Automation Controls & Systems ','3'),(1292,'2','2019-03-20 14:30:22.000000','Y','N','4','10','7','427',NULL,NULL,'Product','Generator Installation ','2'),(1293,'2','2019-03-20 14:30:22.000000','Y','N','5','15','12','427',NULL,NULL,'wires','GeneralService','3'),(1294,'2','2019-03-20 14:30:22.000000','Y','N','5','1','1','428',NULL,NULL,'wires','Automation Controls & Systems ','3'),(1295,'2','2019-03-20 14:30:22.000000','Y','N','4','10','7','428',NULL,NULL,'Product','Generator Installation ','2'),(1296,'2','2019-03-20 14:30:22.000000','Y','N','5','15','12','428',NULL,NULL,'wires','GeneralService','3'),(1297,'2','2019-03-20 14:30:22.000000','Y','N','5','1','1','429',NULL,NULL,'wires','Automation Controls & Systems ','3'),(1298,'2','2019-03-20 14:30:22.000000','Y','N','4','10','7','429',NULL,NULL,'Product','Generator Installation ','2'),(1299,'2','2019-03-20 14:30:22.000000','Y','N','5','15','12','429',NULL,NULL,'wires','GeneralService','3'),(1300,'2','2019-03-20 14:30:22.000000','Y','N','5','1','1','430',NULL,NULL,'wires','Automation Controls & Systems ','3'),(1301,'2','2019-03-20 14:30:22.000000','Y','N','4','10','7','430',NULL,NULL,'Product','Generator Installation ','2'),(1302,'2','2019-03-20 14:30:22.000000','Y','N','5','15','12','430',NULL,NULL,'wires','GeneralService','3'),(1303,'2','2019-03-20 14:30:22.000000','Y','N','5','1','1','431',NULL,NULL,'wires','Automation Controls & Systems ','3'),(1304,'2','2019-03-20 14:30:22.000000','Y','N','4','10','7','431',NULL,NULL,'Product','Generator Installation ','2'),(1305,'2','2019-03-20 14:30:22.000000','Y','N','5','15','12','431',NULL,NULL,'wires','GeneralService','3'),(1306,'2','2019-03-20 14:30:22.000000','Y','N','5','1','1','432',NULL,NULL,'wires','Automation Controls & Systems ','3'),(1307,'2','2019-03-20 14:30:22.000000','Y','N','4','10','7','432',NULL,NULL,'Product','Generator Installation ','2'),(1308,'2','2019-03-20 14:30:22.000000','Y','N','5','15','12','432',NULL,NULL,'wires','GeneralService','3'),(1309,'2','2019-03-20 14:30:22.000000','Y','N','5','1','1','433',NULL,NULL,'wires','Automation Controls & Systems ','3'),(1310,'2','2019-03-20 14:30:22.000000','Y','N','4','10','7','433',NULL,NULL,'Product','Generator Installation ','2'),(1311,'2','2019-03-20 14:30:22.000000','Y','N','5','15','12','433',NULL,NULL,'wires','GeneralService','3'),(1312,'2','2019-03-20 14:30:22.000000','Y','N','5','1','1','434',NULL,NULL,'wires','Automation Controls & Systems ','3'),(1313,'2','2019-03-20 14:30:22.000000','Y','N','4','10','7','434',NULL,NULL,'Product','Generator Installation ','2'),(1314,'2','2019-03-20 14:30:22.000000','Y','N','5','15','12','434',NULL,NULL,'wires','GeneralService','3'),(1315,'2','2019-03-21 11:12:05.000000','Y','N','5','2','2','435',NULL,NULL,'wires','Ceiling Fans','2'),(1316,'2','2019-03-21 11:12:05.000000','Y','N','5','11','8','435',NULL,NULL,'wires','Panel Replacements ','3'),(1318,'2','2019-03-21 11:12:05.000000','Y','N','5','2','2','436',NULL,NULL,'wires','Ceiling Fans','2'),(1319,'2','2019-03-21 11:12:05.000000','Y','N','5','11','8','436',NULL,NULL,'wires','Panel Replacements ','3'),(1321,'2','2019-03-21 11:12:05.000000','Y','Y','5','11','8','437',NULL,NULL,'wires','Panel Replacements ','3'),(1322,'2','2019-03-21 11:12:05.000000','Y','N','5','2','2','437',NULL,NULL,'wires','Ceiling Fans','2'),(1324,'2','2019-03-21 11:12:05.000000','Y','N','5','2','2','438',NULL,NULL,'wires','Ceiling Fans','2'),(1325,'2','2019-03-21 11:12:05.000000','Y','N','5','11','8','438',NULL,NULL,'wires','Panel Replacements ','3'),(1327,'2','2019-03-21 11:12:05.000000','Y','N','5','2','2','439',NULL,NULL,'wires','Ceiling Fans','2'),(1328,'2','2019-03-21 11:12:05.000000','Y','N','5','11','8','439',NULL,NULL,'wires','Panel Replacements ','3'),(1330,'2','2019-03-21 11:12:05.000000','Y','N','5','2','2','440',NULL,NULL,'wires','Ceiling Fans','2'),(1331,'2','2019-03-21 11:12:05.000000','Y','N','5','11','8','440',NULL,NULL,'wires','Panel Replacements ','3'),(1333,'2','2019-03-21 11:12:05.000000','Y','N','5','2','2','441',NULL,NULL,'wires','Ceiling Fans','2'),(1334,'2','2019-03-21 11:12:05.000000','Y','N','5','11','8','441',NULL,NULL,'wires','Panel Replacements ','3'),(1336,'2','2019-03-21 11:12:05.000000','Y','N','5','2','2','442',NULL,NULL,'wires','Ceiling Fans','2'),(1337,'2','2019-03-21 11:12:05.000000','Y','N','5','11','8','442',NULL,NULL,'wires','Panel Replacements ','3'),(1363,'2','2019-03-21 11:31:37.000000','Y','N','5','2','2','451',NULL,NULL,'wires','Ceiling Fans','2'),(1364,'2','2019-03-21 11:31:37.000000','Y','N','5','11','8','451',NULL,NULL,'wires','Panel Replacements ','3'),(1366,'2','2019-03-21 11:31:37.000000','Y','N','5','2','2','452',NULL,NULL,'wires','Ceiling Fans','2'),(1367,'2','2019-03-21 11:31:37.000000','Y','N','5','11','8','452',NULL,NULL,'wires','Panel Replacements ','3'),(1369,'2','2019-03-21 11:31:37.000000','Y','Y','5','11','8','453',NULL,NULL,'wires','Panel Replacements ','3'),(1370,'2','2019-03-21 11:31:37.000000','Y','N','5','2','2','453',NULL,NULL,'wires','Ceiling Fans','2'),(1372,'2','2019-03-21 11:31:37.000000','Y','N','5','2','2','454',NULL,NULL,'wires','Ceiling Fans','2'),(1373,'2','2019-03-21 11:31:37.000000','Y','N','5','11','8','454',NULL,NULL,'wires','Panel Replacements ','3'),(1375,'2','2019-03-21 11:31:37.000000','Y','N','5','2','2','455',NULL,NULL,'wires','Ceiling Fans','2'),(1376,'2','2019-03-21 11:31:37.000000','Y','N','5','11','8','455',NULL,NULL,'wires','Panel Replacements ','3'),(1378,'2','2019-03-21 11:31:37.000000','Y','N','5','2','2','456',NULL,NULL,'wires','Ceiling Fans','2'),(1379,'2','2019-03-21 11:31:37.000000','Y','N','5','11','8','456',NULL,NULL,'wires','Panel Replacements ','3'),(1381,'2','2019-03-21 11:31:37.000000','Y','N','5','2','2','457',NULL,NULL,'wires','Ceiling Fans','2'),(1382,'2','2019-03-21 11:31:37.000000','Y','N','5','11','8','457',NULL,NULL,'wires','Panel Replacements ','3'),(1384,'2','2019-03-21 11:31:37.000000','Y','N','5','2','2','458',NULL,NULL,'wires','Ceiling Fans','2'),(1385,'2','2019-03-21 11:31:37.000000','Y','N','5','11','8','458',NULL,NULL,'wires','Panel Replacements ','3'),(1723,'2','2019-03-21 11:37:28.000000','Y','N','5','1','1','571',NULL,NULL,'wires','Automation Controls & Systems ','3'),(1724,'2','2019-03-21 11:37:28.000000','Y','N','4','10','7','571',NULL,NULL,'Product','Generator Installation ','2'),(1725,'2','2019-03-21 11:37:28.000000','Y','N','5','15','12','571',NULL,NULL,'wires','GeneralService','3'),(1726,'2','2019-03-21 11:37:28.000000','Y','N','5','1','1','572',NULL,NULL,'wires','Automation Controls & Systems ','3'),(1727,'2','2019-03-21 11:37:28.000000','Y','N','4','10','7','572',NULL,NULL,'Product','Generator Installation ','2'),(1728,'2','2019-03-21 11:37:28.000000','Y','N','5','15','12','572',NULL,NULL,'wires','GeneralService','3'),(1729,'2','2019-03-21 11:37:28.000000','Y','N','5','1','1','573',NULL,NULL,'wires','Automation Controls & Systems ','3'),(1730,'2','2019-03-21 11:37:28.000000','Y','N','4','10','7','573',NULL,NULL,'Product','Generator Installation ','2'),(1731,'2','2019-03-21 11:37:28.000000','Y','N','5','15','12','573',NULL,NULL,'wires','GeneralService','3'),(1732,'2','2019-03-21 11:37:28.000000','Y','N','5','1','1','574',NULL,NULL,'wires','Automation Controls & Systems ','3'),(1733,'2','2019-03-21 11:37:28.000000','Y','N','4','10','7','574',NULL,NULL,'Product','Generator Installation ','2'),(1734,'2','2019-03-21 11:37:28.000000','Y','N','5','15','12','574',NULL,NULL,'wires','GeneralService','3'),(1735,'2','2019-03-21 11:37:28.000000','Y','N','5','1','1','575',NULL,NULL,'wires','Automation Controls & Systems ','3'),(1736,'2','2019-03-21 11:37:28.000000','Y','N','4','10','7','575',NULL,NULL,'Product','Generator Installation ','2'),(1737,'2','2019-03-21 11:37:28.000000','Y','N','5','15','12','575',NULL,NULL,'wires','GeneralService','3'),(1738,'2','2019-03-21 11:37:28.000000','Y','N','5','1','1','576',NULL,NULL,'wires','Automation Controls & Systems ','3'),(1739,'2','2019-03-21 11:37:28.000000','Y','N','4','10','7','576',NULL,NULL,'Product','Generator Installation ','2'),(1740,'2','2019-03-21 11:37:28.000000','Y','N','5','15','12','576',NULL,NULL,'wires','GeneralService','3'),(1741,'2','2019-03-21 11:37:28.000000','Y','Y','5','1','1','577',NULL,NULL,'wires','Automation Controls & Systems ','3'),(1742,'2','2019-03-21 11:37:28.000000','Y','N','4','10','7','577',NULL,NULL,'Product','Generator Installation ','2'),(1743,'2','2019-03-21 11:37:28.000000','Y','N','5','15','12','577',NULL,NULL,'wires','GeneralService','3'),(1744,'2','2019-03-21 11:37:28.000000','Y','N','5','1','1','578',NULL,NULL,'wires','Automation Controls & Systems ','3'),(1745,'2','2019-03-21 11:37:28.000000','Y','N','4','10','7','578',NULL,NULL,'Product','Generator Installation ','2'),(1746,'2','2019-03-21 11:37:28.000000','Y','N','5','15','12','578',NULL,NULL,'wires','GeneralService','3'),(1819,'2','2019-03-21 11:53:00.000000','Y','N','5','1','1','603',NULL,NULL,'wires','Automation Controls & Systems ','3'),(1820,'2','2019-03-21 11:53:00.000000','Y','N','4','10','7','603',NULL,NULL,'Product','Generator Installation ','2'),(1821,'2','2019-03-21 11:53:00.000000','Y','N','5','15','12','603',NULL,NULL,'wires','GeneralService','3'),(1822,'2','2019-03-21 11:53:00.000000','Y','N','5','1','1','604',NULL,NULL,'wires','Automation Controls & Systems ','3'),(1823,'2','2019-03-21 11:53:00.000000','Y','N','4','10','7','604',NULL,NULL,'Product','Generator Installation ','2'),(1824,'2','2019-03-21 11:53:00.000000','Y','N','5','15','12','604',NULL,NULL,'wires','GeneralService','3'),(1825,'2','2019-03-21 11:53:00.000000','Y','N','5','1','1','605',NULL,NULL,'wires','Automation Controls & Systems ','3'),(1826,'2','2019-03-21 11:53:00.000000','Y','N','4','10','7','605',NULL,NULL,'Product','Generator Installation ','2'),(1827,'2','2019-03-21 11:53:00.000000','Y','N','5','15','12','605',NULL,NULL,'wires','GeneralService','3'),(1828,'2','2019-03-21 11:53:00.000000','Y','N','5','1','1','606',NULL,NULL,'wires','Automation Controls & Systems ','3'),(1829,'2','2019-03-21 11:53:00.000000','Y','N','4','10','7','606',NULL,NULL,'Product','Generator Installation ','2'),(1830,'2','2019-03-21 11:53:00.000000','Y','N','5','15','12','606',NULL,NULL,'wires','GeneralService','3'),(1831,'2','2019-03-21 11:53:00.000000','Y','N','5','1','1','607',NULL,NULL,'wires','Automation Controls & Systems ','3'),(1832,'2','2019-03-21 11:53:00.000000','Y','N','4','10','7','607',NULL,NULL,'Product','Generator Installation ','2'),(1833,'2','2019-03-21 11:53:00.000000','Y','N','5','15','12','607',NULL,NULL,'wires','GeneralService','3'),(1834,'2','2019-03-21 11:53:00.000000','Y','N','5','1','1','608',NULL,NULL,'wires','Automation Controls & Systems ','3'),(1835,'2','2019-03-21 11:53:00.000000','Y','N','4','10','7','608',NULL,NULL,'Product','Generator Installation ','2'),(1836,'2','2019-03-21 11:53:00.000000','Y','N','5','15','12','608',NULL,NULL,'wires','GeneralService','3'),(1837,'2','2019-03-21 11:53:00.000000','Y','Y','5','1','1','609',NULL,NULL,'wires','Automation Controls & Systems ','3'),(1838,'2','2019-03-21 11:53:00.000000','Y','N','4','10','7','609',NULL,NULL,'Product','Generator Installation ','2'),(1839,'2','2019-03-21 11:53:00.000000','Y','N','5','15','12','609',NULL,NULL,'wires','GeneralService','3'),(1840,'2','2019-03-21 11:53:00.000000','Y','N','5','1','1','610',NULL,NULL,'wires','Automation Controls & Systems ','3'),(1841,'2','2019-03-21 11:53:00.000000','Y','N','4','10','7','610',NULL,NULL,'Product','Generator Installation ','2'),(1842,'2','2019-03-21 11:53:00.000000','Y','N','5','15','12','610',NULL,NULL,'wires','GeneralService','3'),(1843,'2','2019-03-21 11:54:25.000000','Y','N','5','1','1','611',NULL,NULL,'wires','Automation Controls & Systems ','3'),(1844,'2','2019-03-21 11:54:25.000000','Y','N','4','10','7','611',NULL,NULL,'Product','Generator Installation ','2'),(1845,'2','2019-03-21 11:54:25.000000','Y','N','5','15','12','611',NULL,NULL,'wires','GeneralService','3'),(1846,'2','2019-03-21 11:54:25.000000','Y','N','5','1','1','612',NULL,NULL,'wires','Automation Controls & Systems ','3'),(1847,'2','2019-03-21 11:54:25.000000','Y','N','4','10','7','612',NULL,NULL,'Product','Generator Installation ','2'),(1848,'2','2019-03-21 11:54:25.000000','Y','N','5','15','12','612',NULL,NULL,'wires','GeneralService','3'),(1849,'2','2019-03-21 11:54:25.000000','Y','N','5','1','1','613',NULL,NULL,'wires','Automation Controls & Systems ','3'),(1850,'2','2019-03-21 11:54:25.000000','Y','N','4','10','7','613',NULL,NULL,'Product','Generator Installation ','2'),(1851,'2','2019-03-21 11:54:25.000000','Y','N','5','15','12','613',NULL,NULL,'wires','GeneralService','3'),(1852,'2','2019-03-21 11:54:25.000000','Y','N','5','1','1','614',NULL,NULL,'wires','Automation Controls & Systems ','3'),(1853,'2','2019-03-21 11:54:25.000000','Y','N','4','10','7','614',NULL,NULL,'Product','Generator Installation ','2'),(1854,'2','2019-03-21 11:54:25.000000','Y','N','5','15','12','614',NULL,NULL,'wires','GeneralService','3'),(1855,'2','2019-03-21 11:54:25.000000','Y','N','5','1','1','615',NULL,NULL,'wires','Automation Controls & Systems ','3'),(1856,'2','2019-03-21 11:54:25.000000','Y','N','4','10','7','615',NULL,NULL,'Product','Generator Installation ','2'),(1857,'2','2019-03-21 11:54:25.000000','Y','N','5','15','12','615',NULL,NULL,'wires','GeneralService','3'),(1858,'2','2019-03-21 11:54:25.000000','Y','N','5','1','1','616',NULL,NULL,'wires','Automation Controls & Systems ','3'),(1859,'2','2019-03-21 11:54:25.000000','Y','N','4','10','7','616',NULL,NULL,'Product','Generator Installation ','2'),(1860,'2','2019-03-21 11:54:25.000000','Y','N','5','15','12','616',NULL,NULL,'wires','GeneralService','3'),(1861,'2','2019-03-21 11:54:25.000000','Y','Y','5','1','1','617',NULL,NULL,'wires','Automation Controls & Systems ','3'),(1862,'2','2019-03-21 11:54:25.000000','Y','Y','4','10','7','617',NULL,NULL,'Product','Generator Installation ','2'),(1863,'2','2019-03-21 11:54:25.000000','Y','N','5','15','12','617',NULL,NULL,'wires','GeneralService','3'),(1864,'2','2019-03-21 11:54:25.000000','Y','N','5','1','1','618',NULL,NULL,'wires','Automation Controls & Systems ','3'),(1865,'2','2019-03-21 11:54:25.000000','Y','N','4','10','7','618',NULL,NULL,'Product','Generator Installation ','2'),(1866,'2','2019-03-21 11:54:25.000000','Y','N','5','15','12','618',NULL,NULL,'wires','GeneralService','3'),(1867,'2','2019-03-21 11:55:35.000000','Y','N','5','1','1','619',NULL,NULL,'wires','Automation Controls & Systems ','3'),(1868,'2','2019-03-21 11:55:35.000000','Y','N','4','10','7','619',NULL,NULL,'Product','Generator Installation ','2'),(1869,'2','2019-03-21 11:55:35.000000','Y','N','5','15','12','619',NULL,NULL,'wires','GeneralService','3'),(1870,'2','2019-03-21 11:55:35.000000','Y','N','5','1','1','620',NULL,NULL,'wires','Automation Controls & Systems ','3'),(1871,'2','2019-03-21 11:55:35.000000','Y','N','4','10','7','620',NULL,NULL,'Product','Generator Installation ','2'),(1872,'2','2019-03-21 11:55:35.000000','Y','N','5','15','12','620',NULL,NULL,'wires','GeneralService','3'),(1873,'2','2019-03-21 11:55:35.000000','Y','N','5','1','1','621',NULL,NULL,'wires','Automation Controls & Systems ','3'),(1874,'2','2019-03-21 11:55:35.000000','Y','N','4','10','7','621',NULL,NULL,'Product','Generator Installation ','2'),(1875,'2','2019-03-21 11:55:35.000000','Y','N','5','15','12','621',NULL,NULL,'wires','GeneralService','3'),(1876,'2','2019-03-21 11:55:35.000000','Y','N','5','1','1','622',NULL,NULL,'wires','Automation Controls & Systems ','3'),(1877,'2','2019-03-21 11:55:35.000000','Y','N','4','10','7','622',NULL,NULL,'Product','Generator Installation ','2'),(1878,'2','2019-03-21 11:55:35.000000','Y','N','5','15','12','622',NULL,NULL,'wires','GeneralService','3'),(1879,'2','2019-03-21 11:55:35.000000','Y','N','5','1','1','623',NULL,NULL,'wires','Automation Controls & Systems ','3'),(1880,'2','2019-03-21 11:55:35.000000','Y','N','4','10','7','623',NULL,NULL,'Product','Generator Installation ','2'),(1881,'2','2019-03-21 11:55:35.000000','Y','N','5','15','12','623',NULL,NULL,'wires','GeneralService','3'),(1882,'2','2019-03-21 11:55:35.000000','Y','N','5','1','1','624',NULL,NULL,'wires','Automation Controls & Systems ','3'),(1883,'2','2019-03-21 11:55:35.000000','Y','N','4','10','7','624',NULL,NULL,'Product','Generator Installation ','2'),(1884,'2','2019-03-21 11:55:35.000000','Y','N','5','15','12','624',NULL,NULL,'wires','GeneralService','3'),(1885,'2','2019-03-21 11:55:35.000000','Y','Y','5','1','1','625',NULL,NULL,'wires','Automation Controls & Systems ','3'),(1886,'2','2019-03-21 11:55:35.000000','Y','Y','4','10','7','625',NULL,NULL,'Product','Generator Installation ','2'),(1887,'2','2019-03-21 11:55:35.000000','Y','N','5','15','12','625',NULL,NULL,'wires','GeneralService','3'),(1888,'2','2019-03-21 11:55:35.000000','Y','N','5','1','1','626',NULL,NULL,'wires','Automation Controls & Systems ','3'),(1889,'2','2019-03-21 11:55:35.000000','Y','N','4','10','7','626',NULL,NULL,'Product','Generator Installation ','2'),(1890,'2','2019-03-21 11:55:35.000000','Y','N','5','15','12','626',NULL,NULL,'wires','GeneralService','3'),(1891,'2','2019-03-21 11:56:09.000000','Y','N','5','1','1','627',NULL,NULL,'wires','Automation Controls & Systems ','3'),(1892,'2','2019-03-21 11:56:09.000000','Y','N','4','10','7','627',NULL,NULL,'Product','Generator Installation ','2'),(1893,'2','2019-03-21 11:56:09.000000','Y','N','5','15','12','627',NULL,NULL,'wires','GeneralService','3'),(1894,'2','2019-03-21 11:56:09.000000','Y','N','5','1','1','628',NULL,NULL,'wires','Automation Controls & Systems ','3'),(1895,'2','2019-03-21 11:56:09.000000','Y','N','4','10','7','628',NULL,NULL,'Product','Generator Installation ','2'),(1896,'2','2019-03-21 11:56:09.000000','Y','N','5','15','12','628',NULL,NULL,'wires','GeneralService','3'),(1897,'2','2019-03-21 11:56:09.000000','Y','N','5','1','1','629',NULL,NULL,'wires','Automation Controls & Systems ','3'),(1898,'2','2019-03-21 11:56:09.000000','Y','N','4','10','7','629',NULL,NULL,'Product','Generator Installation ','2'),(1899,'2','2019-03-21 11:56:09.000000','Y','N','5','15','12','629',NULL,NULL,'wires','GeneralService','3'),(1900,'2','2019-03-21 11:56:09.000000','Y','N','5','1','1','630',NULL,NULL,'wires','Automation Controls & Systems ','3'),(1901,'2','2019-03-21 11:56:09.000000','Y','N','4','10','7','630',NULL,NULL,'Product','Generator Installation ','2'),(1902,'2','2019-03-21 11:56:09.000000','Y','N','5','15','12','630',NULL,NULL,'wires','GeneralService','3'),(1903,'2','2019-03-21 11:56:09.000000','Y','N','5','1','1','631',NULL,NULL,'wires','Automation Controls & Systems ','3'),(1904,'2','2019-03-21 11:56:09.000000','Y','N','4','10','7','631',NULL,NULL,'Product','Generator Installation ','2'),(1905,'2','2019-03-21 11:56:09.000000','Y','N','5','15','12','631',NULL,NULL,'wires','GeneralService','3'),(1906,'2','2019-03-21 11:56:09.000000','Y','N','5','1','1','632',NULL,NULL,'wires','Automation Controls & Systems ','3'),(1907,'2','2019-03-21 11:56:09.000000','Y','N','4','10','7','632',NULL,NULL,'Product','Generator Installation ','2'),(1908,'2','2019-03-21 11:56:09.000000','Y','N','5','15','12','632',NULL,NULL,'wires','GeneralService','3'),(1909,'2','2019-03-21 11:56:09.000000','Y','Y','5','1','1','633',NULL,NULL,'wires','Automation Controls & Systems ','3'),(1910,'2','2019-03-21 11:56:09.000000','Y','Y','4','10','7','633',NULL,NULL,'Product','Generator Installation ','2'),(1911,'2','2019-03-21 11:56:09.000000','Y','Y','5','15','12','633',NULL,NULL,'wires','GeneralService','3'),(1912,'2','2019-03-21 11:56:09.000000','Y','N','5','1','1','634',NULL,NULL,'wires','Automation Controls & Systems ','3'),(1913,'2','2019-03-21 11:56:09.000000','Y','N','4','10','7','634',NULL,NULL,'Product','Generator Installation ','2'),(1914,'2','2019-03-21 11:56:09.000000','Y','N','5','15','12','634',NULL,NULL,'wires','GeneralService','3'),(1915,'2','2019-03-21 12:19:47.000000','Y','N','4','7','5','635',NULL,NULL,'Product','Electrical Maintenance ','3'),(1916,'2','2019-03-21 12:19:47.000000','Y','N','6','14','4','635',NULL,NULL,'wires','Electric Heat','1'),(1918,'2','2019-03-21 12:19:47.000000','Y','N','4','7','5','636',NULL,NULL,'Product','Electrical Maintenance ','3'),(1919,'2','2019-03-21 12:19:47.000000','Y','N','6','14','4','636',NULL,NULL,'wires','Electric Heat','1'),(1921,'2','2019-03-21 12:19:47.000000','Y','N','4','7','5','637',NULL,NULL,'Product','Electrical Maintenance ','3'),(1922,'2','2019-03-21 12:19:47.000000','Y','N','6','14','4','637',NULL,NULL,'wires','Electric Heat','1'),(1924,'2','2019-03-21 12:19:47.000000','Y','N','4','7','5','638',NULL,NULL,'Product','Electrical Maintenance ','3'),(1925,'2','2019-03-21 12:19:47.000000','Y','N','6','14','4','638',NULL,NULL,'wires','Electric Heat','1'),(1927,'2','2019-03-21 12:19:47.000000','Y','N','4','7','5','639',NULL,NULL,'Product','Electrical Maintenance ','3'),(1928,'2','2019-03-21 12:19:47.000000','Y','N','6','14','4','639',NULL,NULL,'wires','Electric Heat','1'),(1930,'2','2019-03-21 12:19:47.000000','Y','N','4','7','5','640',NULL,NULL,'Product','Electrical Maintenance ','3'),(1931,'2','2019-03-21 12:19:47.000000','Y','N','6','14','4','640',NULL,NULL,'wires','Electric Heat','1'),(1933,'2','2019-03-21 12:19:47.000000','Y','N','4','7','5','641',NULL,NULL,'Product','Electrical Maintenance ','3'),(1934,'2','2019-03-21 12:19:47.000000','Y','N','6','14','4','641',NULL,NULL,'wires','Electric Heat','1'),(1936,'2','2019-03-21 12:19:47.000000','Y','N','4','7','5','642',NULL,NULL,'Product','Electrical Maintenance ','3'),(1937,'2','2019-03-21 12:19:47.000000','Y','N','6','14','4','642',NULL,NULL,'wires','Electric Heat','1'),(1939,'2','2019-03-21 13:59:03.000000','Y','N','4','7','5','643',NULL,NULL,'Product','Electrical Maintenance ','3'),(1940,'2','2019-03-21 13:59:03.000000','Y','N','6','14','4','643',NULL,NULL,'wires','Electric Heat','1'),(1942,'2','2019-03-21 13:59:03.000000','Y','N','4','7','5','644',NULL,NULL,'Product','Electrical Maintenance ','3'),(1943,'2','2019-03-21 13:59:03.000000','Y','N','6','14','4','644',NULL,NULL,'wires','Electric Heat','1'),(1945,'2','2019-03-21 13:59:03.000000','Y','N','4','7','5','645',NULL,NULL,'Product','Electrical Maintenance ','3'),(1946,'2','2019-03-21 13:59:03.000000','Y','N','6','14','4','645',NULL,NULL,'wires','Electric Heat','1'),(1948,'2','2019-03-21 13:59:03.000000','Y','N','4','7','5','646',NULL,NULL,'Product','Electrical Maintenance ','3'),(1949,'2','2019-03-21 13:59:03.000000','Y','N','6','14','4','646',NULL,NULL,'wires','Electric Heat','1'),(1951,'2','2019-03-21 13:59:03.000000','Y','N','4','7','5','647',NULL,NULL,'Product','Electrical Maintenance ','3'),(1952,'2','2019-03-21 13:59:03.000000','Y','N','6','14','4','647',NULL,NULL,'wires','Electric Heat','1'),(1954,'2','2019-03-21 13:59:03.000000','Y','N','4','7','5','648',NULL,NULL,'Product','Electrical Maintenance ','3'),(1955,'2','2019-03-21 13:59:03.000000','Y','N','6','14','4','648',NULL,NULL,'wires','Electric Heat','1'),(1957,'2','2019-03-21 13:59:03.000000','Y','N','4','7','5','649',NULL,NULL,'Product','Electrical Maintenance ','3'),(1958,'2','2019-03-21 13:59:03.000000','Y','N','6','14','4','649',NULL,NULL,'wires','Electric Heat','1'),(1960,'2','2019-03-21 13:59:03.000000','Y','N','4','7','5','650',NULL,NULL,'Product','Electrical Maintenance ','3'),(1961,'2','2019-03-21 13:59:03.000000','Y','N','6','14','4','650',NULL,NULL,'wires','Electric Heat','1'),(1963,'2','2019-03-21 14:01:05.000000','Y','N','4','7','5','651',NULL,NULL,'Product','Electrical Maintenance ','3'),(1964,'2','2019-03-21 14:01:05.000000','Y','N','6','14','4','651',NULL,NULL,'wires','Electric Heat','1'),(1966,'2','2019-03-21 14:01:05.000000','Y','N','4','7','5','652',NULL,NULL,'Product','Electrical Maintenance ','3'),(1967,'2','2019-03-21 14:01:05.000000','Y','N','6','14','4','652',NULL,NULL,'wires','Electric Heat','1'),(1969,'2','2019-03-21 14:01:05.000000','Y','N','4','7','5','653',NULL,NULL,'Product','Electrical Maintenance ','3'),(1970,'2','2019-03-21 14:01:05.000000','Y','N','6','14','4','653',NULL,NULL,'wires','Electric Heat','1'),(1972,'2','2019-03-21 14:01:05.000000','Y','N','4','7','5','654',NULL,NULL,'Product','Electrical Maintenance ','3'),(1973,'2','2019-03-21 14:01:05.000000','Y','N','6','14','4','654',NULL,NULL,'wires','Electric Heat','1'),(1975,'2','2019-03-21 14:01:05.000000','Y','N','4','7','5','655',NULL,NULL,'Product','Electrical Maintenance ','3'),(1976,'2','2019-03-21 14:01:05.000000','Y','N','6','14','4','655',NULL,NULL,'wires','Electric Heat','1'),(1978,'2','2019-03-21 14:01:05.000000','Y','N','4','7','5','656',NULL,NULL,'Product','Electrical Maintenance ','3'),(1979,'2','2019-03-21 14:01:05.000000','Y','N','6','14','4','656',NULL,NULL,'wires','Electric Heat','1'),(1981,'2','2019-03-21 14:01:05.000000','Y','N','4','7','5','657',NULL,NULL,'Product','Electrical Maintenance ','3'),(1982,'2','2019-03-21 14:01:05.000000','Y','N','6','14','4','657',NULL,NULL,'wires','Electric Heat','1'),(1984,'2','2019-03-21 14:01:05.000000','Y','N','4','7','5','658',NULL,NULL,'Product','Electrical Maintenance ','3'),(1985,'2','2019-03-21 14:01:05.000000','Y','N','6','14','4','658',NULL,NULL,'wires','Electric Heat','1'),(2035,'2','2019-03-21 14:12:28.000000','Y','N','4','7','5','675',NULL,NULL,'Product','Electrical Maintenance ','3'),(2036,'2','2019-03-21 14:12:28.000000','Y','N','6','14','4','675',NULL,NULL,'wires','Electric Heat','1'),(2038,'2','2019-03-21 14:12:28.000000','Y','N','4','7','5','676',NULL,NULL,'Product','Electrical Maintenance ','3'),(2039,'2','2019-03-21 14:12:28.000000','Y','N','6','14','4','676',NULL,NULL,'wires','Electric Heat','1'),(2041,'2','2019-03-21 14:12:28.000000','Y','N','4','7','5','677',NULL,NULL,'Product','Electrical Maintenance ','3'),(2042,'2','2019-03-21 14:12:28.000000','Y','N','6','14','4','677',NULL,NULL,'wires','Electric Heat','1'),(2044,'2','2019-03-21 14:12:28.000000','Y','N','4','7','5','678',NULL,NULL,'Product','Electrical Maintenance ','3'),(2045,'2','2019-03-21 14:12:28.000000','Y','N','6','14','4','678',NULL,NULL,'wires','Electric Heat','1'),(2047,'2','2019-03-21 14:12:28.000000','Y','N','4','7','5','679',NULL,NULL,'Product','Electrical Maintenance ','3'),(2048,'2','2019-03-21 14:12:28.000000','Y','N','6','14','4','679',NULL,NULL,'wires','Electric Heat','1'),(2050,'2','2019-03-21 14:12:28.000000','Y','Y','4','7','5','680',NULL,NULL,'Product','Electrical Maintenance ','3'),(2051,'2','2019-03-21 14:12:28.000000','Y','N','6','14','4','680',NULL,NULL,'wires','Electric Heat','1'),(2053,'2','2019-03-21 14:12:28.000000','Y','Y','4','7','5','681',NULL,NULL,'Product','Electrical Maintenance ','3'),(2054,'2','2019-03-21 14:12:28.000000','Y','N','6','14','4','681',NULL,NULL,'wires','Electric Heat','1'),(2056,'2','2019-03-21 14:12:28.000000','Y','N','4','7','5','682',NULL,NULL,'Product','Electrical Maintenance ','3'),(2057,'2','2019-03-21 14:12:28.000000','Y','N','6','14','4','682',NULL,NULL,'wires','Electric Heat','1'),(2131,'2','2019-03-21 14:22:56.000000','Y','N','4','7','5','707',NULL,NULL,'Product','Electrical Maintenance ','3'),(2132,'2','2019-03-21 14:22:56.000000','Y','N','6','14','4','707',NULL,NULL,'wires','Electric Heat','1'),(2134,'2','2019-03-21 14:22:56.000000','Y','N','4','7','5','708',NULL,NULL,'Product','Electrical Maintenance ','3'),(2135,'2','2019-03-21 14:22:56.000000','Y','N','6','14','4','708',NULL,NULL,'wires','Electric Heat','1'),(2137,'2','2019-03-21 14:22:56.000000','Y','N','4','7','5','709',NULL,NULL,'Product','Electrical Maintenance ','3'),(2138,'2','2019-03-21 14:22:56.000000','Y','N','6','14','4','709',NULL,NULL,'wires','Electric Heat','1'),(2140,'2','2019-03-21 14:22:56.000000','Y','N','4','7','5','710',NULL,NULL,'Product','Electrical Maintenance ','3'),(2141,'2','2019-03-21 14:22:56.000000','Y','N','6','14','4','710',NULL,NULL,'wires','Electric Heat','1'),(2143,'2','2019-03-21 14:22:56.000000','Y','N','4','7','5','711',NULL,NULL,'Product','Electrical Maintenance ','3'),(2144,'2','2019-03-21 14:22:56.000000','Y','N','6','14','4','711',NULL,NULL,'wires','Electric Heat','1'),(2146,'2','2019-03-21 14:22:56.000000','Y','Y','4','7','5','712',NULL,NULL,'Product','Electrical Maintenance ','3'),(2147,'2','2019-03-21 14:22:56.000000','Y','Y','6','14','4','712',NULL,NULL,'wires','Electric Heat','1'),(2149,'2','2019-03-21 14:22:56.000000','Y','Y','4','7','5','713',NULL,NULL,'Product','Electrical Maintenance ','3'),(2150,'2','2019-03-21 14:22:56.000000','Y','N','6','14','4','713',NULL,NULL,'wires','Electric Heat','1'),(2152,'2','2019-03-21 14:22:56.000000','Y','N','4','7','5','714',NULL,NULL,'Product','Electrical Maintenance ','3'),(2153,'2','2019-03-21 14:22:56.000000','Y','N','6','14','4','714',NULL,NULL,'wires','Electric Heat','1'),(2155,'2','2019-03-21 17:27:25.000000','Y','N','5','1','1','715',NULL,NULL,'wires','Automation Controls & Systems ','3'),(2156,'2','2019-03-21 17:27:25.000000','Y','N','4','10','7','715',NULL,NULL,'Product','Generator Installation ','2'),(2157,'2','2019-03-21 17:27:25.000000','Y','N','5','15','12','715',NULL,NULL,'wires','GeneralService','3'),(2158,'2','2019-03-21 17:27:25.000000','Y','N','5','1','1','716',NULL,NULL,'wires','Automation Controls & Systems ','3'),(2159,'2','2019-03-21 17:27:25.000000','Y','N','4','10','7','716',NULL,NULL,'Product','Generator Installation ','2'),(2160,'2','2019-03-21 17:27:25.000000','Y','N','5','15','12','716',NULL,NULL,'wires','GeneralService','3'),(2161,'2','2019-03-21 17:27:25.000000','Y','N','5','1','1','717',NULL,NULL,'wires','Automation Controls & Systems ','3'),(2162,'2','2019-03-21 17:27:25.000000','Y','N','4','10','7','717',NULL,NULL,'Product','Generator Installation ','2'),(2163,'2','2019-03-21 17:27:25.000000','Y','N','5','15','12','717',NULL,NULL,'wires','GeneralService','3'),(2164,'2','2019-03-21 17:27:25.000000','Y','N','5','1','1','718',NULL,NULL,'wires','Automation Controls & Systems ','3'),(2165,'2','2019-03-21 17:27:25.000000','Y','N','4','10','7','718',NULL,NULL,'Product','Generator Installation ','2'),(2166,'2','2019-03-21 17:27:25.000000','Y','N','5','15','12','718',NULL,NULL,'wires','GeneralService','3'),(2167,'2','2019-03-21 17:27:25.000000','Y','N','5','1','1','719',NULL,NULL,'wires','Automation Controls & Systems ','3'),(2168,'2','2019-03-21 17:27:25.000000','Y','N','4','10','7','719',NULL,NULL,'Product','Generator Installation ','2'),(2169,'2','2019-03-21 17:27:25.000000','Y','N','5','15','12','719',NULL,NULL,'wires','GeneralService','3'),(2170,'2','2019-03-21 17:27:25.000000','Y','N','5','1','1','720',NULL,NULL,'wires','Automation Controls & Systems ','3'),(2171,'2','2019-03-21 17:27:25.000000','Y','N','4','10','7','720',NULL,NULL,'Product','Generator Installation ','2'),(2172,'2','2019-03-21 17:27:25.000000','Y','N','5','15','12','720',NULL,NULL,'wires','GeneralService','3'),(2173,'2','2019-03-21 17:27:25.000000','Y','Y','5','1','1','721',NULL,NULL,'wires','Automation Controls & Systems ','3'),(2174,'2','2019-03-21 17:27:25.000000','Y','Y','4','10','7','721',NULL,NULL,'Product','Generator Installation ','2'),(2175,'2','2019-03-21 17:27:25.000000','Y','Y','5','15','12','721',NULL,NULL,'wires','GeneralService','3'),(2176,'2','2019-03-21 17:27:25.000000','Y','N','5','1','1','722',NULL,NULL,'wires','Automation Controls & Systems ','3'),(2177,'2','2019-03-21 17:27:25.000000','Y','N','4','10','7','722',NULL,NULL,'Product','Generator Installation ','2'),(2178,'2','2019-03-21 17:27:25.000000','Y','N','5','15','12','722',NULL,NULL,'wires','GeneralService','3'),(2227,'2','2019-03-21 17:37:20.000000','Y','N','5','1','1','739',NULL,NULL,'wires','Automation Controls & Systems ','3'),(2228,'2','2019-03-21 17:37:20.000000','Y','N','4','10','7','739',NULL,NULL,'Product','Generator Installation ','2'),(2229,'2','2019-03-21 17:37:20.000000','Y','N','5','15','12','739',NULL,NULL,'wires','GeneralService','3'),(2230,'2','2019-03-21 17:37:20.000000','Y','N','5','1','1','740',NULL,NULL,'wires','Automation Controls & Systems ','3'),(2231,'2','2019-03-21 17:37:20.000000','Y','N','4','10','7','740',NULL,NULL,'Product','Generator Installation ','2'),(2232,'2','2019-03-21 17:37:20.000000','Y','N','5','15','12','740',NULL,NULL,'wires','GeneralService','3'),(2233,'2','2019-03-21 17:37:20.000000','Y','N','5','1','1','741',NULL,NULL,'wires','Automation Controls & Systems ','3'),(2234,'2','2019-03-21 17:37:20.000000','Y','N','4','10','7','741',NULL,NULL,'Product','Generator Installation ','2'),(2235,'2','2019-03-21 17:37:20.000000','Y','N','5','15','12','741',NULL,NULL,'wires','GeneralService','3'),(2236,'2','2019-03-21 17:37:20.000000','Y','N','5','1','1','742',NULL,NULL,'wires','Automation Controls & Systems ','3'),(2237,'2','2019-03-21 17:37:20.000000','Y','N','4','10','7','742',NULL,NULL,'Product','Generator Installation ','2'),(2238,'2','2019-03-21 17:37:20.000000','Y','N','5','15','12','742',NULL,NULL,'wires','GeneralService','3'),(2239,'2','2019-03-21 17:37:20.000000','Y','N','5','1','1','743',NULL,NULL,'wires','Automation Controls & Systems ','3'),(2240,'2','2019-03-21 17:37:20.000000','Y','N','4','10','7','743',NULL,NULL,'Product','Generator Installation ','2'),(2241,'2','2019-03-21 17:37:20.000000','Y','N','5','15','12','743',NULL,NULL,'wires','GeneralService','3'),(2242,'2','2019-03-21 17:37:20.000000','Y','N','5','1','1','744',NULL,NULL,'wires','Automation Controls & Systems ','3'),(2243,'2','2019-03-21 17:37:20.000000','Y','N','4','10','7','744',NULL,NULL,'Product','Generator Installation ','2'),(2244,'2','2019-03-21 17:37:20.000000','Y','N','5','15','12','744',NULL,NULL,'wires','GeneralService','3'),(2245,'2','2019-03-21 17:37:20.000000','Y','Y','5','1','1','745',NULL,NULL,'wires','Automation Controls & Systems ','3'),(2246,'2','2019-03-21 17:37:20.000000','Y','Y','4','10','7','745',NULL,NULL,'Product','Generator Installation ','2'),(2247,'2','2019-03-21 17:37:20.000000','Y','Y','5','15','12','745',NULL,NULL,'wires','GeneralService','3'),(2248,'2','2019-03-21 17:37:20.000000','Y','N','5','1','1','746',NULL,NULL,'wires','Automation Controls & Systems ','3'),(2249,'2','2019-03-21 17:37:20.000000','Y','N','4','10','7','746',NULL,NULL,'Product','Generator Installation ','2'),(2250,'2','2019-03-21 17:37:20.000000','Y','N','5','15','12','746',NULL,NULL,'wires','GeneralService','3'),(2251,'2','2019-03-21 17:44:16.000000','Y','N','5','1','1','747',NULL,NULL,'wires','Automation Controls & Systems ','3'),(2252,'2','2019-03-21 17:44:16.000000','Y','N','4','10','7','747',NULL,NULL,'Product','Generator Installation ','2'),(2253,'2','2019-03-21 17:44:16.000000','Y','N','5','15','12','747',NULL,NULL,'wires','GeneralService','3'),(2254,'2','2019-03-21 17:44:16.000000','Y','N','5','1','1','748',NULL,NULL,'wires','Automation Controls & Systems ','3'),(2255,'2','2019-03-21 17:44:16.000000','Y','N','4','10','7','748',NULL,NULL,'Product','Generator Installation ','2'),(2256,'2','2019-03-21 17:44:16.000000','Y','N','5','15','12','748',NULL,NULL,'wires','GeneralService','3'),(2257,'2','2019-03-21 17:44:16.000000','Y','N','5','1','1','749',NULL,NULL,'wires','Automation Controls & Systems ','3'),(2258,'2','2019-03-21 17:44:16.000000','Y','N','4','10','7','749',NULL,NULL,'Product','Generator Installation ','2'),(2259,'2','2019-03-21 17:44:16.000000','Y','N','5','15','12','749',NULL,NULL,'wires','GeneralService','3'),(2260,'2','2019-03-21 17:44:16.000000','Y','N','5','1','1','750',NULL,NULL,'wires','Automation Controls & Systems ','3'),(2261,'2','2019-03-21 17:44:16.000000','Y','N','4','10','7','750',NULL,NULL,'Product','Generator Installation ','2'),(2262,'2','2019-03-21 17:44:16.000000','Y','N','5','15','12','750',NULL,NULL,'wires','GeneralService','3'),(2263,'2','2019-03-21 17:44:16.000000','Y','N','5','1','1','751',NULL,NULL,'wires','Automation Controls & Systems ','3'),(2264,'2','2019-03-21 17:44:16.000000','Y','N','4','10','7','751',NULL,NULL,'Product','Generator Installation ','2'),(2265,'2','2019-03-21 17:44:16.000000','Y','N','5','15','12','751',NULL,NULL,'wires','GeneralService','3'),(2266,'2','2019-03-21 17:44:16.000000','Y','N','5','1','1','752',NULL,NULL,'wires','Automation Controls & Systems ','3'),(2267,'2','2019-03-21 17:44:16.000000','Y','N','4','10','7','752',NULL,NULL,'Product','Generator Installation ','2'),(2268,'2','2019-03-21 17:44:16.000000','Y','N','5','15','12','752',NULL,NULL,'wires','GeneralService','3'),(2269,'2','2019-03-21 17:44:16.000000','Y','Y','5','1','1','753',NULL,NULL,'wires','Automation Controls & Systems ','3'),(2270,'2','2019-03-21 17:44:16.000000','Y','Y','4','10','7','753',NULL,NULL,'Product','Generator Installation ','2'),(2271,'2','2019-03-21 17:44:16.000000','Y','Y','5','15','12','753',NULL,NULL,'wires','GeneralService','3'),(2272,'2','2019-03-21 17:44:16.000000','Y','N','5','1','1','754',NULL,NULL,'wires','Automation Controls & Systems ','3'),(2273,'2','2019-03-21 17:44:16.000000','Y','N','4','10','7','754',NULL,NULL,'Product','Generator Installation ','2'),(2274,'2','2019-03-21 17:44:16.000000','Y','N','5','15','12','754',NULL,NULL,'wires','GeneralService','3'),(2419,'2','2019-03-21 17:47:10.000000','Y','N','5','1','1','803',NULL,NULL,'wires','Automation Controls & Systems ','3'),(2420,'2','2019-03-21 17:47:10.000000','Y','N','4','10','7','803',NULL,NULL,'Product','Generator Installation ','2'),(2421,'2','2019-03-21 17:47:10.000000','Y','N','5','15','12','803',NULL,NULL,'wires','GeneralService','3'),(2422,'2','2019-03-21 17:47:10.000000','Y','N','5','1','1','804',NULL,NULL,'wires','Automation Controls & Systems ','3'),(2423,'2','2019-03-21 17:47:10.000000','Y','N','4','10','7','804',NULL,NULL,'Product','Generator Installation ','2'),(2424,'2','2019-03-21 17:47:10.000000','Y','N','5','15','12','804',NULL,NULL,'wires','GeneralService','3'),(2425,'2','2019-03-21 17:47:10.000000','Y','N','5','1','1','805',NULL,NULL,'wires','Automation Controls & Systems ','3'),(2426,'2','2019-03-21 17:47:10.000000','Y','N','4','10','7','805',NULL,NULL,'Product','Generator Installation ','2'),(2427,'2','2019-03-21 17:47:10.000000','Y','N','5','15','12','805',NULL,NULL,'wires','GeneralService','3'),(2428,'2','2019-03-21 17:47:10.000000','Y','N','5','1','1','806',NULL,NULL,'wires','Automation Controls & Systems ','3'),(2429,'2','2019-03-21 17:47:10.000000','Y','N','4','10','7','806',NULL,NULL,'Product','Generator Installation ','2'),(2430,'2','2019-03-21 17:47:10.000000','Y','N','5','15','12','806',NULL,NULL,'wires','GeneralService','3'),(2431,'2','2019-03-21 17:47:10.000000','Y','N','5','1','1','807',NULL,NULL,'wires','Automation Controls & Systems ','3'),(2432,'2','2019-03-21 17:47:10.000000','Y','N','4','10','7','807',NULL,NULL,'Product','Generator Installation ','2'),(2433,'2','2019-03-21 17:47:10.000000','Y','N','5','15','12','807',NULL,NULL,'wires','GeneralService','3'),(2434,'2','2019-03-21 17:47:10.000000','Y','N','5','1','1','808',NULL,NULL,'wires','Automation Controls & Systems ','3'),(2435,'2','2019-03-21 17:47:10.000000','Y','N','4','10','7','808',NULL,NULL,'Product','Generator Installation ','2'),(2436,'2','2019-03-21 17:47:10.000000','Y','N','5','15','12','808',NULL,NULL,'wires','GeneralService','3'),(2437,'2','2019-03-21 17:47:10.000000','Y','Y','5','1','1','809',NULL,NULL,'wires','Automation Controls & Systems ','3'),(2438,'2','2019-03-21 17:47:10.000000','Y','Y','4','10','7','809',NULL,NULL,'Product','Generator Installation ','2'),(2439,'2','2019-03-21 17:47:10.000000','Y','Y','5','15','12','809',NULL,NULL,'wires','GeneralService','3'),(2440,'2','2019-03-21 17:47:10.000000','Y','N','5','1','1','810',NULL,NULL,'wires','Automation Controls & Systems ','3'),(2441,'2','2019-03-21 17:47:10.000000','Y','N','4','10','7','810',NULL,NULL,'Product','Generator Installation ','2'),(2442,'2','2019-03-21 17:47:10.000000','Y','N','5','15','12','810',NULL,NULL,'wires','GeneralService','3'),(2467,'2','2019-03-21 18:27:15.000000','Y','N','5','1','1','819',NULL,NULL,'wires','Automation Controls & Systems ','3'),(2468,'2','2019-03-21 18:27:15.000000','Y','N','4','10','7','819',NULL,NULL,'Product','Generator Installation ','2'),(2469,'2','2019-03-21 18:27:15.000000','Y','N','5','15','12','819',NULL,NULL,'wires','GeneralService','3'),(2470,'2','2019-03-21 18:27:15.000000','Y','N','5','1','1','820',NULL,NULL,'wires','Automation Controls & Systems ','3'),(2471,'2','2019-03-21 18:27:15.000000','Y','N','4','10','7','820',NULL,NULL,'Product','Generator Installation ','2'),(2472,'2','2019-03-21 18:27:15.000000','Y','N','5','15','12','820',NULL,NULL,'wires','GeneralService','3'),(2473,'2','2019-03-21 18:27:15.000000','Y','N','5','1','1','821',NULL,NULL,'wires','Automation Controls & Systems ','3'),(2474,'2','2019-03-21 18:27:15.000000','Y','N','4','10','7','821',NULL,NULL,'Product','Generator Installation ','2'),(2475,'2','2019-03-21 18:27:15.000000','Y','N','5','15','12','821',NULL,NULL,'wires','GeneralService','3'),(2476,'2','2019-03-21 18:27:15.000000','Y','N','5','1','1','822',NULL,NULL,'wires','Automation Controls & Systems ','3'),(2477,'2','2019-03-21 18:27:15.000000','Y','N','4','10','7','822',NULL,NULL,'Product','Generator Installation ','2'),(2478,'2','2019-03-21 18:27:15.000000','Y','N','5','15','12','822',NULL,NULL,'wires','GeneralService','3'),(2479,'2','2019-03-21 18:27:15.000000','Y','N','5','1','1','823',NULL,NULL,'wires','Automation Controls & Systems ','3'),(2480,'2','2019-03-21 18:27:15.000000','Y','N','4','10','7','823',NULL,NULL,'Product','Generator Installation ','2'),(2481,'2','2019-03-21 18:27:15.000000','Y','N','5','15','12','823',NULL,NULL,'wires','GeneralService','3'),(2482,'2','2019-03-21 18:27:15.000000','Y','N','5','1','1','824',NULL,NULL,'wires','Automation Controls & Systems ','3'),(2483,'2','2019-03-21 18:27:15.000000','Y','N','4','10','7','824',NULL,NULL,'Product','Generator Installation ','2'),(2484,'2','2019-03-21 18:27:15.000000','Y','N','5','15','12','824',NULL,NULL,'wires','GeneralService','3'),(2485,'2','2019-03-21 18:27:15.000000','Y','Y','5','1','1','825',NULL,NULL,'wires','Automation Controls & Systems ','3'),(2486,'2','2019-03-21 18:27:15.000000','Y','Y','4','10','7','825',NULL,NULL,'Product','Generator Installation ','2'),(2487,'2','2019-03-21 18:27:15.000000','Y','Y','5','15','12','825',NULL,NULL,'wires','GeneralService','3'),(2488,'2','2019-03-21 18:27:15.000000','Y','N','5','1','1','826',NULL,NULL,'wires','Automation Controls & Systems ','3'),(2489,'2','2019-03-21 18:27:15.000000','Y','N','4','10','7','826',NULL,NULL,'Product','Generator Installation ','2'),(2490,'2','2019-03-21 18:27:15.000000','Y','N','5','15','12','826',NULL,NULL,'wires','GeneralService','3'),(2491,'2','2019-03-21 18:28:35.000000','Y','N','4','7','5','827',NULL,NULL,'Product','Electrical Maintenance ','3'),(2492,'2','2019-03-21 18:28:35.000000','Y','N','6','14','4','827',NULL,NULL,'wires','Electric Heat','1'),(2494,'2','2019-03-21 18:28:35.000000','Y','N','4','7','5','828',NULL,NULL,'Product','Electrical Maintenance ','3'),(2495,'2','2019-03-21 18:28:35.000000','Y','N','6','14','4','828',NULL,NULL,'wires','Electric Heat','1'),(2497,'2','2019-03-21 18:28:35.000000','Y','N','4','7','5','829',NULL,NULL,'Product','Electrical Maintenance ','3'),(2498,'2','2019-03-21 18:28:35.000000','Y','N','6','14','4','829',NULL,NULL,'wires','Electric Heat','1'),(2500,'2','2019-03-21 18:28:35.000000','Y','N','4','7','5','830',NULL,NULL,'Product','Electrical Maintenance ','3'),(2501,'2','2019-03-21 18:28:35.000000','Y','N','6','14','4','830',NULL,NULL,'wires','Electric Heat','1'),(2503,'2','2019-03-21 18:28:35.000000','Y','N','4','7','5','831',NULL,NULL,'Product','Electrical Maintenance ','3'),(2504,'2','2019-03-21 18:28:35.000000','Y','N','6','14','4','831',NULL,NULL,'wires','Electric Heat','1'),(2506,'2','2019-03-21 18:28:35.000000','Y','Y','4','7','5','832',NULL,NULL,'Product','Electrical Maintenance ','3'),(2507,'2','2019-03-21 18:28:35.000000','Y','Y','6','14','4','832',NULL,NULL,'wires','Electric Heat','1'),(2509,'2','2019-03-21 18:28:35.000000','Y','Y','4','7','5','833',NULL,NULL,'Product','Electrical Maintenance ','3'),(2510,'2','2019-03-21 18:28:35.000000','Y','N','6','14','4','833',NULL,NULL,'wires','Electric Heat','1'),(2512,'2','2019-03-21 18:28:35.000000','Y','N','4','7','5','834',NULL,NULL,'Product','Electrical Maintenance ','3'),(2513,'2','2019-03-21 18:28:35.000000','Y','N','6','14','4','834',NULL,NULL,'wires','Electric Heat','1'),(2539,'2','2019-03-21 18:29:45.000000','Y','N','5','1','1','843',NULL,NULL,'wires','Automation Controls & Systems ','3'),(2540,'2','2019-03-21 18:29:45.000000','Y','N','4','10','7','843',NULL,NULL,'Product','Generator Installation ','2'),(2541,'2','2019-03-21 18:29:45.000000','Y','N','5','15','12','843',NULL,NULL,'wires','GeneralService','3'),(2542,'2','2019-03-21 18:29:45.000000','Y','N','5','1','1','844',NULL,NULL,'wires','Automation Controls & Systems ','3'),(2543,'2','2019-03-21 18:29:45.000000','Y','N','4','10','7','844',NULL,NULL,'Product','Generator Installation ','2'),(2544,'2','2019-03-21 18:29:45.000000','Y','N','5','15','12','844',NULL,NULL,'wires','GeneralService','3'),(2545,'2','2019-03-21 18:29:45.000000','Y','N','5','1','1','845',NULL,NULL,'wires','Automation Controls & Systems ','3'),(2546,'2','2019-03-21 18:29:45.000000','Y','N','4','10','7','845',NULL,NULL,'Product','Generator Installation ','2'),(2547,'2','2019-03-21 18:29:45.000000','Y','N','5','15','12','845',NULL,NULL,'wires','GeneralService','3'),(2548,'2','2019-03-21 18:29:45.000000','Y','N','5','1','1','846',NULL,NULL,'wires','Automation Controls & Systems ','3'),(2549,'2','2019-03-21 18:29:45.000000','Y','N','4','10','7','846',NULL,NULL,'Product','Generator Installation ','2'),(2550,'2','2019-03-21 18:29:45.000000','Y','N','5','15','12','846',NULL,NULL,'wires','GeneralService','3'),(2551,'2','2019-03-21 18:29:45.000000','Y','N','5','1','1','847',NULL,NULL,'wires','Automation Controls & Systems ','3'),(2552,'2','2019-03-21 18:29:45.000000','Y','N','4','10','7','847',NULL,NULL,'Product','Generator Installation ','2'),(2553,'2','2019-03-21 18:29:45.000000','Y','N','5','15','12','847',NULL,NULL,'wires','GeneralService','3'),(2554,'2','2019-03-21 18:29:45.000000','Y','N','5','1','1','848',NULL,NULL,'wires','Automation Controls & Systems ','3'),(2555,'2','2019-03-21 18:29:45.000000','Y','N','4','10','7','848',NULL,NULL,'Product','Generator Installation ','2'),(2556,'2','2019-03-21 18:29:45.000000','Y','N','5','15','12','848',NULL,NULL,'wires','GeneralService','3'),(2557,'2','2019-03-21 18:29:45.000000','Y','Y','5','1','1','849',NULL,NULL,'wires','Automation Controls & Systems ','3'),(2558,'2','2019-03-21 18:29:45.000000','Y','Y','4','10','7','849',NULL,NULL,'Product','Generator Installation ','2'),(2559,'2','2019-03-21 18:29:45.000000','Y','Y','5','15','12','849',NULL,NULL,'wires','GeneralService','3'),(2560,'2','2019-03-21 18:29:45.000000','Y','N','5','1','1','850',NULL,NULL,'wires','Automation Controls & Systems ','3'),(2561,'2','2019-03-21 18:29:45.000000','Y','N','4','10','7','850',NULL,NULL,'Product','Generator Installation ','2'),(2562,'2','2019-03-21 18:29:45.000000','Y','N','5','15','12','850',NULL,NULL,'wires','GeneralService','3'),(2563,'2','2019-03-21 18:29:45.848000','Y','N','5','1','1','851',NULL,'2019-03-21 18:29:45.848000','wires','Automation Controls & Systems ','3'),(2564,'2','2019-03-21 18:29:45.866000','Y','N','4','10','7','851',NULL,'2019-03-21 18:29:45.866000','Product','Generator Installation ','2'),(2565,'2','2019-03-21 18:29:45.867000','Y','N','5','15','12','851',NULL,'2019-03-21 18:29:45.867000','wires','GeneralService','3'),(2566,'2','2019-03-21 18:29:45.870000','Y','N','5','1','1','852',NULL,'2019-03-21 18:29:45.870000','wires','Automation Controls & Systems ','3'),(2567,'2','2019-03-21 18:29:45.871000','Y','N','4','10','7','852',NULL,'2019-03-21 18:29:45.871000','Product','Generator Installation ','2'),(2568,'2','2019-03-21 18:29:45.872000','Y','N','5','15','12','852',NULL,'2019-03-21 18:29:45.872000','wires','GeneralService','3'),(2569,'2','2019-03-21 18:29:45.876000','Y','N','5','1','1','853',NULL,'2019-03-21 18:29:45.876000','wires','Automation Controls & Systems ','3'),(2570,'2','2019-03-21 18:29:45.877000','Y','N','4','10','7','853',NULL,'2019-03-21 18:29:45.877000','Product','Generator Installation ','2'),(2571,'2','2019-03-21 18:29:45.878000','Y','N','5','15','12','853',NULL,'2019-03-21 18:29:45.878000','wires','GeneralService','3'),(2572,'2','2019-03-21 18:29:45.882000','Y','N','5','1','1','854',NULL,'2019-03-21 18:29:45.882000','wires','Automation Controls & Systems ','3'),(2573,'2','2019-03-21 18:29:45.884000','Y','N','4','10','7','854',NULL,'2019-03-21 18:29:45.884000','Product','Generator Installation ','2'),(2574,'2','2019-03-21 18:29:45.886000','Y','N','5','15','12','854',NULL,'2019-03-21 18:29:45.886000','wires','GeneralService','3'),(2575,'2','2019-03-21 18:29:45.889000','Y','N','5','1','1','855',NULL,'2019-03-21 18:29:45.889000','wires','Automation Controls & Systems ','3'),(2576,'2','2019-03-21 18:29:45.889000','Y','N','4','10','7','855',NULL,'2019-03-21 18:29:45.889000','Product','Generator Installation ','2'),(2577,'2','2019-03-21 18:29:45.892000','Y','N','5','15','12','855',NULL,'2019-03-21 18:29:45.892000','wires','GeneralService','3'),(2578,'2','2019-03-21 18:29:45.894000','Y','N','5','1','1','856',NULL,'2019-03-21 18:29:45.894000','wires','Automation Controls & Systems ','3'),(2579,'2','2019-03-21 18:29:45.895000','Y','N','4','10','7','856',NULL,'2019-03-21 18:29:45.895000','Product','Generator Installation ','2'),(2580,'2','2019-03-21 18:29:45.895000','Y','N','5','15','12','856',NULL,'2019-03-21 18:29:45.895000','wires','GeneralService','3'),(2581,'2','2019-03-21 18:29:45.897000','Y','Y','5','1','1','857',NULL,'2019-03-21 18:29:45.897000','wires','Automation Controls & Systems ','3'),(2582,'2','2019-03-21 18:29:45.898000','Y','Y','4','10','7','857',NULL,'2019-03-21 18:29:45.898000','Product','Generator Installation ','2'),(2583,'2','2019-03-21 18:29:45.899000','Y','Y','5','15','12','857',NULL,'2019-03-21 18:29:45.899000','wires','GeneralService','3'),(2584,'2','2019-03-21 18:29:45.904000','Y','N','5','1','1','858',NULL,'2019-03-21 18:29:45.904000','wires','Automation Controls & Systems ','3'),(2585,'2','2019-03-21 18:29:45.905000','Y','N','4','10','7','858',NULL,'2019-03-21 18:29:45.905000','Product','Generator Installation ','2'),(2586,'2','2019-03-21 18:29:45.906000','Y','N','5','15','12','858',NULL,'2019-03-21 18:29:45.906000','wires','GeneralService','3'),(2611,'2','2019-03-21 18:29:47.000000','Y','N','5','1','1','867',NULL,NULL,'wires','Automation Controls & Systems ','3'),(2612,'2','2019-03-21 18:29:47.000000','Y','N','4','10','7','867',NULL,NULL,'Product','Generator Installation ','2'),(2613,'2','2019-03-21 18:29:47.000000','Y','N','5','15','12','867',NULL,NULL,'wires','GeneralService','3'),(2614,'2','2019-03-21 18:29:47.000000','Y','N','5','1','1','868',NULL,NULL,'wires','Automation Controls & Systems ','3'),(2615,'2','2019-03-21 18:29:47.000000','Y','N','4','10','7','868',NULL,NULL,'Product','Generator Installation ','2'),(2616,'2','2019-03-21 18:29:47.000000','Y','N','5','15','12','868',NULL,NULL,'wires','GeneralService','3'),(2617,'2','2019-03-21 18:29:47.000000','Y','N','5','1','1','869',NULL,NULL,'wires','Automation Controls & Systems ','3'),(2618,'2','2019-03-21 18:29:47.000000','Y','N','4','10','7','869',NULL,NULL,'Product','Generator Installation ','2'),(2619,'2','2019-03-21 18:29:47.000000','Y','N','5','15','12','869',NULL,NULL,'wires','GeneralService','3'),(2620,'2','2019-03-21 18:29:47.000000','Y','N','5','1','1','870',NULL,NULL,'wires','Automation Controls & Systems ','3'),(2621,'2','2019-03-21 18:29:47.000000','Y','N','4','10','7','870',NULL,NULL,'Product','Generator Installation ','2'),(2622,'2','2019-03-21 18:29:47.000000','Y','N','5','15','12','870',NULL,NULL,'wires','GeneralService','3'),(2623,'2','2019-03-21 18:29:47.000000','Y','N','5','1','1','871',NULL,NULL,'wires','Automation Controls & Systems ','3'),(2624,'2','2019-03-21 18:29:47.000000','Y','N','4','10','7','871',NULL,NULL,'Product','Generator Installation ','2'),(2625,'2','2019-03-21 18:29:47.000000','Y','N','5','15','12','871',NULL,NULL,'wires','GeneralService','3'),(2626,'2','2019-03-21 18:29:47.000000','Y','N','5','1','1','872',NULL,NULL,'wires','Automation Controls & Systems ','3'),(2627,'2','2019-03-21 18:29:47.000000','Y','N','4','10','7','872',NULL,NULL,'Product','Generator Installation ','2'),(2628,'2','2019-03-21 18:29:47.000000','Y','N','5','15','12','872',NULL,NULL,'wires','GeneralService','3'),(2629,'2','2019-03-21 18:29:47.000000','Y','Y','5','1','1','873',NULL,NULL,'wires','Automation Controls & Systems ','3'),(2630,'2','2019-03-21 18:29:47.000000','Y','Y','4','10','7','873',NULL,NULL,'Product','Generator Installation ','2'),(2631,'2','2019-03-21 18:29:47.000000','Y','Y','5','15','12','873',NULL,NULL,'wires','GeneralService','3'),(2632,'2','2019-03-21 18:29:47.000000','Y','N','5','1','1','874',NULL,NULL,'wires','Automation Controls & Systems ','3'),(2633,'2','2019-03-21 18:29:47.000000','Y','N','4','10','7','874',NULL,NULL,'Product','Generator Installation ','2'),(2634,'2','2019-03-21 18:29:47.000000','Y','N','5','15','12','874',NULL,NULL,'wires','GeneralService','3'),(2635,'2','2019-03-21 18:29:48.376000','Y','N','5','1','1','875',NULL,'2019-03-21 18:29:48.376000','wires','Automation Controls & Systems ','3'),(2636,'2','2019-03-21 18:29:48.386000','Y','N','4','10','7','875',NULL,'2019-03-21 18:29:48.386000','Product','Generator Installation ','2'),(2637,'2','2019-03-21 18:29:48.418000','Y','N','5','15','12','875',NULL,'2019-03-21 18:29:48.418000','wires','GeneralService','3'),(2638,'2','2019-03-21 18:29:48.474000','Y','N','5','1','1','876',NULL,'2019-03-21 18:29:48.474000','wires','Automation Controls & Systems ','3'),(2639,'2','2019-03-21 18:29:48.501000','Y','N','4','10','7','876',NULL,'2019-03-21 18:29:48.501000','Product','Generator Installation ','2'),(2640,'2','2019-03-21 18:29:48.508000','Y','N','5','15','12','876',NULL,'2019-03-21 18:29:48.508000','wires','GeneralService','3'),(2641,'2','2019-03-21 18:29:48.531000','Y','N','5','1','1','877',NULL,'2019-03-21 18:29:48.531000','wires','Automation Controls & Systems ','3'),(2642,'2','2019-03-21 18:29:48.544000','Y','N','4','10','7','877',NULL,'2019-03-21 18:29:48.544000','Product','Generator Installation ','2'),(2643,'2','2019-03-21 18:29:48.552000','Y','N','5','15','12','877',NULL,'2019-03-21 18:29:48.552000','wires','GeneralService','3'),(2644,'2','2019-03-21 18:29:48.573000','Y','N','5','1','1','878',NULL,'2019-03-21 18:29:48.573000','wires','Automation Controls & Systems ','3'),(2645,'2','2019-03-21 18:29:48.587000','Y','N','4','10','7','878',NULL,'2019-03-21 18:29:48.587000','Product','Generator Installation ','2'),(2646,'2','2019-03-21 18:29:48.595000','Y','N','5','15','12','878',NULL,'2019-03-21 18:29:48.595000','wires','GeneralService','3'),(2647,'2','2019-03-21 18:29:48.611000','Y','N','5','1','1','879',NULL,'2019-03-21 18:29:48.611000','wires','Automation Controls & Systems ','3'),(2648,'2','2019-03-21 18:29:48.619000','Y','N','4','10','7','879',NULL,'2019-03-21 18:29:48.619000','Product','Generator Installation ','2'),(2649,'2','2019-03-21 18:29:48.627000','Y','N','5','15','12','879',NULL,'2019-03-21 18:29:48.627000','wires','GeneralService','3'),(2650,'2','2019-03-21 18:29:48.644000','Y','N','5','1','1','880',NULL,'2019-03-21 18:29:48.644000','wires','Automation Controls & Systems ','3'),(2651,'2','2019-03-21 18:29:48.653000','Y','N','4','10','7','880',NULL,'2019-03-21 18:29:48.653000','Product','Generator Installation ','2'),(2652,'2','2019-03-21 18:29:48.662000','Y','N','5','15','12','880',NULL,'2019-03-21 18:29:48.662000','wires','GeneralService','3'),(2653,'2','2019-03-21 18:29:48.677000','Y','Y','5','1','1','881',NULL,'2019-03-21 18:29:48.677000','wires','Automation Controls & Systems ','3'),(2654,'2','2019-03-21 18:29:48.693000','Y','Y','4','10','7','881',NULL,'2019-03-21 18:29:48.693000','Product','Generator Installation ','2'),(2655,'2','2019-03-21 18:29:48.703000','Y','Y','5','15','12','881',NULL,'2019-03-21 18:29:48.703000','wires','GeneralService','3'),(2656,'2','2019-03-21 18:29:48.733000','Y','N','5','1','1','882',NULL,'2019-03-21 18:29:48.733000','wires','Automation Controls & Systems ','3'),(2657,'2','2019-03-21 18:29:48.752000','Y','N','4','10','7','882',NULL,'2019-03-21 18:29:48.752000','Product','Generator Installation ','2'),(2658,'2','2019-03-21 18:29:48.760000','Y','N','5','15','12','882',NULL,'2019-03-21 18:29:48.760000','wires','GeneralService','3'),(2683,'2','2019-03-21 18:29:50.000000','Y','N','5','1','1','891',NULL,NULL,'wires','Automation Controls & Systems ','3'),(2684,'2','2019-03-21 18:29:50.000000','Y','N','4','10','7','891',NULL,NULL,'Product','Generator Installation ','2'),(2685,'2','2019-03-21 18:29:50.000000','Y','N','5','15','12','891',NULL,NULL,'wires','GeneralService','3'),(2686,'2','2019-03-21 18:29:50.000000','Y','N','5','1','1','892',NULL,NULL,'wires','Automation Controls & Systems ','3'),(2687,'2','2019-03-21 18:29:50.000000','Y','N','4','10','7','892',NULL,NULL,'Product','Generator Installation ','2'),(2688,'2','2019-03-21 18:29:50.000000','Y','N','5','15','12','892',NULL,NULL,'wires','GeneralService','3'),(2689,'2','2019-03-21 18:29:50.000000','Y','N','5','1','1','893',NULL,NULL,'wires','Automation Controls & Systems ','3'),(2690,'2','2019-03-21 18:29:50.000000','Y','N','4','10','7','893',NULL,NULL,'Product','Generator Installation ','2'),(2691,'2','2019-03-21 18:29:50.000000','Y','N','5','15','12','893',NULL,NULL,'wires','GeneralService','3'),(2692,'2','2019-03-21 18:29:50.000000','Y','N','5','1','1','894',NULL,NULL,'wires','Automation Controls & Systems ','3'),(2693,'2','2019-03-21 18:29:50.000000','Y','N','4','10','7','894',NULL,NULL,'Product','Generator Installation ','2'),(2694,'2','2019-03-21 18:29:50.000000','Y','N','5','15','12','894',NULL,NULL,'wires','GeneralService','3'),(2695,'2','2019-03-21 18:29:50.000000','Y','N','5','1','1','895',NULL,NULL,'wires','Automation Controls & Systems ','3'),(2696,'2','2019-03-21 18:29:50.000000','Y','N','4','10','7','895',NULL,NULL,'Product','Generator Installation ','2'),(2697,'2','2019-03-21 18:29:50.000000','Y','N','5','15','12','895',NULL,NULL,'wires','GeneralService','3'),(2698,'2','2019-03-21 18:29:50.000000','Y','N','5','1','1','896',NULL,NULL,'wires','Automation Controls & Systems ','3'),(2699,'2','2019-03-21 18:29:50.000000','Y','N','4','10','7','896',NULL,NULL,'Product','Generator Installation ','2'),(2700,'2','2019-03-21 18:29:50.000000','Y','N','5','15','12','896',NULL,NULL,'wires','GeneralService','3'),(2701,'2','2019-03-21 18:29:50.000000','Y','Y','5','1','1','897',NULL,NULL,'wires','Automation Controls & Systems ','3'),(2702,'2','2019-03-21 18:29:50.000000','Y','Y','4','10','7','897',NULL,NULL,'Product','Generator Installation ','2'),(2703,'2','2019-03-21 18:29:50.000000','Y','Y','5','15','12','897',NULL,NULL,'wires','GeneralService','3'),(2704,'2','2019-03-21 18:29:50.000000','Y','N','5','1','1','898',NULL,NULL,'wires','Automation Controls & Systems ','3'),(2705,'2','2019-03-21 18:29:50.000000','Y','N','4','10','7','898',NULL,NULL,'Product','Generator Installation ','2'),(2706,'2','2019-03-21 18:29:50.000000','Y','N','5','15','12','898',NULL,NULL,'wires','GeneralService','3'),(2779,'2','2019-03-21 18:30:53.000000','Y','N','5','1','1','923',NULL,NULL,'wires','Automation Controls & Systems ','3'),(2780,'2','2019-03-21 18:30:53.000000','Y','N','4','10','7','923',NULL,NULL,'Product','Generator Installation ','2'),(2781,'2','2019-03-21 18:30:53.000000','Y','N','5','15','12','923',NULL,NULL,'wires','GeneralService','3'),(2782,'2','2019-03-21 18:30:53.000000','Y','N','5','1','1','924',NULL,NULL,'wires','Automation Controls & Systems ','3'),(2783,'2','2019-03-21 18:30:53.000000','Y','N','4','10','7','924',NULL,NULL,'Product','Generator Installation ','2'),(2784,'2','2019-03-21 18:30:53.000000','Y','N','5','15','12','924',NULL,NULL,'wires','GeneralService','3'),(2785,'2','2019-03-21 18:30:53.000000','Y','N','5','1','1','925',NULL,NULL,'wires','Automation Controls & Systems ','3'),(2786,'2','2019-03-21 18:30:53.000000','Y','N','4','10','7','925',NULL,NULL,'Product','Generator Installation ','2'),(2787,'2','2019-03-21 18:30:53.000000','Y','N','5','15','12','925',NULL,NULL,'wires','GeneralService','3'),(2788,'2','2019-03-21 18:30:53.000000','Y','N','5','1','1','926',NULL,NULL,'wires','Automation Controls & Systems ','3'),(2789,'2','2019-03-21 18:30:53.000000','Y','N','4','10','7','926',NULL,NULL,'Product','Generator Installation ','2'),(2790,'2','2019-03-21 18:30:53.000000','Y','N','5','15','12','926',NULL,NULL,'wires','GeneralService','3'),(2791,'2','2019-03-21 18:30:53.000000','Y','N','5','1','1','927',NULL,NULL,'wires','Automation Controls & Systems ','3'),(2792,'2','2019-03-21 18:30:53.000000','Y','N','4','10','7','927',NULL,NULL,'Product','Generator Installation ','2'),(2793,'2','2019-03-21 18:30:53.000000','Y','N','5','15','12','927',NULL,NULL,'wires','GeneralService','3'),(2794,'2','2019-03-21 18:30:53.000000','Y','N','5','1','1','928',NULL,NULL,'wires','Automation Controls & Systems ','3'),(2795,'2','2019-03-21 18:30:53.000000','Y','N','4','10','7','928',NULL,NULL,'Product','Generator Installation ','2'),(2796,'2','2019-03-21 18:30:53.000000','Y','N','5','15','12','928',NULL,NULL,'wires','GeneralService','3'),(2797,'2','2019-03-21 18:30:53.000000','Y','Y','5','1','1','929',NULL,NULL,'wires','Automation Controls & Systems ','3'),(2798,'2','2019-03-21 18:30:53.000000','Y','Y','4','10','7','929',NULL,NULL,'Product','Generator Installation ','2'),(2799,'2','2019-03-21 18:30:53.000000','Y','Y','5','15','12','929',NULL,NULL,'wires','GeneralService','3'),(2800,'2','2019-03-21 18:30:53.000000','Y','N','5','1','1','930',NULL,NULL,'wires','Automation Controls & Systems ','3'),(2801,'2','2019-03-21 18:30:53.000000','Y','N','4','10','7','930',NULL,NULL,'Product','Generator Installation ','2'),(2802,'2','2019-03-21 18:30:53.000000','Y','N','5','15','12','930',NULL,NULL,'wires','GeneralService','3'),(2803,'2','2019-03-21 18:34:43.000000','Y','N','5','1','1','931',NULL,NULL,'wires','Automation Controls & Systems ','3'),(2804,'2','2019-03-21 18:34:43.000000','Y','N','4','10','7','931',NULL,NULL,'Product','Generator Installation ','2'),(2805,'2','2019-03-21 18:34:43.000000','Y','N','5','15','12','931',NULL,NULL,'wires','GeneralService','3'),(2806,'2','2019-03-21 18:34:43.000000','Y','N','5','1','1','932',NULL,NULL,'wires','Automation Controls & Systems ','3'),(2807,'2','2019-03-21 18:34:43.000000','Y','N','4','10','7','932',NULL,NULL,'Product','Generator Installation ','2'),(2808,'2','2019-03-21 18:34:43.000000','Y','N','5','15','12','932',NULL,NULL,'wires','GeneralService','3'),(2809,'2','2019-03-21 18:34:43.000000','Y','N','5','1','1','933',NULL,NULL,'wires','Automation Controls & Systems ','3'),(2810,'2','2019-03-21 18:34:43.000000','Y','N','4','10','7','933',NULL,NULL,'Product','Generator Installation ','2'),(2811,'2','2019-03-21 18:34:43.000000','Y','N','5','15','12','933',NULL,NULL,'wires','GeneralService','3'),(2812,'2','2019-03-21 18:34:43.000000','Y','N','5','1','1','934',NULL,NULL,'wires','Automation Controls & Systems ','3'),(2813,'2','2019-03-21 18:34:43.000000','Y','N','4','10','7','934',NULL,NULL,'Product','Generator Installation ','2'),(2814,'2','2019-03-21 18:34:43.000000','Y','N','5','15','12','934',NULL,NULL,'wires','GeneralService','3'),(2815,'2','2019-03-21 18:34:43.000000','Y','N','5','1','1','935',NULL,NULL,'wires','Automation Controls & Systems ','3'),(2816,'2','2019-03-21 18:34:43.000000','Y','N','4','10','7','935',NULL,NULL,'Product','Generator Installation ','2'),(2817,'2','2019-03-21 18:34:43.000000','Y','N','5','15','12','935',NULL,NULL,'wires','GeneralService','3'),(2818,'2','2019-03-21 18:34:43.000000','Y','N','5','1','1','936',NULL,NULL,'wires','Automation Controls & Systems ','3'),(2819,'2','2019-03-21 18:34:43.000000','Y','N','4','10','7','936',NULL,NULL,'Product','Generator Installation ','2'),(2820,'2','2019-03-21 18:34:43.000000','Y','N','5','15','12','936',NULL,NULL,'wires','GeneralService','3'),(2821,'2','2019-03-21 18:34:43.000000','Y','Y','5','1','1','937',NULL,NULL,'wires','Automation Controls & Systems ','3'),(2822,'2','2019-03-21 18:34:43.000000','Y','Y','4','10','7','937',NULL,NULL,'Product','Generator Installation ','2'),(2823,'2','2019-03-21 18:34:43.000000','Y','Y','5','15','12','937',NULL,NULL,'wires','GeneralService','3'),(2824,'2','2019-03-21 18:34:43.000000','Y','N','5','1','1','938',NULL,NULL,'wires','Automation Controls & Systems ','3'),(2825,'2','2019-03-21 18:34:43.000000','Y','N','4','10','7','938',NULL,NULL,'Product','Generator Installation ','2'),(2826,'2','2019-03-21 18:34:43.000000','Y','N','5','15','12','938',NULL,NULL,'wires','GeneralService','3'),(2875,'2','2019-03-21 18:37:06.000000','Y','N','5','1','1','955',NULL,NULL,'wires','Automation Controls & Systems ','3'),(2876,'2','2019-03-21 18:37:06.000000','Y','N','4','10','7','955',NULL,NULL,'Product','Generator Installation ','2'),(2877,'2','2019-03-21 18:37:06.000000','Y','N','5','15','12','955',NULL,NULL,'wires','GeneralService','3'),(2878,'2','2019-03-21 18:37:06.000000','Y','N','5','1','1','956',NULL,NULL,'wires','Automation Controls & Systems ','3'),(2879,'2','2019-03-21 18:37:06.000000','Y','N','4','10','7','956',NULL,NULL,'Product','Generator Installation ','2'),(2880,'2','2019-03-21 18:37:06.000000','Y','N','5','15','12','956',NULL,NULL,'wires','GeneralService','3'),(2881,'2','2019-03-21 18:37:06.000000','Y','N','5','1','1','957',NULL,NULL,'wires','Automation Controls & Systems ','3'),(2882,'2','2019-03-21 18:37:06.000000','Y','N','4','10','7','957',NULL,NULL,'Product','Generator Installation ','2'),(2883,'2','2019-03-21 18:37:06.000000','Y','N','5','15','12','957',NULL,NULL,'wires','GeneralService','3'),(2884,'2','2019-03-21 18:37:06.000000','Y','N','5','1','1','958',NULL,NULL,'wires','Automation Controls & Systems ','3'),(2885,'2','2019-03-21 18:37:06.000000','Y','N','4','10','7','958',NULL,NULL,'Product','Generator Installation ','2'),(2886,'2','2019-03-21 18:37:06.000000','Y','N','5','15','12','958',NULL,NULL,'wires','GeneralService','3'),(2887,'2','2019-03-21 18:37:06.000000','Y','N','5','1','1','959',NULL,NULL,'wires','Automation Controls & Systems ','3'),(2888,'2','2019-03-21 18:37:06.000000','Y','N','4','10','7','959',NULL,NULL,'Product','Generator Installation ','2'),(2889,'2','2019-03-21 18:37:06.000000','Y','N','5','15','12','959',NULL,NULL,'wires','GeneralService','3'),(2890,'2','2019-03-21 18:37:06.000000','Y','N','5','1','1','960',NULL,NULL,'wires','Automation Controls & Systems ','3'),(2891,'2','2019-03-21 18:37:06.000000','Y','N','4','10','7','960',NULL,NULL,'Product','Generator Installation ','2'),(2892,'2','2019-03-21 18:37:06.000000','Y','N','5','15','12','960',NULL,NULL,'wires','GeneralService','3'),(2893,'2','2019-03-21 18:37:06.000000','Y','Y','5','1','1','961',NULL,NULL,'wires','Automation Controls & Systems ','3'),(2894,'2','2019-03-21 18:37:06.000000','Y','Y','4','10','7','961',NULL,NULL,'Product','Generator Installation ','2'),(2895,'2','2019-03-21 18:37:06.000000','Y','Y','5','15','12','961',NULL,NULL,'wires','GeneralService','3'),(2896,'2','2019-03-21 18:37:06.000000','Y','N','5','1','1','962',NULL,NULL,'wires','Automation Controls & Systems ','3'),(2897,'2','2019-03-21 18:37:06.000000','Y','N','4','10','7','962',NULL,NULL,'Product','Generator Installation ','2'),(2898,'2','2019-03-21 18:37:06.000000','Y','N','5','15','12','962',NULL,NULL,'wires','GeneralService','3'),(2923,'2','2019-03-21 18:37:58.000000','Y','N','5','1','1','971',NULL,NULL,'wires','Automation Controls & Systems ','3'),(2924,'2','2019-03-21 18:37:58.000000','Y','N','4','10','7','971',NULL,NULL,'Product','Generator Installation ','2'),(2925,'2','2019-03-21 18:37:58.000000','Y','N','5','15','12','971',NULL,NULL,'wires','GeneralService','3'),(2926,'2','2019-03-21 18:37:58.000000','Y','N','5','1','1','972',NULL,NULL,'wires','Automation Controls & Systems ','3'),(2927,'2','2019-03-21 18:37:58.000000','Y','N','4','10','7','972',NULL,NULL,'Product','Generator Installation ','2'),(2928,'2','2019-03-21 18:37:58.000000','Y','N','5','15','12','972',NULL,NULL,'wires','GeneralService','3'),(2929,'2','2019-03-21 18:37:58.000000','Y','N','5','1','1','973',NULL,NULL,'wires','Automation Controls & Systems ','3'),(2930,'2','2019-03-21 18:37:58.000000','Y','N','4','10','7','973',NULL,NULL,'Product','Generator Installation ','2'),(2931,'2','2019-03-21 18:37:58.000000','Y','N','5','15','12','973',NULL,NULL,'wires','GeneralService','3'),(2932,'2','2019-03-21 18:37:58.000000','Y','N','5','1','1','974',NULL,NULL,'wires','Automation Controls & Systems ','3'),(2933,'2','2019-03-21 18:37:58.000000','Y','N','4','10','7','974',NULL,NULL,'Product','Generator Installation ','2'),(2934,'2','2019-03-21 18:37:58.000000','Y','N','5','15','12','974',NULL,NULL,'wires','GeneralService','3'),(2935,'2','2019-03-21 18:37:58.000000','Y','N','5','1','1','975',NULL,NULL,'wires','Automation Controls & Systems ','3'),(2936,'2','2019-03-21 18:37:58.000000','Y','N','4','10','7','975',NULL,NULL,'Product','Generator Installation ','2'),(2937,'2','2019-03-21 18:37:58.000000','Y','N','5','15','12','975',NULL,NULL,'wires','GeneralService','3'),(2938,'2','2019-03-21 18:37:58.000000','Y','N','5','1','1','976',NULL,NULL,'wires','Automation Controls & Systems ','3'),(2939,'2','2019-03-21 18:37:58.000000','Y','N','4','10','7','976',NULL,NULL,'Product','Generator Installation ','2'),(2940,'2','2019-03-21 18:37:58.000000','Y','N','5','15','12','976',NULL,NULL,'wires','GeneralService','3'),(2941,'2','2019-03-21 18:37:58.000000','Y','Y','5','1','1','977',NULL,NULL,'wires','Automation Controls & Systems ','3'),(2942,'2','2019-03-21 18:37:58.000000','Y','Y','4','10','7','977',NULL,NULL,'Product','Generator Installation ','2'),(2943,'2','2019-03-21 18:37:58.000000','Y','Y','5','15','12','977',NULL,NULL,'wires','GeneralService','3'),(2944,'2','2019-03-21 18:37:58.000000','Y','N','5','1','1','978',NULL,NULL,'wires','Automation Controls & Systems ','3'),(2945,'2','2019-03-21 18:37:58.000000','Y','N','4','10','7','978',NULL,NULL,'Product','Generator Installation ','2'),(2946,'2','2019-03-21 18:37:58.000000','Y','N','5','15','12','978',NULL,NULL,'wires','GeneralService','3'),(2971,'2','2019-03-21 18:38:20.000000','Y','N','5','1','1','987',NULL,NULL,'wires','Automation Controls & Systems ','3'),(2972,'2','2019-03-21 18:38:20.000000','Y','N','4','10','7','987',NULL,NULL,'Product','Generator Installation ','2'),(2973,'2','2019-03-21 18:38:20.000000','Y','N','5','15','12','987',NULL,NULL,'wires','GeneralService','3'),(2974,'2','2019-03-21 18:38:20.000000','Y','N','5','1','1','988',NULL,NULL,'wires','Automation Controls & Systems ','3'),(2975,'2','2019-03-21 18:38:20.000000','Y','N','4','10','7','988',NULL,NULL,'Product','Generator Installation ','2'),(2976,'2','2019-03-21 18:38:20.000000','Y','N','5','15','12','988',NULL,NULL,'wires','GeneralService','3'),(2977,'2','2019-03-21 18:38:20.000000','Y','N','5','1','1','989',NULL,NULL,'wires','Automation Controls & Systems ','3'),(2978,'2','2019-03-21 18:38:20.000000','Y','N','4','10','7','989',NULL,NULL,'Product','Generator Installation ','2'),(2979,'2','2019-03-21 18:38:20.000000','Y','N','5','15','12','989',NULL,NULL,'wires','GeneralService','3'),(2980,'2','2019-03-21 18:38:20.000000','Y','N','5','1','1','990',NULL,NULL,'wires','Automation Controls & Systems ','3'),(2981,'2','2019-03-21 18:38:20.000000','Y','N','4','10','7','990',NULL,NULL,'Product','Generator Installation ','2'),(2982,'2','2019-03-21 18:38:20.000000','Y','N','5','15','12','990',NULL,NULL,'wires','GeneralService','3'),(2983,'2','2019-03-21 18:38:20.000000','Y','N','5','1','1','991',NULL,NULL,'wires','Automation Controls & Systems ','3'),(2984,'2','2019-03-21 18:38:20.000000','Y','N','4','10','7','991',NULL,NULL,'Product','Generator Installation ','2'),(2985,'2','2019-03-21 18:38:20.000000','Y','N','5','15','12','991',NULL,NULL,'wires','GeneralService','3'),(2986,'2','2019-03-21 18:38:20.000000','Y','N','5','1','1','992',NULL,NULL,'wires','Automation Controls & Systems ','3'),(2987,'2','2019-03-21 18:38:20.000000','Y','N','4','10','7','992',NULL,NULL,'Product','Generator Installation ','2'),(2988,'2','2019-03-21 18:38:20.000000','Y','N','5','15','12','992',NULL,NULL,'wires','GeneralService','3'),(2989,'2','2019-03-21 18:38:21.000000','Y','Y','5','1','1','993',NULL,NULL,'wires','Automation Controls & Systems ','3'),(2990,'2','2019-03-21 18:38:21.000000','Y','Y','4','10','7','993',NULL,NULL,'Product','Generator Installation ','2'),(2991,'2','2019-03-21 18:38:21.000000','Y','Y','5','15','12','993',NULL,NULL,'wires','GeneralService','3'),(2992,'2','2019-03-21 18:38:21.000000','Y','N','5','1','1','994',NULL,NULL,'wires','Automation Controls & Systems ','3'),(2993,'2','2019-03-21 18:38:21.000000','Y','N','4','10','7','994',NULL,NULL,'Product','Generator Installation ','2'),(2994,'2','2019-03-21 18:38:21.000000','Y','N','5','15','12','994',NULL,NULL,'wires','GeneralService','3'),(2995,'2','2019-03-22 13:17:54.000000','Y','N','5','1','1','995',NULL,NULL,'wires','Automation Controls & Systems ','3'),(2996,'2','2019-03-22 13:17:54.000000','Y','N','4','10','7','995',NULL,NULL,'Product','Generator Installation ','2'),(2997,'2','2019-03-22 13:17:54.000000','Y','N','5','15','12','995',NULL,NULL,'wires','GeneralService','3'),(2998,'2','2019-03-22 13:17:54.000000','Y','N','5','1','1','996',NULL,NULL,'wires','Automation Controls & Systems ','3'),(2999,'2','2019-03-22 13:17:54.000000','Y','N','4','10','7','996',NULL,NULL,'Product','Generator Installation ','2'),(3000,'2','2019-03-22 13:17:54.000000','Y','N','5','15','12','996',NULL,NULL,'wires','GeneralService','3'),(3001,'2','2019-03-22 13:17:54.000000','Y','N','5','1','1','997',NULL,NULL,'wires','Automation Controls & Systems ','3'),(3002,'2','2019-03-22 13:17:54.000000','Y','N','4','10','7','997',NULL,NULL,'Product','Generator Installation ','2'),(3003,'2','2019-03-22 13:17:54.000000','Y','N','5','15','12','997',NULL,NULL,'wires','GeneralService','3'),(3004,'2','2019-03-22 13:17:54.000000','Y','N','5','1','1','998',NULL,NULL,'wires','Automation Controls & Systems ','3'),(3005,'2','2019-03-22 13:17:54.000000','Y','N','4','10','7','998',NULL,NULL,'Product','Generator Installation ','2'),(3006,'2','2019-03-22 13:17:54.000000','Y','N','5','15','12','998',NULL,NULL,'wires','GeneralService','3'),(3007,'2','2019-03-22 13:17:54.000000','Y','N','5','1','1','999',NULL,NULL,'wires','Automation Controls & Systems ','3'),(3008,'2','2019-03-22 13:17:54.000000','Y','N','4','10','7','999',NULL,NULL,'Product','Generator Installation ','2'),(3009,'2','2019-03-22 13:17:54.000000','Y','N','5','15','12','999',NULL,NULL,'wires','GeneralService','3'),(3010,'2','2019-03-22 13:17:54.000000','Y','N','5','1','1','1000',NULL,NULL,'wires','Automation Controls & Systems ','3'),(3011,'2','2019-03-22 13:17:54.000000','Y','N','4','10','7','1000',NULL,NULL,'Product','Generator Installation ','2'),(3012,'2','2019-03-22 13:17:54.000000','Y','N','5','15','12','1000',NULL,NULL,'wires','GeneralService','3'),(3013,'2','2019-03-22 13:17:54.000000','Y','Y','5','1','1','1001',NULL,NULL,'wires','Automation Controls & Systems ','3'),(3014,'2','2019-03-22 13:17:54.000000','Y','Y','4','10','7','1001',NULL,NULL,'Product','Generator Installation ','2'),(3015,'2','2019-03-22 13:17:54.000000','Y','Y','5','15','12','1001',NULL,NULL,'wires','GeneralService','3'),(3016,'2','2019-03-22 13:17:54.000000','Y','N','5','1','1','1002',NULL,NULL,'wires','Automation Controls & Systems ','3'),(3017,'2','2019-03-22 13:17:54.000000','Y','N','4','10','7','1002',NULL,NULL,'Product','Generator Installation ','2'),(3018,'2','2019-03-22 13:17:54.000000','Y','N','5','15','12','1002',NULL,NULL,'wires','GeneralService','3'),(3019,'2','2019-03-22 13:18:24.000000','Y','N','5','1','1','1003',NULL,NULL,'wires','Automation Controls & Systems ','3'),(3020,'2','2019-03-22 13:18:24.000000','Y','N','4','10','7','1003',NULL,NULL,'Product','Generator Installation ','2'),(3021,'2','2019-03-22 13:18:24.000000','Y','N','5','15','12','1003',NULL,NULL,'wires','GeneralService','3'),(3022,'2','2019-03-22 13:18:24.000000','Y','N','5','1','1','1004',NULL,NULL,'wires','Automation Controls & Systems ','3'),(3023,'2','2019-03-22 13:18:24.000000','Y','N','4','10','7','1004',NULL,NULL,'Product','Generator Installation ','2'),(3024,'2','2019-03-22 13:18:24.000000','Y','N','5','15','12','1004',NULL,NULL,'wires','GeneralService','3'),(3025,'2','2019-03-22 13:18:24.000000','Y','N','5','1','1','1005',NULL,NULL,'wires','Automation Controls & Systems ','3'),(3026,'2','2019-03-22 13:18:24.000000','Y','N','4','10','7','1005',NULL,NULL,'Product','Generator Installation ','2'),(3027,'2','2019-03-22 13:18:24.000000','Y','N','5','15','12','1005',NULL,NULL,'wires','GeneralService','3'),(3028,'2','2019-03-22 13:18:24.000000','Y','N','5','1','1','1006',NULL,NULL,'wires','Automation Controls & Systems ','3'),(3029,'2','2019-03-22 13:18:24.000000','Y','N','4','10','7','1006',NULL,NULL,'Product','Generator Installation ','2'),(3030,'2','2019-03-22 13:18:24.000000','Y','N','5','15','12','1006',NULL,NULL,'wires','GeneralService','3'),(3031,'2','2019-03-22 13:18:24.000000','Y','N','5','1','1','1007',NULL,NULL,'wires','Automation Controls & Systems ','3'),(3032,'2','2019-03-22 13:18:24.000000','Y','N','4','10','7','1007',NULL,NULL,'Product','Generator Installation ','2'),(3033,'2','2019-03-22 13:18:24.000000','Y','N','5','15','12','1007',NULL,NULL,'wires','GeneralService','3'),(3034,'2','2019-03-22 13:18:25.000000','Y','N','5','1','1','1008',NULL,NULL,'wires','Automation Controls & Systems ','3'),(3035,'2','2019-03-22 13:18:25.000000','Y','N','4','10','7','1008',NULL,NULL,'Product','Generator Installation ','2'),(3036,'2','2019-03-22 13:18:25.000000','Y','N','5','15','12','1008',NULL,NULL,'wires','GeneralService','3'),(3037,'2','2019-03-22 13:18:25.000000','Y','Y','5','1','1','1009',NULL,NULL,'wires','Automation Controls & Systems ','3'),(3038,'2','2019-03-22 13:18:25.000000','Y','Y','4','10','7','1009',NULL,NULL,'Product','Generator Installation ','2'),(3039,'2','2019-03-22 13:18:25.000000','Y','Y','5','15','12','1009',NULL,NULL,'wires','GeneralService','3'),(3040,'2','2019-03-22 13:18:25.000000','Y','N','5','1','1','1010',NULL,NULL,'wires','Automation Controls & Systems ','3'),(3041,'2','2019-03-22 13:18:25.000000','Y','N','4','10','7','1010',NULL,NULL,'Product','Generator Installation ','2'),(3042,'2','2019-03-22 13:18:25.000000','Y','N','5','15','12','1010',NULL,NULL,'wires','GeneralService','3'),(3067,'2','2019-03-22 13:19:14.000000','Y','N','4','7','5','1019',NULL,NULL,'Product','Electrical Maintenance ','3'),(3068,'2','2019-03-22 13:19:14.000000','Y','N','6','14','4','1019',NULL,NULL,'wires','Electric Heat','1'),(3070,'2','2019-03-22 13:19:14.000000','Y','N','4','7','5','1020',NULL,NULL,'Product','Electrical Maintenance ','3'),(3071,'2','2019-03-22 13:19:14.000000','Y','N','6','14','4','1020',NULL,NULL,'wires','Electric Heat','1'),(3073,'2','2019-03-22 13:19:14.000000','Y','N','4','7','5','1021',NULL,NULL,'Product','Electrical Maintenance ','3'),(3074,'2','2019-03-22 13:19:14.000000','Y','N','6','14','4','1021',NULL,NULL,'wires','Electric Heat','1'),(3076,'2','2019-03-22 13:19:14.000000','Y','N','4','7','5','1022',NULL,NULL,'Product','Electrical Maintenance ','3'),(3077,'2','2019-03-22 13:19:14.000000','Y','N','6','14','4','1022',NULL,NULL,'wires','Electric Heat','1'),(3079,'2','2019-03-22 13:19:14.000000','Y','N','4','7','5','1023',NULL,NULL,'Product','Electrical Maintenance ','3'),(3080,'2','2019-03-22 13:19:14.000000','Y','N','6','14','4','1023',NULL,NULL,'wires','Electric Heat','1'),(3082,'2','2019-03-22 13:19:14.000000','Y','Y','4','7','5','1024',NULL,NULL,'Product','Electrical Maintenance ','3'),(3083,'2','2019-03-22 13:19:14.000000','Y','Y','6','14','4','1024',NULL,NULL,'wires','Electric Heat','1'),(3085,'2','2019-03-22 13:19:14.000000','Y','Y','4','7','5','1025',NULL,NULL,'Product','Electrical Maintenance ','3'),(3086,'2','2019-03-22 13:19:14.000000','Y','N','6','14','4','1025',NULL,NULL,'wires','Electric Heat','1'),(3088,'2','2019-03-22 13:19:14.000000','Y','N','4','7','5','1026',NULL,NULL,'Product','Electrical Maintenance ','3'),(3089,'2','2019-03-22 13:19:14.000000','Y','N','6','14','4','1026',NULL,NULL,'wires','Electric Heat','1'),(3091,'2','2019-03-22 13:20:28.000000','Y','N','5','1','1','1027',NULL,NULL,'wires','Automation Controls & Systems ','3'),(3092,'2','2019-03-22 13:20:28.000000','Y','N','4','10','7','1027',NULL,NULL,'Product','Generator Installation ','2'),(3093,'2','2019-03-22 13:20:28.000000','Y','N','5','15','12','1027',NULL,NULL,'wires','GeneralService','3'),(3094,'2','2019-03-22 13:20:28.000000','Y','N','5','1','1','1028',NULL,NULL,'wires','Automation Controls & Systems ','3'),(3095,'2','2019-03-22 13:20:28.000000','Y','N','4','10','7','1028',NULL,NULL,'Product','Generator Installation ','2'),(3096,'2','2019-03-22 13:20:28.000000','Y','N','5','15','12','1028',NULL,NULL,'wires','GeneralService','3'),(3097,'2','2019-03-22 13:20:28.000000','Y','N','5','1','1','1029',NULL,NULL,'wires','Automation Controls & Systems ','3'),(3098,'2','2019-03-22 13:20:28.000000','Y','N','4','10','7','1029',NULL,NULL,'Product','Generator Installation ','2'),(3099,'2','2019-03-22 13:20:28.000000','Y','N','5','15','12','1029',NULL,NULL,'wires','GeneralService','3'),(3100,'2','2019-03-22 13:20:28.000000','Y','N','5','1','1','1030',NULL,NULL,'wires','Automation Controls & Systems ','3'),(3101,'2','2019-03-22 13:20:28.000000','Y','N','4','10','7','1030',NULL,NULL,'Product','Generator Installation ','2'),(3102,'2','2019-03-22 13:20:28.000000','Y','N','5','15','12','1030',NULL,NULL,'wires','GeneralService','3'),(3103,'2','2019-03-22 13:20:28.000000','Y','N','5','1','1','1031',NULL,NULL,'wires','Automation Controls & Systems ','3'),(3104,'2','2019-03-22 13:20:28.000000','Y','N','4','10','7','1031',NULL,NULL,'Product','Generator Installation ','2'),(3105,'2','2019-03-22 13:20:28.000000','Y','N','5','15','12','1031',NULL,NULL,'wires','GeneralService','3'),(3106,'2','2019-03-22 13:20:28.000000','Y','N','5','1','1','1032',NULL,NULL,'wires','Automation Controls & Systems ','3'),(3107,'2','2019-03-22 13:20:28.000000','Y','N','4','10','7','1032',NULL,NULL,'Product','Generator Installation ','2'),(3108,'2','2019-03-22 13:20:28.000000','Y','N','5','15','12','1032',NULL,NULL,'wires','GeneralService','3'),(3109,'2','2019-03-22 13:20:28.000000','Y','Y','5','1','1','1033',NULL,NULL,'wires','Automation Controls & Systems ','3'),(3110,'2','2019-03-22 13:20:28.000000','Y','Y','4','10','7','1033',NULL,NULL,'Product','Generator Installation ','2'),(3111,'2','2019-03-22 13:20:28.000000','Y','Y','5','15','12','1033',NULL,NULL,'wires','GeneralService','3'),(3112,'2','2019-03-22 13:20:28.000000','Y','N','5','1','1','1034',NULL,NULL,'wires','Automation Controls & Systems ','3'),(3113,'2','2019-03-22 13:20:28.000000','Y','N','4','10','7','1034',NULL,NULL,'Product','Generator Installation ','2'),(3114,'2','2019-03-22 13:20:28.000000','Y','N','5','15','12','1034',NULL,NULL,'wires','GeneralService','3'),(3115,'2','2019-03-22 13:23:25.000000','Y','N','7','9','4','1035',NULL,NULL,'sampe','Electric Heat','4'),(3116,'2','2019-03-22 13:23:25.000000','Y','N','7','16','12','1035',NULL,NULL,'sampe','GeneralService','4'),(3118,'2','2019-03-22 13:23:25.000000','Y','N','7','9','4','1036',NULL,NULL,'sampe','Electric Heat','4'),(3119,'2','2019-03-22 13:23:25.000000','Y','N','7','16','12','1036',NULL,NULL,'sampe','GeneralService','4'),(3121,'2','2019-03-22 13:23:25.000000','Y','N','7','9','4','1037',NULL,NULL,'sampe','Electric Heat','4'),(3122,'2','2019-03-22 13:23:25.000000','Y','N','7','16','12','1037',NULL,NULL,'sampe','GeneralService','4'),(3124,'2','2019-03-22 13:23:25.000000','Y','N','7','9','4','1038',NULL,NULL,'sampe','Electric Heat','4'),(3125,'2','2019-03-22 13:23:25.000000','Y','N','7','16','12','1038',NULL,NULL,'sampe','GeneralService','4'),(3127,'2','2019-03-22 13:23:25.000000','Y','N','7','9','4','1039',NULL,NULL,'sampe','Electric Heat','4'),(3128,'2','2019-03-22 13:23:25.000000','Y','N','7','16','12','1039',NULL,NULL,'sampe','GeneralService','4'),(3130,'2','2019-03-22 13:23:25.000000','Y','N','7','9','4','1040',NULL,NULL,'sampe','Electric Heat','4'),(3131,'2','2019-03-22 13:23:25.000000','Y','N','7','16','12','1040',NULL,NULL,'sampe','GeneralService','4'),(3133,'2','2019-03-22 13:23:26.000000','Y','N','7','9','4','1041',NULL,NULL,'sampe','Electric Heat','4'),(3134,'2','2019-03-22 13:23:26.000000','Y','N','7','16','12','1041',NULL,NULL,'sampe','GeneralService','4'),(3136,'2','2019-03-22 13:23:26.000000','Y','N','7','9','4','1042',NULL,NULL,'sampe','Electric Heat','4'),(3137,'2','2019-03-22 13:23:26.000000','Y','N','7','16','12','1042',NULL,NULL,'sampe','GeneralService','4'),(3139,'2','2019-03-22 13:24:36.000000','Y','N','7','9','4','1043',NULL,NULL,'sampe','Electric Heat','4'),(3140,'2','2019-03-22 13:24:36.000000','Y','N','7','16','12','1043',NULL,NULL,'sampe','GeneralService','4'),(3142,'2','2019-03-22 13:24:36.000000','Y','N','7','9','4','1044',NULL,NULL,'sampe','Electric Heat','4'),(3143,'2','2019-03-22 13:24:36.000000','Y','N','7','16','12','1044',NULL,NULL,'sampe','GeneralService','4'),(3145,'2','2019-03-22 13:24:36.000000','Y','N','7','9','4','1045',NULL,NULL,'sampe','Electric Heat','4'),(3146,'2','2019-03-22 13:24:36.000000','Y','N','7','16','12','1045',NULL,NULL,'sampe','GeneralService','4'),(3148,'2','2019-03-22 13:24:36.000000','Y','N','7','9','4','1046',NULL,NULL,'sampe','Electric Heat','4'),(3149,'2','2019-03-22 13:24:36.000000','Y','N','7','16','12','1046',NULL,NULL,'sampe','GeneralService','4'),(3151,'2','2019-03-22 13:24:36.000000','Y','N','7','9','4','1047',NULL,NULL,'sampe','Electric Heat','4'),(3152,'2','2019-03-22 13:24:36.000000','Y','N','7','16','12','1047',NULL,NULL,'sampe','GeneralService','4'),(3154,'2','2019-03-22 13:24:36.000000','Y','N','7','9','4','1048',NULL,NULL,'sampe','Electric Heat','4'),(3155,'2','2019-03-22 13:24:36.000000','Y','N','7','16','12','1048',NULL,NULL,'sampe','GeneralService','4'),(3157,'2','2019-03-22 13:24:36.000000','Y','N','7','9','4','1049',NULL,NULL,'sampe','Electric Heat','4'),(3158,'2','2019-03-22 13:24:36.000000','Y','N','7','16','12','1049',NULL,NULL,'sampe','GeneralService','4'),(3160,'2','2019-03-22 13:24:36.000000','Y','N','7','9','4','1050',NULL,NULL,'sampe','Electric Heat','4'),(3161,'2','2019-03-22 13:24:36.000000','Y','N','7','16','12','1050',NULL,NULL,'sampe','GeneralService','4'),(3163,'2','2019-03-22 13:25:33.000000','Y','Y','7','9','4','1051',NULL,NULL,'sampe','Electric Heat','4'),(3164,'2','2019-03-22 13:25:33.000000','Y','N','7','16','12','1051',NULL,NULL,'sampe','GeneralService','4'),(3166,'2','2019-03-22 13:25:33.000000','Y','N','7','9','4','1052',NULL,NULL,'sampe','Electric Heat','4'),(3167,'2','2019-03-22 13:25:33.000000','Y','N','7','16','12','1052',NULL,NULL,'sampe','GeneralService','4'),(3169,'2','2019-03-22 13:25:33.000000','Y','N','7','9','4','1053',NULL,NULL,'sampe','Electric Heat','4'),(3170,'2','2019-03-22 13:25:33.000000','Y','N','7','16','12','1053',NULL,NULL,'sampe','GeneralService','4'),(3172,'2','2019-03-22 13:25:33.000000','Y','N','7','9','4','1054',NULL,NULL,'sampe','Electric Heat','4'),(3173,'2','2019-03-22 13:25:33.000000','Y','N','7','16','12','1054',NULL,NULL,'sampe','GeneralService','4'),(3175,'2','2019-03-22 13:25:33.000000','Y','N','7','9','4','1055',NULL,NULL,'sampe','Electric Heat','4'),(3176,'2','2019-03-22 13:25:33.000000','Y','N','7','16','12','1055',NULL,NULL,'sampe','GeneralService','4'),(3178,'2','2019-03-22 13:25:33.000000','Y','N','7','9','4','1056',NULL,NULL,'sampe','Electric Heat','4'),(3179,'2','2019-03-22 13:25:33.000000','Y','N','7','16','12','1056',NULL,NULL,'sampe','GeneralService','4'),(3181,'2','2019-03-22 13:25:33.000000','Y','N','7','9','4','1057',NULL,NULL,'sampe','Electric Heat','4'),(3182,'2','2019-03-22 13:25:33.000000','Y','N','7','16','12','1057',NULL,NULL,'sampe','GeneralService','4'),(3184,'2','2019-03-22 13:25:33.000000','Y','N','7','9','4','1058',NULL,NULL,'sampe','Electric Heat','4'),(3185,'2','2019-03-22 13:25:33.000000','Y','N','7','16','12','1058',NULL,NULL,'sampe','GeneralService','4'),(3187,'2','2019-03-22 13:36:30.000000','Y','N','5','1','1','1059',NULL,NULL,'wires','Automation Controls & Systems ','3'),(3188,'2','2019-03-22 13:36:30.000000','Y','N','4','10','7','1059',NULL,NULL,'Product','Generator Installation ','2'),(3189,'2','2019-03-22 13:36:30.000000','Y','N','5','15','12','1059',NULL,NULL,'wires','GeneralService','3'),(3190,'2','2019-03-22 13:36:30.000000','Y','N','5','1','1','1060',NULL,NULL,'wires','Automation Controls & Systems ','3'),(3191,'2','2019-03-22 13:36:30.000000','Y','N','4','10','7','1060',NULL,NULL,'Product','Generator Installation ','2'),(3192,'2','2019-03-22 13:36:30.000000','Y','N','5','15','12','1060',NULL,NULL,'wires','GeneralService','3'),(3193,'2','2019-03-22 13:36:30.000000','Y','N','5','1','1','1061',NULL,NULL,'wires','Automation Controls & Systems ','3'),(3194,'2','2019-03-22 13:36:30.000000','Y','N','4','10','7','1061',NULL,NULL,'Product','Generator Installation ','2'),(3195,'2','2019-03-22 13:36:30.000000','Y','N','5','15','12','1061',NULL,NULL,'wires','GeneralService','3'),(3196,'2','2019-03-22 13:36:30.000000','Y','N','5','1','1','1062',NULL,NULL,'wires','Automation Controls & Systems ','3'),(3197,'2','2019-03-22 13:36:30.000000','Y','N','4','10','7','1062',NULL,NULL,'Product','Generator Installation ','2'),(3198,'2','2019-03-22 13:36:30.000000','Y','N','5','15','12','1062',NULL,NULL,'wires','GeneralService','3'),(3199,'2','2019-03-22 13:36:30.000000','Y','N','5','1','1','1063',NULL,NULL,'wires','Automation Controls & Systems ','3'),(3200,'2','2019-03-22 13:36:30.000000','Y','N','4','10','7','1063',NULL,NULL,'Product','Generator Installation ','2'),(3201,'2','2019-03-22 13:36:30.000000','Y','N','5','15','12','1063',NULL,NULL,'wires','GeneralService','3'),(3202,'2','2019-03-22 13:36:30.000000','Y','N','5','1','1','1064',NULL,NULL,'wires','Automation Controls & Systems ','3'),(3203,'2','2019-03-22 13:36:30.000000','Y','N','4','10','7','1064',NULL,NULL,'Product','Generator Installation ','2'),(3204,'2','2019-03-22 13:36:30.000000','Y','N','5','15','12','1064',NULL,NULL,'wires','GeneralService','3'),(3205,'2','2019-03-22 13:36:30.000000','Y','Y','5','1','1','1065',NULL,NULL,'wires','Automation Controls & Systems ','3'),(3206,'2','2019-03-22 13:36:30.000000','Y','Y','4','10','7','1065',NULL,NULL,'Product','Generator Installation ','2'),(3207,'2','2019-03-22 13:36:30.000000','Y','Y','5','15','12','1065',NULL,NULL,'wires','GeneralService','3'),(3208,'2','2019-03-22 13:36:30.000000','Y','N','5','1','1','1066',NULL,NULL,'wires','Automation Controls & Systems ','3'),(3209,'2','2019-03-22 13:36:30.000000','Y','N','4','10','7','1066',NULL,NULL,'Product','Generator Installation ','2'),(3210,'2','2019-03-22 13:36:30.000000','Y','N','5','15','12','1066',NULL,NULL,'wires','GeneralService','3'),(3211,'17','2019-03-26 14:43:39.000000','Y','N','5','1','1','1067',NULL,NULL,'wires','Automation Controls & Systems ','3'),(3212,'17','2019-03-26 14:43:39.000000','Y','N','4','10','7','1067',NULL,NULL,'Product','Generator Installation ','2'),(3213,'17','2019-03-26 14:43:39.000000','Y','N','5','15','12','1067',NULL,NULL,'wires','GeneralService','3'),(3214,'17','2019-03-26 14:43:39.000000','Y','N','5','1','1','1068',NULL,NULL,'wires','Automation Controls & Systems ','3'),(3215,'17','2019-03-26 14:43:39.000000','Y','N','4','10','7','1068',NULL,NULL,'Product','Generator Installation ','2'),(3216,'17','2019-03-26 14:43:39.000000','Y','N','5','15','12','1068',NULL,NULL,'wires','GeneralService','3'),(3217,'17','2019-03-26 14:43:39.000000','Y','N','5','1','1','1069',NULL,NULL,'wires','Automation Controls & Systems ','3'),(3218,'17','2019-03-26 14:43:39.000000','Y','N','4','10','7','1069',NULL,NULL,'Product','Generator Installation ','2'),(3219,'17','2019-03-26 14:43:39.000000','Y','N','5','15','12','1069',NULL,NULL,'wires','GeneralService','3'),(3220,'17','2019-03-26 14:43:39.000000','Y','N','5','1','1','1070',NULL,NULL,'wires','Automation Controls & Systems ','3'),(3221,'17','2019-03-26 14:43:39.000000','Y','N','4','10','7','1070',NULL,NULL,'Product','Generator Installation ','2'),(3222,'17','2019-03-26 14:43:39.000000','Y','N','5','15','12','1070',NULL,NULL,'wires','GeneralService','3'),(3223,'17','2019-03-26 14:43:39.000000','Y','N','5','1','1','1071',NULL,NULL,'wires','Automation Controls & Systems ','3'),(3224,'17','2019-03-26 14:43:39.000000','Y','N','4','10','7','1071',NULL,NULL,'Product','Generator Installation ','2'),(3225,'17','2019-03-26 14:43:39.000000','Y','N','5','15','12','1071',NULL,NULL,'wires','GeneralService','3'),(3226,'17','2019-03-26 14:43:39.000000','Y','N','5','1','1','1072',NULL,NULL,'wires','Automation Controls & Systems ','3'),(3227,'17','2019-03-26 14:43:39.000000','Y','N','4','10','7','1072',NULL,NULL,'Product','Generator Installation ','2'),(3228,'17','2019-03-26 14:43:39.000000','Y','N','5','15','12','1072',NULL,NULL,'wires','GeneralService','3'),(3229,'17','2019-03-26 14:43:39.000000','Y','Y','5','1','1','1073',NULL,NULL,'wires','Automation Controls & Systems ','3'),(3230,'17','2019-03-26 14:43:39.000000','Y','Y','4','10','7','1073',NULL,NULL,'Product','Generator Installation ','2'),(3231,'17','2019-03-26 14:43:39.000000','Y','Y','5','15','12','1073',NULL,NULL,'wires','GeneralService','3'),(3232,'17','2019-03-26 14:43:39.000000','Y','N','5','1','1','1074',NULL,NULL,'wires','Automation Controls & Systems ','3'),(3233,'17','2019-03-26 14:43:39.000000','Y','N','4','10','7','1074',NULL,NULL,'Product','Generator Installation ','2'),(3234,'17','2019-03-26 14:43:39.000000','Y','N','5','15','12','1074',NULL,NULL,'wires','GeneralService','3'),(3235,'2','2019-03-26 19:15:02.000000','Y','N','5','1','1','1075',NULL,NULL,'wires','Automation Controls & Systems ','3'),(3236,'2','2019-03-26 19:15:02.000000','Y','N','4','10','7','1075',NULL,NULL,'Product','Generator Installation ','2'),(3237,'2','2019-03-26 19:15:02.000000','Y','N','5','15','12','1075',NULL,NULL,'wires','GeneralService','3'),(3238,'2','2019-03-26 19:15:02.000000','Y','N','5','1','1','1076',NULL,NULL,'wires','Automation Controls & Systems ','3'),(3239,'2','2019-03-26 19:15:02.000000','Y','N','4','10','7','1076',NULL,NULL,'Product','Generator Installation ','2'),(3240,'2','2019-03-26 19:15:02.000000','Y','N','5','15','12','1076',NULL,NULL,'wires','GeneralService','3'),(3241,'2','2019-03-26 19:15:02.000000','Y','N','5','1','1','1077',NULL,NULL,'wires','Automation Controls & Systems ','3'),(3242,'2','2019-03-26 19:15:02.000000','Y','N','4','10','7','1077',NULL,NULL,'Product','Generator Installation ','2'),(3243,'2','2019-03-26 19:15:02.000000','Y','N','5','15','12','1077',NULL,NULL,'wires','GeneralService','3'),(3244,'2','2019-03-26 19:15:02.000000','Y','N','5','1','1','1078',NULL,NULL,'wires','Automation Controls & Systems ','3'),(3245,'2','2019-03-26 19:15:02.000000','Y','N','4','10','7','1078',NULL,NULL,'Product','Generator Installation ','2'),(3246,'2','2019-03-26 19:15:02.000000','Y','N','5','15','12','1078',NULL,NULL,'wires','GeneralService','3'),(3247,'2','2019-03-26 19:15:02.000000','Y','N','5','1','1','1079',NULL,NULL,'wires','Automation Controls & Systems ','3'),(3248,'2','2019-03-26 19:15:02.000000','Y','N','4','10','7','1079',NULL,NULL,'Product','Generator Installation ','2'),(3249,'2','2019-03-26 19:15:02.000000','Y','N','5','15','12','1079',NULL,NULL,'wires','GeneralService','3'),(3250,'2','2019-03-26 19:15:02.000000','Y','N','5','1','1','1080',NULL,NULL,'wires','Automation Controls & Systems ','3'),(3251,'2','2019-03-26 19:15:02.000000','Y','N','4','10','7','1080',NULL,NULL,'Product','Generator Installation ','2'),(3252,'2','2019-03-26 19:15:02.000000','Y','N','5','15','12','1080',NULL,NULL,'wires','GeneralService','3'),(3253,'2','2019-03-26 19:15:02.000000','Y','Y','5','1','1','1081',NULL,NULL,'wires','Automation Controls & Systems ','3'),(3254,'2','2019-03-26 19:15:02.000000','Y','Y','4','10','7','1081',NULL,NULL,'Product','Generator Installation ','2'),(3255,'2','2019-03-26 19:15:02.000000','Y','Y','5','15','12','1081',NULL,NULL,'wires','GeneralService','3'),(3256,'2','2019-03-26 19:15:02.000000','Y','N','5','1','1','1082',NULL,NULL,'wires','Automation Controls & Systems ','3'),(3257,'2','2019-03-26 19:15:02.000000','Y','N','4','10','7','1082',NULL,NULL,'Product','Generator Installation ','2'),(3258,'2','2019-03-26 19:15:02.000000','Y','N','5','15','12','1082',NULL,NULL,'wires','GeneralService','3'),(3259,'2','2019-03-26 19:19:24.000000','Y','N','5','1','1','1083',NULL,NULL,'wires','Automation Controls & Systems ','3'),(3260,'2','2019-03-26 19:19:24.000000','Y','N','4','10','7','1083',NULL,NULL,'Product','Generator Installation ','2'),(3261,'2','2019-03-26 19:19:24.000000','Y','N','5','15','12','1083',NULL,NULL,'wires','GeneralService','3'),(3262,'2','2019-03-26 19:19:24.000000','Y','N','5','1','1','1084',NULL,NULL,'wires','Automation Controls & Systems ','3'),(3263,'2','2019-03-26 19:19:24.000000','Y','N','4','10','7','1084',NULL,NULL,'Product','Generator Installation ','2'),(3264,'2','2019-03-26 19:19:24.000000','Y','N','5','15','12','1084',NULL,NULL,'wires','GeneralService','3'),(3265,'2','2019-03-26 19:19:24.000000','Y','N','5','1','1','1085',NULL,NULL,'wires','Automation Controls & Systems ','3'),(3266,'2','2019-03-26 19:19:24.000000','Y','N','4','10','7','1085',NULL,NULL,'Product','Generator Installation ','2'),(3267,'2','2019-03-26 19:19:24.000000','Y','N','5','15','12','1085',NULL,NULL,'wires','GeneralService','3'),(3268,'2','2019-03-26 19:19:24.000000','Y','N','5','1','1','1086',NULL,NULL,'wires','Automation Controls & Systems ','3'),(3269,'2','2019-03-26 19:19:24.000000','Y','N','4','10','7','1086',NULL,NULL,'Product','Generator Installation ','2'),(3270,'2','2019-03-26 19:19:24.000000','Y','N','5','15','12','1086',NULL,NULL,'wires','GeneralService','3'),(3271,'2','2019-03-26 19:19:25.000000','Y','N','5','1','1','1087',NULL,NULL,'wires','Automation Controls & Systems ','3'),(3272,'2','2019-03-26 19:19:25.000000','Y','N','4','10','7','1087',NULL,NULL,'Product','Generator Installation ','2'),(3273,'2','2019-03-26 19:19:25.000000','Y','N','5','15','12','1087',NULL,NULL,'wires','GeneralService','3'),(3274,'2','2019-03-26 19:19:25.000000','Y','N','5','1','1','1088',NULL,NULL,'wires','Automation Controls & Systems ','3'),(3275,'2','2019-03-26 19:19:25.000000','Y','N','4','10','7','1088',NULL,NULL,'Product','Generator Installation ','2'),(3276,'2','2019-03-26 19:19:25.000000','Y','N','5','15','12','1088',NULL,NULL,'wires','GeneralService','3'),(3277,'2','2019-03-26 19:19:25.000000','Y','Y','5','1','1','1089',NULL,NULL,'wires','Automation Controls & Systems ','3'),(3278,'2','2019-03-26 19:19:25.000000','Y','Y','4','10','7','1089',NULL,NULL,'Product','Generator Installation ','2'),(3279,'2','2019-03-26 19:19:25.000000','Y','Y','5','15','12','1089',NULL,NULL,'wires','GeneralService','3'),(3280,'2','2019-03-26 19:19:25.000000','Y','N','5','1','1','1090',NULL,NULL,'wires','Automation Controls & Systems ','3'),(3281,'2','2019-03-26 19:19:25.000000','Y','N','4','10','7','1090',NULL,NULL,'Product','Generator Installation ','2'),(3282,'2','2019-03-26 19:19:25.000000','Y','N','5','15','12','1090',NULL,NULL,'wires','GeneralService','3'),(3295,'2','2019-03-26 19:24:13.000000','Y','N','3','53','17','1095',NULL,NULL,'General','IT','3'),(3296,'2','2019-03-26 19:24:13.000000','Y','N','1','54','2','1095',NULL,NULL,'wires','Ceiling Fans','1'),(3298,'2','2019-03-26 19:24:13.000000','Y','N','3','53','17','1096',NULL,NULL,'General','IT','3'),(3299,'2','2019-03-26 19:24:13.000000','Y','N','1','54','2','1096',NULL,NULL,'wires','Ceiling Fans','1'),(3301,'2','2019-03-26 19:24:13.000000','Y','N','3','53','17','1097',NULL,NULL,'General','IT','3'),(3302,'2','2019-03-26 19:24:13.000000','Y','N','1','54','2','1097',NULL,NULL,'wires','Ceiling Fans','1'),(3304,'2','2019-03-26 19:24:13.000000','Y','N','3','53','17','1098',NULL,NULL,'General','IT','3'),(3305,'2','2019-03-26 19:24:13.000000','Y','N','1','54','2','1098',NULL,NULL,'wires','Ceiling Fans','1'),(3307,'2','2019-03-26 19:24:13.000000','Y','Y','1','54','2','1099',NULL,NULL,'wires','Ceiling Fans','1'),(3308,'2','2019-03-26 19:24:13.000000','Y','N','3','53','17','1099',NULL,NULL,'General','IT','3'),(3310,'2','2019-03-26 19:24:13.000000','Y','N','3','53','17','1100',NULL,NULL,'General','IT','3'),(3311,'2','2019-03-26 19:24:13.000000','Y','N','1','54','2','1100',NULL,NULL,'wires','Ceiling Fans','1'),(3313,'2','2019-03-26 19:24:13.000000','Y','N','3','53','17','1101',NULL,NULL,'General','IT','3'),(3314,'2','2019-03-26 19:24:13.000000','Y','N','1','54','2','1101',NULL,NULL,'wires','Ceiling Fans','1'),(3316,'4','2019-03-27 11:32:09.000000','Y','N','5','1','1','1117',NULL,NULL,'wires','Automation Controls & Systems ','3'),(3317,'4','2019-03-27 11:32:09.000000','Y','N','4','10','7','1117',NULL,NULL,'Product','Generator Installation ','2'),(3318,'4','2019-03-27 11:32:09.000000','Y','N','5','15','12','1117',NULL,NULL,'wires','GeneralService','3'),(3319,'4','2019-03-27 11:32:09.000000','Y','N','5','1','1','1118',NULL,NULL,'wires','Automation Controls & Systems ','3'),(3320,'4','2019-03-27 11:32:09.000000','Y','N','4','10','7','1118',NULL,NULL,'Product','Generator Installation ','2'),(3321,'4','2019-03-27 11:32:09.000000','Y','N','5','15','12','1118',NULL,NULL,'wires','GeneralService','3'),(3322,'4','2019-03-27 11:32:09.000000','Y','N','5','1','1','1119',NULL,NULL,'wires','Automation Controls & Systems ','3'),(3323,'4','2019-03-27 11:32:09.000000','Y','N','4','10','7','1119',NULL,NULL,'Product','Generator Installation ','2'),(3324,'4','2019-03-27 11:32:09.000000','Y','N','5','15','12','1119',NULL,NULL,'wires','GeneralService','3'),(3325,'4','2019-03-27 11:32:09.000000','Y','N','5','1','1','1120',NULL,NULL,'wires','Automation Controls & Systems ','3'),(3326,'4','2019-03-27 11:32:09.000000','Y','N','4','10','7','1120',NULL,NULL,'Product','Generator Installation ','2'),(3327,'4','2019-03-27 11:32:09.000000','Y','N','5','15','12','1120',NULL,NULL,'wires','GeneralService','3'),(3328,'4','2019-03-27 11:32:09.000000','Y','N','5','1','1','1121',NULL,NULL,'wires','Automation Controls & Systems ','3'),(3329,'4','2019-03-27 11:32:09.000000','Y','N','4','10','7','1121',NULL,NULL,'Product','Generator Installation ','2'),(3330,'4','2019-03-27 11:32:09.000000','Y','N','5','15','12','1121',NULL,NULL,'wires','GeneralService','3'),(3331,'4','2019-03-27 11:32:09.000000','Y','N','5','1','1','1122',NULL,NULL,'wires','Automation Controls & Systems ','3'),(3332,'4','2019-03-27 11:32:09.000000','Y','N','4','10','7','1122',NULL,NULL,'Product','Generator Installation ','2'),(3333,'4','2019-03-27 11:32:09.000000','Y','N','5','15','12','1122',NULL,NULL,'wires','GeneralService','3'),(3334,'4','2019-03-27 11:32:09.000000','Y','N','5','1','1','1123',NULL,NULL,'wires','Automation Controls & Systems ','3'),(3335,'4','2019-03-27 11:32:09.000000','Y','N','4','10','7','1123',NULL,NULL,'Product','Generator Installation ','2'),(3336,'4','2019-03-27 11:32:09.000000','Y','N','5','15','12','1123',NULL,NULL,'wires','GeneralService','3'),(3361,'2','2019-03-27 13:39:40.000000','Y','N','5','2','2','1132',NULL,NULL,'wires','Ceiling Fans','2'),(3362,'2','2019-03-27 13:39:40.000000','Y','N','5','11','8','1132',NULL,NULL,'wires','Panel Replacements ','3'),(3364,'2','2019-03-27 13:39:40.000000','Y','N','5','2','2','1133',NULL,NULL,'wires','Ceiling Fans','2'),(3365,'2','2019-03-27 13:39:40.000000','Y','N','5','11','8','1133',NULL,NULL,'wires','Panel Replacements ','3'),(3367,'2','2019-03-27 13:39:40.000000','Y','Y','5','11','8','1134',NULL,NULL,'wires','Panel Replacements ','3'),(3368,'2','2019-03-27 13:39:40.000000','Y','N','5','2','2','1134',NULL,NULL,'wires','Ceiling Fans','2'),(3370,'2','2019-03-27 13:39:40.000000','Y','N','5','2','2','1135',NULL,NULL,'wires','Ceiling Fans','2'),(3371,'2','2019-03-27 13:39:40.000000','Y','N','5','11','8','1135',NULL,NULL,'wires','Panel Replacements ','3'),(3373,'2','2019-03-27 13:39:40.000000','Y','N','5','2','2','1136',NULL,NULL,'wires','Ceiling Fans','2'),(3374,'2','2019-03-27 13:39:40.000000','Y','N','5','11','8','1136',NULL,NULL,'wires','Panel Replacements ','3'),(3376,'2','2019-03-27 13:39:40.000000','Y','N','5','2','2','1137',NULL,NULL,'wires','Ceiling Fans','2'),(3377,'2','2019-03-27 13:39:40.000000','Y','N','5','11','8','1137',NULL,NULL,'wires','Panel Replacements ','3'),(3379,'2','2019-03-27 13:39:40.000000','Y','N','5','2','2','1138',NULL,NULL,'wires','Ceiling Fans','2'),(3380,'2','2019-03-27 13:39:40.000000','Y','N','5','11','8','1138',NULL,NULL,'wires','Panel Replacements ','3'),(3394,'2','2019-03-27 13:41:21.000000','Y','N','5','2','2','1147',NULL,NULL,'wires','Ceiling Fans','2'),(3395,'2','2019-03-27 13:41:21.000000','Y','N','5','11','8','1147',NULL,NULL,'wires','Panel Replacements ','3'),(3397,'2','2019-03-27 13:41:21.000000','Y','N','5','2','2','1148',NULL,NULL,'wires','Ceiling Fans','2'),(3398,'2','2019-03-27 13:41:21.000000','Y','N','5','11','8','1148',NULL,NULL,'wires','Panel Replacements ','3'),(3400,'2','2019-03-27 13:41:21.000000','Y','Y','5','11','8','1149',NULL,NULL,'wires','Panel Replacements ','3'),(3401,'2','2019-03-27 13:41:21.000000','Y','N','5','2','2','1149',NULL,NULL,'wires','Ceiling Fans','2'),(3403,'2','2019-03-27 13:41:21.000000','Y','N','5','2','2','1150',NULL,NULL,'wires','Ceiling Fans','2'),(3404,'2','2019-03-27 13:41:21.000000','Y','N','5','11','8','1150',NULL,NULL,'wires','Panel Replacements ','3'),(3406,'2','2019-03-27 13:41:21.000000','Y','N','5','2','2','1151',NULL,NULL,'wires','Ceiling Fans','2'),(3407,'2','2019-03-27 13:41:21.000000','Y','N','5','11','8','1151',NULL,NULL,'wires','Panel Replacements ','3'),(3409,'2','2019-03-27 13:41:21.000000','Y','N','5','2','2','1152',NULL,NULL,'wires','Ceiling Fans','2'),(3410,'2','2019-03-27 13:41:21.000000','Y','N','5','11','8','1152',NULL,NULL,'wires','Panel Replacements ','3'),(3412,'2','2019-03-27 13:41:21.000000','Y','N','5','2','2','1153',NULL,NULL,'wires','Ceiling Fans','2'),(3413,'2','2019-03-27 13:41:21.000000','Y','N','5','11','8','1153',NULL,NULL,'wires','Panel Replacements ','3'),(3415,'4','2019-03-27 13:44:16.000000','Y','N','5','1','1','1154',NULL,NULL,'wires','Automation Controls & Systems ','3'),(3416,'4','2019-03-27 13:44:16.000000','Y','N','4','10','7','1154',NULL,NULL,'Product','Generator Installation ','2'),(3417,'4','2019-03-27 13:44:16.000000','Y','N','5','15','12','1154',NULL,NULL,'wires','GeneralService','3'),(3418,'4','2019-03-27 13:44:16.000000','Y','N','5','1','1','1155',NULL,NULL,'wires','Automation Controls & Systems ','3'),(3419,'4','2019-03-27 13:44:16.000000','Y','N','4','10','7','1155',NULL,NULL,'Product','Generator Installation ','2'),(3420,'4','2019-03-27 13:44:16.000000','Y','N','5','15','12','1155',NULL,NULL,'wires','GeneralService','3'),(3421,'4','2019-03-27 13:44:16.000000','Y','N','5','1','1','1156',NULL,NULL,'wires','Automation Controls & Systems ','3'),(3422,'4','2019-03-27 13:44:16.000000','Y','N','4','10','7','1156',NULL,NULL,'Product','Generator Installation ','2'),(3423,'4','2019-03-27 13:44:16.000000','Y','N','5','15','12','1156',NULL,NULL,'wires','GeneralService','3'),(3424,'4','2019-03-27 13:44:16.000000','Y','N','5','1','1','1157',NULL,NULL,'wires','Automation Controls & Systems ','3'),(3425,'4','2019-03-27 13:44:16.000000','Y','N','4','10','7','1157',NULL,NULL,'Product','Generator Installation ','2'),(3426,'4','2019-03-27 13:44:16.000000','Y','N','5','15','12','1157',NULL,NULL,'wires','GeneralService','3'),(3427,'4','2019-03-27 13:44:16.000000','Y','N','5','1','1','1158',NULL,NULL,'wires','Automation Controls & Systems ','3'),(3428,'4','2019-03-27 13:44:16.000000','Y','N','4','10','7','1158',NULL,NULL,'Product','Generator Installation ','2'),(3429,'4','2019-03-27 13:44:16.000000','Y','N','5','15','12','1158',NULL,NULL,'wires','GeneralService','3'),(3430,'4','2019-03-27 13:44:16.000000','Y','N','5','1','1','1159',NULL,NULL,'wires','Automation Controls & Systems ','3'),(3431,'4','2019-03-27 13:44:16.000000','Y','N','4','10','7','1159',NULL,NULL,'Product','Generator Installation ','2'),(3432,'4','2019-03-27 13:44:16.000000','Y','N','5','15','12','1159',NULL,NULL,'wires','GeneralService','3'),(3433,'4','2019-03-27 13:44:16.000000','Y','N','5','1','1','1160',NULL,NULL,'wires','Automation Controls & Systems ','3'),(3434,'4','2019-03-27 13:44:16.000000','Y','N','4','10','7','1160',NULL,NULL,'Product','Generator Installation ','2'),(3435,'4','2019-03-27 13:44:16.000000','Y','N','5','15','12','1160',NULL,NULL,'wires','GeneralService','3'),(3436,'4','2019-03-27 13:46:40.000000','Y','N','5','1','1','1161',NULL,NULL,'wires','Automation Controls & Systems ','3'),(3437,'4','2019-03-27 13:46:40.000000','Y','N','4','10','7','1161',NULL,NULL,'Product','Generator Installation ','2'),(3438,'4','2019-03-27 13:46:40.000000','Y','N','5','15','12','1161',NULL,NULL,'wires','GeneralService','3'),(3439,'4','2019-03-27 13:46:40.000000','Y','N','5','1','1','1162',NULL,NULL,'wires','Automation Controls & Systems ','3'),(3440,'4','2019-03-27 13:46:40.000000','Y','N','4','10','7','1162',NULL,NULL,'Product','Generator Installation ','2'),(3441,'4','2019-03-27 13:46:40.000000','Y','N','5','15','12','1162',NULL,NULL,'wires','GeneralService','3'),(3442,'4','2019-03-27 13:46:40.000000','Y','N','5','1','1','1163',NULL,NULL,'wires','Automation Controls & Systems ','3'),(3443,'4','2019-03-27 13:46:40.000000','Y','N','4','10','7','1163',NULL,NULL,'Product','Generator Installation ','2'),(3444,'4','2019-03-27 13:46:40.000000','Y','N','5','15','12','1163',NULL,NULL,'wires','GeneralService','3'),(3445,'4','2019-03-27 13:46:40.000000','Y','N','5','1','1','1164',NULL,NULL,'wires','Automation Controls & Systems ','3'),(3446,'4','2019-03-27 13:46:40.000000','Y','N','4','10','7','1164',NULL,NULL,'Product','Generator Installation ','2'),(3447,'4','2019-03-27 13:46:40.000000','Y','N','5','15','12','1164',NULL,NULL,'wires','GeneralService','3'),(3448,'4','2019-03-27 13:46:41.000000','Y','N','5','1','1','1165',NULL,NULL,'wires','Automation Controls & Systems ','3'),(3449,'4','2019-03-27 13:46:41.000000','Y','N','4','10','7','1165',NULL,NULL,'Product','Generator Installation ','2'),(3450,'4','2019-03-27 13:46:41.000000','Y','N','5','15','12','1165',NULL,NULL,'wires','GeneralService','3'),(3451,'4','2019-03-27 13:46:41.000000','Y','N','5','1','1','1166',NULL,NULL,'wires','Automation Controls & Systems ','3'),(3452,'4','2019-03-27 13:46:41.000000','Y','N','4','10','7','1166',NULL,NULL,'Product','Generator Installation ','2'),(3453,'4','2019-03-27 13:46:41.000000','Y','N','5','15','12','1166',NULL,NULL,'wires','GeneralService','3'),(3454,'4','2019-03-27 13:46:41.000000','Y','N','5','1','1','1167',NULL,NULL,'wires','Automation Controls & Systems ','3'),(3455,'4','2019-03-27 13:46:41.000000','Y','N','4','10','7','1167',NULL,NULL,'Product','Generator Installation ','2'),(3456,'4','2019-03-27 13:46:41.000000','Y','N','5','15','12','1167',NULL,NULL,'wires','GeneralService','3'),(3457,'4','2019-03-27 13:50:35.000000','Y','N','5','1','1','1172',NULL,NULL,'wires','Automation Controls & Systems ','3'),(3458,'4','2019-03-27 13:50:35.000000','Y','N','4','10','7','1172',NULL,NULL,'Product','Generator Installation ','2'),(3459,'4','2019-03-27 13:50:35.000000','Y','N','5','15','12','1172',NULL,NULL,'wires','GeneralService','3'),(3460,'4','2019-03-27 13:50:35.000000','Y','N','5','1','1','1173',NULL,NULL,'wires','Automation Controls & Systems ','3'),(3461,'4','2019-03-27 13:50:35.000000','Y','N','4','10','7','1173',NULL,NULL,'Product','Generator Installation ','2'),(3462,'4','2019-03-27 13:50:35.000000','Y','N','5','15','12','1173',NULL,NULL,'wires','GeneralService','3'),(3463,'4','2019-03-27 13:50:35.000000','Y','N','5','1','1','1174',NULL,NULL,'wires','Automation Controls & Systems ','3'),(3464,'4','2019-03-27 13:50:35.000000','Y','N','4','10','7','1174',NULL,NULL,'Product','Generator Installation ','2'),(3465,'4','2019-03-27 13:50:35.000000','Y','N','5','15','12','1174',NULL,NULL,'wires','GeneralService','3'),(3466,'4','2019-03-27 13:50:35.000000','Y','N','5','1','1','1175',NULL,NULL,'wires','Automation Controls & Systems ','3'),(3467,'4','2019-03-27 13:50:35.000000','Y','N','4','10','7','1175',NULL,NULL,'Product','Generator Installation ','2'),(3468,'4','2019-03-27 13:50:35.000000','Y','N','5','15','12','1175',NULL,NULL,'wires','GeneralService','3'),(3469,'4','2019-03-27 13:50:35.000000','Y','N','5','1','1','1176',NULL,NULL,'wires','Automation Controls & Systems ','3'),(3470,'4','2019-03-27 13:50:35.000000','Y','N','4','10','7','1176',NULL,NULL,'Product','Generator Installation ','2'),(3471,'4','2019-03-27 13:50:35.000000','Y','N','5','15','12','1176',NULL,NULL,'wires','GeneralService','3'),(3472,'4','2019-03-27 13:50:35.000000','Y','N','5','1','1','1177',NULL,NULL,'wires','Automation Controls & Systems ','3'),(3473,'4','2019-03-27 13:50:35.000000','Y','N','4','10','7','1177',NULL,NULL,'Product','Generator Installation ','2'),(3474,'4','2019-03-27 13:50:35.000000','Y','N','5','15','12','1177',NULL,NULL,'wires','GeneralService','3'),(3475,'4','2019-03-27 13:50:35.000000','Y','N','5','1','1','1178',NULL,NULL,'wires','Automation Controls & Systems ','3'),(3476,'4','2019-03-27 13:50:35.000000','Y','N','4','10','7','1178',NULL,NULL,'Product','Generator Installation ','2'),(3477,'4','2019-03-27 13:50:35.000000','Y','N','5','15','12','1178',NULL,NULL,'wires','GeneralService','3'),(3490,'4','2019-03-27 13:51:11.000000','Y','N','5','1','1','1183',NULL,NULL,'wires','Automation Controls & Systems ','3'),(3491,'4','2019-03-27 13:51:11.000000','Y','N','4','10','7','1183',NULL,NULL,'Product','Generator Installation ','2'),(3492,'4','2019-03-27 13:51:11.000000','Y','N','5','15','12','1183',NULL,NULL,'wires','GeneralService','3'),(3493,'4','2019-03-27 13:51:11.000000','Y','N','5','1','1','1184',NULL,NULL,'wires','Automation Controls & Systems ','3'),(3494,'4','2019-03-27 13:51:11.000000','Y','N','4','10','7','1184',NULL,NULL,'Product','Generator Installation ','2'),(3495,'4','2019-03-27 13:51:11.000000','Y','N','5','15','12','1184',NULL,NULL,'wires','GeneralService','3'),(3496,'4','2019-03-27 13:51:11.000000','Y','N','5','1','1','1185',NULL,NULL,'wires','Automation Controls & Systems ','3'),(3497,'4','2019-03-27 13:51:11.000000','Y','N','4','10','7','1185',NULL,NULL,'Product','Generator Installation ','2'),(3498,'4','2019-03-27 13:51:11.000000','Y','N','5','15','12','1185',NULL,NULL,'wires','GeneralService','3'),(3499,'4','2019-03-27 13:51:11.000000','Y','N','5','1','1','1186',NULL,NULL,'wires','Automation Controls & Systems ','3'),(3500,'4','2019-03-27 13:51:11.000000','Y','N','4','10','7','1186',NULL,NULL,'Product','Generator Installation ','2'),(3501,'4','2019-03-27 13:51:11.000000','Y','N','5','15','12','1186',NULL,NULL,'wires','GeneralService','3'),(3502,'4','2019-03-27 13:51:11.000000','Y','N','5','1','1','1187',NULL,NULL,'wires','Automation Controls & Systems ','3'),(3503,'4','2019-03-27 13:51:11.000000','Y','N','4','10','7','1187',NULL,NULL,'Product','Generator Installation ','2'),(3504,'4','2019-03-27 13:51:11.000000','Y','N','5','15','12','1187',NULL,NULL,'wires','GeneralService','3'),(3505,'4','2019-03-27 13:51:11.000000','Y','N','5','1','1','1188',NULL,NULL,'wires','Automation Controls & Systems ','3'),(3506,'4','2019-03-27 13:51:11.000000','Y','N','4','10','7','1188',NULL,NULL,'Product','Generator Installation ','2'),(3507,'4','2019-03-27 13:51:11.000000','Y','N','5','15','12','1188',NULL,NULL,'wires','GeneralService','3'),(3508,'4','2019-03-27 13:51:11.000000','Y','N','5','1','1','1189',NULL,NULL,'wires','Automation Controls & Systems ','3'),(3509,'4','2019-03-27 13:51:11.000000','Y','N','4','10','7','1189',NULL,NULL,'Product','Generator Installation ','2'),(3510,'4','2019-03-27 13:51:11.000000','Y','N','5','15','12','1189',NULL,NULL,'wires','GeneralService','3'),(3511,'2','2019-03-27 13:54:42.000000','Y','N','3','53','17','1190',NULL,NULL,'General','IT','3'),(3512,'2','2019-03-27 13:54:42.000000','Y','N','1','54','2','1190',NULL,NULL,'wires','Ceiling Fans','1'),(3514,'2','2019-03-27 13:54:42.000000','Y','N','3','53','17','1191',NULL,NULL,'General','IT','3'),(3515,'2','2019-03-27 13:54:42.000000','Y','N','1','54','2','1191',NULL,NULL,'wires','Ceiling Fans','1'),(3517,'2','2019-03-27 13:54:42.000000','Y','N','3','53','17','1192',NULL,NULL,'General','IT','3'),(3518,'2','2019-03-27 13:54:42.000000','Y','N','1','54','2','1192',NULL,NULL,'wires','Ceiling Fans','1'),(3520,'2','2019-03-27 13:54:42.000000','Y','N','3','53','17','1193',NULL,NULL,'General','IT','3'),(3521,'2','2019-03-27 13:54:42.000000','Y','N','1','54','2','1193',NULL,NULL,'wires','Ceiling Fans','1'),(3523,'2','2019-03-27 13:54:42.000000','Y','Y','1','54','2','1194',NULL,NULL,'wires','Ceiling Fans','1'),(3524,'2','2019-03-27 13:54:42.000000','Y','N','3','53','17','1194',NULL,NULL,'General','IT','3'),(3526,'2','2019-03-27 13:54:42.000000','Y','N','3','53','17','1195',NULL,NULL,'General','IT','3'),(3527,'2','2019-03-27 13:54:42.000000','Y','N','1','54','2','1195',NULL,NULL,'wires','Ceiling Fans','1'),(3529,'2','2019-03-27 13:54:42.000000','Y','N','3','53','17','1196',NULL,NULL,'General','IT','3'),(3530,'2','2019-03-27 13:54:42.000000','Y','N','1','54','2','1196',NULL,NULL,'wires','Ceiling Fans','1'),(3532,'4','2019-03-27 14:15:01.000000','Y','N','5','1','1','1197',NULL,NULL,'wires','Automation Controls & Systems ','3'),(3533,'4','2019-03-27 14:15:01.000000','Y','N','4','10','7','1197',NULL,NULL,'Product','Generator Installation ','2'),(3534,'4','2019-03-27 14:15:01.000000','Y','N','5','15','12','1197',NULL,NULL,'wires','GeneralService','3'),(3535,'4','2019-03-27 14:15:01.000000','Y','N','5','1','1','1198',NULL,NULL,'wires','Automation Controls & Systems ','3'),(3536,'4','2019-03-27 14:15:01.000000','Y','N','4','10','7','1198',NULL,NULL,'Product','Generator Installation ','2'),(3537,'4','2019-03-27 14:15:01.000000','Y','N','5','15','12','1198',NULL,NULL,'wires','GeneralService','3'),(3538,'4','2019-03-27 14:15:01.000000','Y','N','5','1','1','1199',NULL,NULL,'wires','Automation Controls & Systems ','3'),(3539,'4','2019-03-27 14:15:01.000000','Y','N','4','10','7','1199',NULL,NULL,'Product','Generator Installation ','2'),(3540,'4','2019-03-27 14:15:01.000000','Y','N','5','15','12','1199',NULL,NULL,'wires','GeneralService','3'),(3541,'4','2019-03-27 14:15:01.000000','Y','N','5','1','1','1200',NULL,NULL,'wires','Automation Controls & Systems ','3'),(3542,'4','2019-03-27 14:15:01.000000','Y','N','4','10','7','1200',NULL,NULL,'Product','Generator Installation ','2'),(3543,'4','2019-03-27 14:15:01.000000','Y','N','5','15','12','1200',NULL,NULL,'wires','GeneralService','3'),(3544,'4','2019-03-27 14:15:01.000000','Y','N','5','1','1','1201',NULL,NULL,'wires','Automation Controls & Systems ','3'),(3545,'4','2019-03-27 14:15:01.000000','Y','N','4','10','7','1201',NULL,NULL,'Product','Generator Installation ','2'),(3546,'4','2019-03-27 14:15:01.000000','Y','N','5','15','12','1201',NULL,NULL,'wires','GeneralService','3'),(3547,'4','2019-03-27 14:15:01.000000','Y','N','5','1','1','1202',NULL,NULL,'wires','Automation Controls & Systems ','3'),(3548,'4','2019-03-27 14:15:01.000000','Y','N','4','10','7','1202',NULL,NULL,'Product','Generator Installation ','2'),(3549,'4','2019-03-27 14:15:01.000000','Y','N','5','15','12','1202',NULL,NULL,'wires','GeneralService','3'),(3550,'4','2019-03-27 14:15:01.000000','Y','N','5','1','1','1203',NULL,NULL,'wires','Automation Controls & Systems ','3'),(3551,'4','2019-03-27 14:15:01.000000','Y','N','4','10','7','1203',NULL,NULL,'Product','Generator Installation ','2'),(3552,'4','2019-03-27 14:15:01.000000','Y','N','5','15','12','1203',NULL,NULL,'wires','GeneralService','3'),(3595,'4','2019-03-27 16:06:43.000000','Y','N','5','1','1','1225',NULL,NULL,'wires','Automation Controls & Systems ','3'),(3596,'4','2019-03-27 16:06:43.000000','Y','N','4','10','7','1225',NULL,NULL,'Product','Generator Installation ','2'),(3597,'4','2019-03-27 16:06:43.000000','Y','N','5','15','12','1225',NULL,NULL,'wires','GeneralService','3'),(3598,'4','2019-03-27 16:06:43.000000','Y','N','5','1','1','1226',NULL,NULL,'wires','Automation Controls & Systems ','3'),(3599,'4','2019-03-27 16:06:43.000000','Y','N','4','10','7','1226',NULL,NULL,'Product','Generator Installation ','2'),(3600,'4','2019-03-27 16:06:43.000000','Y','N','5','15','12','1226',NULL,NULL,'wires','GeneralService','3'),(3601,'4','2019-03-27 16:06:43.000000','Y','N','5','1','1','1227',NULL,NULL,'wires','Automation Controls & Systems ','3'),(3602,'4','2019-03-27 16:06:43.000000','Y','N','4','10','7','1227',NULL,NULL,'Product','Generator Installation ','2'),(3603,'4','2019-03-27 16:06:43.000000','Y','N','5','15','12','1227',NULL,NULL,'wires','GeneralService','3'),(3604,'4','2019-03-27 16:06:43.000000','Y','N','5','1','1','1228',NULL,NULL,'wires','Automation Controls & Systems ','3'),(3605,'4','2019-03-27 16:06:43.000000','Y','N','4','10','7','1228',NULL,NULL,'Product','Generator Installation ','2'),(3606,'4','2019-03-27 16:06:43.000000','Y','N','5','15','12','1228',NULL,NULL,'wires','GeneralService','3'),(3607,'4','2019-03-27 16:06:43.000000','Y','N','5','1','1','1229',NULL,NULL,'wires','Automation Controls & Systems ','3'),(3608,'4','2019-03-27 16:06:43.000000','Y','N','4','10','7','1229',NULL,NULL,'Product','Generator Installation ','2'),(3609,'4','2019-03-27 16:06:43.000000','Y','N','5','15','12','1229',NULL,NULL,'wires','GeneralService','3'),(3610,'4','2019-03-27 16:06:43.000000','Y','N','5','1','1','1230',NULL,NULL,'wires','Automation Controls & Systems ','3'),(3611,'4','2019-03-27 16:06:43.000000','Y','N','4','10','7','1230',NULL,NULL,'Product','Generator Installation ','2'),(3612,'4','2019-03-27 16:06:43.000000','Y','N','5','15','12','1230',NULL,NULL,'wires','GeneralService','3'),(3613,'4','2019-03-27 16:06:43.000000','Y','N','5','1','1','1231',NULL,NULL,'wires','Automation Controls & Systems ','3'),(3614,'4','2019-03-27 16:06:43.000000','Y','N','4','10','7','1231',NULL,NULL,'Product','Generator Installation ','2'),(3615,'4','2019-03-27 16:06:43.000000','Y','N','5','15','12','1231',NULL,NULL,'wires','GeneralService','3'),(3628,'2','2019-03-27 16:29:11.000000','Y','N','10','45','17','1236',NULL,NULL,'Test-55','IT','2'),(3629,'2','2019-03-27 16:29:11.000000','Y','N','1','46','16','1236',NULL,NULL,'wires','Free Service','3'),(3631,'2','2019-03-27 16:29:11.000000','Y','N','10','45','17','1237',NULL,NULL,'Test-55','IT','2'),(3632,'2','2019-03-27 16:29:11.000000','Y','N','1','46','16','1237',NULL,NULL,'wires','Free Service','3'),(3634,'2','2019-03-27 16:29:11.000000','Y','N','10','45','17','1238',NULL,NULL,'Test-55','IT','2'),(3635,'2','2019-03-27 16:29:11.000000','Y','N','1','46','16','1238',NULL,NULL,'wires','Free Service','3'),(3637,'2','2019-03-27 16:29:11.000000','Y','N','10','45','17','1239',NULL,NULL,'Test-55','IT','2'),(3638,'2','2019-03-27 16:29:11.000000','Y','N','1','46','16','1239',NULL,NULL,'wires','Free Service','3'),(3640,'2','2019-03-27 16:29:11.000000','Y','N','10','45','17','1240',NULL,NULL,'Test-55','IT','2'),(3641,'2','2019-03-27 16:29:11.000000','Y','N','1','46','16','1240',NULL,NULL,'wires','Free Service','3'),(3643,'2','2019-03-27 16:29:11.000000','Y','N','10','45','17','1241',NULL,NULL,'Test-55','IT','2'),(3644,'2','2019-03-27 16:29:11.000000','Y','N','1','46','16','1241',NULL,NULL,'wires','Free Service','3'),(3646,'2','2019-03-27 16:29:11.000000','Y','N','10','45','17','1242',NULL,NULL,'Test-55','IT','2'),(3647,'2','2019-03-27 16:29:11.000000','Y','N','1','46','16','1242',NULL,NULL,'wires','Free Service','3'),(3649,'4','2019-03-27 16:29:55.000000','Y','N','5','1','1','1243',NULL,NULL,'wires','Automation Controls & Systems ','3'),(3650,'4','2019-03-27 16:29:55.000000','Y','N','4','10','7','1243',NULL,NULL,'Product','Generator Installation ','2'),(3651,'4','2019-03-27 16:29:55.000000','Y','N','5','15','12','1243',NULL,NULL,'wires','GeneralService','3'),(3652,'4','2019-03-27 16:29:55.000000','Y','N','5','1','1','1244',NULL,NULL,'wires','Automation Controls & Systems ','3'),(3653,'4','2019-03-27 16:29:55.000000','Y','N','4','10','7','1244',NULL,NULL,'Product','Generator Installation ','2'),(3654,'4','2019-03-27 16:29:55.000000','Y','N','5','15','12','1244',NULL,NULL,'wires','GeneralService','3'),(3655,'4','2019-03-27 16:29:55.000000','Y','N','5','1','1','1245',NULL,NULL,'wires','Automation Controls & Systems ','3'),(3656,'4','2019-03-27 16:29:55.000000','Y','N','4','10','7','1245',NULL,NULL,'Product','Generator Installation ','2'),(3657,'4','2019-03-27 16:29:55.000000','Y','N','5','15','12','1245',NULL,NULL,'wires','GeneralService','3'),(3658,'4','2019-03-27 16:29:55.000000','Y','N','5','1','1','1246',NULL,NULL,'wires','Automation Controls & Systems ','3'),(3659,'4','2019-03-27 16:29:55.000000','Y','N','4','10','7','1246',NULL,NULL,'Product','Generator Installation ','2'),(3660,'4','2019-03-27 16:29:55.000000','Y','N','5','15','12','1246',NULL,NULL,'wires','GeneralService','3'),(3661,'4','2019-03-27 16:29:55.000000','Y','N','5','1','1','1247',NULL,NULL,'wires','Automation Controls & Systems ','3'),(3662,'4','2019-03-27 16:29:55.000000','Y','N','4','10','7','1247',NULL,NULL,'Product','Generator Installation ','2'),(3663,'4','2019-03-27 16:29:55.000000','Y','N','5','15','12','1247',NULL,NULL,'wires','GeneralService','3'),(3664,'4','2019-03-27 16:29:55.000000','Y','N','5','1','1','1248',NULL,NULL,'wires','Automation Controls & Systems ','3'),(3665,'4','2019-03-27 16:29:55.000000','Y','N','4','10','7','1248',NULL,NULL,'Product','Generator Installation ','2'),(3666,'4','2019-03-27 16:29:55.000000','Y','N','5','15','12','1248',NULL,NULL,'wires','GeneralService','3'),(3667,'4','2019-03-27 16:29:55.000000','Y','N','5','1','1','1249',NULL,NULL,'wires','Automation Controls & Systems ','3'),(3668,'4','2019-03-27 16:29:55.000000','Y','N','4','10','7','1249',NULL,NULL,'Product','Generator Installation ','2'),(3669,'4','2019-03-27 16:29:55.000000','Y','N','5','15','12','1249',NULL,NULL,'wires','GeneralService','3'),(3670,'4','2019-03-27 16:30:24.000000','Y','N','5','1','1','1250',NULL,NULL,'wires','Automation Controls & Systems ','3'),(3671,'4','2019-03-27 16:30:24.000000','Y','N','4','10','7','1250',NULL,NULL,'Product','Generator Installation ','2'),(3672,'4','2019-03-27 16:30:24.000000','Y','N','5','15','12','1250',NULL,NULL,'wires','GeneralService','3'),(3673,'4','2019-03-27 16:30:24.000000','Y','N','5','1','1','1251',NULL,NULL,'wires','Automation Controls & Systems ','3'),(3674,'4','2019-03-27 16:30:24.000000','Y','N','4','10','7','1251',NULL,NULL,'Product','Generator Installation ','2'),(3675,'4','2019-03-27 16:30:24.000000','Y','N','5','15','12','1251',NULL,NULL,'wires','GeneralService','3'),(3676,'4','2019-03-27 16:30:24.000000','Y','N','5','1','1','1252',NULL,NULL,'wires','Automation Controls & Systems ','3'),(3677,'4','2019-03-27 16:30:24.000000','Y','N','4','10','7','1252',NULL,NULL,'Product','Generator Installation ','2'),(3678,'4','2019-03-27 16:30:24.000000','Y','N','5','15','12','1252',NULL,NULL,'wires','GeneralService','3'),(3679,'4','2019-03-27 16:30:24.000000','Y','N','5','1','1','1253',NULL,NULL,'wires','Automation Controls & Systems ','3'),(3680,'4','2019-03-27 16:30:24.000000','Y','N','4','10','7','1253',NULL,NULL,'Product','Generator Installation ','2'),(3681,'4','2019-03-27 16:30:24.000000','Y','N','5','15','12','1253',NULL,NULL,'wires','GeneralService','3'),(3682,'4','2019-03-27 16:30:24.000000','Y','N','5','1','1','1254',NULL,NULL,'wires','Automation Controls & Systems ','3'),(3683,'4','2019-03-27 16:30:24.000000','Y','N','4','10','7','1254',NULL,NULL,'Product','Generator Installation ','2'),(3684,'4','2019-03-27 16:30:24.000000','Y','N','5','15','12','1254',NULL,NULL,'wires','GeneralService','3'),(3685,'4','2019-03-27 16:30:24.000000','Y','N','5','1','1','1255',NULL,NULL,'wires','Automation Controls & Systems ','3'),(3686,'4','2019-03-27 16:30:24.000000','Y','N','4','10','7','1255',NULL,NULL,'Product','Generator Installation ','2'),(3687,'4','2019-03-27 16:30:24.000000','Y','N','5','15','12','1255',NULL,NULL,'wires','GeneralService','3'),(3688,'4','2019-03-27 16:30:24.000000','Y','N','5','1','1','1256',NULL,NULL,'wires','Automation Controls & Systems ','3'),(3689,'4','2019-03-27 16:30:24.000000','Y','N','4','10','7','1256',NULL,NULL,'Product','Generator Installation ','2'),(3690,'4','2019-03-27 16:30:24.000000','Y','N','5','15','12','1256',NULL,NULL,'wires','GeneralService','3'),(3691,'17','2019-03-27 18:12:05.000000','Y','N','5','1','1','1257',NULL,NULL,'wires','Automation Controls & Systems ','3'),(3692,'17','2019-03-27 18:12:05.000000','Y','N','4','10','7','1257',NULL,NULL,'Product','Generator Installation ','2'),(3693,'17','2019-03-27 18:12:05.000000','Y','N','5','15','12','1257',NULL,NULL,'wires','GeneralService','3'),(3694,'17','2019-03-27 18:12:05.000000','Y','N','5','1','1','1258',NULL,NULL,'wires','Automation Controls & Systems ','3'),(3695,'17','2019-03-27 18:12:05.000000','Y','N','4','10','7','1258',NULL,NULL,'Product','Generator Installation ','2'),(3696,'17','2019-03-27 18:12:05.000000','Y','N','5','15','12','1258',NULL,NULL,'wires','GeneralService','3'),(3697,'17','2019-03-27 18:12:05.000000','Y','N','5','1','1','1259',NULL,NULL,'wires','Automation Controls & Systems ','3'),(3698,'17','2019-03-27 18:12:05.000000','Y','N','4','10','7','1259',NULL,NULL,'Product','Generator Installation ','2'),(3699,'17','2019-03-27 18:12:05.000000','Y','N','5','15','12','1259',NULL,NULL,'wires','GeneralService','3'),(3700,'17','2019-03-27 18:12:05.000000','Y','N','5','1','1','1260',NULL,NULL,'wires','Automation Controls & Systems ','3'),(3701,'17','2019-03-27 18:12:05.000000','Y','N','4','10','7','1260',NULL,NULL,'Product','Generator Installation ','2'),(3702,'17','2019-03-27 18:12:05.000000','Y','N','5','15','12','1260',NULL,NULL,'wires','GeneralService','3'),(3703,'17','2019-03-27 18:12:05.000000','Y','N','5','1','1','1261',NULL,NULL,'wires','Automation Controls & Systems ','3'),(3704,'17','2019-03-27 18:12:05.000000','Y','N','4','10','7','1261',NULL,NULL,'Product','Generator Installation ','2'),(3705,'17','2019-03-27 18:12:05.000000','Y','N','5','15','12','1261',NULL,NULL,'wires','GeneralService','3'),(3706,'17','2019-03-27 18:12:05.000000','Y','N','5','1','1','1262',NULL,NULL,'wires','Automation Controls & Systems ','3'),(3707,'17','2019-03-27 18:12:05.000000','Y','N','4','10','7','1262',NULL,NULL,'Product','Generator Installation ','2'),(3708,'17','2019-03-27 18:12:05.000000','Y','N','5','15','12','1262',NULL,NULL,'wires','GeneralService','3'),(3709,'17','2019-03-27 18:12:05.000000','Y','N','5','1','1','1263',NULL,NULL,'wires','Automation Controls & Systems ','3'),(3710,'17','2019-03-27 18:12:05.000000','Y','N','4','10','7','1263',NULL,NULL,'Product','Generator Installation ','2'),(3711,'17','2019-03-27 18:12:05.000000','Y','N','5','15','12','1263',NULL,NULL,'wires','GeneralService','3'),(3712,'2','2019-03-28 10:29:15.000000','Y','N','5','2','2','1264',NULL,NULL,'wires','Ceiling Fans','2'),(3713,'2','2019-03-28 10:29:15.000000','Y','N','5','11','8','1264',NULL,NULL,'wires','Panel Replacements ','3'),(3715,'2','2019-03-28 10:29:15.000000','Y','N','5','2','2','1265',NULL,NULL,'wires','Ceiling Fans','2'),(3716,'2','2019-03-28 10:29:15.000000','Y','N','5','11','8','1265',NULL,NULL,'wires','Panel Replacements ','3'),(3718,'2','2019-03-28 10:29:15.000000','Y','N','5','2','2','1266',NULL,NULL,'wires','Ceiling Fans','2'),(3719,'2','2019-03-28 10:29:15.000000','Y','N','5','11','8','1266',NULL,NULL,'wires','Panel Replacements ','3'),(3721,'2','2019-03-28 10:29:15.000000','Y','N','5','2','2','1267',NULL,NULL,'wires','Ceiling Fans','2'),(3722,'2','2019-03-28 10:29:15.000000','Y','N','5','11','8','1267',NULL,NULL,'wires','Panel Replacements ','3'),(3745,'2','2019-03-28 12:13:34.000000','Y','N','4','7','5','1275',NULL,NULL,'Product','Electrical Maintenance ','3'),(3746,'2','2019-03-28 12:13:34.000000','Y','N','6','14','4','1275',NULL,NULL,'wires','Electric Heat','1'),(3748,'2','2019-03-28 12:13:34.000000','Y','N','4','7','5','1276',NULL,NULL,'Product','Electrical Maintenance ','3'),(3749,'2','2019-03-28 12:13:34.000000','Y','N','6','14','4','1276',NULL,NULL,'wires','Electric Heat','1'),(3751,'2','2019-03-28 12:13:34.000000','Y','N','4','7','5','1277',NULL,NULL,'Product','Electrical Maintenance ','3'),(3752,'2','2019-03-28 12:13:34.000000','Y','N','6','14','4','1277',NULL,NULL,'wires','Electric Heat','1'),(3754,'2','2019-03-28 12:13:34.000000','Y','N','4','7','5','1278',NULL,NULL,'Product','Electrical Maintenance ','3'),(3755,'2','2019-03-28 12:13:34.000000','Y','N','6','14','4','1278',NULL,NULL,'wires','Electric Heat','1'),(3757,'2','2019-03-28 12:13:34.000000','Y','N','4','7','5','1279',NULL,NULL,'Product','Electrical Maintenance ','3'),(3758,'2','2019-03-28 12:13:34.000000','Y','N','6','14','4','1279',NULL,NULL,'wires','Electric Heat','1'),(3760,'2','2019-03-28 12:13:34.000000','Y','Y','4','7','5','1280',NULL,NULL,'Product','Electrical Maintenance ','3'),(3761,'2','2019-03-28 12:13:34.000000','Y','Y','6','14','4','1280',NULL,NULL,'wires','Electric Heat','1'),(3763,'2','2019-03-28 12:13:34.000000','Y','N','4','7','5','1281',NULL,NULL,'Product','Electrical Maintenance ','3'),(3764,'2','2019-03-28 12:13:34.000000','Y','N','6','14','4','1281',NULL,NULL,'wires','Electric Heat','1'),(3766,'2','2019-03-30 13:36:37.000000','Y','Y','5','1','1','1282',NULL,NULL,'wires','Automation Controls & Systems ','3'),(3767,'2','2019-03-30 13:36:37.000000','Y','Y','4','10','7','1282',NULL,NULL,'Product','Generator Installation ','2'),(3768,'2','2019-03-30 13:36:37.000000','Y','Y','5','15','12','1282',NULL,NULL,'wires','GeneralService','3'),(3769,'2','2019-03-30 13:36:37.000000','Y','N','5','1','1','1283',NULL,NULL,'wires','Automation Controls & Systems ','3'),(3770,'2','2019-03-30 13:36:37.000000','Y','N','4','10','7','1283',NULL,NULL,'Product','Generator Installation ','2'),(3771,'2','2019-03-30 13:36:37.000000','Y','N','5','15','12','1283',NULL,NULL,'wires','GeneralService','3'),(3772,'2','2019-03-30 13:36:37.000000','Y','N','5','1','1','1284',NULL,NULL,'wires','Automation Controls & Systems ','3'),(3773,'2','2019-03-30 13:36:37.000000','Y','N','4','10','7','1284',NULL,NULL,'Product','Generator Installation ','2'),(3774,'2','2019-03-30 13:36:37.000000','Y','N','5','15','12','1284',NULL,NULL,'wires','GeneralService','3'),(3775,'2','2019-03-30 13:36:37.000000','Y','N','5','1','1','1285',NULL,NULL,'wires','Automation Controls & Systems ','3'),(3776,'2','2019-03-30 13:36:37.000000','Y','N','4','10','7','1285',NULL,NULL,'Product','Generator Installation ','2'),(3777,'2','2019-03-30 13:36:37.000000','Y','N','5','15','12','1285',NULL,NULL,'wires','GeneralService','3'),(3827,'2','2019-04-30 17:07:30.000000','Y','Y','4','10','7','1300',NULL,NULL,'Product','Generator Installation ','2'),(3828,'2','2019-04-30 17:07:30.000000','Y','N','3','1','1','1300',NULL,NULL,'General','Automation Controls & Systems ','3'),(3829,'2','2019-04-30 17:07:30.000000','Y','N','6','15','12','1300',NULL,NULL,'wires','GeneralService','3'),(3830,'2','2019-04-30 17:07:30.000000','Y','N','11','55','16','1300',NULL,NULL,'Contactors','Free Service','3'),(3834,'2','2019-04-30 17:07:30.000000','Y','N','3','1','1','1301',NULL,NULL,'General','Automation Controls & Systems ','3'),(3835,'2','2019-04-30 17:07:30.000000','Y','N','4','10','7','1301',NULL,NULL,'Product','Generator Installation ','2'),(3836,'2','2019-04-30 17:07:30.000000','Y','N','6','15','12','1301',NULL,NULL,'wires','GeneralService','3'),(3837,'2','2019-04-30 17:07:30.000000','Y','N','11','55','16','1301',NULL,NULL,'Contactors','Free Service','3'),(3841,'2','2019-04-30 17:07:30.000000','Y','N','3','1','1','1302',NULL,NULL,'General','Automation Controls & Systems ','3'),(3842,'2','2019-04-30 17:07:30.000000','Y','N','4','10','7','1302',NULL,NULL,'Product','Generator Installation ','2'),(3843,'2','2019-04-30 17:07:30.000000','Y','N','6','15','12','1302',NULL,NULL,'wires','GeneralService','3'),(3844,'2','2019-04-30 17:07:30.000000','Y','N','11','55','16','1302',NULL,NULL,'Contactors','Free Service','3'),(3848,'2','2019-04-30 17:07:30.000000','Y','N','3','1','1','1303',NULL,NULL,'General','Automation Controls & Systems ','3'),(3849,'2','2019-04-30 17:07:30.000000','Y','N','4','10','7','1303',NULL,NULL,'Product','Generator Installation ','2'),(3850,'2','2019-04-30 17:07:30.000000','Y','N','6','15','12','1303',NULL,NULL,'wires','GeneralService','3'),(3851,'2','2019-04-30 17:07:30.000000','Y','N','11','55','16','1303',NULL,NULL,'Contactors','Free Service','3'),(3904,'2','2019-04-30 17:18:33.000000','Y','N','3','1','1','1311',NULL,NULL,'General','Automation Controls & Systems ','3'),(3905,'2','2019-04-30 17:18:33.000000','Y','N','4','10','7','1311',NULL,NULL,'Product','Generator Installation ','2'),(3906,'2','2019-04-30 17:18:33.000000','Y','N','6','15','12','1311',NULL,NULL,'wires','GeneralService','3'),(3907,'2','2019-04-30 17:18:33.000000','Y','N','11','55','16','1311',NULL,NULL,'Contactors','Free Service','3'),(3911,'2','2019-04-30 17:18:33.000000','Y','N','3','1','1','1312',NULL,NULL,'General','Automation Controls & Systems ','3'),(3912,'2','2019-04-30 17:18:33.000000','Y','N','4','10','7','1312',NULL,NULL,'Product','Generator Installation ','2'),(3913,'2','2019-04-30 17:18:33.000000','Y','N','6','15','12','1312',NULL,NULL,'wires','GeneralService','3'),(3914,'2','2019-04-30 17:18:33.000000','Y','N','11','55','16','1312',NULL,NULL,'Contactors','Free Service','3'),(3918,'2','2019-04-30 17:18:33.000000','Y','N','3','1','1','1313',NULL,NULL,'General','Automation Controls & Systems ','3'),(3919,'2','2019-04-30 17:18:33.000000','Y','N','4','10','7','1313',NULL,NULL,'Product','Generator Installation ','2'),(3920,'2','2019-04-30 17:18:33.000000','Y','N','6','15','12','1313',NULL,NULL,'wires','GeneralService','3'),(3921,'2','2019-04-30 17:18:33.000000','Y','N','11','55','16','1313',NULL,NULL,'Contactors','Free Service','3'),(3925,'2','2019-04-30 17:18:33.000000','Y','N','3','1','1','1314',NULL,NULL,'General','Automation Controls & Systems ','3'),(3926,'2','2019-04-30 17:18:33.000000','Y','N','4','10','7','1314',NULL,NULL,'Product','Generator Installation ','2'),(3927,'2','2019-04-30 17:18:33.000000','Y','N','6','15','12','1314',NULL,NULL,'wires','GeneralService','3'),(3928,'2','2019-04-30 17:18:33.000000','Y','N','11','55','16','1314',NULL,NULL,'Contactors','Free Service','3'),(3932,'2','2019-04-30 17:18:33.000000','Y','N','3','1','1','1315',NULL,NULL,'General','Automation Controls & Systems ','3'),(3933,'2','2019-04-30 17:18:33.000000','Y','N','4','10','7','1315',NULL,NULL,'Product','Generator Installation ','2'),(3934,'2','2019-04-30 17:18:33.000000','Y','N','6','15','12','1315',NULL,NULL,'wires','GeneralService','3'),(3935,'2','2019-04-30 17:18:33.000000','Y','N','11','55','16','1315',NULL,NULL,'Contactors','Free Service','3'),(3939,'2','2019-04-30 17:18:33.000000','Y','N','3','1','1','1316',NULL,NULL,'General','Automation Controls & Systems ','3'),(3940,'2','2019-04-30 17:18:33.000000','Y','N','4','10','7','1316',NULL,NULL,'Product','Generator Installation ','2'),(3941,'2','2019-04-30 17:18:33.000000','Y','N','6','15','12','1316',NULL,NULL,'wires','GeneralService','3'),(3942,'2','2019-04-30 17:18:33.000000','Y','N','11','55','16','1316',NULL,NULL,'Contactors','Free Service','3'),(3946,'2','2019-04-30 17:18:33.000000','Y','N','3','1','1','1317',NULL,NULL,'General','Automation Controls & Systems ','3'),(3947,'2','2019-04-30 17:18:33.000000','Y','N','4','10','7','1317',NULL,NULL,'Product','Generator Installation ','2'),(3948,'2','2019-04-30 17:18:33.000000','Y','N','6','15','12','1317',NULL,NULL,'wires','GeneralService','3'),(3949,'2','2019-04-30 17:18:33.000000','Y','N','11','55','16','1317',NULL,NULL,'Contactors','Free Service','3'),(4002,'2','2019-05-02 18:05:13.000000','Y','Y','3','1','1','1325',NULL,NULL,'General','Automation Controls & Systems ','3'),(4003,'2','2019-05-02 18:05:13.000000','Y','Y','4','10','7','1325',NULL,NULL,'Product','Generator Installation ','2'),(4004,'2','2019-05-02 18:05:13.000000','Y','N','6','15','12','1325',NULL,NULL,'wires','GeneralService','3'),(4005,'2','2019-05-02 18:05:13.000000','Y','N','11','55','16','1325',NULL,NULL,'Contactors','Free Service','3'),(4009,'2','2019-05-02 18:05:13.000000','Y','N','3','1','1','1326',NULL,NULL,'General','Automation Controls & Systems ','3'),(4010,'2','2019-05-02 18:05:13.000000','Y','N','4','10','7','1326',NULL,NULL,'Product','Generator Installation ','2'),(4011,'2','2019-05-02 18:05:13.000000','Y','N','6','15','12','1326',NULL,NULL,'wires','GeneralService','3'),(4012,'2','2019-05-02 18:05:13.000000','Y','N','11','55','16','1326',NULL,NULL,'Contactors','Free Service','3'),(4016,'2','2019-05-02 18:05:13.000000','Y','N','3','1','1','1327',NULL,NULL,'General','Automation Controls & Systems ','3'),(4017,'2','2019-05-02 18:05:13.000000','Y','N','4','10','7','1327',NULL,NULL,'Product','Generator Installation ','2'),(4018,'2','2019-05-02 18:05:13.000000','Y','N','6','15','12','1327',NULL,NULL,'wires','GeneralService','3'),(4019,'2','2019-05-02 18:05:13.000000','Y','N','11','55','16','1327',NULL,NULL,'Contactors','Free Service','3'),(4023,'2','2019-05-02 18:05:13.000000','Y','N','3','1','1','1328',NULL,NULL,'General','Automation Controls & Systems ','3'),(4024,'2','2019-05-02 18:05:13.000000','Y','N','4','10','7','1328',NULL,NULL,'Product','Generator Installation ','2'),(4025,'2','2019-05-02 18:05:13.000000','Y','N','6','15','12','1328',NULL,NULL,'wires','GeneralService','3'),(4026,'2','2019-05-02 18:05:13.000000','Y','N','11','55','16','1328',NULL,NULL,'Contactors','Free Service','3'),(4107,'2','2019-05-03 11:05:41.000000','Y','N','3','2','2','1340',NULL,NULL,'General','Ceiling Fans','2'),(4108,'2','2019-05-03 11:05:41.000000','Y','N','4','11','8','1340',NULL,NULL,'Product','Panel Replacements ','3'),(4110,'2','2019-05-03 11:05:41.000000','Y','N','3','2','2','1341',NULL,NULL,'General','Ceiling Fans','2'),(4111,'2','2019-05-03 11:05:41.000000','Y','N','4','11','8','1341',NULL,NULL,'Product','Panel Replacements ','3'),(4113,'2','2019-05-03 11:05:41.000000','Y','Y','4','11','8','1342',NULL,NULL,'Product','Panel Replacements ','3'),(4114,'2','2019-05-03 11:05:41.000000','Y','N','3','2','2','1342',NULL,NULL,'General','Ceiling Fans','2'),(4116,'2','2019-05-03 11:05:41.000000','Y','N','3','2','2','1343',NULL,NULL,'General','Ceiling Fans','2'),(4117,'2','2019-05-03 11:05:41.000000','Y','N','4','11','8','1343',NULL,NULL,'Product','Panel Replacements ','3'),(4119,'2','2019-05-03 11:05:41.000000','Y','N','3','2','2','1344',NULL,NULL,'General','Ceiling Fans','2'),(4120,'2','2019-05-03 11:05:41.000000','Y','N','4','11','8','1344',NULL,NULL,'Product','Panel Replacements ','3'),(4122,'2','2019-05-03 11:05:41.000000','Y','N','3','2','2','1345',NULL,NULL,'General','Ceiling Fans','2'),(4123,'2','2019-05-03 11:05:41.000000','Y','N','4','11','8','1345',NULL,NULL,'Product','Panel Replacements ','3'),(4125,'2','2019-05-03 11:05:41.000000','Y','N','3','2','2','1346',NULL,NULL,'General','Ceiling Fans','2'),(4126,'2','2019-05-03 11:05:41.000000','Y','N','4','11','8','1346',NULL,NULL,'Product','Panel Replacements ','3'),(4177,'2','2019-05-03 11:12:51.000000','Y','Y','3','1','1','1354',NULL,NULL,'General','Automation Controls & Systems ','3'),(4178,'2','2019-05-03 11:12:51.000000','Y','Y','4','10','7','1354',NULL,NULL,'Product','Generator Installation ','2'),(4179,'2','2019-05-03 11:12:51.000000','Y','N','6','15','12','1354',NULL,NULL,'wires','GeneralService','3'),(4180,'2','2019-05-03 11:12:51.000000','Y','N','11','55','16','1354',NULL,NULL,'Contactors','Free Service','3'),(4184,'2','2019-05-03 11:12:51.000000','Y','N','3','1','1','1355',NULL,NULL,'General','Automation Controls & Systems ','3'),(4185,'2','2019-05-03 11:12:51.000000','Y','N','4','10','7','1355',NULL,NULL,'Product','Generator Installation ','2'),(4186,'2','2019-05-03 11:12:51.000000','Y','N','6','15','12','1355',NULL,NULL,'wires','GeneralService','3'),(4187,'2','2019-05-03 11:12:51.000000','Y','N','11','55','16','1355',NULL,NULL,'Contactors','Free Service','3'),(4191,'2','2019-05-03 11:12:51.000000','Y','N','3','1','1','1356',NULL,NULL,'General','Automation Controls & Systems ','3'),(4192,'2','2019-05-03 11:12:51.000000','Y','N','4','10','7','1356',NULL,NULL,'Product','Generator Installation ','2'),(4193,'2','2019-05-03 11:12:51.000000','Y','N','6','15','12','1356',NULL,NULL,'wires','GeneralService','3'),(4194,'2','2019-05-03 11:12:51.000000','Y','N','11','55','16','1356',NULL,NULL,'Contactors','Free Service','3'),(4198,'2','2019-05-03 11:12:51.000000','Y','N','3','1','1','1357',NULL,NULL,'General','Automation Controls & Systems ','3'),(4199,'2','2019-05-03 11:12:51.000000','Y','N','4','10','7','1357',NULL,NULL,'Product','Generator Installation ','2'),(4200,'2','2019-05-03 11:12:51.000000','Y','N','6','15','12','1357',NULL,NULL,'wires','GeneralService','3'),(4201,'2','2019-05-03 11:12:51.000000','Y','N','11','55','16','1357',NULL,NULL,'Contactors','Free Service','3'),(4294,'26','2019-05-07 11:24:47.000000','Y','N','3','2','2','1373',NULL,NULL,'General','Ceiling Fans','2'),(4295,'26','2019-05-07 11:24:47.000000','Y','N','4','11','8','1373',NULL,NULL,'Product','Panel Replacements ','3'),(4297,'26','2019-05-07 11:24:47.000000','Y','N','3','2','2','1374',NULL,NULL,'General','Ceiling Fans','2'),(4298,'26','2019-05-07 11:24:47.000000','Y','N','4','11','8','1374',NULL,NULL,'Product','Panel Replacements ','3'),(4300,'26','2019-05-07 11:24:47.000000','Y','Y','4','11','8','1375',NULL,NULL,'Product','Panel Replacements ','3'),(4301,'26','2019-05-07 11:24:47.000000','Y','N','3','2','2','1375',NULL,NULL,'General','Ceiling Fans','2'),(4303,'26','2019-05-07 11:24:47.000000','Y','N','3','2','2','1376',NULL,NULL,'General','Ceiling Fans','2'),(4304,'26','2019-05-07 11:24:47.000000','Y','N','4','11','8','1376',NULL,NULL,'Product','Panel Replacements ','3'),(4306,'26','2019-05-07 11:24:47.000000','Y','N','3','2','2','1377',NULL,NULL,'General','Ceiling Fans','2'),(4307,'26','2019-05-07 11:24:47.000000','Y','N','4','11','8','1377',NULL,NULL,'Product','Panel Replacements ','3'),(4309,'26','2019-05-07 11:24:47.000000','Y','N','3','2','2','1378',NULL,NULL,'General','Ceiling Fans','2'),(4310,'26','2019-05-07 11:24:47.000000','Y','N','4','11','8','1378',NULL,NULL,'Product','Panel Replacements ','3'),(4312,'26','2019-05-07 11:24:47.000000','Y','N','3','2','2','1379',NULL,NULL,'General','Ceiling Fans','2'),(4313,'26','2019-05-07 11:24:47.000000','Y','N','4','11','8','1379',NULL,NULL,'Product','Panel Replacements ','3'),(4342,'1','2019-06-12 17:22:03.000000','Y','Y','3','1','1','1384',NULL,NULL,'General','Automation Controls & Systems ','3'),(4343,'1','2019-06-12 17:22:03.000000','Y','Y','4','10','7','1384',NULL,NULL,'Product','Generator Installation ','2'),(4344,'1','2019-06-12 17:22:03.000000','Y','N','6','15','12','1384',NULL,NULL,'wires','GeneralService','3'),(4345,'1','2019-06-12 17:22:03.000000','Y','N','11','55','16','1384',NULL,NULL,'Contactors','Free Service','3'),(4349,'1','2019-06-12 17:22:03.000000','Y','N','3','1','1','1385',NULL,NULL,'General','Automation Controls & Systems ','3'),(4350,'1','2019-06-12 17:22:03.000000','Y','N','4','10','7','1385',NULL,NULL,'Product','Generator Installation ','2'),(4351,'1','2019-06-12 17:22:03.000000','Y','N','6','15','12','1385',NULL,NULL,'wires','GeneralService','3'),(4352,'1','2019-06-12 17:22:03.000000','Y','N','11','55','16','1385',NULL,NULL,'Contactors','Free Service','3'),(4356,'1','2019-06-12 17:22:03.000000','Y','N','3','1','1','1386',NULL,NULL,'General','Automation Controls & Systems ','3'),(4357,'1','2019-06-12 17:22:03.000000','Y','N','4','10','7','1386',NULL,NULL,'Product','Generator Installation ','2'),(4358,'1','2019-06-12 17:22:03.000000','Y','N','6','15','12','1386',NULL,NULL,'wires','GeneralService','3'),(4359,'1','2019-06-12 17:22:03.000000','Y','N','11','55','16','1386',NULL,NULL,'Contactors','Free Service','3'),(4363,'1','2019-06-12 17:22:03.000000','Y','N','3','1','1','1387',NULL,NULL,'General','Automation Controls & Systems ','3'),(4364,'1','2019-06-12 17:22:03.000000','Y','N','4','10','7','1387',NULL,NULL,'Product','Generator Installation ','2'),(4365,'1','2019-06-12 17:22:03.000000','Y','N','6','15','12','1387',NULL,NULL,'wires','GeneralService','3'),(4366,'1','2019-06-12 17:22:03.000000','Y','N','11','55','16','1387',NULL,NULL,'Contactors','Free Service','3'),(4370,'1','2019-06-12 17:32:16.000000','Y','Y','3','1','1','1388',NULL,NULL,'General','Automation Controls & Systems ','3'),(4371,'1','2019-06-12 17:32:16.000000','Y','Y','4','10','7','1388',NULL,NULL,'Product','Generator Installation ','2'),(4372,'1','2019-06-12 17:32:16.000000','Y','N','6','15','12','1388',NULL,NULL,'wires','GeneralService','3'),(4373,'1','2019-06-12 17:32:16.000000','Y','N','11','55','16','1388',NULL,NULL,'Contactors','Free Service','3'),(4377,'1','2019-06-12 17:32:17.000000','Y','N','3','1','1','1389',NULL,NULL,'General','Automation Controls & Systems ','3'),(4378,'1','2019-06-12 17:32:17.000000','Y','N','4','10','7','1389',NULL,NULL,'Product','Generator Installation ','2'),(4379,'1','2019-06-12 17:32:17.000000','Y','N','6','15','12','1389',NULL,NULL,'wires','GeneralService','3'),(4380,'1','2019-06-12 17:32:17.000000','Y','N','11','55','16','1389',NULL,NULL,'Contactors','Free Service','3'),(4384,'1','2019-06-12 17:32:17.000000','Y','N','3','1','1','1390',NULL,NULL,'General','Automation Controls & Systems ','3'),(4385,'1','2019-06-12 17:32:17.000000','Y','N','4','10','7','1390',NULL,NULL,'Product','Generator Installation ','2'),(4386,'1','2019-06-12 17:32:17.000000','Y','N','6','15','12','1390',NULL,NULL,'wires','GeneralService','3'),(4387,'1','2019-06-12 17:32:17.000000','Y','N','11','55','16','1390',NULL,NULL,'Contactors','Free Service','3'),(4391,'1','2019-06-12 17:32:17.000000','Y','N','3','1','1','1391',NULL,NULL,'General','Automation Controls & Systems ','3'),(4392,'1','2019-06-12 17:32:17.000000','Y','N','4','10','7','1391',NULL,NULL,'Product','Generator Installation ','2'),(4393,'1','2019-06-12 17:32:17.000000','Y','N','6','15','12','1391',NULL,NULL,'wires','GeneralService','3'),(4394,'1','2019-06-12 17:32:17.000000','Y','N','11','55','16','1391',NULL,NULL,'Contactors','Free Service','3'),(4423,'99','2019-09-06 15:39:58.000000','Y','N','3','1','1','1396',NULL,NULL,'General','Automation Controls & Systems ','3'),(4424,'99','2019-09-06 15:39:58.000000','Y','N','4','10','7','1396',NULL,NULL,'Product','Generator Installation ','2'),(4425,'99','2019-09-06 15:39:58.000000','Y','N','6','15','12','1396',NULL,NULL,'wires','GeneralService','3'),(4426,'99','2019-09-06 15:39:58.000000','Y','N','11','55','16','1396',NULL,NULL,'Contactors','Free Service','3'),(4430,'99','2019-09-06 15:39:58.000000','Y','N','3','1','1','1397',NULL,NULL,'General','Automation Controls & Systems ','3'),(4431,'99','2019-09-06 15:39:58.000000','Y','N','4','10','7','1397',NULL,NULL,'Product','Generator Installation ','2'),(4432,'99','2019-09-06 15:39:58.000000','Y','N','6','15','12','1397',NULL,NULL,'wires','GeneralService','3'),(4433,'99','2019-09-06 15:39:58.000000','Y','N','11','55','16','1397',NULL,NULL,'Contactors','Free Service','3'),(4437,'99','2019-09-06 15:39:58.000000','Y','N','3','1','1','1398',NULL,NULL,'General','Automation Controls & Systems ','3'),(4438,'99','2019-09-06 15:39:58.000000','Y','N','4','10','7','1398',NULL,NULL,'Product','Generator Installation ','2'),(4439,'99','2019-09-06 15:39:58.000000','Y','N','6','15','12','1398',NULL,NULL,'wires','GeneralService','3'),(4440,'99','2019-09-06 15:39:58.000000','Y','N','11','55','16','1398',NULL,NULL,'Contactors','Free Service','3');
/*!40000 ALTER TABLE `t_pf_emp_skill` ENABLE KEYS */;
UNLOCK TABLES;

--
-- Table structure for table `t_pf_job`
--

DROP TABLE IF EXISTS `t_pf_job`;
/*!40101 SET @saved_cs_client     = @@character_set_client */;
/*!40101 SET character_set_client = utf8 */;
CREATE TABLE `t_pf_job` (
  `id` int(11) NOT NULL AUTO_INCREMENT,
  `created_by` varchar(255) DEFAULT NULL,
  `created_dt` datetime(6) DEFAULT NULL,
  `from_dt` date DEFAULT NULL,
  `is_enabled` varchar(255) DEFAULT NULL,
  `m_bu_id` varchar(255) DEFAULT NULL,
  `m_department_id` varchar(255) DEFAULT NULL,
  `m_employee_id` varchar(255) DEFAULT NULL,
  `m_profile_id` varchar(255) DEFAULT NULL,
  `map_location_id` varchar(255) DEFAULT NULL,
  `modified_by` varchar(255) DEFAULT NULL,
  `modified_dt` datetime(6) DEFAULT NULL,
  `remarks` varchar(255) DEFAULT NULL,
  `status` varchar(255) DEFAULT NULL,
  `to_dt` date DEFAULT NULL,
  PRIMARY KEY (`id`)
) ENGINE=InnoDB AUTO_INCREMENT=136 DEFAULT CHARSET=latin1;
/*!40101 SET character_set_client = @saved_cs_client */;

--
-- Dumping data for table `t_pf_job`
--

LOCK TABLES `t_pf_job` WRITE;
/*!40000 ALTER TABLE `t_pf_job` DISABLE KEYS */;
INSERT INTO `t_pf_job` VALUES (1,NULL,'2018-12-08 10:13:56.238000','2018-11-30',NULL,NULL,'9',NULL,'1','1',NULL,'2018-12-08 10:13:56.238000',NULL,'INPROGRESS','2018-12-15'),(2,NULL,'2018-12-08 10:15:26.081000','2018-11-30',NULL,NULL,'9',NULL,'2','1',NULL,'2018-12-08 10:15:26.081000',NULL,'INPROGRESS','2018-12-15'),(3,NULL,'2018-12-08 11:51:14.855000','2018-11-30',NULL,NULL,'9',NULL,'2','1',NULL,'2018-12-08 11:51:14.855000',NULL,'INPROGRESS','2018-12-15'),(4,NULL,'2018-12-08 11:54:16.236000','2018-11-30',NULL,NULL,'9',NULL,'2','1',NULL,'2018-12-08 11:54:16.236000',NULL,'INPROGRESS','2018-12-15'),(5,NULL,'2018-12-08 12:44:16.918000','2018-11-30',NULL,NULL,'9',NULL,'2','1',NULL,'2018-12-08 12:44:16.918000',NULL,'INPROGRESS','2018-12-15'),(6,NULL,'2018-12-08 12:55:05.491000','2018-11-30',NULL,NULL,'9',NULL,'2','1',NULL,'2018-12-08 12:55:05.491000',NULL,'INPROGRESS','2018-12-15'),(7,NULL,'2018-12-08 12:57:30.143000','2018-11-30',NULL,NULL,'9',NULL,'2','1',NULL,'2018-12-08 12:57:30.143000',NULL,'INPROGRESS','2018-12-15'),(8,NULL,'2018-12-08 12:59:52.931000','2018-11-30',NULL,NULL,'9',NULL,'2','1',NULL,'2018-12-08 12:59:52.931000',NULL,'INPROGRESS','2018-12-15'),(9,NULL,'2018-12-08 13:27:44.851000','2018-11-30',NULL,NULL,'9',NULL,'2','1',NULL,'2018-12-08 13:27:44.851000','Processed the profile finder job','COMPLETED','2018-12-15'),(10,NULL,'2018-12-08 13:38:49.317000','2018-11-30',NULL,NULL,'9',NULL,'1','1',NULL,'2018-12-08 13:39:00.191000','Processed the profile finder job','COMPLETED','2018-12-15'),(11,NULL,'2018-12-08 13:56:11.371000','2018-11-30',NULL,NULL,'9',NULL,'1','1',NULL,'2018-12-08 13:56:25.179000','Processed the profile finder job','COMPLETED','2018-12-15'),(12,NULL,'2018-12-08 13:57:56.191000','2018-11-30',NULL,NULL,'9',NULL,'1','1',NULL,'2018-12-08 13:57:56.191000','Processed the profile finder job','COMPLETED','2018-12-15'),(13,NULL,'2018-12-08 14:01:43.698000','2018-11-30',NULL,NULL,'9',NULL,'2','1',NULL,'2018-12-08 14:01:43.698000','Processed the profile finder job','COMPLETED','2018-12-15'),(14,NULL,'2018-12-08 14:14:29.501000','2018-11-30',NULL,NULL,'9',NULL,'2','1',NULL,'2018-12-08 14:14:29.501000','Processed the profile finder job','COMPLETED','2018-12-15'),(15,NULL,'2018-12-08 14:35:36.378000','2018-11-30',NULL,NULL,'9',NULL,'2','1',NULL,'2018-12-08 14:35:36.378000','Processed the profile finder job','COMPLETED','2018-12-15'),(16,NULL,'2018-12-08 14:37:30.971000','2018-11-30',NULL,NULL,'9',NULL,'2','1','2','2018-12-08 14:37:36.000000','Processed the profile finder job','COMPLETED','2018-12-15'),(17,NULL,'2018-12-08 14:38:13.454000','2018-11-30',NULL,NULL,'9',NULL,'4','1','2','2018-12-08 14:40:08.000000','Processed the profile finder job','COMPLETED','2018-12-15'),(18,NULL,'2018-12-08 14:41:50.968000','2018-11-30',NULL,NULL,'9',NULL,'1','1','2','2018-12-08 14:42:57.000000','Processed the profile finder job','COMPLETED','2018-12-15'),(19,NULL,'2018-12-08 15:33:42.815000','2018-12-20',NULL,NULL,'9',NULL,'1','2','2','2018-12-08 15:40:18.000000','Processed the profile finder job','COMPLETED','2018-12-31'),(20,NULL,'2018-12-10 09:17:42.531000','2018-11-30',NULL,NULL,'9',NULL,'1','1','3','2018-12-10 09:17:43.000000','Processed the profile finder job','COMPLETED','2018-12-15'),(21,NULL,'2018-12-10 09:27:34.918000','2018-12-20',NULL,NULL,'9',NULL,NULL,'2','3','2018-12-10 09:27:35.000000','Processed the profile finder job','COMPLETED','2018-12-31'),(22,NULL,'2018-12-11 10:06:32.680000','2018-12-20',NULL,NULL,'9',NULL,'1','2','1','2018-12-11 10:06:33.000000','Processed the profile finder job','COMPLETED','2018-12-31'),(23,NULL,'2018-12-11 10:12:30.084000','2018-12-20',NULL,NULL,'9',NULL,'1','2','1','2018-12-11 10:12:30.000000','Processed the profile finder job','COMPLETED','2018-12-31'),(24,NULL,'2018-12-11 10:45:26.657000','2018-11-30',NULL,NULL,'9',NULL,'1','1','1','2018-12-11 10:45:29.000000','Processed the profile finder job','COMPLETED','2018-12-15'),(25,NULL,'2018-12-11 10:46:05.285000','2018-11-30',NULL,NULL,'9',NULL,'1','1','1','2018-12-11 10:46:05.000000','Processed the profile finder job','COMPLETED','2018-12-15'),(26,NULL,'2018-12-11 10:46:47.063000','2018-11-30',NULL,NULL,'9',NULL,'4','1','1','2018-12-11 10:46:47.000000','Processed the profile finder job','COMPLETED','2018-12-15'),(27,NULL,'2018-12-11 10:47:39.761000','2018-11-30',NULL,NULL,'9',NULL,'7','1','1','2018-12-11 10:47:40.000000','Processed the profile finder job','COMPLETED','2018-12-15'),(28,NULL,'2018-12-11 10:49:33.562000','2018-12-20',NULL,NULL,'9',NULL,'1','2','1','2018-12-11 10:49:41.000000','Processed the profile finder job','COMPLETED','2018-12-31'),(29,NULL,'2018-12-11 11:29:01.540000','2018-11-30',NULL,NULL,'9',NULL,'1','1','1','2018-12-11 11:29:02.000000','Processed the profile finder job','COMPLETED','2018-12-15'),(30,NULL,'2018-12-11 13:51:21.666000','2018-11-30',NULL,NULL,'9',NULL,'1','1','3','2018-12-11 13:51:22.000000','Processed the profile finder job','COMPLETED','2018-12-15'),(31,NULL,'2018-12-17 10:56:25.034000','2018-12-20',NULL,NULL,'9',NULL,'1','2','4','2018-12-17 10:56:26.000000','Processed the profile finder job','COMPLETED','2018-12-31'),(32,NULL,'2019-01-21 15:10:32.811000','2018-11-30',NULL,NULL,'9',NULL,'1','18','23','2019-01-21 15:10:33.000000','Processed the profile finder job','COMPLETED','2018-12-15'),(33,NULL,'2019-01-22 17:38:35.472000','2018-11-30',NULL,NULL,'9',NULL,'1','18','4','2019-01-22 17:39:56.000000','Processed the profile finder job','COMPLETED','2018-12-15'),(34,NULL,'2019-01-22 17:41:57.649000','2018-11-30',NULL,NULL,'9',NULL,'1','18','4','2019-01-22 17:42:05.000000','Processed the profile finder job','COMPLETED','2018-12-15'),(35,NULL,'2019-01-23 18:24:14.925000','2018-11-30',NULL,NULL,'9',NULL,'1','18','2','2019-01-23 18:24:15.000000','Processed the profile finder job','COMPLETED','2018-12-15'),(36,NULL,'2019-01-29 13:59:47.817000','2018-11-30',NULL,NULL,'9',NULL,'1','18','3','2019-01-29 13:59:48.000000','Processed the profile finder job','COMPLETED','2018-12-15'),(37,NULL,'2019-02-02 15:58:22.421000','2018-11-30',NULL,NULL,'9',NULL,'1','18','4','2019-02-02 15:58:22.000000','Processed the profile finder job','COMPLETED','2018-12-15'),(38,NULL,'2019-02-02 15:59:01.922000','2018-11-30',NULL,NULL,'9',NULL,'1','18','4','2019-02-02 15:59:02.000000','Processed the profile finder job','COMPLETED','2018-12-15'),(39,NULL,'2019-02-02 17:22:06.172000','2018-11-30',NULL,NULL,'9',NULL,'1','18','4','2019-02-02 17:22:06.000000','Processed the profile finder job','COMPLETED','2018-12-15'),(40,NULL,'2019-02-05 11:38:20.528000','2018-11-30',NULL,NULL,'9',NULL,'1','18','2','2019-02-05 11:38:21.000000','Processed the profile finder job','COMPLETED','2018-12-15'),(41,NULL,'2019-03-11 14:01:10.249000','2018-11-30',NULL,NULL,'9',NULL,'1','18','2','2019-03-11 14:01:11.000000','Processed the profile finder job','COMPLETED','2018-12-15'),(42,NULL,'2019-03-11 14:03:11.096000','2018-11-30',NULL,NULL,'9',NULL,'1','18','2','2019-03-11 14:03:16.000000','Processed the profile finder job','COMPLETED','2018-12-15'),(43,NULL,'2019-03-16 16:16:11.833000','2019-03-07',NULL,NULL,'9',NULL,'1',NULL,'4','2019-03-16 16:16:12.000000','Processed the profile finder job','COMPLETED','2019-03-31'),(44,NULL,'2019-03-16 16:35:13.339000','2019-03-07',NULL,NULL,'9',NULL,NULL,NULL,NULL,'2019-03-16 16:35:13.339000',NULL,'CREATED','2019-03-31'),(45,NULL,'2019-03-18 13:24:46.553000','2019-03-09',NULL,NULL,'9',NULL,'1','18','2','2019-03-18 13:25:19.000000','Processed the profile finder job','COMPLETED','2019-03-31'),(46,NULL,'2019-03-18 15:59:32.487000','2019-03-01',NULL,NULL,'9',NULL,'2','18','2','2019-03-18 15:59:51.000000','Processed the profile finder job','COMPLETED','2019-03-21'),(47,NULL,'2019-03-19 10:45:57.386000','2019-03-19',NULL,NULL,'9',NULL,'2','18','2','2019-03-19 10:46:17.000000','Processed the profile finder job','COMPLETED','2019-03-20'),(48,NULL,'2019-03-19 13:18:12.887000','2019-02-02',NULL,NULL,'9',NULL,'1','18','2','2019-03-19 13:18:13.000000','Processed the profile finder job','COMPLETED','2019-03-14'),(49,NULL,'2019-03-19 13:19:25.607000','2019-02-02',NULL,NULL,'9',NULL,'2','18','2','2019-03-19 13:21:14.000000','Processed the profile finder job','COMPLETED','2019-03-14'),(50,NULL,'2019-03-19 13:26:40.677000','2019-02-02',NULL,NULL,'9',NULL,NULL,'18','2','2019-03-19 13:26:41.000000','Processed the profile finder job','COMPLETED','2019-03-14'),(51,NULL,'2019-03-19 14:29:08.552000','2019-02-02',NULL,NULL,'9',NULL,'1','18',NULL,'2019-03-19 14:29:20.976000',NULL,'CREATED','2019-03-14'),(52,NULL,'2019-03-19 14:38:21.687000','2019-02-02',NULL,NULL,'9',NULL,'1','18','2','2019-03-19 14:38:22.000000','Processed the profile finder job','COMPLETED','2019-03-14'),(53,NULL,'2019-03-19 14:39:02.367000','2019-02-02',NULL,NULL,'9',NULL,'1','18','4','2019-03-19 14:39:02.000000','Processed the profile finder job','COMPLETED','2019-03-14'),(54,NULL,'2019-03-19 14:39:21.577000','2019-02-02',NULL,NULL,'9',NULL,'2','18','4','2019-03-19 14:39:21.000000','Processed the profile finder job','COMPLETED','2019-03-14'),(55,NULL,'2019-03-19 14:54:11.187000','2019-03-01',NULL,NULL,'9',NULL,'1','18','2','2019-03-19 14:54:52.000000','Processed the profile finder job','COMPLETED','2019-03-31'),(56,NULL,'2019-03-19 14:55:56.759000','2019-03-22',NULL,NULL,'9',NULL,'1','18','2','2019-03-19 14:55:57.000000','Processed the profile finder job','COMPLETED','2019-03-26'),(57,NULL,'2019-03-19 16:10:12.922000','2019-03-22',NULL,NULL,'9',NULL,'1','18','2','2019-03-19 16:10:13.000000','Processed the profile finder job','COMPLETED','2019-03-26'),(58,NULL,'2019-03-19 17:24:09.191000','2019-03-20',NULL,NULL,'9',NULL,'1','18','2','2019-03-19 17:24:37.000000','Processed the profile finder job','COMPLETED','2019-03-24'),(59,NULL,'2019-03-19 18:31:10.348000','2019-03-25',NULL,NULL,'9',NULL,'2','18','2','2019-03-19 18:31:46.000000','Processed the profile finder job','COMPLETED','2019-03-29'),(60,NULL,'2019-03-19 18:33:14.406000','2019-03-25',NULL,NULL,'9',NULL,'7','18','2','2019-03-19 18:33:42.000000','Processed the profile finder job','COMPLETED','2019-03-30'),(61,NULL,'2019-03-19 18:35:21.937000','2019-03-25',NULL,NULL,'9',NULL,'2','18','2','2019-03-19 18:35:36.000000','Processed the profile finder job','COMPLETED','2019-03-30'),(62,NULL,'2019-03-19 18:38:38.022000','2019-03-19',NULL,NULL,'9',NULL,'1','18','2','2019-03-19 18:38:38.000000','Processed the profile finder job','COMPLETED','2019-03-26'),(63,NULL,'2019-03-19 18:46:48.523000','2019-03-26',NULL,NULL,'9',NULL,'2','18','2','2019-03-19 18:46:56.000000','Processed the profile finder job','COMPLETED','2019-03-30'),(64,NULL,'2019-03-19 18:47:43.404000','2019-03-26',NULL,NULL,NULL,'22',NULL,'18','2','2019-03-19 18:47:43.000000','Processed the profile finder job','COMPLETED','2019-03-30'),(65,NULL,'2019-03-20 13:01:22.911000','2019-03-21',NULL,NULL,'9',NULL,'1','18','2','2019-03-20 13:01:23.000000','Processed the profile finder job','COMPLETED','2019-03-23'),(66,NULL,'2019-03-20 14:30:21.587000','2019-03-31',NULL,NULL,'9',NULL,'1','23','2','2019-03-20 14:30:22.000000','Processed the profile finder job','COMPLETED','2019-04-01'),(67,NULL,'2019-03-21 11:12:04.822000','2019-03-31',NULL,NULL,'9',NULL,'2','23','2','2019-03-21 11:12:05.000000','Processed the profile finder job','COMPLETED','2019-04-01'),(68,NULL,'2019-03-21 11:31:21.807000','2019-03-31',NULL,NULL,'9',NULL,'2','23','2','2019-03-21 11:31:37.000000','Processed the profile finder job','COMPLETED','2019-04-01'),(69,NULL,'2019-03-21 11:33:56.891000','2019-03-31',NULL,NULL,'9',NULL,'1','23','2','2019-03-21 11:37:28.000000','Processed the profile finder job','COMPLETED','2019-04-01'),(70,NULL,'2019-03-21 11:39:18.337000','2019-03-31',NULL,NULL,'9',NULL,'1','23','2','2019-03-21 11:53:00.000000','Processed the profile finder job','COMPLETED','2019-04-01'),(71,NULL,'2019-03-21 11:54:25.080000','2019-03-31',NULL,NULL,'9',NULL,'1','23','2','2019-03-21 11:54:25.000000','Processed the profile finder job','COMPLETED','2019-04-01'),(72,NULL,'2019-03-21 11:55:35.580000','2019-03-31',NULL,NULL,'9',NULL,'1','23','2','2019-03-21 11:55:35.000000','Processed the profile finder job','COMPLETED','2019-04-01'),(73,NULL,'2019-03-21 11:56:08.973000','2019-03-31',NULL,NULL,'9',NULL,'1','23','2','2019-03-21 11:56:09.000000','Processed the profile finder job','COMPLETED','2019-04-01'),(74,NULL,'2019-03-21 12:19:47.282000','2019-03-31',NULL,NULL,'9',NULL,'5','23','2','2019-03-21 12:19:47.000000','Processed the profile finder job','COMPLETED','2019-04-01'),(75,NULL,'2019-03-21 13:59:03.017000','2019-03-31',NULL,NULL,'9',NULL,'5','23','2','2019-03-21 13:59:03.000000','Processed the profile finder job','COMPLETED','2019-04-01'),(76,NULL,'2019-03-21 14:01:05.212000','2019-03-31',NULL,NULL,'9',NULL,'5','23','2','2019-03-21 14:01:05.000000','Processed the profile finder job','COMPLETED','2019-04-01'),(77,NULL,'2019-03-21 14:11:13.439000','2019-03-31',NULL,NULL,'9',NULL,'5','23','2','2019-03-21 14:12:28.000000','Processed the profile finder job','COMPLETED','2019-04-01'),(78,NULL,'2019-03-21 14:21:20.152000','2019-03-31',NULL,NULL,'9',NULL,'5','23','2','2019-03-21 14:22:56.000000','Processed the profile finder job','COMPLETED','2019-04-01'),(79,NULL,'2019-03-21 17:27:25.314000','2019-03-31',NULL,NULL,'9',NULL,'1','23','2','2019-03-21 17:27:25.000000','Processed the profile finder job','COMPLETED','2019-04-01'),(80,NULL,'2019-03-21 17:36:27.222000','2019-03-31',NULL,NULL,'9',NULL,'1','23','2','2019-03-21 17:37:20.000000','Processed the profile finder job','COMPLETED','2019-04-01'),(81,NULL,'2019-03-21 17:44:15.613000','2019-03-31',NULL,NULL,'9',NULL,'1','23','2','2019-03-21 17:44:16.000000','Processed the profile finder job','COMPLETED','2019-04-01'),(82,NULL,'2019-03-21 17:45:57.473000','2019-03-31',NULL,NULL,'9',NULL,'1','23','2','2019-03-21 17:47:10.000000','Processed the profile finder job','COMPLETED','2019-04-01'),(83,NULL,'2019-03-21 17:47:24.944000','2019-03-31',NULL,NULL,'9',NULL,'1','23','2','2019-03-21 18:27:15.000000','Processed the profile finder job','COMPLETED','2019-04-01'),(84,NULL,'2019-03-21 18:28:34.762000','2019-03-31',NULL,NULL,'9',NULL,'5','23','2','2019-03-21 18:28:35.000000','Processed the profile finder job','COMPLETED','2019-04-01'),(85,NULL,'2019-03-21 18:29:27.631000','2019-03-21',NULL,NULL,'9',NULL,'1','18','2','2019-03-21 18:29:50.000000','Processed the profile finder job','COMPLETED','2019-03-23'),(86,NULL,'2019-03-21 18:30:41.860000','2019-03-21',NULL,NULL,'9',NULL,'1','18','2','2019-03-21 18:30:53.000000','Processed the profile finder job','COMPLETED','2019-03-23'),(87,NULL,'2019-03-21 18:34:43.353000',NULL,NULL,NULL,'9',NULL,'1','18','2','2019-03-21 18:34:43.000000','Processed the profile finder job','COMPLETED','2019-03-15'),(88,NULL,'2019-03-21 18:35:10.593000','2019-03-31',NULL,NULL,'9',NULL,'1','23','2','2019-03-21 18:37:06.000000','Processed the profile finder job','COMPLETED','2019-04-01'),(89,NULL,'2019-03-21 18:37:55.505000','2019-03-16',NULL,NULL,'9',NULL,'1','23','2','2019-03-21 18:37:58.000000','Processed the profile finder job','COMPLETED','2019-03-21'),(90,NULL,'2019-03-21 18:38:18.364000','2019-03-16',NULL,NULL,'9',NULL,'1','23','2','2019-03-21 18:38:21.000000','Processed the profile finder job','COMPLETED','2019-03-21'),(91,NULL,'2019-03-22 13:17:53.500000','2019-03-19',NULL,NULL,'9',NULL,'1','18','2','2019-03-22 13:17:54.000000','Processed the profile finder job','COMPLETED','2019-03-20'),(92,NULL,'2019-03-22 13:18:24.019000','2019-03-22',NULL,NULL,'9',NULL,'1','18','2','2019-03-22 13:18:25.000000','Processed the profile finder job','COMPLETED','2019-03-23'),(93,NULL,'2019-03-22 13:18:53.461000','2019-03-22',NULL,NULL,'9',NULL,'5','18','2','2019-03-22 13:19:14.000000','Processed the profile finder job','COMPLETED','2019-03-23'),(94,NULL,'2019-03-22 13:20:27.844000','2019-04-03',NULL,NULL,'9',NULL,'1','18','2','2019-03-22 13:20:28.000000','Processed the profile finder job','COMPLETED','2019-04-06'),(95,NULL,'2019-03-22 13:23:25.371000','2019-04-03',NULL,NULL,'9',NULL,'7','18','2','2019-03-22 13:23:26.000000','Processed the profile finder job','COMPLETED','2019-04-06'),(96,NULL,'2019-03-22 13:24:35.598000','2019-04-03',NULL,NULL,'9',NULL,'7','18','2','2019-03-22 13:24:36.000000','Processed the profile finder job','COMPLETED','2019-04-06'),(97,NULL,'2019-03-22 13:25:32.592000','2019-04-03',NULL,NULL,'9',NULL,'7','18','2','2019-03-22 13:25:33.000000','Processed the profile finder job','COMPLETED','2019-04-06'),(98,NULL,'2019-03-22 13:36:30.131000','2019-04-03',NULL,NULL,'9',NULL,'1','18','2','2019-03-22 13:36:30.000000','Processed the profile finder job','COMPLETED','2019-04-06'),(99,NULL,'2019-03-26 14:43:39.321000','2019-03-25',NULL,NULL,'9',NULL,'1','23','17','2019-03-26 14:43:39.000000','Processed the profile finder job','COMPLETED','2019-03-26'),(100,NULL,'2019-03-26 19:15:02.195000','2019-03-31',NULL,NULL,'9',NULL,'1','18','2','2019-03-26 19:15:02.000000','Processed the profile finder job','COMPLETED','2019-03-31'),(101,NULL,'2019-03-26 19:19:24.529000','2019-04-08',NULL,NULL,'9',NULL,'1','18','2','2019-03-26 19:19:25.000000','Processed the profile finder job','COMPLETED','2019-04-12'),(102,NULL,'2019-03-26 19:23:59.103000','2019-04-08',NULL,NULL,'9',NULL,'68','18','2','2019-03-26 19:24:13.000000','Processed the profile finder job','COMPLETED','2019-04-12'),(103,NULL,'2019-03-27 11:21:50.227000','2019-04-08',NULL,NULL,'10','23',NULL,'18','2','2019-03-27 11:22:15.000000','Processed the profile finder job','COMPLETED','2019-04-12'),(104,NULL,'2019-03-27 11:32:09.257000','2019-03-01',NULL,NULL,'9',NULL,'1','18','4','2019-03-27 11:32:09.000000','Processed the profile finder job','COMPLETED','2019-03-31'),(105,NULL,'2019-03-27 11:48:43.231000','2019-03-01',NULL,NULL,'9',NULL,'1','18',NULL,'2019-03-27 11:48:43.231000',NULL,'CREATED','2019-03-31'),(106,NULL,'2019-03-27 13:39:25.815000','2019-04-02',NULL,NULL,'9',NULL,'2','23','2','2019-03-27 13:39:40.000000','Processed the profile finder job','COMPLETED','2019-04-06'),(107,NULL,'2019-03-27 13:40:49.564000','2019-03-02',NULL,NULL,'10',NULL,NULL,'18','2','2019-03-27 13:40:49.000000','Processed the profile finder job','COMPLETED','2019-03-21'),(108,NULL,'2019-03-27 13:41:12.974000','2019-03-02',NULL,NULL,'9',NULL,'2','18','2','2019-03-27 13:41:21.000000','Processed the profile finder job','COMPLETED','2019-03-21'),(109,NULL,'2019-03-27 13:44:16.137000','2019-03-02',NULL,NULL,'9',NULL,'1','18','4','2019-03-27 13:44:16.000000','Processed the profile finder job','COMPLETED','2019-03-21'),(110,NULL,'2019-03-27 13:46:40.609000','2019-02-02',NULL,NULL,'9',NULL,'1','18','4','2019-03-27 13:46:41.000000','Processed the profile finder job','COMPLETED','2019-03-14'),(111,NULL,'2019-03-27 13:49:23.087000','2019-04-02',NULL,NULL,'10',NULL,NULL,'18','2','2019-03-27 13:49:23.000000','Processed the profile finder job','COMPLETED','2019-04-06'),(112,NULL,'2019-03-27 13:50:34.920000','2019-04-02',NULL,NULL,'9',NULL,'1','18','4','2019-03-27 13:50:35.000000','Processed the profile finder job','COMPLETED','2019-04-06'),(113,NULL,'2019-03-27 13:51:07.740000','2019-02-02',NULL,NULL,'9',NULL,'1','18','4','2019-03-27 13:51:11.000000','Processed the profile finder job','COMPLETED','2019-03-14'),(114,NULL,'2019-03-27 13:54:42.343000','2019-04-08',NULL,NULL,'9',NULL,'68','18','2','2019-03-27 13:54:42.000000','Processed the profile finder job','COMPLETED','2019-04-12'),(115,NULL,'2019-03-27 14:15:01.416000','2019-03-02',NULL,NULL,'9',NULL,'1','18','4','2019-03-27 14:15:01.000000','Processed the profile finder job','COMPLETED','2019-03-27'),(116,NULL,'2019-03-27 14:15:04.585000','2019-04-02',NULL,NULL,'9',NULL,NULL,'18','2','2019-03-27 14:15:05.000000','Processed the profile finder job','COMPLETED','2019-04-06'),(117,NULL,'2019-03-27 16:05:44.948000','2019-02-01',NULL,NULL,'9',NULL,'1','18','4','2019-03-27 16:06:43.000000','Processed the profile finder job','COMPLETED','2019-03-28'),(118,NULL,'2019-03-27 16:29:03.293000','2019-04-08',NULL,NULL,'9',NULL,'39','23','2','2019-03-27 16:29:11.000000','Processed the profile finder job','COMPLETED','2019-04-11'),(119,NULL,'2019-03-27 16:29:54.828000','2019-02-01',NULL,NULL,'9',NULL,'1','18','4','2019-03-27 16:29:55.000000','Processed the profile finder job','COMPLETED','2019-03-28'),(120,NULL,'2019-03-27 16:30:23.782000','2019-02-01',NULL,NULL,'9',NULL,'1','18','4','2019-03-27 16:30:24.000000','Processed the profile finder job','COMPLETED','2019-03-28'),(121,NULL,'2019-03-27 18:12:04.927000','2019-03-01',NULL,NULL,'9',NULL,'1','18','17','2019-03-27 18:12:05.000000','Processed the profile finder job','COMPLETED','2019-03-27'),(122,NULL,'2019-03-28 10:29:14.585000','2019-04-02',NULL,NULL,'10',NULL,'2','18','2','2019-03-28 10:29:15.000000','Processed the profile finder job','COMPLETED','2019-04-06'),(123,NULL,'2019-03-28 12:13:27.247000','2019-03-31',NULL,NULL,'9',NULL,'5','23','2','2019-03-28 12:13:34.000000','Processed the profile finder job','COMPLETED','2019-04-01'),(124,NULL,'2019-03-30 13:36:37.297000','2018-11-30',NULL,NULL,'10',NULL,'1','18','2','2019-03-30 13:36:37.000000','Processed the profile finder job','COMPLETED','2018-12-15'),(125,NULL,'2019-04-22 17:25:55.263000','2019-04-02',NULL,NULL,'9','1',NULL,'18','2','2019-04-22 17:25:55.000000','Processed the profile finder job','COMPLETED','2019-04-06'),(126,NULL,'2019-04-30 17:07:21.554000','2019-05-01',NULL,NULL,'10',NULL,'1',NULL,'2','2019-04-30 17:07:30.000000','Processed the profile finder job','COMPLETED','2019-05-07'),(127,NULL,'2019-04-30 17:18:15.314000','2018-11-30',NULL,NULL,'9',NULL,'1','18','2','2019-04-30 17:18:33.000000','Processed the profile finder job','COMPLETED','2018-12-15'),(128,NULL,'2019-05-02 18:04:55.323000','2018-12-04',NULL,NULL,'10',NULL,'1','18','2','2019-05-02 18:05:13.000000','Processed the profile finder job','COMPLETED','2019-03-15'),(129,NULL,'2019-05-03 11:05:11.136000','2018-12-04',NULL,NULL,'9',NULL,'2','18','2','2019-05-03 11:05:41.000000','Processed the profile finder job','COMPLETED','2019-03-15'),(130,NULL,'2019-05-03 11:12:38.313000','2019-05-01',NULL,NULL,'10',NULL,'1','23','2','2019-05-03 11:12:52.000000','Processed the profile finder job','COMPLETED','2019-05-07'),(131,NULL,'2019-05-07 11:23:18.196000','2018-12-04',NULL,NULL,'9',NULL,'2','22','26','2019-05-07 11:24:47.000000','Processed the profile finder job','COMPLETED','2019-03-15'),(132,NULL,'2019-06-12 17:21:21.979000','2019-05-01',NULL,NULL,'10',NULL,'1','23','1','2019-06-12 17:22:03.000000','Processed the profile finder job','COMPLETED','2019-05-07'),(133,NULL,'2019-06-12 17:32:16.017000','2018-11-30',NULL,NULL,'10',NULL,'1','18','1','2019-06-12 17:32:17.000000','Processed the profile finder job','COMPLETED','2018-12-15'),(134,NULL,'2019-09-06 15:39:39.033000','2019-03-21',NULL,NULL,'9',NULL,'1','18','99','2019-09-06 15:39:58.000000','Processed the profile finder job','COMPLETED','2019-03-23'),(135,NULL,'2019-09-10 17:18:34.442000','2018-11-30',NULL,NULL,'11',NULL,'1','18','99','2019-09-10 17:18:42.000000','Processed the profile finder job','COMPLETED','2018-12-15');
/*!40000 ALTER TABLE `t_pf_job` ENABLE KEYS */;
UNLOCK TABLES;

--
-- Table structure for table `t_process_log`
--

DROP TABLE IF EXISTS `t_process_log`;
/*!40101 SET @saved_cs_client     = @@character_set_client */;
/*!40101 SET character_set_client = utf8 */;
CREATE TABLE `t_process_log` (
  `id` int(11) NOT NULL AUTO_INCREMENT,
  `activity_name` varchar(255) DEFAULT NULL,
  `attr1` varchar(255) DEFAULT NULL,
  `attr2` varchar(255) DEFAULT NULL,
  `attr3` varchar(255) DEFAULT NULL,
  `created_by` varchar(255) DEFAULT NULL,
  `created_dt` datetime(6) DEFAULT NULL,
  `employee_id` varchar(255) DEFAULT NULL,
  `end_client_id` varchar(255) DEFAULT NULL,
  `is_enabled` varchar(255) DEFAULT NULL,
  `job_bay_id` varchar(255) DEFAULT NULL,
  `job_equipment_id` varchar(255) DEFAULT NULL,
  `job_id` varchar(255) DEFAULT NULL,
  `job_stage_id` varchar(255) DEFAULT NULL,
  `log_dt` datetime(6) DEFAULT NULL,
  `modified_by` varchar(255) DEFAULT NULL,
  `modified_dt` datetime(6) DEFAULT NULL,
  `partner_id` varchar(255) DEFAULT NULL,
  `process_id` varchar(255) DEFAULT NULL,
  `process_name` varchar(255) DEFAULT NULL,
  `process_status` varchar(255) DEFAULT NULL,
  `remarks` varchar(255) DEFAULT NULL,
  `user_id` varchar(255) DEFAULT NULL,
  PRIMARY KEY (`id`)
) ENGINE=InnoDB AUTO_INCREMENT=301 DEFAULT CHARSET=latin1;
/*!40101 SET character_set_client = @saved_cs_client */;

--
-- Dumping data for table `t_process_log`
--

LOCK TABLES `t_process_log` WRITE;
/*!40000 ALTER TABLE `t_process_log` DISABLE KEYS */;
INSERT INTO `t_process_log` VALUES (1,'START JOB PLAN',NULL,NULL,NULL,NULL,'2018-12-06 16:44:22.898000','1','1',NULL,NULL,NULL,'null',NULL,'2018-12-06 16:44:22.898000',NULL,'2018-12-06 16:44:22.898000','1','null','JOB PLAN SERVICE','START JOB PLAN',NULL,'1'),(2,'START JOB PLAN',NULL,NULL,NULL,NULL,'2018-12-06 18:10:59.220000','1','1',NULL,NULL,NULL,'null',NULL,'2018-12-06 18:10:59.220000',NULL,'2018-12-06 18:10:59.220000','1','null','JOB PLAN SERVICE','START JOB PLAN',NULL,'1'),(3,'START JOB PLAN',NULL,NULL,NULL,NULL,'2018-12-06 18:36:20.855000','1','2',NULL,NULL,NULL,'null',NULL,'2018-12-06 18:36:20.855000',NULL,'2018-12-06 18:36:20.855000','2','null','JOB PLAN SERVICE','START JOB PLAN',NULL,'1'),(4,'START JOB PLAN',NULL,NULL,NULL,NULL,'2018-12-07 11:59:08.674000','3','1',NULL,NULL,NULL,'null',NULL,'2018-12-07 11:59:08.674000',NULL,'2018-12-07 11:59:08.674000','1','null','JOB PLAN SERVICE','START JOB PLAN',NULL,'3'),(5,'START JOB PLAN',NULL,NULL,NULL,NULL,'2018-12-07 14:26:07.483000','3','2',NULL,NULL,NULL,'null',NULL,'2018-12-07 14:26:07.483000',NULL,'2018-12-07 14:26:07.483000','2','null','JOB PLAN SERVICE','START JOB PLAN',NULL,'3'),(6,'START JOB PLAN',NULL,NULL,NULL,NULL,'2018-12-07 16:16:30.886000','3','2',NULL,NULL,NULL,'1',NULL,'2018-12-07 16:16:30.886000',NULL,'2018-12-07 16:16:30.886000','2','1','JOB PLAN SERVICE','START JOB PLAN',NULL,'3'),(7,'JOB CONFIRM',NULL,NULL,NULL,NULL,'2018-12-07 16:19:10.558000','3','2',NULL,NULL,NULL,'1',NULL,'2018-12-07 16:19:10.558000',NULL,'2018-12-07 16:19:10.558000','2','1','JOB PLAN SERVICE','JOB CONFIRM',NULL,'3'),(8,'START RESOURCING',NULL,NULL,NULL,NULL,'2018-12-07 16:19:29.135000','3','2',NULL,NULL,NULL,'1',NULL,'2018-12-07 16:19:29.135000',NULL,'2018-12-07 16:19:29.135000','2','1','JOB PLAN SERVICE','START RESOURCING',NULL,'3'),(9,'JOB CONFIRM',NULL,NULL,NULL,NULL,'2018-12-07 17:07:36.328000','3','2',NULL,NULL,NULL,'1',NULL,'2018-12-07 17:07:36.328000',NULL,'2018-12-07 17:07:36.328000','2','1','JOB PLAN SERVICE','JOB CONFIRM',NULL,'3'),(10,'START RESOURCING',NULL,NULL,NULL,NULL,'2018-12-07 17:07:53.371000','3','2',NULL,NULL,NULL,'1',NULL,'2018-12-07 17:07:53.371000',NULL,'2018-12-07 17:07:53.371000','2','1','JOB PLAN SERVICE','START RESOURCING',NULL,'3'),(11,'START JOB PLAN',NULL,NULL,NULL,NULL,'2018-12-07 17:15:30.279000','3','2',NULL,NULL,NULL,'2',NULL,'2018-12-07 17:15:30.279000',NULL,'2018-12-07 17:15:30.279000','2','2','JOB PLAN SERVICE','START JOB PLAN',NULL,'3'),(12,'JOB CONFIRM',NULL,NULL,NULL,NULL,'2018-12-07 17:16:58.890000','3','2',NULL,NULL,NULL,'2',NULL,'2018-12-07 17:16:58.890000',NULL,'2018-12-07 17:16:58.890000','2','2','JOB PLAN SERVICE','JOB CONFIRM',NULL,'3'),(13,'START RESOURCING',NULL,NULL,NULL,NULL,'2018-12-07 17:17:07.945000','3','2',NULL,NULL,NULL,'2',NULL,'2018-12-07 17:17:07.945000',NULL,'2018-12-07 17:17:07.945000','2','2','JOB PLAN SERVICE','START RESOURCING',NULL,'3'),(14,'START RESOURCING',NULL,NULL,NULL,NULL,'2018-12-08 13:38:28.503000','2','2',NULL,NULL,NULL,'2',NULL,'2018-12-08 13:38:28.503000',NULL,'2018-12-08 13:38:28.503000','2','2','JOB PLAN SERVICE','START RESOURCING',NULL,'2'),(15,'START RESOURCING',NULL,NULL,NULL,NULL,'2018-12-08 13:55:56.826000','2','2',NULL,NULL,NULL,'2',NULL,'2018-12-08 13:55:56.826000',NULL,'2018-12-08 13:55:56.826000','2','2','JOB PLAN SERVICE','START RESOURCING',NULL,'2'),(16,'START RESOURCING',NULL,NULL,NULL,NULL,'2018-12-08 14:41:27.454000','2','2',NULL,NULL,NULL,'2',NULL,'2018-12-08 14:41:27.454000',NULL,'2018-12-08 14:41:27.454000','2','2','JOB PLAN SERVICE','START RESOURCING',NULL,'2'),(17,'START JOB PLAN',NULL,NULL,NULL,NULL,'2018-12-08 15:11:31.193000','2','1',NULL,NULL,NULL,'3',NULL,'2018-12-08 15:11:31.193000',NULL,'2018-12-08 15:11:31.193000','1','3','JOB PLAN SERVICE','START JOB PLAN',NULL,'2'),(18,'START RESOURCING',NULL,NULL,NULL,NULL,'2018-12-08 15:15:43.577000','2','1',NULL,NULL,NULL,'3',NULL,'2018-12-08 15:15:43.577000',NULL,'2018-12-08 15:15:43.577000','1','3','JOB PLAN SERVICE','START RESOURCING',NULL,'2'),(19,'START RESOURCING',NULL,NULL,NULL,NULL,'2018-12-08 15:25:34.908000','2','1',NULL,NULL,NULL,'3',NULL,'2018-12-08 15:25:34.908000',NULL,'2018-12-08 15:25:34.908000','1','3','JOB PLAN SERVICE','START RESOURCING',NULL,'2'),(20,'START RESOURCING',NULL,NULL,NULL,NULL,'2018-12-08 15:25:45.574000','2','1',NULL,NULL,NULL,'3',NULL,'2018-12-08 15:25:45.574000',NULL,'2018-12-08 15:25:45.574000','1','3','JOB PLAN SERVICE','START RESOURCING',NULL,'2'),(21,'START RESOURCING',NULL,NULL,NULL,NULL,'2018-12-08 15:33:23.156000','2','1',NULL,NULL,NULL,'3',NULL,'2018-12-08 15:33:23.156000',NULL,'2018-12-08 15:33:23.156000','1','3','JOB PLAN SERVICE','START RESOURCING',NULL,'2'),(22,'JOB CONFIRM',NULL,NULL,NULL,NULL,'2018-12-08 15:40:59.004000','2','1',NULL,NULL,NULL,'3',NULL,'2018-12-08 15:40:59.004000',NULL,'2018-12-08 15:40:59.004000','1','3','JOB PLAN SERVICE','JOB CONFIRM',NULL,'2'),(23,'JOB CONFIRM',NULL,NULL,NULL,NULL,'2018-12-10 09:26:27.749000','3','1',NULL,NULL,NULL,'3',NULL,'2018-12-10 09:26:27.749000',NULL,'2018-12-10 09:26:27.749000','1','3','JOB PLAN SERVICE','JOB CONFIRM',NULL,'3'),(24,'JOB EMP TRAVEL',NULL,NULL,NULL,NULL,'2018-12-11 10:07:10.639000','1','1',NULL,NULL,NULL,'3',NULL,'2018-12-11 10:07:10.639000',NULL,'2018-12-11 10:07:10.639000','1','3','JOB LOGISTICS SERVICE','JOB EMP TRAVEL',NULL,'1'),(25,'JOB EMP TRAVEL',NULL,NULL,NULL,NULL,'2018-12-11 10:07:18.324000','1','1',NULL,NULL,NULL,'3',NULL,'2018-12-11 10:07:18.324000',NULL,'2018-12-11 10:07:18.324000','1','3','JOB LOGISTICS SERVICE','JOB EMP TRAVEL',NULL,'1'),(26,'JOB EMP TRAVEL',NULL,NULL,NULL,NULL,'2018-12-11 10:07:49.496000','1','1',NULL,NULL,NULL,'3',NULL,'2018-12-11 10:07:49.496000',NULL,'2018-12-11 10:07:49.496000','1','3','JOB LOGISTICS SERVICE','JOB EMP TRAVEL',NULL,'1'),(27,'JOB EMP TRAVEL',NULL,NULL,NULL,NULL,'2018-12-11 10:07:49.513000','1','1',NULL,NULL,NULL,'3',NULL,'2018-12-11 10:07:49.513000',NULL,'2018-12-11 10:07:49.513000','1','3','JOB LOGISTICS SERVICE','JOB EMP TRAVEL',NULL,'1'),(28,'JOB ACCOMODATION',NULL,NULL,NULL,NULL,'2018-12-11 10:08:08.171000','1','1',NULL,NULL,NULL,'3',NULL,'2018-12-11 10:08:08.171000',NULL,'2018-12-11 10:08:08.171000','1','3','JOB LOGISTICS SERVICE','JOB CONFIRM',NULL,'1'),(29,'JOB ACCOMODATION',NULL,NULL,NULL,NULL,'2018-12-11 10:08:53.016000','1','1',NULL,NULL,NULL,'3',NULL,'2018-12-11 10:08:53.016000',NULL,'2018-12-11 10:08:53.016000','1','3','JOB LOGISTICS SERVICE','JOB CONFIRM',NULL,'1'),(30,'JOB ACCOMODATION',NULL,NULL,NULL,NULL,'2018-12-11 10:08:53.029000','1','1',NULL,NULL,NULL,'3',NULL,'2018-12-11 10:08:53.029000',NULL,'2018-12-11 10:08:53.029000','1','3','JOB LOGISTICS SERVICE','JOB CONFIRM',NULL,'1'),(31,'JOB EMP ACCOMODATION ',NULL,NULL,NULL,NULL,'2018-12-11 10:08:58.189000','1','1',NULL,NULL,NULL,'3',NULL,'2018-12-11 10:08:58.189000',NULL,'2018-12-11 10:08:58.189000','1','3','JOB LOGISTICS SERVICE','JOB EMP ACCOMODATION COMPLETED',NULL,'1'),(32,NULL,NULL,NULL,NULL,NULL,'2018-12-11 10:09:06.955000','1',NULL,NULL,NULL,NULL,'4',NULL,'2018-12-11 10:09:06.955000',NULL,'2018-12-11 10:09:06.955000',NULL,'3','EMPLOYEE REPORTING',NULL,NULL,'1'),(33,'JOB CONFIRM',NULL,NULL,NULL,NULL,'2018-12-11 10:46:08.402000','1','2',NULL,NULL,NULL,'2',NULL,'2018-12-11 10:46:08.402000',NULL,'2018-12-11 10:46:08.402000','2','2','JOB PLAN SERVICE','JOB CONFIRM',NULL,'1'),(34,'JOB CONFIRM',NULL,NULL,NULL,NULL,'2018-12-11 10:47:01.004000','1','2',NULL,NULL,NULL,'2',NULL,'2018-12-11 10:47:01.004000',NULL,'2018-12-11 10:47:01.004000','2','2','JOB PLAN SERVICE','JOB CONFIRM',NULL,'1'),(35,'JOB CONFIRM',NULL,NULL,NULL,NULL,'2018-12-11 10:47:43.490000','1','2',NULL,NULL,NULL,'2',NULL,'2018-12-11 10:47:43.490000',NULL,'2018-12-11 10:47:43.490000','2','2','JOB PLAN SERVICE','JOB CONFIRM',NULL,'1'),(36,'JOB CONFIRM',NULL,NULL,NULL,NULL,'2018-12-11 10:48:58.851000','1','1',NULL,NULL,NULL,'3',NULL,'2018-12-11 10:48:58.851000',NULL,'2018-12-11 10:48:58.851000','1','3','JOB PLAN SERVICE','JOB CONFIRM',NULL,'1'),(37,'START RESOURCING',NULL,NULL,NULL,NULL,'2018-12-11 10:49:27.719000','1','1',NULL,NULL,NULL,'3',NULL,'2018-12-11 10:49:27.719000',NULL,'2018-12-11 10:49:27.719000','1','3','JOB PLAN SERVICE','START RESOURCING',NULL,'1'),(38,'JOB CONFIRM',NULL,NULL,NULL,NULL,'2018-12-11 10:49:44.649000','1','1',NULL,NULL,NULL,'3',NULL,'2018-12-11 10:49:44.649000',NULL,'2018-12-11 10:49:44.649000','1','3','JOB PLAN SERVICE','JOB CONFIRM',NULL,'1'),(39,'START JOB PLAN',NULL,NULL,NULL,NULL,'2018-12-11 11:24:59.563000','anonymousUser','2',NULL,NULL,NULL,'5',NULL,'2018-12-11 11:24:59.563000',NULL,'2018-12-11 11:24:59.563000','2','5','JOB PLAN SERVICE','START JOB PLAN',NULL,'anonymousUser'),(40,'START RESOURCING',NULL,NULL,NULL,NULL,'2018-12-11 11:28:55.792000','1','2',NULL,NULL,NULL,'5',NULL,'2018-12-11 11:28:55.792000',NULL,'2018-12-11 11:28:55.792000','2','5','JOB PLAN SERVICE','START RESOURCING',NULL,'1'),(41,'JOB CONFIRM',NULL,NULL,NULL,NULL,'2018-12-11 11:29:04.978000','1','2',NULL,NULL,NULL,'5',NULL,'2018-12-11 11:29:04.978000',NULL,'2018-12-11 11:29:04.978000','2','5','JOB PLAN SERVICE','JOB CONFIRM',NULL,'1'),(42,'JOB CONFIRM',NULL,NULL,NULL,NULL,'2018-12-11 11:30:12.384000','1','2',NULL,NULL,NULL,'5',NULL,'2018-12-11 11:30:12.384000',NULL,'2018-12-11 11:30:12.384000','2','5','JOB PLAN SERVICE','JOB CONFIRM',NULL,'1'),(43,'JOB CONFIRM',NULL,NULL,NULL,NULL,'2018-12-11 11:30:53.050000','1','2',NULL,NULL,NULL,'5',NULL,'2018-12-11 11:30:53.050000',NULL,'2018-12-11 11:30:53.050000','2','5','JOB PLAN SERVICE','JOB CONFIRM',NULL,'1'),(44,'JOB CONFIRM',NULL,NULL,NULL,NULL,'2018-12-11 11:31:01.860000','1','2',NULL,NULL,NULL,'5',NULL,'2018-12-11 11:31:01.860000',NULL,'2018-12-11 11:31:01.860000','2','5','JOB PLAN SERVICE','JOB CONFIRM',NULL,'1'),(45,'JOB CONFIRM',NULL,NULL,NULL,NULL,'2018-12-11 11:31:25.319000','1','2',NULL,NULL,NULL,'5',NULL,'2018-12-11 11:31:25.319000',NULL,'2018-12-11 11:31:25.319000','2','5','JOB PLAN SERVICE','JOB CONFIRM',NULL,'1'),(46,'REQUEST JOB CONFIRMATION',NULL,NULL,NULL,NULL,'2018-12-11 11:37:07.821000','anonymousUser','2',NULL,NULL,NULL,'5',NULL,'2018-12-11 11:37:07.821000',NULL,'2018-12-11 11:37:07.821000','2','5','JOB PLAN SERVICE','REQUEST JOB CONFIRMATION',NULL,'anonymousUser'),(47,'JOB CONFIRM',NULL,NULL,NULL,NULL,'2018-12-11 13:56:41.979000','3','2',NULL,NULL,NULL,'2',NULL,'2018-12-11 13:56:41.979000',NULL,'2018-12-11 13:56:41.979000','2','2','JOB PLAN SERVICE','JOB CONFIRM',NULL,'3'),(48,'START RESOURCING',NULL,NULL,NULL,NULL,'2018-12-11 13:56:52.844000','3','2',NULL,NULL,NULL,'2',NULL,'2018-12-11 13:56:52.844000',NULL,'2018-12-11 13:56:52.844000','2','2','JOB PLAN SERVICE','START RESOURCING',NULL,'3'),(49,'JOB CONFIRM',NULL,NULL,NULL,NULL,'2018-12-17 10:56:58.510000','4','2',NULL,NULL,NULL,'5',NULL,'2018-12-17 10:56:58.510000',NULL,'2018-12-17 10:56:58.510000','2','5','JOB PLAN SERVICE','JOB CONFIRM',NULL,'24'),(50,'JOB CONFIRM',NULL,NULL,NULL,NULL,'2018-12-17 11:00:24.703000','4','2',NULL,NULL,NULL,'5',NULL,'2018-12-17 11:00:24.704000',NULL,'2018-12-17 11:00:24.704000','2','5','JOB PLAN SERVICE','JOB CONFIRM',NULL,'24'),(51,'RECEIVED-PTW ',NULL,NULL,NULL,NULL,'2019-03-16 13:08:44.529000','17','2',NULL,NULL,NULL,'2',NULL,'2019-03-16 13:08:44.529000',NULL,'2019-03-16 13:08:44.529000','2','2','JOB TRACK SERVICE','RECEIVED-PTW',NULL,'17'),(52,'SITE-SURVEY-COMPLETED ',NULL,NULL,NULL,NULL,'2019-03-16 13:09:48.752000','17','2',NULL,NULL,NULL,'2',NULL,'2019-03-16 13:09:48.752000',NULL,'2019-03-16 13:09:48.752000','2','2','JOB TRACK SERVICE','SITE-SURVEY-COMPLETED',NULL,'17'),(53,'START JOB PLAN',NULL,NULL,NULL,NULL,'2019-03-16 15:49:28.102000','4',NULL,NULL,NULL,NULL,'15',NULL,'2019-03-16 15:49:28.102000',NULL,'2019-03-16 15:49:28.102000','3','15','JOB PLAN SERVICE','START JOB PLAN',NULL,'24'),(54,'START JOB PLAN',NULL,NULL,NULL,NULL,'2019-03-16 16:06:13.741000','4',NULL,NULL,NULL,NULL,'16',NULL,'2019-03-16 16:06:13.741000',NULL,'2019-03-16 16:06:13.741000','3','16','JOB PLAN SERVICE','START JOB PLAN',NULL,'24'),(55,'JOB CONFIRM',NULL,NULL,NULL,NULL,'2019-03-16 16:13:52.679000','4',NULL,NULL,NULL,NULL,'16',NULL,'2019-03-16 16:13:52.679000',NULL,'2019-03-16 16:13:52.679000','3','16','JOB PLAN SERVICE','JOB CONFIRM',NULL,'24'),(56,'START RESOURCING',NULL,NULL,NULL,NULL,'2019-03-16 16:14:02.802000','4',NULL,NULL,NULL,NULL,'16',NULL,'2019-03-16 16:14:02.802000',NULL,'2019-03-16 16:14:02.802000','3','16','JOB PLAN SERVICE','START RESOURCING',NULL,'24'),(57,'JOB CONFIRM',NULL,NULL,NULL,NULL,'2019-03-16 16:16:03.431000','4',NULL,NULL,NULL,NULL,'16',NULL,'2019-03-16 16:16:03.431000',NULL,'2019-03-16 16:16:03.431000','3','16','JOB PLAN SERVICE','JOB CONFIRM',NULL,'24'),(58,'JOB CONFIRM',NULL,NULL,NULL,NULL,'2019-03-16 16:16:24.873000','4',NULL,NULL,NULL,NULL,'16',NULL,'2019-03-16 16:16:24.873000',NULL,'2019-03-16 16:16:24.873000','3','16','JOB PLAN SERVICE','JOB CONFIRM',NULL,'24'),(59,'JOB CONFIRM',NULL,NULL,NULL,NULL,'2019-03-16 16:16:42.085000','4',NULL,NULL,NULL,NULL,'16',NULL,'2019-03-16 16:16:42.085000',NULL,'2019-03-16 16:16:42.085000','3','16','JOB PLAN SERVICE','JOB CONFIRM',NULL,'24'),(60,'JOB CONFIRM',NULL,NULL,NULL,NULL,'2019-03-16 16:17:14.948000','4',NULL,NULL,NULL,NULL,'16',NULL,'2019-03-16 16:17:14.948000',NULL,'2019-03-16 16:17:14.948000','3','16','JOB PLAN SERVICE','JOB CONFIRM',NULL,'24'),(61,'JOB CONFIRM',NULL,NULL,NULL,NULL,'2019-03-16 16:19:16.091000','4',NULL,NULL,NULL,NULL,'16',NULL,'2019-03-16 16:19:16.091000',NULL,'2019-03-16 16:19:16.091000','3','16','JOB PLAN SERVICE','JOB CONFIRM',NULL,'24'),(62,'START JOB PLAN',NULL,NULL,NULL,NULL,'2019-03-16 16:40:11.725000','4',NULL,NULL,NULL,NULL,'17',NULL,'2019-03-16 16:40:11.725000',NULL,'2019-03-16 16:40:11.725000','3','17','JOB PLAN SERVICE','START JOB PLAN',NULL,'24'),(63,'START JOB PLAN',NULL,NULL,NULL,NULL,'2019-03-16 16:41:37.411000','4',NULL,NULL,NULL,NULL,'18',NULL,'2019-03-16 16:41:37.411000',NULL,'2019-03-16 16:41:37.411000','3','18','JOB PLAN SERVICE','START JOB PLAN',NULL,'24'),(64,'START JOB PLAN',NULL,NULL,NULL,NULL,'2019-03-16 17:00:39.115000','4',NULL,NULL,NULL,NULL,'22',NULL,'2019-03-16 17:00:39.115000',NULL,'2019-03-16 17:00:39.115000','3','22','JOB PLAN SERVICE','START JOB PLAN',NULL,'24'),(65,'START RESOURCING',NULL,NULL,NULL,NULL,'2019-03-16 17:02:11.635000','4',NULL,NULL,NULL,NULL,'22',NULL,'2019-03-16 17:02:11.635000',NULL,'2019-03-16 17:02:11.635000','3','22','JOB PLAN SERVICE','START RESOURCING',NULL,'24'),(66,'SITE-SURVEY-COMPLETED ',NULL,NULL,NULL,NULL,'2019-03-18 11:29:39.464000','3','2',NULL,NULL,NULL,'2',NULL,'2019-03-18 11:29:39.464000',NULL,'2019-03-18 11:29:39.464000','2','2','JOB TRACK SERVICE','SITE-SURVEY-COMPLETED',NULL,'3'),(67,'RECEIVED-PTW ',NULL,NULL,NULL,NULL,'2019-03-18 11:34:55.323000','3','2',NULL,NULL,NULL,'2',NULL,'2019-03-18 11:34:55.323000',NULL,'2019-03-18 11:34:55.323000','2','2','JOB TRACK SERVICE','RECEIVED-PTW',NULL,'3'),(68,'RECEIVED-PTW ',NULL,NULL,NULL,NULL,'2019-03-18 11:35:33.135000','3','2',NULL,NULL,NULL,'2',NULL,'2019-03-18 11:35:33.135000',NULL,'2019-03-18 11:35:33.135000','2','2','JOB TRACK SERVICE','RECEIVED-PTW',NULL,'3'),(69,'MOM-DRAFT-PREPARED ',NULL,NULL,NULL,NULL,'2019-03-18 11:40:10.194000','3','2',NULL,NULL,NULL,'2',NULL,'2019-03-18 11:40:10.194000',NULL,'2019-03-18 11:40:10.194000','2','2','JOB TRACK SERVICE','MOM-DRAFT-PREPARED',NULL,'3'),(70,'MOM-DRAFT-APPROVED ',NULL,NULL,NULL,NULL,'2019-03-18 11:40:17.018000','3','2',NULL,NULL,NULL,'2',NULL,'2019-03-18 11:40:17.018000',NULL,'2019-03-18 11:40:17.018000','2','2','JOB TRACK SERVICE','MOM-DRAFT-APPROVED',NULL,'3'),(71,'MOM-DRAFT-PREPARED ',NULL,NULL,NULL,NULL,'2019-03-18 11:40:19.005000','3','2',NULL,NULL,NULL,'2',NULL,'2019-03-18 11:40:19.005000',NULL,'2019-03-18 11:40:19.005000','2','2','JOB TRACK SERVICE','MOM-DRAFT-PREPARED',NULL,'3'),(72,'START JOB PLAN',NULL,NULL,NULL,NULL,'2019-03-18 12:18:48.581000','4',NULL,NULL,NULL,NULL,'26',NULL,'2019-03-18 12:18:48.582000',NULL,'2019-03-18 12:18:48.582000','3','26','JOB PLAN SERVICE','START JOB PLAN',NULL,'24'),(73,'START JOB PLAN',NULL,NULL,NULL,NULL,'2019-03-18 12:21:17.538000','4',NULL,NULL,NULL,NULL,'27',NULL,'2019-03-18 12:21:17.538000',NULL,'2019-03-18 12:21:17.538000','3','27','JOB PLAN SERVICE','START JOB PLAN',NULL,'24'),(74,'START JOB PLAN',NULL,NULL,NULL,NULL,'2019-03-18 12:29:11.015000','4',NULL,NULL,NULL,NULL,'28',NULL,'2019-03-18 12:29:11.015000',NULL,'2019-03-18 12:29:11.015000','3','28','JOB PLAN SERVICE','START JOB PLAN',NULL,'24'),(75,'JOB CONFIRM',NULL,NULL,NULL,NULL,'2019-03-18 12:29:19.473000','4',NULL,NULL,NULL,NULL,'28',NULL,'2019-03-18 12:29:19.473000',NULL,'2019-03-18 12:29:19.473000','3','28','JOB PLAN SERVICE','JOB CONFIRM',NULL,'24'),(76,'START RESOURCING',NULL,NULL,NULL,NULL,'2019-03-18 12:29:24.873000','4',NULL,NULL,NULL,NULL,'28',NULL,'2019-03-18 12:29:24.873000',NULL,'2019-03-18 12:29:24.873000','3','28','JOB PLAN SERVICE','START RESOURCING',NULL,'24'),(77,'START JOB PLAN',NULL,NULL,NULL,NULL,'2019-03-18 12:32:22.305000','4',NULL,NULL,NULL,NULL,'29',NULL,'2019-03-18 12:32:22.305000',NULL,'2019-03-18 12:32:22.305000','3','29','JOB PLAN SERVICE','START JOB PLAN',NULL,'24'),(78,'START JOB PLAN',NULL,NULL,NULL,NULL,'2019-03-18 12:59:11.915000','2',NULL,NULL,NULL,NULL,'30',NULL,'2019-03-18 12:59:11.915000',NULL,'2019-03-18 12:59:11.915000','3','30','JOB PLAN SERVICE','START JOB PLAN',NULL,'33'),(79,'JOB CONFIRM',NULL,NULL,NULL,NULL,'2019-03-18 12:59:18.588000','2',NULL,NULL,NULL,NULL,'30',NULL,'2019-03-18 12:59:18.588000',NULL,'2019-03-18 12:59:18.588000','3','30','JOB PLAN SERVICE','JOB CONFIRM',NULL,'33'),(80,'START JOB PLAN',NULL,NULL,NULL,NULL,'2019-03-18 13:05:27.595000','2',NULL,NULL,NULL,NULL,'31',NULL,'2019-03-18 13:05:27.595000',NULL,'2019-03-18 13:05:27.595000','3','31','JOB PLAN SERVICE','START JOB PLAN',NULL,'33'),(81,'START JOB PLAN',NULL,NULL,NULL,NULL,'2019-03-18 13:16:40.480000','4',NULL,NULL,NULL,NULL,'32',NULL,'2019-03-18 13:16:40.480000',NULL,'2019-03-18 13:16:40.480000','3','32','JOB PLAN SERVICE','START JOB PLAN',NULL,'24'),(82,'START JOB PLAN',NULL,NULL,NULL,NULL,'2019-03-18 13:23:50.354000','2',NULL,NULL,NULL,NULL,'33',NULL,'2019-03-18 13:23:50.354000',NULL,'2019-03-18 13:23:50.354000','3','33','JOB PLAN SERVICE','START JOB PLAN',NULL,'33'),(83,'JOB CONFIRM',NULL,NULL,NULL,NULL,'2019-03-18 13:24:31.262000','2',NULL,NULL,NULL,NULL,'33',NULL,'2019-03-18 13:24:31.262000',NULL,'2019-03-18 13:24:31.262000','3','33','JOB PLAN SERVICE','JOB CONFIRM',NULL,'33'),(84,'START RESOURCING',NULL,NULL,NULL,NULL,'2019-03-18 13:24:37.798000','2',NULL,NULL,NULL,NULL,'33',NULL,'2019-03-18 13:24:37.798000',NULL,'2019-03-18 13:24:37.798000','3','33','JOB PLAN SERVICE','START RESOURCING',NULL,'33'),(85,'JOB CONFIRM',NULL,NULL,NULL,NULL,'2019-03-18 13:25:24.680000','2',NULL,NULL,NULL,NULL,'33',NULL,'2019-03-18 13:25:24.680000',NULL,'2019-03-18 13:25:24.680000','3','33','JOB PLAN SERVICE','JOB CONFIRM',NULL,'33'),(86,'START JOB PLAN',NULL,NULL,NULL,NULL,'2019-03-18 15:46:41.260000','2',NULL,NULL,NULL,NULL,'34',NULL,'2019-03-18 15:46:41.260000',NULL,'2019-03-18 15:46:41.260000','3','34','JOB PLAN SERVICE','START JOB PLAN',NULL,'33'),(87,'JOB CONFIRM',NULL,NULL,NULL,NULL,'2019-03-18 15:46:49.277000','2',NULL,NULL,NULL,NULL,'34',NULL,'2019-03-18 15:46:49.277000',NULL,'2019-03-18 15:46:49.277000','3','34','JOB PLAN SERVICE','JOB CONFIRM',NULL,'33'),(88,'JOB CONFIRM',NULL,NULL,NULL,NULL,'2019-03-18 15:58:05.159000','2',NULL,NULL,NULL,NULL,'33',NULL,'2019-03-18 15:58:05.159000',NULL,'2019-03-18 15:58:05.159000','3','33','JOB PLAN SERVICE','JOB CONFIRM',NULL,'33'),(89,'START JOB PLAN',NULL,NULL,NULL,NULL,'2019-03-18 15:58:45.418000','2',NULL,NULL,NULL,NULL,'35',NULL,'2019-03-18 15:58:45.418000',NULL,'2019-03-18 15:58:45.418000','3','35','JOB PLAN SERVICE','START JOB PLAN',NULL,'33'),(90,'JOB CONFIRM',NULL,NULL,NULL,NULL,'2019-03-18 15:58:53.789000','2',NULL,NULL,NULL,NULL,'35',NULL,'2019-03-18 15:58:53.789000',NULL,'2019-03-18 15:58:53.789000','3','35','JOB PLAN SERVICE','JOB CONFIRM',NULL,'33'),(91,'START RESOURCING',NULL,NULL,NULL,NULL,'2019-03-18 15:59:00.639000','2',NULL,NULL,NULL,NULL,'35',NULL,'2019-03-18 15:59:00.639000',NULL,'2019-03-18 15:59:00.639000','3','35','JOB PLAN SERVICE','START RESOURCING',NULL,'33'),(92,'JOB CONFIRM',NULL,NULL,NULL,NULL,'2019-03-18 15:59:55.301000','2',NULL,NULL,NULL,NULL,'35',NULL,'2019-03-18 15:59:55.301000',NULL,'2019-03-18 15:59:55.301000','3','35','JOB PLAN SERVICE','JOB CONFIRM',NULL,'33'),(93,'JOB CONFIRM',NULL,NULL,NULL,NULL,'2019-03-18 16:00:03.167000','2',NULL,NULL,NULL,NULL,'35',NULL,'2019-03-18 16:00:03.167000',NULL,'2019-03-18 16:00:03.167000','3','35','JOB PLAN SERVICE','JOB CONFIRM',NULL,'33'),(94,'START JOB PLAN',NULL,NULL,NULL,NULL,'2019-03-19 10:44:35.014000','2',NULL,NULL,NULL,NULL,'36',NULL,'2019-03-19 10:44:35.014000',NULL,'2019-03-19 10:44:35.014000','3','36','JOB PLAN SERVICE','START JOB PLAN',NULL,'33'),(95,'JOB CONFIRM',NULL,NULL,NULL,NULL,'2019-03-19 10:44:57.374000','2',NULL,NULL,NULL,NULL,'36',NULL,'2019-03-19 10:44:57.374000',NULL,'2019-03-19 10:44:57.374000','3','36','JOB PLAN SERVICE','JOB CONFIRM',NULL,'33'),(96,'START RESOURCING',NULL,NULL,NULL,NULL,'2019-03-19 10:45:07.377000','2',NULL,NULL,NULL,NULL,'36',NULL,'2019-03-19 10:45:07.377000',NULL,'2019-03-19 10:45:07.377000','3','36','JOB PLAN SERVICE','START RESOURCING',NULL,'33'),(97,'JOB CONFIRM',NULL,NULL,NULL,NULL,'2019-03-19 10:46:22.639000','2',NULL,NULL,NULL,NULL,'36',NULL,'2019-03-19 10:46:22.639000',NULL,'2019-03-19 10:46:22.639000','3','36','JOB PLAN SERVICE','JOB CONFIRM',NULL,'33'),(98,'JOB CONFIRM',NULL,NULL,NULL,NULL,'2019-03-19 10:46:37.639000','2',NULL,NULL,NULL,NULL,'36',NULL,'2019-03-19 10:46:37.639000',NULL,'2019-03-19 10:46:37.639000','3','36','JOB PLAN SERVICE','JOB CONFIRM',NULL,'33'),(99,'JOB CONFIRM',NULL,NULL,NULL,NULL,'2019-03-19 10:46:39.805000','2',NULL,NULL,NULL,NULL,'36',NULL,'2019-03-19 10:46:39.805000',NULL,'2019-03-19 10:46:39.805000','3','36','JOB PLAN SERVICE','JOB CONFIRM',NULL,'33'),(100,'JOB CONFIRM',NULL,NULL,NULL,NULL,'2019-03-19 10:46:45.196000','2',NULL,NULL,NULL,NULL,'36',NULL,'2019-03-19 10:46:45.196000',NULL,'2019-03-19 10:46:45.196000','3','36','JOB PLAN SERVICE','JOB CONFIRM',NULL,'33'),(101,'RECEIVED-PTW ',NULL,NULL,NULL,NULL,'2019-03-19 11:23:57.198000','2',NULL,NULL,NULL,NULL,'36',NULL,'2019-03-19 11:23:57.198000',NULL,'2019-03-19 11:23:57.198000','3','36','JOB TRACK SERVICE','RECEIVED-PTW',NULL,'33'),(102,'START JOB PLAN',NULL,NULL,NULL,NULL,'2019-03-19 13:17:43.190000','2',NULL,NULL,NULL,NULL,'37',NULL,'2019-03-19 13:17:43.190000',NULL,'2019-03-19 13:17:43.190000','3','37','JOB PLAN SERVICE','START JOB PLAN',NULL,'33'),(103,'JOB CONFIRM',NULL,NULL,NULL,NULL,'2019-03-19 13:17:53.879000','2',NULL,NULL,NULL,NULL,'37',NULL,'2019-03-19 13:17:53.879000',NULL,'2019-03-19 13:17:53.879000','3','37','JOB PLAN SERVICE','JOB CONFIRM',NULL,'33'),(104,'START RESOURCING',NULL,NULL,NULL,NULL,'2019-03-19 13:18:00.777000','2',NULL,NULL,NULL,NULL,'37',NULL,'2019-03-19 13:18:00.777000',NULL,'2019-03-19 13:18:00.777000','3','37','JOB PLAN SERVICE','START RESOURCING',NULL,'33'),(105,'JOB CONFIRM',NULL,NULL,NULL,NULL,'2019-03-19 13:23:51.090000','2',NULL,NULL,NULL,NULL,'37',NULL,'2019-03-19 13:23:51.090000',NULL,'2019-03-19 13:23:51.090000','3','37','JOB PLAN SERVICE','JOB CONFIRM',NULL,'33'),(106,'JOB CONFIRM',NULL,NULL,NULL,NULL,'2019-03-19 13:24:24.078000','2',NULL,NULL,NULL,NULL,'37',NULL,'2019-03-19 13:24:24.078000',NULL,'2019-03-19 13:24:24.078000','3','37','JOB PLAN SERVICE','JOB CONFIRM',NULL,'33'),(107,'JOB CONFIRM',NULL,NULL,NULL,NULL,'2019-03-19 13:24:34.903000','2',NULL,NULL,NULL,NULL,'37',NULL,'2019-03-19 13:24:34.903000',NULL,'2019-03-19 13:24:34.903000','3','37','JOB PLAN SERVICE','JOB CONFIRM',NULL,'33'),(108,'JOB CONFIRM',NULL,NULL,NULL,NULL,'2019-03-19 13:24:46.443000','2',NULL,NULL,NULL,NULL,'37',NULL,'2019-03-19 13:24:46.443000',NULL,'2019-03-19 13:24:46.443000','3','37','JOB PLAN SERVICE','JOB CONFIRM',NULL,'33'),(109,'JOB CONFIRM',NULL,NULL,NULL,NULL,'2019-03-19 13:26:25.694000','2',NULL,NULL,NULL,NULL,'37',NULL,'2019-03-19 13:26:25.694000',NULL,'2019-03-19 13:26:25.694000','3','37','JOB PLAN SERVICE','JOB CONFIRM',NULL,'33'),(110,'JOB CONFIRM',NULL,NULL,NULL,NULL,'2019-03-19 14:39:06.400000','4',NULL,NULL,NULL,NULL,'37',NULL,'2019-03-19 14:39:06.400000',NULL,'2019-03-19 14:39:06.400000','3','37','JOB PLAN SERVICE','JOB CONFIRM',NULL,'24'),(111,'JOB CONFIRM',NULL,NULL,NULL,NULL,'2019-03-19 14:39:28.987000','4',NULL,NULL,NULL,NULL,'37',NULL,'2019-03-19 14:39:28.987000',NULL,'2019-03-19 14:39:28.987000','3','37','JOB PLAN SERVICE','JOB CONFIRM',NULL,'24'),(112,'START JOB PLAN',NULL,NULL,NULL,NULL,'2019-03-19 14:52:59.290000','2',NULL,NULL,NULL,NULL,'38',NULL,'2019-03-19 14:52:59.290000',NULL,'2019-03-19 14:52:59.290000','3','38','JOB PLAN SERVICE','START JOB PLAN',NULL,'33'),(113,'JOB CONFIRM',NULL,NULL,NULL,NULL,'2019-03-19 14:53:30.535000','2',NULL,NULL,NULL,NULL,'38',NULL,'2019-03-19 14:53:30.535000',NULL,'2019-03-19 14:53:30.535000','3','38','JOB PLAN SERVICE','JOB CONFIRM',NULL,'33'),(114,'JOB CONFIRM',NULL,NULL,NULL,NULL,'2019-03-19 14:53:46.001000','2',NULL,NULL,NULL,NULL,'32',NULL,'2019-03-19 14:53:46.001000',NULL,'2019-03-19 14:53:46.001000','3','32','JOB PLAN SERVICE','JOB CONFIRM',NULL,'33'),(115,'JOB CONFIRM',NULL,NULL,NULL,NULL,'2019-03-19 14:53:47.978000','2',NULL,NULL,NULL,NULL,'32',NULL,'2019-03-19 14:53:47.978000',NULL,'2019-03-19 14:53:47.978000','3','32','JOB PLAN SERVICE','JOB CONFIRM',NULL,'33'),(116,'START RESOURCING',NULL,NULL,NULL,NULL,'2019-03-19 14:53:50.783000','2',NULL,NULL,NULL,NULL,'32',NULL,'2019-03-19 14:53:50.783000',NULL,'2019-03-19 14:53:50.783000','3','32','JOB PLAN SERVICE','START RESOURCING',NULL,'33'),(117,'START RESOURCING',NULL,NULL,NULL,NULL,'2019-03-19 14:53:57.820000','2',NULL,NULL,NULL,NULL,'32',NULL,'2019-03-19 14:53:57.820000',NULL,'2019-03-19 14:53:57.820000','3','32','JOB PLAN SERVICE','START RESOURCING',NULL,'33'),(118,'JOB CONFIRM',NULL,NULL,NULL,NULL,'2019-03-19 14:54:58.683000','2',NULL,NULL,NULL,NULL,'32',NULL,'2019-03-19 14:54:58.683000',NULL,'2019-03-19 14:54:58.683000','3','32','JOB PLAN SERVICE','JOB CONFIRM',NULL,'33'),(119,'JOB CONFIRM',NULL,NULL,NULL,NULL,'2019-03-19 14:54:59.766000','2',NULL,NULL,NULL,NULL,'32',NULL,'2019-03-19 14:54:59.766000',NULL,'2019-03-19 14:54:59.766000','3','32','JOB PLAN SERVICE','JOB CONFIRM',NULL,'33'),(120,'JOB CONFIRM',NULL,NULL,NULL,NULL,'2019-03-19 14:55:00.167000','2',NULL,NULL,NULL,NULL,'32',NULL,'2019-03-19 14:55:00.167000',NULL,'2019-03-19 14:55:00.167000','3','32','JOB PLAN SERVICE','JOB CONFIRM',NULL,'33'),(121,'START RESOURCING',NULL,NULL,NULL,NULL,'2019-03-19 14:55:25.448000','2',NULL,NULL,NULL,NULL,'38',NULL,'2019-03-19 14:55:25.448000',NULL,'2019-03-19 14:55:25.448000','3','38','JOB PLAN SERVICE','START RESOURCING',NULL,'33'),(122,'JOB CONFIRM',NULL,NULL,NULL,NULL,'2019-03-19 14:55:43.546000','2',NULL,NULL,NULL,NULL,'38',NULL,'2019-03-19 14:55:43.546000',NULL,'2019-03-19 14:55:43.546000','3','38','JOB PLAN SERVICE','JOB CONFIRM',NULL,'33'),(123,'JOB CONFIRM',NULL,NULL,NULL,NULL,'2019-03-19 14:56:01.486000','2',NULL,NULL,NULL,NULL,'38',NULL,'2019-03-19 14:56:01.486000',NULL,'2019-03-19 14:56:01.486000','3','38','JOB PLAN SERVICE','JOB CONFIRM',NULL,'33'),(124,'JOB CONFIRM',NULL,NULL,NULL,NULL,'2019-03-19 14:56:10.161000','2',NULL,NULL,NULL,NULL,'38',NULL,'2019-03-19 14:56:10.161000',NULL,'2019-03-19 14:56:10.161000','3','38','JOB PLAN SERVICE','JOB CONFIRM',NULL,'33'),(125,'JOB CONFIRM',NULL,NULL,NULL,NULL,'2019-03-19 14:56:12.799000','2',NULL,NULL,NULL,NULL,'38',NULL,'2019-03-19 14:56:12.799000',NULL,'2019-03-19 14:56:12.799000','3','38','JOB PLAN SERVICE','JOB CONFIRM',NULL,'33'),(126,'JOB CONFIRM',NULL,NULL,NULL,NULL,'2019-03-19 14:56:13.907000','2',NULL,NULL,NULL,NULL,'38',NULL,'2019-03-19 14:56:13.907000',NULL,'2019-03-19 14:56:13.907000','3','38','JOB PLAN SERVICE','JOB CONFIRM',NULL,'33'),(127,'JOB CONFIRM',NULL,NULL,NULL,NULL,'2019-03-19 14:56:14.026000','2',NULL,NULL,NULL,NULL,'38',NULL,'2019-03-19 14:56:14.026000',NULL,'2019-03-19 14:56:14.026000','3','38','JOB PLAN SERVICE','JOB CONFIRM',NULL,'33'),(128,'JOB CONFIRM',NULL,NULL,NULL,NULL,'2019-03-19 14:56:14.289000','2',NULL,NULL,NULL,NULL,'38',NULL,'2019-03-19 14:56:14.289000',NULL,'2019-03-19 14:56:14.289000','3','38','JOB PLAN SERVICE','JOB CONFIRM',NULL,'33'),(129,'JOB CONFIRM',NULL,NULL,NULL,NULL,'2019-03-19 15:26:05.744000','2',NULL,NULL,NULL,NULL,'38',NULL,'2019-03-19 15:26:05.744000',NULL,'2019-03-19 15:26:05.744000','3','38','JOB PLAN SERVICE','JOB CONFIRM',NULL,'33'),(130,'JOB CONFIRM',NULL,NULL,NULL,NULL,'2019-03-19 15:29:07.479000','2',NULL,NULL,NULL,NULL,'38',NULL,'2019-03-19 15:29:07.479000',NULL,'2019-03-19 15:29:07.479000','3','38','JOB PLAN SERVICE','JOB CONFIRM',NULL,'33'),(131,'JOB CONFIRM',NULL,NULL,NULL,NULL,'2019-03-19 15:31:40.264000','2',NULL,NULL,NULL,NULL,'38',NULL,'2019-03-19 15:31:40.264000',NULL,'2019-03-19 15:31:40.264000','3','38','JOB PLAN SERVICE','JOB CONFIRM',NULL,'33'),(132,'START RESOURCING',NULL,NULL,NULL,NULL,'2019-03-19 16:09:42.601000','2',NULL,NULL,NULL,NULL,'38',NULL,'2019-03-19 16:09:42.601000',NULL,'2019-03-19 16:09:42.601000','3','38','JOB PLAN SERVICE','START RESOURCING',NULL,'33'),(133,'JOB CONFIRM',NULL,NULL,NULL,NULL,'2019-03-19 16:10:18.028000','2',NULL,NULL,NULL,NULL,'38',NULL,'2019-03-19 16:10:18.028000',NULL,'2019-03-19 16:10:18.028000','3','38','JOB PLAN SERVICE','JOB CONFIRM',NULL,'33'),(134,'JOB CONFIRM',NULL,NULL,NULL,NULL,'2019-03-19 17:22:44.978000','2',NULL,NULL,NULL,NULL,'38',NULL,'2019-03-19 17:22:44.978000',NULL,'2019-03-19 17:22:44.978000','3','38','JOB PLAN SERVICE','JOB CONFIRM',NULL,'33'),(135,'JOB CONFIRM',NULL,NULL,NULL,NULL,'2019-03-19 17:22:46.545000','2',NULL,NULL,NULL,NULL,'38',NULL,'2019-03-19 17:22:46.545000',NULL,'2019-03-19 17:22:46.545000','3','38','JOB PLAN SERVICE','JOB CONFIRM',NULL,'33'),(136,'JOB CONFIRM',NULL,NULL,NULL,NULL,'2019-03-19 17:22:47.608000','2',NULL,NULL,NULL,NULL,'38',NULL,'2019-03-19 17:22:47.608000',NULL,'2019-03-19 17:22:47.608000','3','38','JOB PLAN SERVICE','JOB CONFIRM',NULL,'33'),(137,'JOB CONFIRM',NULL,NULL,NULL,NULL,'2019-03-19 17:22:49.172000','2',NULL,NULL,NULL,NULL,'38',NULL,'2019-03-19 17:22:49.172000',NULL,'2019-03-19 17:22:49.172000','3','38','JOB PLAN SERVICE','JOB CONFIRM',NULL,'33'),(138,'JOB EMP TRAVEL ',NULL,NULL,NULL,NULL,'2019-03-19 17:23:01.052000','2',NULL,NULL,NULL,NULL,'38',NULL,'2019-03-19 17:23:01.052000',NULL,'2019-03-19 17:23:01.052000','3','38','JOB LOGISTICS SERVICE','JOB EMP TRAVEL DELETED',NULL,'33'),(139,'JOB EMP TRAVEL ',NULL,NULL,NULL,NULL,'2019-03-19 17:23:03.321000','2',NULL,NULL,NULL,NULL,'38',NULL,'2019-03-19 17:23:03.321000',NULL,'2019-03-19 17:23:03.321000','3','38','JOB LOGISTICS SERVICE','JOB EMP TRAVEL DELETED',NULL,'33'),(140,'START JOB PLAN',NULL,NULL,NULL,NULL,'2019-03-19 17:23:49.160000','2',NULL,NULL,NULL,NULL,'39',NULL,'2019-03-19 17:23:49.160000',NULL,'2019-03-19 17:23:49.160000','3','39','JOB PLAN SERVICE','START JOB PLAN',NULL,'33'),(141,'START RESOURCING',NULL,NULL,NULL,NULL,'2019-03-19 17:24:00.280000','2',NULL,NULL,NULL,NULL,'39',NULL,'2019-03-19 17:24:00.280000',NULL,'2019-03-19 17:24:00.280000','3','39','JOB PLAN SERVICE','START RESOURCING',NULL,'33'),(142,'JOB CONFIRM',NULL,NULL,NULL,NULL,'2019-03-19 17:24:48.788000','2',NULL,NULL,NULL,NULL,'39',NULL,'2019-03-19 17:24:48.788000',NULL,'2019-03-19 17:24:48.788000','3','39','JOB PLAN SERVICE','JOB CONFIRM',NULL,'33'),(143,'JOB CONFIRM',NULL,NULL,NULL,NULL,'2019-03-19 17:25:17.235000','2',NULL,NULL,NULL,NULL,'39',NULL,'2019-03-19 17:25:17.235000',NULL,'2019-03-19 17:25:17.235000','3','39','JOB PLAN SERVICE','JOB CONFIRM',NULL,'33'),(144,'START JOB PLAN',NULL,NULL,NULL,NULL,'2019-03-19 17:46:22.790000','2',NULL,NULL,NULL,NULL,'40',NULL,'2019-03-19 17:46:22.790000',NULL,'2019-03-19 17:46:22.790000','3','40','JOB PLAN SERVICE','START JOB PLAN',NULL,'33'),(145,'START JOB PLAN',NULL,NULL,NULL,NULL,'2019-03-19 18:30:46.471000','2',NULL,NULL,NULL,NULL,'41',NULL,'2019-03-19 18:30:46.471000',NULL,'2019-03-19 18:30:46.471000','3','41','JOB PLAN SERVICE','START JOB PLAN',NULL,'33'),(146,'START RESOURCING',NULL,NULL,NULL,NULL,'2019-03-19 18:30:55.380000','2',NULL,NULL,NULL,NULL,'41',NULL,'2019-03-19 18:30:55.380000',NULL,'2019-03-19 18:30:55.380000','3','41','JOB PLAN SERVICE','START RESOURCING',NULL,'33'),(147,'START RESOURCING',NULL,NULL,NULL,NULL,'2019-03-19 18:31:02.480000','2',NULL,NULL,NULL,NULL,'41',NULL,'2019-03-19 18:31:02.480000',NULL,'2019-03-19 18:31:02.480000','3','41','JOB PLAN SERVICE','START RESOURCING',NULL,'33'),(148,'JOB CONFIRM',NULL,NULL,NULL,NULL,'2019-03-19 18:31:53.878000','2',NULL,NULL,NULL,NULL,'41',NULL,'2019-03-19 18:31:53.878000',NULL,'2019-03-19 18:31:53.878000','3','41','JOB PLAN SERVICE','JOB CONFIRM',NULL,'33'),(149,'START JOB PLAN',NULL,NULL,NULL,NULL,'2019-03-19 18:32:44.743000','2',NULL,NULL,NULL,NULL,'42',NULL,'2019-03-19 18:32:44.743000',NULL,'2019-03-19 18:32:44.743000','3','42','JOB PLAN SERVICE','START JOB PLAN',NULL,'33'),(150,'START RESOURCING',NULL,NULL,NULL,NULL,'2019-03-19 18:33:07.281000','2',NULL,NULL,NULL,NULL,'42',NULL,'2019-03-19 18:33:07.281000',NULL,'2019-03-19 18:33:07.281000','3','42','JOB PLAN SERVICE','START RESOURCING',NULL,'33'),(151,'JOB CONFIRM',NULL,NULL,NULL,NULL,'2019-03-19 18:33:49.384000','2',NULL,NULL,NULL,NULL,'42',NULL,'2019-03-19 18:33:49.384000',NULL,'2019-03-19 18:33:49.384000','3','42','JOB PLAN SERVICE','JOB CONFIRM',NULL,'33'),(152,'START JOB PLAN',NULL,NULL,NULL,NULL,'2019-03-19 18:34:50.586000','2',NULL,NULL,NULL,NULL,'43',NULL,'2019-03-19 18:34:50.586000',NULL,'2019-03-19 18:34:50.586000','3','43','JOB PLAN SERVICE','START JOB PLAN',NULL,'33'),(153,'START RESOURCING',NULL,NULL,NULL,NULL,'2019-03-19 18:35:07.451000','2',NULL,NULL,NULL,NULL,'43',NULL,'2019-03-19 18:35:07.451000',NULL,'2019-03-19 18:35:07.451000','3','43','JOB PLAN SERVICE','START RESOURCING',NULL,'33'),(154,'JOB CONFIRM',NULL,NULL,NULL,NULL,'2019-03-19 18:35:44.067000','2',NULL,NULL,NULL,NULL,'43',NULL,'2019-03-19 18:35:44.067000',NULL,'2019-03-19 18:35:44.067000','3','43','JOB PLAN SERVICE','JOB CONFIRM',NULL,'33'),(155,'JOB CONFIRM',NULL,NULL,NULL,NULL,'2019-03-19 18:37:00.973000','2',NULL,NULL,NULL,NULL,'35',NULL,'2019-03-19 18:37:00.973000',NULL,'2019-03-19 18:37:00.973000','3','35','JOB PLAN SERVICE','JOB CONFIRM',NULL,'33'),(156,'JOB CONFIRM',NULL,NULL,NULL,NULL,'2019-03-19 18:37:10.069000','2',NULL,NULL,NULL,NULL,'35',NULL,'2019-03-19 18:37:10.069000',NULL,'2019-03-19 18:37:10.069000','3','35','JOB PLAN SERVICE','JOB CONFIRM',NULL,'33'),(157,'START JOB PLAN',NULL,NULL,NULL,NULL,'2019-03-19 18:38:06.894000','2',NULL,NULL,NULL,NULL,'44',NULL,'2019-03-19 18:38:06.894000',NULL,'2019-03-19 18:38:06.894000','3','44','JOB PLAN SERVICE','START JOB PLAN',NULL,'33'),(158,'START RESOURCING',NULL,NULL,NULL,NULL,'2019-03-19 18:38:16.091000','2',NULL,NULL,NULL,NULL,'44',NULL,'2019-03-19 18:38:16.091000',NULL,'2019-03-19 18:38:16.091000','3','44','JOB PLAN SERVICE','START RESOURCING',NULL,'33'),(159,'JOB CONFIRM',NULL,NULL,NULL,NULL,'2019-03-19 18:38:41.208000','2',NULL,NULL,NULL,NULL,'44',NULL,'2019-03-19 18:38:41.208000',NULL,'2019-03-19 18:38:41.208000','3','44','JOB PLAN SERVICE','JOB CONFIRM',NULL,'33'),(160,'START JOB PLAN',NULL,NULL,NULL,NULL,'2019-03-19 18:42:45.377000','2',NULL,NULL,NULL,NULL,'45',NULL,'2019-03-19 18:42:45.377000',NULL,'2019-03-19 18:42:45.377000','3','45','JOB PLAN SERVICE','START JOB PLAN',NULL,'33'),(161,'JOB CONFIRM',NULL,NULL,NULL,NULL,'2019-03-19 18:42:50.919000','2',NULL,NULL,NULL,NULL,'45',NULL,'2019-03-19 18:42:50.919000',NULL,'2019-03-19 18:42:50.919000','3','45','JOB PLAN SERVICE','JOB CONFIRM',NULL,'33'),(162,'START JOB PLAN',NULL,NULL,NULL,NULL,'2019-03-19 18:44:01.503000','2',NULL,NULL,NULL,NULL,'46',NULL,'2019-03-19 18:44:01.503000',NULL,'2019-03-19 18:44:01.503000','3','46','JOB PLAN SERVICE','START JOB PLAN',NULL,'33'),(163,'JOB CONFIRM',NULL,NULL,NULL,NULL,'2019-03-19 18:44:06.929000','2',NULL,NULL,NULL,NULL,'46',NULL,'2019-03-19 18:44:06.929000',NULL,'2019-03-19 18:44:06.929000','3','46','JOB PLAN SERVICE','JOB CONFIRM',NULL,'33'),(164,'START RESOURCING',NULL,NULL,NULL,NULL,'2019-03-19 18:46:24.892000','2',NULL,NULL,NULL,NULL,'40',NULL,'2019-03-19 18:46:24.892000',NULL,'2019-03-19 18:46:24.892000','3','40','JOB PLAN SERVICE','START RESOURCING',NULL,'33'),(165,'JOB CONFIRM',NULL,NULL,NULL,NULL,'2019-03-19 18:47:01.260000','2',NULL,NULL,NULL,NULL,'40',NULL,'2019-03-19 18:47:01.260000',NULL,'2019-03-19 18:47:01.260000','3','40','JOB PLAN SERVICE','JOB CONFIRM',NULL,'33'),(166,'JOB CONFIRM',NULL,NULL,NULL,NULL,'2019-03-19 18:47:09.494000','2',NULL,NULL,NULL,NULL,'40',NULL,'2019-03-19 18:47:09.494000',NULL,'2019-03-19 18:47:09.494000','3','40','JOB PLAN SERVICE','JOB CONFIRM',NULL,'33'),(167,'START JOB PLAN',NULL,NULL,NULL,NULL,'2019-03-20 13:00:57.009000','2',NULL,NULL,NULL,NULL,'47',NULL,'2019-03-20 13:00:57.009000',NULL,'2019-03-20 13:00:57.009000','3','47','JOB PLAN SERVICE','START JOB PLAN',NULL,'33'),(168,'START RESOURCING',NULL,NULL,NULL,NULL,'2019-03-20 13:01:05.604000','2',NULL,NULL,NULL,NULL,'47',NULL,'2019-03-20 13:01:05.604000',NULL,'2019-03-20 13:01:05.604000','3','47','JOB PLAN SERVICE','START RESOURCING',NULL,'33'),(169,'JOB CONFIRM',NULL,NULL,NULL,NULL,'2019-03-20 13:01:28.686000','2',NULL,NULL,NULL,NULL,'47',NULL,'2019-03-20 13:01:28.686000',NULL,'2019-03-20 13:01:28.686000','3','47','JOB PLAN SERVICE','JOB CONFIRM',NULL,'33'),(170,'JOB CONFIRM',NULL,NULL,NULL,NULL,'2019-03-20 13:01:58.984000','2',NULL,NULL,NULL,NULL,'47',NULL,'2019-03-20 13:01:58.984000',NULL,'2019-03-20 13:01:58.984000','3','47','JOB PLAN SERVICE','JOB CONFIRM',NULL,'33'),(171,'JOB EMP TRAVEL ',NULL,NULL,NULL,NULL,'2019-03-20 13:03:07.362000','2',NULL,NULL,NULL,NULL,'47',NULL,'2019-03-20 13:03:07.362000',NULL,'2019-03-20 13:03:07.362000','3','47','JOB LOGISTICS SERVICE','JOB EMP TRAVEL COMPLETED',NULL,'33'),(172,NULL,NULL,NULL,NULL,NULL,'2019-03-20 13:03:28.148000','2',NULL,NULL,NULL,NULL,'22',NULL,'2019-03-20 13:03:28.148000',NULL,'2019-03-20 13:03:28.148000',NULL,'47','EMPLOYEE REPORTING',NULL,NULL,'33'),(173,'START JOB PLAN',NULL,NULL,NULL,NULL,'2019-03-20 14:14:24.033000','2',NULL,NULL,NULL,NULL,'48',NULL,'2019-03-20 14:14:24.033000',NULL,'2019-03-20 14:14:24.033000','16','48','JOB PLAN SERVICE','START JOB PLAN',NULL,'33'),(174,'START JOB PLAN',NULL,NULL,NULL,NULL,'2019-03-20 14:29:43.335000','2',NULL,NULL,NULL,NULL,'49',NULL,'2019-03-20 14:29:43.335000',NULL,'2019-03-20 14:29:43.335000','16','49','JOB PLAN SERVICE','START JOB PLAN',NULL,'33'),(175,'START RESOURCING',NULL,NULL,NULL,NULL,'2019-03-20 14:30:00.415000','2',NULL,NULL,NULL,NULL,'49',NULL,'2019-03-20 14:30:00.415000',NULL,'2019-03-20 14:30:00.415000','16','49','JOB PLAN SERVICE','START RESOURCING',NULL,'33'),(176,'JOB CONFIRM',NULL,NULL,NULL,NULL,'2019-03-20 14:30:28.708000','2',NULL,NULL,NULL,NULL,'49',NULL,'2019-03-20 14:30:28.708000',NULL,'2019-03-20 14:30:28.708000','16','49','JOB PLAN SERVICE','JOB CONFIRM',NULL,'33'),(177,'JOB CONFIRM',NULL,NULL,NULL,NULL,'2019-03-20 14:30:54.150000','2',NULL,NULL,NULL,NULL,'49',NULL,'2019-03-20 14:30:54.150000',NULL,'2019-03-20 14:30:54.150000','16','49','JOB PLAN SERVICE','JOB CONFIRM',NULL,'33'),(178,'JOB CONFIRM',NULL,NULL,NULL,NULL,'2019-03-20 14:31:35.680000','2',NULL,NULL,NULL,NULL,'49',NULL,'2019-03-20 14:31:35.680000',NULL,'2019-03-20 14:31:35.680000','16','49','JOB PLAN SERVICE','JOB CONFIRM',NULL,'33'),(179,'START RESOURCING',NULL,NULL,NULL,NULL,'2019-03-21 11:11:51.943000','2',NULL,NULL,NULL,NULL,'49',NULL,'2019-03-21 11:11:51.943000',NULL,'2019-03-21 11:11:51.943000','16','49','JOB PLAN SERVICE','START RESOURCING',NULL,'33'),(180,'START RESOURCING',NULL,NULL,NULL,NULL,'2019-03-21 11:36:40.856000','2',NULL,NULL,NULL,NULL,'49',NULL,'2019-03-21 11:36:40.856000',NULL,'2019-03-21 11:36:40.856000','16','49','JOB PLAN SERVICE','START RESOURCING',NULL,'33'),(181,'JOB CONFIRM',NULL,NULL,NULL,NULL,'2019-03-21 12:03:57.727000','2',NULL,NULL,NULL,NULL,'49',NULL,'2019-03-21 12:03:57.727000',NULL,'2019-03-21 12:03:57.727000','16','49','JOB PLAN SERVICE','JOB CONFIRM',NULL,'33'),(182,'JOB CONFIRM',NULL,NULL,NULL,NULL,'2019-03-21 12:19:53.702000','2',NULL,NULL,NULL,NULL,'49',NULL,'2019-03-21 12:19:53.702000',NULL,'2019-03-21 12:19:53.702000','16','49','JOB PLAN SERVICE','JOB CONFIRM',NULL,'33'),(183,'JOB CONFIRM',NULL,NULL,NULL,NULL,'2019-03-21 12:23:51.274000','2',NULL,NULL,NULL,NULL,'49',NULL,'2019-03-21 12:23:51.274000',NULL,'2019-03-21 12:23:51.274000','16','49','JOB PLAN SERVICE','JOB CONFIRM',NULL,'33'),(184,'JOB CONFIRM',NULL,NULL,NULL,NULL,'2019-03-21 14:23:00.976000','2',NULL,NULL,NULL,NULL,'49',NULL,'2019-03-21 14:23:00.976000',NULL,'2019-03-21 14:23:00.976000','16','49','JOB PLAN SERVICE','JOB CONFIRM',NULL,'33'),(185,'START RESOURCING',NULL,NULL,NULL,NULL,'2019-03-21 17:27:16.870000','2',NULL,NULL,NULL,NULL,'49',NULL,'2019-03-21 17:27:16.870000',NULL,'2019-03-21 17:27:16.870000','16','49','JOB PLAN SERVICE','START RESOURCING',NULL,'33'),(186,'START RESOURCING',NULL,NULL,NULL,NULL,'2019-03-21 17:36:39.684000','2',NULL,NULL,NULL,NULL,'49',NULL,'2019-03-21 17:36:39.684000',NULL,'2019-03-21 17:36:39.684000','16','49','JOB PLAN SERVICE','START RESOURCING',NULL,'33'),(187,'START RESOURCING',NULL,NULL,NULL,NULL,'2019-03-21 17:36:51.387000','2',NULL,NULL,NULL,NULL,'49',NULL,'2019-03-21 17:36:51.387000',NULL,'2019-03-21 17:36:51.387000','16','49','JOB PLAN SERVICE','START RESOURCING',NULL,'33'),(188,'START RESOURCING',NULL,NULL,NULL,NULL,'2019-03-21 17:37:42.706000','2',NULL,NULL,NULL,NULL,'49',NULL,'2019-03-21 17:37:42.706000',NULL,'2019-03-21 17:37:42.706000','16','49','JOB PLAN SERVICE','START RESOURCING',NULL,'33'),(189,'JOB CONFIRM',NULL,NULL,NULL,NULL,'2019-03-21 17:44:33.594000','2',NULL,NULL,NULL,NULL,'49',NULL,'2019-03-21 17:44:33.594000',NULL,'2019-03-21 17:44:33.594000','16','49','JOB PLAN SERVICE','JOB CONFIRM',NULL,'33'),(190,'START RESOURCING',NULL,NULL,NULL,NULL,'2019-03-21 17:47:04.263000','2',NULL,NULL,NULL,NULL,'49',NULL,'2019-03-21 17:47:04.263000',NULL,'2019-03-21 17:47:04.263000','16','49','JOB PLAN SERVICE','START RESOURCING',NULL,'33'),(191,'JOB CONFIRM',NULL,NULL,NULL,NULL,'2019-03-21 18:27:26.841000','2',NULL,NULL,NULL,NULL,'49',NULL,'2019-03-21 18:27:26.841000',NULL,'2019-03-21 18:27:26.841000','16','49','JOB PLAN SERVICE','JOB CONFIRM',NULL,'33'),(192,'START RESOURCING',NULL,NULL,NULL,NULL,'2019-03-21 18:34:35.169000','2','2',NULL,NULL,NULL,'6',NULL,'2019-03-21 18:34:35.169000',NULL,'2019-03-21 18:34:35.169000','1','6','JOB PLAN SERVICE','START RESOURCING',NULL,'33'),(193,'JOB CONFIRM',NULL,NULL,NULL,NULL,'2019-03-21 18:37:29.010000','2',NULL,NULL,NULL,NULL,'49',NULL,'2019-03-21 18:37:29.010000',NULL,'2019-03-21 18:37:29.010000','16','49','JOB PLAN SERVICE','JOB CONFIRM',NULL,'33'),(194,'JOB CONFIRM',NULL,NULL,NULL,NULL,'2019-03-21 18:38:03.512000','2',NULL,NULL,NULL,NULL,'49',NULL,'2019-03-21 18:38:03.512000',NULL,'2019-03-21 18:38:03.512000','16','49','JOB PLAN SERVICE','JOB CONFIRM',NULL,'33'),(195,'JOB CONFIRM',NULL,NULL,NULL,NULL,'2019-03-21 18:49:03.382000','2',NULL,NULL,NULL,NULL,'49',NULL,'2019-03-21 18:49:03.382000',NULL,'2019-03-21 18:49:03.382000','16','49','JOB PLAN SERVICE','JOB CONFIRM',NULL,'33'),(196,'START JOB PLAN',NULL,NULL,NULL,NULL,'2019-03-22 13:11:30.779000','2',NULL,NULL,NULL,NULL,'50',NULL,'2019-03-22 13:11:30.779000',NULL,'2019-03-22 13:11:30.779000','16','50','JOB PLAN SERVICE','START JOB PLAN',NULL,'33'),(197,'JOB CONFIRM',NULL,NULL,NULL,NULL,'2019-03-22 13:11:42.680000','2',NULL,NULL,NULL,NULL,'50',NULL,'2019-03-22 13:11:42.680000',NULL,'2019-03-22 13:11:42.680000','16','50','JOB PLAN SERVICE','JOB CONFIRM',NULL,'33'),(198,'START RESOURCING',NULL,NULL,NULL,NULL,'2019-03-22 13:18:16.419000','2',NULL,NULL,NULL,NULL,'50',NULL,'2019-03-22 13:18:16.419000',NULL,'2019-03-22 13:18:16.419000','16','50','JOB PLAN SERVICE','START RESOURCING',NULL,'33'),(199,'JOB CONFIRM',NULL,NULL,NULL,NULL,'2019-03-22 13:18:41.830000','2',NULL,NULL,NULL,NULL,'50',NULL,'2019-03-22 13:18:41.830000',NULL,'2019-03-22 13:18:41.830000','16','50','JOB PLAN SERVICE','JOB CONFIRM',NULL,'33'),(200,'START RESOURCING',NULL,NULL,NULL,NULL,'2019-03-22 13:19:07.630000','2',NULL,NULL,NULL,NULL,'50',NULL,'2019-03-22 13:19:07.630000',NULL,'2019-03-22 13:19:07.630000','16','50','JOB PLAN SERVICE','START RESOURCING',NULL,'33'),(201,'START JOB PLAN',NULL,NULL,NULL,NULL,'2019-03-22 13:20:09.302000','2',NULL,NULL,NULL,NULL,'51',NULL,'2019-03-22 13:20:09.302000',NULL,'2019-03-22 13:20:09.302000','16','51','JOB PLAN SERVICE','START JOB PLAN',NULL,'33'),(202,'START RESOURCING',NULL,NULL,NULL,NULL,'2019-03-22 13:20:20.324000','2',NULL,NULL,NULL,NULL,'51',NULL,'2019-03-22 13:20:20.324000',NULL,'2019-03-22 13:20:20.324000','16','51','JOB PLAN SERVICE','START RESOURCING',NULL,'33'),(203,'JOB CONFIRM',NULL,NULL,NULL,NULL,'2019-03-22 13:20:46.954000','2',NULL,NULL,NULL,NULL,'51',NULL,'2019-03-22 13:20:46.954000',NULL,'2019-03-22 13:20:46.954000','16','51','JOB PLAN SERVICE','JOB CONFIRM',NULL,'33'),(204,'START RESOURCING',NULL,NULL,NULL,NULL,'2019-03-22 13:20:58.267000','2',NULL,NULL,NULL,NULL,'51',NULL,'2019-03-22 13:20:58.267000',NULL,'2019-03-22 13:20:58.267000','16','51','JOB PLAN SERVICE','START RESOURCING',NULL,'33'),(205,'START JOB PLAN',NULL,NULL,NULL,NULL,'2019-03-25 13:04:00.576000','2',NULL,NULL,NULL,NULL,'52',NULL,'2019-03-25 13:04:00.576000',NULL,'2019-03-25 13:04:00.576000','16','52','JOB PLAN SERVICE','START JOB PLAN',NULL,'33'),(206,'JOB CONFIRM',NULL,NULL,NULL,NULL,'2019-03-25 13:04:05.390000','2',NULL,NULL,NULL,NULL,'52',NULL,'2019-03-25 13:04:05.390000',NULL,'2019-03-25 13:04:05.390000','16','52','JOB PLAN SERVICE','JOB CONFIRM',NULL,'33'),(207,'JOB CONFIRM',NULL,NULL,NULL,NULL,'2019-03-26 14:43:29.842000','17',NULL,NULL,NULL,NULL,'52',NULL,'2019-03-26 14:43:29.842000',NULL,'2019-03-26 14:43:29.842000','16','52','JOB PLAN SERVICE','JOB CONFIRM',NULL,'17'),(208,'START RESOURCING',NULL,NULL,NULL,NULL,'2019-03-26 14:43:34.481000','17',NULL,NULL,NULL,NULL,'52',NULL,'2019-03-26 14:43:34.481000',NULL,'2019-03-26 14:43:34.481000','16','52','JOB PLAN SERVICE','START RESOURCING',NULL,'17'),(209,'START JOB PLAN',NULL,NULL,NULL,NULL,'2019-03-26 19:14:12.079000','2',NULL,NULL,NULL,NULL,'53',NULL,'2019-03-26 19:14:12.079000',NULL,'2019-03-26 19:14:12.079000','16','53','JOB PLAN SERVICE','START JOB PLAN',NULL,'33'),(210,'START RESOURCING',NULL,NULL,NULL,NULL,'2019-03-26 19:14:37.278000','2',NULL,NULL,NULL,NULL,'53',NULL,'2019-03-26 19:14:37.278000',NULL,'2019-03-26 19:14:37.278000','16','53','JOB PLAN SERVICE','START RESOURCING',NULL,'33'),(211,'START RESOURCING',NULL,NULL,NULL,NULL,'2019-03-26 19:14:37.297000','2',NULL,NULL,NULL,NULL,'53',NULL,'2019-03-26 19:14:37.297000',NULL,'2019-03-26 19:14:37.297000','16','53','JOB PLAN SERVICE','START RESOURCING',NULL,'33'),(212,'START RESOURCING',NULL,NULL,NULL,NULL,'2019-03-26 19:14:52.403000','2',NULL,NULL,NULL,NULL,'53',NULL,'2019-03-26 19:14:52.403000',NULL,'2019-03-26 19:14:52.403000','16','53','JOB PLAN SERVICE','START RESOURCING',NULL,'33'),(213,'JOB CONFIRM',NULL,NULL,NULL,NULL,'2019-03-26 19:19:10.210000','2',NULL,NULL,NULL,NULL,'53',NULL,'2019-03-26 19:19:10.210000',NULL,'2019-03-26 19:19:10.210000','16','53','JOB PLAN SERVICE','JOB CONFIRM',NULL,'33'),(214,'JOB CONFIRM',NULL,NULL,NULL,NULL,'2019-03-26 19:24:40.531000','2',NULL,NULL,NULL,NULL,'53',NULL,'2019-03-26 19:24:40.531000',NULL,'2019-03-26 19:24:40.531000','16','53','JOB PLAN SERVICE','JOB CONFIRM',NULL,'33'),(215,'JOB CONFIRM',NULL,NULL,NULL,NULL,'2019-03-26 19:25:05.612000','2',NULL,NULL,NULL,NULL,'53',NULL,'2019-03-26 19:25:05.612000',NULL,'2019-03-26 19:25:05.612000','16','53','JOB PLAN SERVICE','JOB CONFIRM',NULL,'33'),(216,'JOB CONFIRM',NULL,NULL,NULL,NULL,'2019-03-27 11:19:49.103000','2',NULL,NULL,NULL,NULL,'53',NULL,'2019-03-27 11:19:49.103000',NULL,'2019-03-27 11:19:49.103000','16','53','JOB PLAN SERVICE','JOB CONFIRM',NULL,'33'),(217,'START JOB PLAN',NULL,NULL,NULL,NULL,'2019-03-27 11:20:02.051000','4',NULL,NULL,NULL,NULL,'54',NULL,'2019-03-27 11:20:02.051000',NULL,'2019-03-27 11:20:02.051000','3','54','JOB PLAN SERVICE','START JOB PLAN',NULL,'24'),(218,'JOB CONFIRM',NULL,NULL,NULL,NULL,'2019-03-27 11:21:06.115000','2',NULL,NULL,NULL,NULL,'53',NULL,'2019-03-27 11:21:06.115000',NULL,'2019-03-27 11:21:06.115000','16','53','JOB PLAN SERVICE','JOB CONFIRM',NULL,'33'),(219,'JOB EMP TRAVEL ',NULL,NULL,NULL,NULL,'2019-03-27 11:21:34.250000','2',NULL,NULL,NULL,NULL,'53',NULL,'2019-03-27 11:21:34.250000',NULL,'2019-03-27 11:21:34.250000','16','53','JOB LOGISTICS SERVICE','JOB EMP TRAVEL DELETED',NULL,'33'),(220,'JOB EMP TRAVEL ',NULL,NULL,NULL,NULL,'2019-03-27 11:21:37.239000','2',NULL,NULL,NULL,NULL,'53',NULL,'2019-03-27 11:21:37.239000',NULL,'2019-03-27 11:21:37.239000','16','53','JOB LOGISTICS SERVICE','JOB EMP TRAVEL DELETED',NULL,'33'),(221,'JOB CONFIRM',NULL,NULL,NULL,NULL,'2019-03-27 11:23:17.246000','2',NULL,NULL,NULL,NULL,'53',NULL,'2019-03-27 11:23:17.246000',NULL,'2019-03-27 11:23:17.246000','16','53','JOB PLAN SERVICE','JOB CONFIRM',NULL,'33'),(222,'START RESOURCING',NULL,NULL,NULL,NULL,'2019-03-27 11:29:37.580000','4',NULL,NULL,NULL,NULL,'54',NULL,'2019-03-27 11:29:37.580000',NULL,'2019-03-27 11:29:37.580000','3','54','JOB PLAN SERVICE','START RESOURCING',NULL,'24'),(223,'START RESOURCING',NULL,NULL,NULL,NULL,'2019-03-27 13:14:01.703000','4',NULL,NULL,NULL,NULL,'54',NULL,'2019-03-27 13:14:01.703000',NULL,'2019-03-27 13:14:01.703000','3','54','JOB PLAN SERVICE','START RESOURCING',NULL,'24'),(224,'START RESOURCING',NULL,NULL,NULL,NULL,'2019-03-27 13:14:06.448000','4',NULL,NULL,NULL,NULL,'54',NULL,'2019-03-27 13:14:06.448000',NULL,'2019-03-27 13:14:06.448000','3','54','JOB PLAN SERVICE','START RESOURCING',NULL,'24'),(225,'START RESOURCING',NULL,NULL,NULL,NULL,'2019-03-27 13:14:23.433000','4',NULL,NULL,NULL,NULL,'54',NULL,'2019-03-27 13:14:23.433000',NULL,'2019-03-27 13:14:23.433000','3','54','JOB PLAN SERVICE','START RESOURCING',NULL,'24'),(226,'START JOB PLAN',NULL,NULL,NULL,NULL,'2019-03-27 13:36:32.148000','4',NULL,NULL,NULL,NULL,'55',NULL,'2019-03-27 13:36:32.148000',NULL,'2019-03-27 13:36:32.148000','3','55','JOB PLAN SERVICE','START JOB PLAN',NULL,'24'),(227,'JOB CONFIRM',NULL,NULL,NULL,NULL,'2019-03-27 13:36:38.783000','4',NULL,NULL,NULL,NULL,'55',NULL,'2019-03-27 13:36:38.783000',NULL,'2019-03-27 13:36:38.783000','3','55','JOB PLAN SERVICE','JOB CONFIRM',NULL,'24'),(228,'START JOB PLAN',NULL,NULL,NULL,NULL,'2019-03-27 13:37:43.578000','4',NULL,NULL,NULL,NULL,'56',NULL,'2019-03-27 13:37:43.578000',NULL,'2019-03-27 13:37:43.578000','3','56','JOB PLAN SERVICE','START JOB PLAN',NULL,'24'),(229,'JOB CONFIRM',NULL,NULL,NULL,NULL,'2019-03-27 13:37:54.200000','4',NULL,NULL,NULL,NULL,'56',NULL,'2019-03-27 13:37:54.200000',NULL,'2019-03-27 13:37:54.200000','3','56','JOB PLAN SERVICE','JOB CONFIRM',NULL,'24'),(230,'START JOB PLAN',NULL,NULL,NULL,NULL,'2019-03-27 13:38:49.209000','2',NULL,NULL,NULL,NULL,'57',NULL,'2019-03-27 13:38:49.209000',NULL,'2019-03-27 13:38:49.209000','16','57','JOB PLAN SERVICE','START JOB PLAN',NULL,'33'),(231,'JOB CONFIRM',NULL,NULL,NULL,NULL,'2019-03-27 13:38:53.433000','4',NULL,NULL,NULL,NULL,'56',NULL,'2019-03-27 13:38:53.433000',NULL,'2019-03-27 13:38:53.433000','3','56','JOB PLAN SERVICE','JOB CONFIRM',NULL,'24'),(232,'START RESOURCING',NULL,NULL,NULL,NULL,'2019-03-27 13:39:00.199000','4',NULL,NULL,NULL,NULL,'56',NULL,'2019-03-27 13:39:00.199000',NULL,'2019-03-27 13:39:00.199000','3','56','JOB PLAN SERVICE','START RESOURCING',NULL,'24'),(233,'START RESOURCING',NULL,NULL,NULL,NULL,'2019-03-27 13:39:18.098000','2',NULL,NULL,NULL,NULL,'57',NULL,'2019-03-27 13:39:18.098000',NULL,'2019-03-27 13:39:18.098000','16','57','JOB PLAN SERVICE','START RESOURCING',NULL,'33'),(234,'JOB CONFIRM',NULL,NULL,NULL,NULL,'2019-03-27 13:39:46.784000','2',NULL,NULL,NULL,NULL,'57',NULL,'2019-03-27 13:39:46.784000',NULL,'2019-03-27 13:39:46.784000','16','57','JOB PLAN SERVICE','JOB CONFIRM',NULL,'33'),(235,'JOB CONFIRM',NULL,NULL,NULL,NULL,'2019-03-27 13:40:09.705000','2',NULL,NULL,NULL,NULL,'56',NULL,'2019-03-27 13:40:09.705000',NULL,'2019-03-27 13:40:09.705000','3','56','JOB PLAN SERVICE','JOB CONFIRM',NULL,'33'),(236,'JOB CONFIRM',NULL,NULL,NULL,NULL,'2019-03-27 13:41:52.623000','2',NULL,NULL,NULL,NULL,'56',NULL,'2019-03-27 13:41:52.623000',NULL,'2019-03-27 13:41:52.623000','3','56','JOB PLAN SERVICE','JOB CONFIRM',NULL,'33'),(237,'JOB CONFIRM',NULL,NULL,NULL,NULL,'2019-03-27 13:43:48.586000','2',NULL,NULL,NULL,NULL,'56',NULL,'2019-03-27 13:43:48.586000',NULL,'2019-03-27 13:43:48.586000','3','56','JOB PLAN SERVICE','JOB CONFIRM',NULL,'33'),(238,'JOB CONFIRM',NULL,NULL,NULL,NULL,'2019-03-27 13:45:44.605000','4',NULL,NULL,NULL,NULL,'37',NULL,'2019-03-27 13:45:44.605000',NULL,'2019-03-27 13:45:44.605000','3','37','JOB PLAN SERVICE','JOB CONFIRM',NULL,'24'),(239,'JOB CONFIRM',NULL,NULL,NULL,NULL,'2019-03-27 13:45:46.715000','2',NULL,NULL,NULL,NULL,'56',NULL,'2019-03-27 13:45:46.715000',NULL,'2019-03-27 13:45:46.715000','3','56','JOB PLAN SERVICE','JOB CONFIRM',NULL,'33'),(240,'JOB CONFIRM',NULL,NULL,NULL,NULL,'2019-03-27 13:46:02.391000','2',NULL,NULL,NULL,NULL,'56',NULL,'2019-03-27 13:46:02.391000',NULL,'2019-03-27 13:46:02.391000','3','56','JOB PLAN SERVICE','JOB CONFIRM',NULL,'33'),(241,'JOB CONFIRM',NULL,NULL,NULL,NULL,'2019-03-27 13:46:15.339000','4',NULL,NULL,NULL,NULL,'37',NULL,'2019-03-27 13:46:15.339000',NULL,'2019-03-27 13:46:15.339000','3','37','JOB PLAN SERVICE','JOB CONFIRM',NULL,'24'),(242,'JOB EMP TRAVEL ',NULL,NULL,NULL,NULL,'2019-03-27 13:46:16.596000','2',NULL,NULL,NULL,NULL,'56',NULL,'2019-03-27 13:46:16.596000',NULL,'2019-03-27 13:46:16.596000','3','56','JOB LOGISTICS SERVICE','JOB EMP TRAVEL DELETED',NULL,'33'),(243,'START RESOURCING',NULL,NULL,NULL,NULL,'2019-03-27 13:46:23.721000','4',NULL,NULL,NULL,NULL,'37',NULL,'2019-03-27 13:46:23.721000',NULL,'2019-03-27 13:46:23.721000','3','37','JOB PLAN SERVICE','START RESOURCING',NULL,'24'),(244,'JOB EMP TRAVEL ',NULL,NULL,NULL,NULL,'2019-03-27 13:48:37.827000','4',NULL,NULL,NULL,NULL,'56',NULL,'2019-03-27 13:48:37.827000',NULL,'2019-03-27 13:48:37.827000','3','56','JOB LOGISTICS SERVICE','JOB EMP TRAVEL DELETED',NULL,'24'),(245,'JOB EMP TRAVEL ',NULL,NULL,NULL,NULL,'2019-03-27 13:49:39.307000','2',NULL,NULL,NULL,NULL,'56',NULL,'2019-03-27 13:49:39.307000',NULL,'2019-03-27 13:49:39.307000','3','56','JOB LOGISTICS SERVICE','JOB EMP TRAVEL DELETED',NULL,'33'),(246,'START JOB PLAN',NULL,NULL,NULL,NULL,'2019-03-27 13:58:38.015000','4',NULL,NULL,NULL,NULL,'58',NULL,'2019-03-27 13:58:38.015000',NULL,'2019-03-27 13:58:38.015000','3','58','JOB PLAN SERVICE','START JOB PLAN',NULL,'24'),(247,'JOB CONFIRM',NULL,NULL,NULL,NULL,'2019-03-27 14:14:30.214000','4',NULL,NULL,NULL,NULL,'58',NULL,'2019-03-27 14:14:30.214000',NULL,'2019-03-27 14:14:30.214000','3','58','JOB PLAN SERVICE','JOB CONFIRM',NULL,'24'),(248,'START RESOURCING',NULL,NULL,NULL,NULL,'2019-03-27 14:14:36.473000','4',NULL,NULL,NULL,NULL,'58',NULL,'2019-03-27 14:14:36.473000',NULL,'2019-03-27 14:14:36.473000','3','58','JOB PLAN SERVICE','START RESOURCING',NULL,'24'),(249,'START JOB PLAN',NULL,NULL,NULL,NULL,'2019-03-27 16:05:00.481000','4',NULL,NULL,NULL,NULL,'59',NULL,'2019-03-27 16:05:00.481000',NULL,'2019-03-27 16:05:00.481000','3','59','JOB PLAN SERVICE','START JOB PLAN',NULL,'24'),(250,'JOB CONFIRM',NULL,NULL,NULL,NULL,'2019-03-27 16:05:06.709000','4',NULL,NULL,NULL,NULL,'59',NULL,'2019-03-27 16:05:06.709000',NULL,'2019-03-27 16:05:06.709000','3','59','JOB PLAN SERVICE','JOB CONFIRM',NULL,'24'),(251,'START RESOURCING',NULL,NULL,NULL,NULL,'2019-03-27 16:05:24.483000','4',NULL,NULL,NULL,NULL,'59',NULL,'2019-03-27 16:05:24.483000',NULL,'2019-03-27 16:05:24.483000','3','59','JOB PLAN SERVICE','START RESOURCING',NULL,'24'),(252,'JOB CONFIRM',NULL,NULL,NULL,NULL,'2019-03-27 16:07:01.667000','4',NULL,NULL,NULL,NULL,'59',NULL,'2019-03-27 16:07:01.667000',NULL,'2019-03-27 16:07:01.667000','3','59','JOB PLAN SERVICE','JOB CONFIRM',NULL,'24'),(253,'JOB CONFIRM',NULL,NULL,NULL,NULL,'2019-03-27 16:12:12.650000','2',NULL,NULL,NULL,NULL,'59',NULL,'2019-03-27 16:12:12.650000',NULL,'2019-03-27 16:12:12.650000','3','59','JOB PLAN SERVICE','JOB CONFIRM',NULL,'33'),(254,'JOB CONFIRM',NULL,NULL,NULL,NULL,'2019-03-27 16:12:25.688000','2',NULL,NULL,NULL,NULL,'59',NULL,'2019-03-27 16:12:25.689000',NULL,'2019-03-27 16:12:25.689000','3','59','JOB PLAN SERVICE','JOB CONFIRM',NULL,'33'),(255,'JOB CONFIRM',NULL,NULL,NULL,NULL,'2019-03-27 16:25:11.346000','2',NULL,NULL,NULL,NULL,'56',NULL,'2019-03-27 16:25:11.346000',NULL,'2019-03-27 16:25:11.346000','3','56','JOB PLAN SERVICE','JOB CONFIRM',NULL,'33'),(256,'JOB CONFIRM',NULL,NULL,NULL,NULL,'2019-03-27 16:26:04.140000','2',NULL,NULL,NULL,NULL,'56',NULL,'2019-03-27 16:26:04.140000',NULL,'2019-03-27 16:26:04.140000','3','56','JOB PLAN SERVICE','JOB CONFIRM',NULL,'33'),(257,'START JOB PLAN',NULL,NULL,NULL,NULL,'2019-03-27 16:28:31.236000','2',NULL,NULL,NULL,NULL,'60',NULL,'2019-03-27 16:28:31.236000',NULL,'2019-03-27 16:28:31.236000','16','60','JOB PLAN SERVICE','START JOB PLAN',NULL,'33'),(258,'START RESOURCING',NULL,NULL,NULL,NULL,'2019-03-27 16:28:40.346000','2',NULL,NULL,NULL,NULL,'60',NULL,'2019-03-27 16:28:40.346000',NULL,'2019-03-27 16:28:40.346000','16','60','JOB PLAN SERVICE','START RESOURCING',NULL,'33'),(259,'JOB CONFIRM',NULL,NULL,NULL,NULL,'2019-03-27 16:29:19.902000','2',NULL,NULL,NULL,NULL,'60',NULL,'2019-03-27 16:29:19.902000',NULL,'2019-03-27 16:29:19.902000','16','60','JOB PLAN SERVICE','JOB CONFIRM',NULL,'33'),(260,'JOB CONFIRM',NULL,NULL,NULL,NULL,'2019-03-27 16:41:19.132000','2',NULL,NULL,NULL,NULL,'60',NULL,'2019-03-27 16:41:19.132000',NULL,'2019-03-27 16:41:19.132000','16','60','JOB PLAN SERVICE','JOB CONFIRM',NULL,'33'),(261,'JOB CONFIRM',NULL,NULL,NULL,NULL,'2019-03-27 16:41:22.562000','2',NULL,NULL,NULL,NULL,'60',NULL,'2019-03-27 16:41:22.562000',NULL,'2019-03-27 16:41:22.562000','16','60','JOB PLAN SERVICE','JOB CONFIRM',NULL,'33'),(262,'START JOB PLAN',NULL,NULL,NULL,NULL,'2019-03-27 16:42:36.118000','4',NULL,NULL,NULL,NULL,'61',NULL,'2019-03-27 16:42:36.118000',NULL,'2019-03-27 16:42:36.118000','3','61','JOB PLAN SERVICE','START JOB PLAN',NULL,'24'),(263,'JOB CONFIRM',NULL,NULL,NULL,NULL,'2019-03-27 16:42:47.307000','4',NULL,NULL,NULL,NULL,'61',NULL,'2019-03-27 16:42:47.308000',NULL,'2019-03-27 16:42:47.308000','3','61','JOB PLAN SERVICE','JOB CONFIRM',NULL,'24'),(264,'JOB CONFIRM',NULL,NULL,NULL,NULL,'2019-03-27 16:44:09.743000','4',NULL,NULL,NULL,NULL,'61',NULL,'2019-03-27 16:44:09.743000',NULL,'2019-03-27 16:44:09.743000','3','61','JOB PLAN SERVICE','JOB CONFIRM',NULL,'24'),(265,'START RESOURCING',NULL,NULL,NULL,NULL,'2019-03-27 16:44:14.740000','4',NULL,NULL,NULL,NULL,'61',NULL,'2019-03-27 16:44:14.740000',NULL,'2019-03-27 16:44:14.740000','3','61','JOB PLAN SERVICE','START RESOURCING',NULL,'24'),(266,'START RESOURCING',NULL,NULL,NULL,NULL,'2019-03-27 16:44:41.657000','4',NULL,NULL,NULL,NULL,'61',NULL,'2019-03-27 16:44:41.657000',NULL,'2019-03-27 16:44:41.657000','3','61','JOB PLAN SERVICE','START RESOURCING',NULL,'24'),(267,'JOB CONFIRM',NULL,NULL,NULL,NULL,'2019-03-27 16:44:43.458000','4',NULL,NULL,NULL,NULL,'61',NULL,'2019-03-27 16:44:43.458000',NULL,'2019-03-27 16:44:43.458000','3','61','JOB PLAN SERVICE','JOB CONFIRM',NULL,'24'),(268,'JOB CONFIRM',NULL,NULL,NULL,NULL,'2019-03-27 17:06:10.533000','4',NULL,NULL,NULL,NULL,'61',NULL,'2019-03-27 17:06:10.533000',NULL,'2019-03-27 17:06:10.533000','3','61','JOB PLAN SERVICE','JOB CONFIRM',NULL,'24'),(269,'START RESOURCING',NULL,NULL,NULL,NULL,'2019-03-27 17:06:18.033000','4',NULL,NULL,NULL,NULL,'61',NULL,'2019-03-27 17:06:18.033000',NULL,'2019-03-27 17:06:18.033000','3','61','JOB PLAN SERVICE','START RESOURCING',NULL,'24'),(270,'START JOB PLAN',NULL,NULL,NULL,NULL,'2019-03-27 18:10:09.734000','17',NULL,NULL,NULL,NULL,'62',NULL,'2019-03-27 18:10:09.734000',NULL,'2019-03-27 18:10:09.734000','3','62','JOB PLAN SERVICE','START JOB PLAN',NULL,'17'),(271,'JOB CONFIRM',NULL,NULL,NULL,NULL,'2019-03-27 18:10:17.564000','17',NULL,NULL,NULL,NULL,'62',NULL,'2019-03-27 18:10:17.564000',NULL,'2019-03-27 18:10:17.564000','3','62','JOB PLAN SERVICE','JOB CONFIRM',NULL,'17'),(272,'START RESOURCING',NULL,NULL,NULL,NULL,'2019-03-27 18:11:44.342000','17',NULL,NULL,NULL,NULL,'62',NULL,'2019-03-27 18:11:44.342000',NULL,'2019-03-27 18:11:44.342000','3','62','JOB PLAN SERVICE','START RESOURCING',NULL,'17'),(273,'JOB CONFIRM',NULL,NULL,NULL,NULL,'2019-03-27 18:13:02.177000','17',NULL,NULL,NULL,NULL,'62',NULL,'2019-03-27 18:13:02.177000',NULL,'2019-03-27 18:13:02.177000','3','62','JOB PLAN SERVICE','JOB CONFIRM',NULL,'17'),(274,'START JOB PLAN',NULL,NULL,NULL,NULL,'2019-03-28 10:33:23.763000','4',NULL,NULL,NULL,NULL,'63',NULL,'2019-03-28 10:33:23.763000',NULL,'2019-03-28 10:33:23.763000','3','63','JOB PLAN SERVICE','START JOB PLAN',NULL,'24'),(275,'START JOB PLAN',NULL,NULL,NULL,NULL,'2019-03-28 10:50:19.743000','17',NULL,NULL,NULL,NULL,'64',NULL,'2019-03-28 10:50:19.743000',NULL,'2019-03-28 10:50:19.743000','3','64','JOB PLAN SERVICE','START JOB PLAN',NULL,'17'),(276,'JOB CONFIRM',NULL,NULL,NULL,NULL,'2019-03-28 12:13:40.047000','2',NULL,NULL,NULL,NULL,'49',NULL,'2019-03-28 12:13:40.048000',NULL,'2019-03-28 12:13:40.048000','16','49','JOB PLAN SERVICE','JOB CONFIRM',NULL,'33'),(277,'JOB EMP TRAVEL ',NULL,NULL,NULL,NULL,'2019-03-28 12:14:45.141000','2',NULL,NULL,NULL,NULL,'49',NULL,'2019-03-28 12:14:45.141000',NULL,'2019-03-28 12:14:45.141000','16','49','JOB LOGISTICS SERVICE','JOB EMP TRAVEL DELETED',NULL,'33'),(278,'START RESOURCING',NULL,NULL,NULL,NULL,'2019-03-30 13:31:59.269000','2','2',NULL,NULL,NULL,'3',NULL,'2019-03-30 13:31:59.269000',NULL,'2019-03-30 13:31:59.269000','1','3','JOB PLAN SERVICE','START RESOURCING',NULL,'33'),(279,'JOB CONFIRM',NULL,NULL,NULL,NULL,'2019-04-25 18:30:51.240000','2','2',NULL,NULL,NULL,'6',NULL,'2019-04-25 18:30:51.240000',NULL,'2019-04-25 18:30:51.240000','1','6','JOB PLAN SERVICE','JOB CONFIRM',NULL,'33'),(280,'START JOB PLAN',NULL,NULL,NULL,NULL,'2019-04-30 17:06:58.856000','2',NULL,NULL,NULL,NULL,'70',NULL,'2019-04-30 17:06:58.856000',NULL,'2019-04-30 17:06:58.856000','3','70','JOB PLAN SERVICE','START JOB PLAN',NULL,'33'),(281,'START RESOURCING',NULL,NULL,NULL,NULL,'2019-04-30 17:07:05.014000','2',NULL,NULL,NULL,NULL,'70',NULL,'2019-04-30 17:07:05.014000',NULL,'2019-04-30 17:07:05.014000','3','70','JOB PLAN SERVICE','START RESOURCING',NULL,'33'),(282,'JOB CONFIRM',NULL,NULL,NULL,NULL,'2019-04-30 17:07:40.401000','2',NULL,NULL,NULL,NULL,'70',NULL,'2019-04-30 17:07:40.401000',NULL,'2019-04-30 17:07:40.401000','3','70','JOB PLAN SERVICE','JOB CONFIRM',NULL,'33'),(283,'JOB CONFIRM',NULL,NULL,NULL,NULL,'2019-04-30 17:19:02.870000','2','2',NULL,NULL,NULL,'3',NULL,'2019-04-30 17:19:02.870000',NULL,'2019-04-30 17:19:02.870000','1','3','JOB PLAN SERVICE','JOB CONFIRM',NULL,'33'),(284,'JOB CONFIRM',NULL,NULL,NULL,NULL,'2019-04-30 17:29:40.239000','2','2',NULL,NULL,NULL,'6',NULL,'2019-04-30 17:29:40.239000',NULL,'2019-04-30 17:29:40.239000','1','6','JOB PLAN SERVICE','JOB CONFIRM',NULL,'33'),(285,'JOB CONFIRM',NULL,NULL,NULL,NULL,'2019-05-02 17:47:52.355000','2','3',NULL,NULL,NULL,'49',NULL,'2019-05-02 17:47:52.355000',NULL,'2019-05-02 17:47:52.355000','16','49','JOB PLAN SERVICE','JOB CONFIRM',NULL,'33'),(286,'JOB EMP TRAVEL ',NULL,NULL,NULL,NULL,'2019-05-02 17:52:43.961000','2','17',NULL,NULL,NULL,'53',NULL,'2019-05-02 17:52:43.961000',NULL,'2019-05-02 17:52:43.961000','16','53','JOB LOGISTICS SERVICE','JOB EMP TRAVEL COMPLETED',NULL,'33'),(287,'JOB EMP ACCOMODATION ',NULL,NULL,NULL,NULL,'2019-05-02 17:54:23.108000','2','17',NULL,NULL,NULL,'53',NULL,'2019-05-02 17:54:23.108000',NULL,'2019-05-02 17:54:23.108000','16','53','JOB LOGISTICS SERVICE','JOB EMP ACCOMODATION COMPLETED',NULL,'33'),(288,NULL,NULL,NULL,NULL,NULL,'2019-05-02 17:54:46.134000','2',NULL,NULL,NULL,NULL,'23',NULL,'2019-05-02 17:54:46.134000',NULL,'2019-05-02 17:54:46.134000',NULL,'53','EMPLOYEE REPORTING',NULL,NULL,'33'),(289,'JOB CONFIRM',NULL,NULL,NULL,NULL,'2019-05-02 18:05:39.733000','2','2',NULL,NULL,NULL,'6',NULL,'2019-05-02 18:05:39.733000',NULL,'2019-05-02 18:05:39.733000','1','6','JOB PLAN SERVICE','JOB CONFIRM',NULL,'33'),(290,'START RESOURCING',NULL,NULL,NULL,NULL,'2019-05-03 11:04:55.933000','2','2',NULL,NULL,NULL,'6',NULL,'2019-05-03 11:04:55.933000',NULL,'2019-05-03 11:04:55.933000','1','6','JOB PLAN SERVICE','START RESOURCING',NULL,'33'),(291,'JOB CONFIRM',NULL,NULL,NULL,NULL,'2019-05-03 11:06:06.069000','2','2',NULL,NULL,NULL,'6',NULL,'2019-05-03 11:06:06.069000',NULL,'2019-05-03 11:06:06.069000','1','6','JOB PLAN SERVICE','JOB CONFIRM',NULL,'33'),(292,'JOB CONFIRM',NULL,NULL,NULL,NULL,'2019-05-03 11:06:15.352000','2','2',NULL,NULL,NULL,'6',NULL,'2019-05-03 11:06:15.352000',NULL,'2019-05-03 11:06:15.352000','1','6','JOB PLAN SERVICE','JOB CONFIRM',NULL,'33'),(293,'START RESOURCING',NULL,NULL,NULL,NULL,'2019-05-03 11:12:17.955000','2','17',NULL,NULL,NULL,'70',NULL,'2019-05-03 11:12:17.955000',NULL,'2019-05-03 11:12:17.955000','3','70','JOB PLAN SERVICE','START RESOURCING',NULL,'33'),(294,'JOB CONFIRM',NULL,NULL,NULL,NULL,'2019-05-03 11:13:00.021000','2','17',NULL,NULL,NULL,'70',NULL,'2019-05-03 11:13:00.021000',NULL,'2019-05-03 11:13:00.021000','3','70','JOB PLAN SERVICE','JOB CONFIRM',NULL,'33'),(295,'JOB CONFIRM',NULL,NULL,NULL,NULL,'2019-05-03 11:48:36.936000','2','17',NULL,NULL,NULL,'70',NULL,'2019-05-03 11:48:36.936000',NULL,'2019-05-03 11:48:36.936000','3','70','JOB PLAN SERVICE','JOB CONFIRM',NULL,'33'),(296,'JOB CONFIRM',NULL,NULL,NULL,NULL,'2019-05-03 18:18:31.381000','26','2',NULL,NULL,NULL,'3',NULL,'2019-05-03 18:18:31.381000',NULL,'2019-05-03 18:18:31.381000','1','3','JOB PLAN SERVICE','JOB CONFIRM',NULL,'34'),(297,'START RESOURCING',NULL,NULL,NULL,NULL,'2019-05-06 19:06:37.145000','26','2',NULL,NULL,NULL,'6',NULL,'2019-05-06 19:06:37.146000',NULL,'2019-05-06 19:06:37.146000','1','6','JOB PLAN SERVICE','START RESOURCING',NULL,'34'),(298,'JOB CONFIRM',NULL,NULL,NULL,NULL,'2019-05-07 11:25:04.659000','26','2',NULL,NULL,NULL,'6',NULL,'2019-05-07 11:25:04.659000',NULL,'2019-05-07 11:25:04.659000','1','6','JOB PLAN SERVICE','JOB CONFIRM',NULL,'34'),(299,'REQUEST JOB CONFIRMATION',NULL,NULL,NULL,NULL,'2019-08-02 17:33:40.246000','1','17',NULL,NULL,NULL,'5',NULL,'2019-08-02 17:33:40.246000',NULL,'2019-08-02 17:33:40.246000','16','5','JOB PLAN SERVICE','REQUEST JOB CONFIRMATION',NULL,'262'),(300,'JOB CONFIRM',NULL,NULL,NULL,NULL,'2019-09-10 17:18:09.512000','99','17',NULL,NULL,NULL,'5',NULL,'2019-09-10 17:18:09.512000',NULL,'2019-09-10 17:18:09.512000','16','5','JOB PLAN SERVICE','JOB CONFIRM',NULL,'30');
/*!40000 ALTER TABLE `t_process_log` ENABLE KEYS */;
UNLOCK TABLES;

--
-- Table structure for table `t_project`
--

DROP TABLE IF EXISTS `t_project`;
/*!40101 SET @saved_cs_client     = @@character_set_client */;
/*!40101 SET character_set_client = utf8 */;
CREATE TABLE `t_project` (
  `id` int(11) NOT NULL AUTO_INCREMENT,
  `proj_code` varchar(255) DEFAULT NULL,
  `proj_name` varchar(255) DEFAULT NULL,
  `country` varchar(100) DEFAULT NULL,
  `end_client` varchar(100) DEFAULT NULL,
  `site_name` varchar(100) DEFAULT NULL,
  `site_address` varchar(100) DEFAULT NULL,
  `contact_name` varchar(100) DEFAULT NULL,
  `mob_no` varchar(100) DEFAULT NULL,
  `proj_lats_longs` varchar(100) DEFAULT NULL,
  `remarks` varchar(100) DEFAULT NULL,
  `partner_id` varchar(100) DEFAULT NULL,
  `is_enabled` varchar(100) DEFAULT NULL,
  `created_by` varchar(100) DEFAULT NULL,
  `modified_by` varchar(100) DEFAULT NULL,
  `created_dt` datetime DEFAULT NULL,
  `modified_dt` datetime DEFAULT NULL,
  `map_location_id` varchar(100) DEFAULT NULL,
  `purchase_order_id` varchar(100) DEFAULT NULL,
  PRIMARY KEY (`id`)
) ENGINE=InnoDB AUTO_INCREMENT=23 DEFAULT CHARSET=latin1;
/*!40101 SET character_set_client = @saved_cs_client */;

--
-- Dumping data for table `t_project`
--

LOCK TABLES `t_project` WRITE;
/*!40000 ALTER TABLE `t_project` DISABLE KEYS */;
INSERT INTO `t_project` VALUES (1,'Proj-001','OM-IND-STRUCTURAL TAKE','India','NPCIL','chennai','chennai','Sarfaraz','1588',NULL,'OM Project','3',NULL,NULL,NULL,NULL,'2019-05-03 18:40:38','18','1'),(2,'Proj-002','GE-IND-TTT','Germany','NPCIL','chennai','Germany','Imthyaz','54321',NULL,'GE Project','106',NULL,NULL,NULL,NULL,'2019-05-04 18:02:42','23','3'),(8,'PRO-2','OM-IND-STRUCTURAL TAKE','India','NPCIL','chennai','madurai','Sarfaraz','1588','125,589','good','3','Y','24',NULL,'2018-12-14 15:51:53','2019-05-02 17:04:40','23','6'),(11,'PRO-5','Project','India','GM','chennai','chennai','Dinesh','54321','135,985','ggggg','16','Y','24',NULL,'2018-12-14 16:50:45','2019-05-02 17:01:41','22','7'),(13,'PROJ-7','test','India','test client ','chennai','chennai','Imthyaz','54321',NULL,'test','106','Y','33',NULL,'2019-02-02 15:03:01','2019-05-02 17:03:14','18','15'),(16,'PROJ-10','testing','India','GM','chennai','madurai','Sarfaraz','1588',NULL,'gm','3','Y','24',NULL,'2019-03-15 13:43:14','2019-05-03 15:51:44','21','2'),(17,'PROJ-11','sample','India','gm','madurai','madurai','Sarfaraz','1588',NULL,'sample','3','Y','24',NULL,'2019-03-19 18:40:14','2019-05-03 15:48:03','18','2'),(18,'PROJ-12','SIDSYNC','Germany','India','chennai','chennai','Dinesh','54321',NULL,'test','16','Y','33',NULL,'2019-03-20 14:39:50','2019-05-03 13:27:19','23','7'),(20,'PROJ-14','rere','India','GM','chennai','madurai','Sarfaraz','1588',NULL,'NPTEL Project','3','Y','24',NULL,'2019-03-29 11:18:29','2019-05-03 11:00:58','23',NULL),(21,'PROJ-15','Retro Fitting','India','GM','chennai','Mumbai','Sarfaraz','1588',NULL,'IMP','3','Y','24',NULL,'2019-03-29 11:30:06','2019-05-04 18:09:14','21','5');
/*!40000 ALTER TABLE `t_project` ENABLE KEYS */;
UNLOCK TABLES;

--
-- Table structure for table `t_purc_order`
--

DROP TABLE IF EXISTS `t_purc_order`;
/*!40101 SET @saved_cs_client     = @@character_set_client */;
/*!40101 SET character_set_client = utf8 */;
CREATE TABLE `t_purc_order` (
  `id` int(11) NOT NULL AUTO_INCREMENT,
  `created_by` varchar(255) DEFAULT NULL,
  `created_dt` datetime(6) DEFAULT NULL,
  `gross_po_amt` double(10,4) DEFAULT NULL,
  `is_enabled` varchar(255) DEFAULT NULL,
  `modified_by` varchar(255) DEFAULT NULL,
  `modified_dt` datetime(6) DEFAULT NULL,
  `net_po_amt` double(10,4) DEFAULT NULL,
  `partner_id` int(11) DEFAULT NULL,
  `po_code` varchar(255) DEFAULT NULL,
  `po_dt` date DEFAULT NULL,
  `po_note` varchar(255) DEFAULT NULL,
  `po_ref_number` varchar(255) DEFAULT NULL,
  `po_status` varchar(255) DEFAULT NULL,
  `ref_type` varchar(255) DEFAULT NULL,
  `total_discount_amt` double(10,4) DEFAULT NULL,
  `total_due_amt` double(10,4) DEFAULT NULL,
  `total_paid_amt` double(10,4) DEFAULT NULL,
  `total_tax_amt` double(10,4) DEFAULT NULL,
  `vendor_id` int(11) DEFAULT NULL,
  `po_name` varchar(50) DEFAULT NULL,
  `billing_remarks` varchar(50) DEFAULT NULL,
  `address` varchar(100) DEFAULT NULL,
  `phone_number` varchar(11) DEFAULT NULL,
  `email_id` varchar(40) DEFAULT NULL,
  `cgst` double(10,4) DEFAULT NULL,
  `sgst` double(10,4) DEFAULT NULL,
  `igst` double(10,4) DEFAULT NULL,
  `total_shipping_amt` double(10,4) DEFAULT NULL,
  `other_amt` double(10,4) DEFAULT NULL,
  `supplier_ref_number` varchar(100) DEFAULT NULL,
  `other_ref_number` varchar(100) DEFAULT NULL,
  `despatch_through` varchar(100) DEFAULT NULL,
  `destination` varchar(100) DEFAULT NULL,
  `delivery_terms` varchar(100) DEFAULT NULL,
  `doc_id` varchar(100) DEFAULT NULL,
  PRIMARY KEY (`id`)
) ENGINE=InnoDB AUTO_INCREMENT=16 DEFAULT CHARSET=latin1;
/*!40101 SET character_set_client = @saved_cs_client */;

--
-- Dumping data for table `t_purc_order`
--

LOCK TABLES `t_purc_order` WRITE;
/*!40000 ALTER TABLE `t_purc_order` DISABLE KEYS */;
INSERT INTO `t_purc_order` VALUES (6,NULL,'2019-01-03 15:38:06.416000',555.8000,NULL,NULL,'2019-05-11 11:59:53.296000',10.0000,NULL,'PO-8','2019-01-04',NULL,'012',NULL,NULL,42.0000,401.0000,154.0000,142.8000,1,NULL,'Test','Chennai','9876543210','gauthamkumar@sidsync.com',20.4000,48.9600,73.4400,5.0000,NULL,'33333','3333','3333','Delhi','Cash on Delivery','9ede2122-f147-42bf-bca7-b0ed5b6d0581'),(7,NULL,'2019-01-09 14:13:04.066000',142.8125,NULL,NULL,'2019-05-09 13:45:49.221000',10.0000,NULL,'PO-9','2019-01-10',NULL,'1111',NULL,NULL,6.2500,0.0000,142.0000,24.0625,1,NULL,'test','Chennai','9876543210','gauthamkumar@sidsync.com',3.4375,8.2500,12.3750,50.0000,NULL,'100','test','test','test','test','930b28fe-65ac-4049-bc0b-9b7d7fdaeaeb'),(11,NULL,'2019-01-09 14:25:01.944000',185.8000,NULL,NULL,'2019-05-10 10:56:58.166000',10.0000,NULL,'PO-13','2019-01-01',NULL,'V003',NULL,NULL,11.2500,55.0000,130.0000,22.0500,3,NULL,'TEST','Delhi','9999777885','gauthamcse90@gmail.com',7.3500,7.3500,7.3500,50.0000,NULL,'100','TEST','TEST','TEST','TEST','b4187554-fb8f-4f8f-b17b-537afc0d2fd2'),(12,NULL,'2019-01-29 13:36:19.011000',3367.0000,NULL,NULL,'2019-03-19 12:18:25.380000',10.0000,NULL,'PO-14','2019-01-29',NULL,'123',NULL,NULL,300.0000,0.0000,3367.0000,567.0000,1,NULL,'Test','Chennai','9876543210','gauthamkumar@sidsync.com',189.0000,189.0000,189.0000,100.0000,NULL,'1234','1234','123','goa','COD','b106df15-d320-4858-b310-98e0b37f723e'),(13,NULL,'2019-02-02 17:51:51.686000',23600.0000,NULL,NULL,'2019-05-20 15:05:51.076000',10.0000,NULL,'PO-15','2019-04-25',NULL,'5412',NULL,NULL,0.0000,13600.0000,10000.0000,3600.0000,2,NULL,'NOT PAID','Bangalore','1234567890','dinesh@sidsync.com',1200.0000,1200.0000,1200.0000,NULL,NULL,'1232',NULL,NULL,NULL,NULL,'2eeba379-8565-449e-a504-a0e92b133ffd'),(14,NULL,'2019-04-12 14:06:24.884000',5810.0000,NULL,NULL,'2019-05-07 17:31:31.979000',NULL,NULL,'PO-16','2019-04-26',NULL,'7812',NULL,NULL,0.0000,810.0000,5000.0000,810.0000,1,NULL,'PAID','Chennai','9876543210','imthyaz@sidsync.com',270.0000,270.0000,270.0000,500.0000,NULL,'12343',NULL,NULL,NULL,NULL,'26d736a2-2989-4dd2-84be-341e9dd11d7f'),(15,NULL,'2019-05-07 17:39:41.469000',5664.0000,NULL,NULL,'2019-05-07 17:54:12.268000',NULL,NULL,'PO-17','2019-05-07',NULL,'ss01',NULL,NULL,0.0000,NULL,NULL,864.0000,17,NULL,'nsa','Chennai','9876543210','Imthyaz@gmail.com',288.0000,288.0000,288.0000,NULL,NULL,NULL,NULL,NULL,NULL,NULL,'10161a8d-e633-4554-8914-4109ac18edce');
/*!40000 ALTER TABLE `t_purc_order` ENABLE KEYS */;
UNLOCK TABLES;

--
-- Table structure for table `t_purc_order_line`
--

DROP TABLE IF EXISTS `t_purc_order_line`;
/*!40101 SET @saved_cs_client     = @@character_set_client */;
/*!40101 SET character_set_client = utf8 */;
CREATE TABLE `t_purc_order_line` (
  `id` int(11) NOT NULL AUTO_INCREMENT,
  `created_by` varchar(255) DEFAULT NULL,
  `created_dt` datetime(6) DEFAULT NULL,
  `is_enabled` varchar(255) DEFAULT NULL,
  `is_lumpsum` varchar(255) DEFAULT NULL,
  `line_desc` varchar(255) DEFAULT NULL,
  `line_discount_amt` double(10,4) DEFAULT NULL,
  `line_gross_amt` double(10,4) DEFAULT NULL,
  `line_status` varchar(255) DEFAULT NULL,
  `line_tax_amt` double(10,4) DEFAULT NULL,
  `modified_by` varchar(255) DEFAULT NULL,
  `modified_dt` datetime(6) DEFAULT NULL,
  `qty` double(10,4) DEFAULT NULL,
  `received_qty` double(10,4) DEFAULT NULL,
  `ref` varchar(255) DEFAULT NULL,
  `returned_qty` double(10,4) DEFAULT NULL,
  `unit_amt` double(10,4) DEFAULT NULL,
  `t_purc_order_id` int(11) DEFAULT NULL,
  `cgst` double(10,4) DEFAULT NULL,
  `sgst` double(10,4) DEFAULT NULL,
  `igst` double(10,4) DEFAULT NULL,
  `material_id` int(11) DEFAULT NULL,
  `cgst_discount` double DEFAULT NULL,
  `sgst_discount` double DEFAULT NULL,
  `igst_discount` double DEFAULT NULL,
  `discount_type` varchar(100) DEFAULT NULL,
  `amt_before_discount` double DEFAULT NULL,
  `amt_after_discount` double DEFAULT NULL,
  `due_on_dt` date DEFAULT NULL,
  `discount_percentage` double DEFAULT NULL,
  PRIMARY KEY (`id`),
  KEY `FKh1b73vagf5p6tsb531rtmr6jm` (`t_purc_order_id`),
  CONSTRAINT `FKh1b73vagf5p6tsb531rtmr6jm` FOREIGN KEY (`t_purc_order_id`) REFERENCES `t_purc_order` (`id`)
) ENGINE=InnoDB AUTO_INCREMENT=21 DEFAULT CHARSET=latin1;
/*!40101 SET character_set_client = @saved_cs_client */;

--
-- Dumping data for table `t_purc_order_line`
--

LOCK TABLES `t_purc_order_line` WRITE;
/*!40000 ALTER TABLE `t_purc_order_line` DISABLE KEYS */;
INSERT INTO `t_purc_order_line` VALUES (7,NULL,'2019-01-03 15:38:06.431000',NULL,NULL,'test',10.0000,54.0000,NULL,0.0000,NULL,'2019-01-29 13:35:59.956000',10.0000,5.0000,NULL,NULL,5.0000,6,2.0000,4.8000,7.2000,2,5,12,18,'FIXED-AMOUNT',0,0,'2019-01-07',0),(8,NULL,'2019-01-03 15:38:06.433000',NULL,NULL,'test',32.0000,496.8000,NULL,0.0000,NULL,'2019-01-03 15:38:06.433000',50.0000,0.0000,NULL,NULL,8.0000,6,18.4000,44.1600,66.2400,1,5,12,18,'PERCENTAGE',400,368,'2019-01-16',8),(9,NULL,'2019-01-09 14:13:04.068000',NULL,NULL,'test',5.0000,60.7500,NULL,0.0000,NULL,'2019-01-09 14:13:04.068000',10.0000,0.0000,NULL,NULL,5.0000,7,2.2500,5.4000,8.1000,1,5,12,18,'FIXED-AMOUNT',0,0,'2019-01-10',0),(10,NULL,'2019-01-09 14:13:04.073000',NULL,NULL,'test',1.2500,32.0625,NULL,0.0000,NULL,'2019-01-09 14:13:04.073000',5.0000,0.0000,NULL,NULL,5.0000,7,1.1875,2.8500,4.2750,3,5,12,18,'PERCENTAGE',25,23.75,'2019-01-16',5),(14,NULL,'2019-01-09 14:25:01.946000',NULL,NULL,'TEST',10.0000,103.5000,NULL,0.0000,NULL,'2019-01-09 14:26:08.984000',10.0000,5.0000,NULL,3.0000,10.0000,11,4.5000,4.5000,4.5000,1,5,5,5,'FIXED-AMOUNT',0,0,'2019-01-10',0),(15,NULL,'2019-01-09 14:25:01.947000',NULL,NULL,'TEST',1.2500,32.3000,NULL,0.0000,NULL,'2019-01-09 14:26:08.990000',5.0000,5.0000,NULL,3.0000,5.0000,11,2.8500,2.8500,2.8500,2,12,12,12,'PERCENTAGE',25,23.75,'2019-01-10',5),(16,NULL,'2019-01-29 13:36:19.023000',NULL,NULL,'test',200.0000,2178.0000,NULL,0.0000,NULL,'2019-01-29 13:46:06.628000',20.0000,20.0000,NULL,NULL,100.0000,12,126.0000,126.0000,126.0000,1,7,7,7,'PERCENTAGE',2000,1800,'2019-01-31',10),(17,NULL,'2019-01-29 13:36:19.029000',NULL,NULL,'TEST1',100.0000,1089.0000,NULL,0.0000,NULL,'2019-01-29 14:06:12.996000',5.0000,0.0000,NULL,NULL,200.0000,12,63.0000,63.0000,63.0000,3,7,7,7,'FIXED-AMOUNT',0,0,'2019-01-31',0),(18,NULL,'2019-02-02 17:51:51.699000',NULL,NULL,'material',0.0000,23600.0000,NULL,0.0000,NULL,'2019-04-25 17:04:21.360000',20.0000,0.0000,NULL,NULL,1000.0000,13,1200.0000,1200.0000,1200.0000,1,6,6,6,'10',0,0,NULL,0),(19,NULL,'2019-04-12 14:06:24.892000',NULL,NULL,'asset',0.0000,5310.0000,NULL,0.0000,NULL,'2019-04-25 17:07:30.436000',3.0000,0.0000,NULL,NULL,1500.0000,14,270.0000,270.0000,270.0000,2,6,6,6,'10',0,0,NULL,0),(20,NULL,'2019-05-07 17:39:41.541000',NULL,NULL,'ASD',0.0000,5664.0000,NULL,0.0000,NULL,'2019-05-07 17:39:41.541000',100.0000,0.0000,NULL,NULL,48.0000,15,288.0000,288.0000,288.0000,1,6,6,6,'',0,0,NULL,0);
/*!40000 ALTER TABLE `t_purc_order_line` ENABLE KEYS */;
UNLOCK TABLES;

--
-- Table structure for table `t_purc_order_payout`
--

DROP TABLE IF EXISTS `t_purc_order_payout`;
/*!40101 SET @saved_cs_client     = @@character_set_client */;
/*!40101 SET character_set_client = utf8 */;
CREATE TABLE `t_purc_order_payout` (
  `id` int(11) NOT NULL AUTO_INCREMENT,
  `created_by` varchar(255) DEFAULT NULL,
  `created_dt` datetime(6) DEFAULT NULL,
  `is_advance` varchar(255) DEFAULT NULL,
  `is_enabled` varchar(255) DEFAULT NULL,
  `modified_by` varchar(255) DEFAULT NULL,
  `modified_dt` datetime(6) DEFAULT NULL,
  `payout_amount` double(10,4) DEFAULT NULL,
  `payout_date` datetime(6) DEFAULT NULL,
  `payout_method` varchar(255) DEFAULT NULL,
  `payout_ref` varchar(255) DEFAULT NULL,
  `received_by` varchar(255) DEFAULT NULL,
  `t_purc_order_id` int(11) DEFAULT NULL,
  `doc_id` varchar(100) DEFAULT NULL,
  PRIMARY KEY (`id`),
  KEY `FKmfc6jl9gis539a8s3tbbw73vs` (`t_purc_order_id`),
  CONSTRAINT `FKmfc6jl9gis539a8s3tbbw73vs` FOREIGN KEY (`t_purc_order_id`) REFERENCES `t_purc_order` (`id`)
) ENGINE=InnoDB AUTO_INCREMENT=37 DEFAULT CHARSET=latin1;
/*!40101 SET character_set_client = @saved_cs_client */;

--
-- Dumping data for table `t_purc_order_payout`
--

LOCK TABLES `t_purc_order_payout` WRITE;
/*!40000 ALTER TABLE `t_purc_order_payout` DISABLE KEYS */;
INSERT INTO `t_purc_order_payout` VALUES (20,NULL,'2019-01-03 16:04:44.606000',NULL,NULL,NULL,'2019-01-03 16:04:44.606000',120.0000,'2019-01-03 00:00:00.000000','CASH','10',NULL,6,NULL),(21,NULL,'2019-01-03 16:04:44.635000',NULL,NULL,NULL,'2019-01-03 16:04:44.635000',100.0000,'2019-01-10 00:00:00.000000','CASH','123',NULL,6,NULL),(22,NULL,'2019-01-03 16:05:11.854000',NULL,NULL,NULL,'2019-01-03 16:05:11.854000',54.0000,'2019-01-16 00:00:00.000000','CHEQUE',NULL,NULL,6,NULL),(23,NULL,'2019-01-09 14:25:33.242000',NULL,NULL,NULL,'2019-01-09 14:25:33.242000',100.0000,'2019-01-09 00:00:00.000000','CASH','100',NULL,11,NULL),(24,NULL,'2019-01-09 14:27:32.603000',NULL,NULL,NULL,'2019-01-09 14:27:32.603000',20.0000,'2019-01-10 00:00:00.000000','CASH','20',NULL,11,NULL),(25,NULL,'2019-01-09 14:30:05.080000',NULL,NULL,NULL,'2019-01-09 14:30:05.080000',10.0000,'2019-01-10 00:00:00.000000','CASH','20',NULL,11,NULL),(26,NULL,'2019-01-29 13:43:51.202000',NULL,NULL,NULL,'2019-01-29 13:43:51.202000',1000.0000,'2019-01-29 00:00:00.000000','BANK TRANSFER','121',NULL,12,NULL),(27,NULL,'2019-01-29 13:45:12.176000',NULL,NULL,NULL,'2019-01-29 13:45:12.176000',3000.0000,'2019-01-29 00:00:00.000000','CASH','100',NULL,12,NULL),(28,NULL,'2019-01-29 13:46:44.062000',NULL,NULL,NULL,'2019-01-29 13:46:44.062000',1000.0000,'2019-01-29 00:00:00.000000',NULL,'111',NULL,12,NULL),(29,NULL,'2019-01-29 13:47:29.399000',NULL,NULL,NULL,'2019-01-29 13:47:29.399000',2000.0000,'2019-01-29 00:00:00.000000','CHEQUE','122',NULL,12,NULL),(30,NULL,'2019-01-29 13:48:14.516000',NULL,NULL,NULL,'2019-01-29 13:48:14.516000',2000.0000,'2019-01-29 00:00:00.000000','CHEQUE','123',NULL,12,NULL),(31,NULL,'2019-01-29 14:09:05.510000',NULL,NULL,NULL,'2019-01-29 14:09:05.510000',1000.0000,'2019-01-29 00:00:00.000000','CASH','09',NULL,12,NULL),(32,NULL,'2019-01-29 14:09:50.024000',NULL,NULL,NULL,'2019-01-29 14:09:50.024000',500.0000,'2019-01-29 00:00:00.000000','CASH','10',NULL,12,NULL),(33,NULL,'2019-01-29 14:10:23.409000',NULL,NULL,NULL,'2019-01-29 14:10:23.409000',367.0000,'2019-01-29 00:00:00.000000','CASH','11',NULL,12,NULL),(34,NULL,'2019-04-25 17:07:55.120000',NULL,NULL,NULL,'2019-04-25 17:07:55.120000',5000.0000,'2019-04-25 00:00:00.000000','CASH','1221',NULL,14,NULL),(35,NULL,'2019-04-25 17:08:48.305000',NULL,NULL,NULL,'2019-04-25 17:08:48.305000',10000.0000,'2019-04-25 00:00:00.000000','CHEQUE','1121',NULL,13,NULL),(36,NULL,'2019-04-25 17:09:34.256000',NULL,NULL,NULL,'2019-04-25 17:09:34.256000',142.8125,'2019-04-25 00:00:00.000000','CASH','2636',NULL,7,NULL);
/*!40000 ALTER TABLE `t_purc_order_payout` ENABLE KEYS */;
UNLOCK TABLES;

--
-- Table structure for table `t_question_bank`
--

DROP TABLE IF EXISTS `t_question_bank`;
/*!40101 SET @saved_cs_client     = @@character_set_client */;
/*!40101 SET character_set_client = utf8 */;
CREATE TABLE `t_question_bank` (
  `id` int(11) NOT NULL AUTO_INCREMENT,
  `created_by` varchar(255) DEFAULT NULL,
  `created_dt` datetime(6) DEFAULT NULL,
  `description` varchar(455) DEFAULT NULL,
  `difficulty_level` varchar(255) DEFAULT NULL,
  `has_multiple_answers` varchar(255) DEFAULT NULL,
  `is_enabled` varchar(255) DEFAULT NULL,
  `modified_by` varchar(255) DEFAULT NULL,
  `modified_dt` datetime(6) DEFAULT NULL,
  `question_category_name` varchar(255) DEFAULT NULL,
  PRIMARY KEY (`id`)
) ENGINE=InnoDB AUTO_INCREMENT=124 DEFAULT CHARSET=latin1;
/*!40101 SET character_set_client = @saved_cs_client */;

--
-- Dumping data for table `t_question_bank`
--

LOCK TABLES `t_question_bank` WRITE;
/*!40000 ALTER TABLE `t_question_bank` DISABLE KEYS */;
INSERT INTO `t_question_bank` VALUES (120,'4','2019-02-15 18:57:01.823000',NULL,'medium',NULL,NULL,NULL,'2019-02-15 19:39:17.851000','CAMPUS INTERVIEW'),(121,'4','2019-02-15 18:57:01.000000',NULL,'easy',NULL,NULL,NULL,'2019-02-15 19:39:17.000000','EHS-CATEGORY-1'),(122,'4','2019-02-15 18:57:01.000000',NULL,'medium',NULL,NULL,NULL,'2019-02-15 19:39:17.000000','EHS CATEGORY-2'),(123,'4','2019-02-15 18:57:01.000000',NULL,'tough',NULL,NULL,NULL,'2019-02-15 19:39:17.000000','EHS CATEGORY-3');
/*!40000 ALTER TABLE `t_question_bank` ENABLE KEYS */;
UNLOCK TABLES;

--
-- Table structure for table `t_question_bank_option`
--

DROP TABLE IF EXISTS `t_question_bank_option`;
/*!40101 SET @saved_cs_client     = @@character_set_client */;
/*!40101 SET character_set_client = utf8 */;
CREATE TABLE `t_question_bank_option` (
  `id` int(11) NOT NULL AUTO_INCREMENT,
  `is_correct` varchar(255) DEFAULT NULL,
  `qb_id` varchar(255) DEFAULT NULL,
  `option_1` varchar(500) DEFAULT NULL,
  `option_2` varchar(500) DEFAULT NULL,
  `option_3` varchar(500) DEFAULT NULL,
  `option_4` varchar(500) DEFAULT NULL,
  `is_enabled` varchar(100) DEFAULT NULL,
  `created_by` varchar(100) DEFAULT NULL,
  `created_dt` datetime DEFAULT NULL,
  `modified_by` varchar(100) DEFAULT NULL,
  `modified_dt` datetime DEFAULT NULL,
  `difficulty_level` varchar(100) DEFAULT NULL,
  `question` varchar(500) DEFAULT NULL,
  `question_code` varchar(100) DEFAULT NULL,
  `option` varchar(100) DEFAULT NULL,
  PRIMARY KEY (`id`)
) ENGINE=InnoDB AUTO_INCREMENT=374 DEFAULT CHARSET=latin1;
/*!40101 SET character_set_client = @saved_cs_client */;

--
-- Dumping data for table `t_question_bank_option`
--

LOCK TABLES `t_question_bank_option` WRITE;
/*!40000 ALTER TABLE `t_question_bank_option` DISABLE KEYS */;
INSERT INTO `t_question_bank_option` VALUES (230,'A','120','Increase','Decrease','No change','Momentarily goes to zero',NULL,NULL,'2019-02-15 18:57:01',NULL,'2019-02-20 11:25:33',NULL,'A sine wave voltage is applied across an inductor. When the frequency of the voltage is decreased, the current will',NULL,NULL),(231,'B','120','Adiabatic','Cyclic','Irreversible','Expansion',NULL,NULL,'2019-02-15 19:01:27',NULL,'2019-02-15 19:01:27',NULL,'What kind of a process does a Steam Power Plant undergoes?',NULL,NULL),(232,'C','120','it is a driver','it is a thing isolated from the entire world','it is a device that can be used as an electromagnetic relay without a driver',' none of the mentioned',NULL,NULL,'2019-02-15 19:03:06',NULL,'2019-02-15 19:03:06',NULL,'What is OPTO isolator?',NULL,NULL),(233,'C','120','by changing the torque','by changing the switching speed','by changing the polarity of voltages connected to the leads','by changing the RPM rating',NULL,NULL,'2019-02-15 19:05:06',NULL,'2019-02-15 19:05:06',NULL,'How can the direction of the DC motor be changed?',NULL,NULL),(234,'D','120','Gases','Odor','Sludge','Moisture',NULL,NULL,'2019-02-15 19:34:26',NULL,'2019-02-15 19:34:26',NULL,'Transformer oil used in an electrical transformer must be free from ________',NULL,NULL),(285,'B','120','Value of source resistance','Value of load resistance','Both source and load resistance','Neither source or load resistance',NULL,NULL,'2019-02-15 19:34:26',NULL,'2019-02-15 19:34:26',NULL,'The maximum power drawn from a source depends on __________',NULL,NULL),(301,'A','120','Peripherals','Memory','Input','Output',NULL,NULL,'2019-02-15 19:34:26',NULL,'2019-02-15 19:34:26',NULL,'How an embedded system communicate with the outside world?',NULL,NULL),(302,'A','120','Increase the sag and decrease the tension','Both increases','Decrease the sag and increase the tension','Both decreases',NULL,NULL,'2019-02-15 19:34:26',NULL,'2019-02-15 19:34:26',NULL,'What is the effect of temperature rise on the over head lines?',NULL,NULL),(303,'D','120','Sealing problems of the gas.','Ingress of moisture in the gas system  dangerous.','Deterioration of SF6 gas with time.',' Both (a) and (b)',NULL,NULL,'2019-02-15 19:34:26',NULL,'2019-02-15 19:34:26',NULL,'What is the major drawback of using SF6 circuit breakers?',NULL,NULL),(304,'D','120','Second harmonic','Third harmonic','Fifth harmonic','Do not produce harmonics',NULL,NULL,'2019-02-15 19:34:26',NULL,'2019-02-15 19:34:26',NULL,'A full wave rectifier with resistive load produces',NULL,NULL),(305,'A','120','Two SCRs in parallel opposition','Two SCRs in series','Three SCRs in series','four SCRs in series',NULL,NULL,'2019-02-15 19:34:26',NULL,'2019-02-15 19:34:26',NULL,'AC power in a load can be controlled by using',NULL,NULL),(306,'C','120','Spring','Gravity','Either by spring or by gravity',' Neither by spring nor by gravity',NULL,NULL,'2019-02-15 19:34:26',NULL,'2019-02-15 19:34:26',NULL,'In indicating instruments, the controlling and restoring torque can be obtained by using',NULL,NULL),(307,'B','121','Electrical signal into non electrical quantity','Non electrical quantity into electrical signal','Electrical signal into mechanical quantity','All of these',NULL,NULL,'2019-02-15 19:34:26',NULL,'2019-02-15 19:34:26',NULL,'Function of transducer is to convert',NULL,NULL),(315,'B','121','Electrical signal into non electrical quantity','Non electrical quantity into electrical signal','Electrical signal into mechanical quantity','All of these',NULL,NULL,'2019-02-15 19:34:26',NULL,'2019-02-15 19:34:26',NULL,'Function of transducer is to convert',NULL,NULL),(316,'B','121','Electrical signal into non electrical quantity','Non electrical quantity into electrical signal','Electrical signal into mechanical quantity','All of these',NULL,NULL,'2019-02-15 19:34:26',NULL,'2019-02-15 19:34:26',NULL,'Function of transducer is to convert',NULL,NULL),(317,'B','121','Electrical signal into non electrical quantity','Non electrical quantity into electrical signal','Electrical signal into mechanical quantity','All of these',NULL,NULL,'2019-02-15 19:34:26',NULL,'2019-02-15 19:34:26',NULL,'Function of transducer is to convert',NULL,NULL),(318,'B','121','Three','Non electrical quantity into electrical signal','Electrical signal into mechanical quantity','All of these',NULL,NULL,'2019-02-15 19:34:26',NULL,'2019-02-15 19:34:26',NULL,'Function of transducer is to convert',NULL,NULL),(319,'B','121','Five','Non electrical quantity into electrical signal','Electrical signal into mechanical quantity','All of these',NULL,NULL,'2019-02-15 19:34:26',NULL,'2019-02-15 19:34:26',NULL,'Function of transducer is to convert',NULL,NULL),(320,'B','121','Electrical signal into non electrical quantity','Non electrical quantity into electrical signal','Electrical signal into mechanical quantity','All of these',NULL,NULL,'2019-02-15 19:34:26',NULL,'2019-02-15 19:34:26',NULL,'Function of transducer is to convert',NULL,NULL),(321,'B','121','Electrical signal into non electrical quantity','Non electrical quantity into electrical signal','Electrical signal into mechanical quantity','All of these',NULL,NULL,'2019-02-15 19:34:26',NULL,'2019-02-15 19:34:26',NULL,'Function of transducer is to convert',NULL,NULL),(322,'B','121','Four','Non electrical quantity into electrical signal','Electrical signal into mechanical quantity','All of these',NULL,NULL,'2019-02-15 19:34:26',NULL,'2019-02-15 19:34:26',NULL,'Function of transducer is to convert',NULL,NULL),(323,'B','121','Hello','Non electrical quantity into electrical signal','Electrical signal into mechanical quantity','All of these',NULL,NULL,'2019-02-15 19:34:26',NULL,'2019-02-15 19:34:26',NULL,'Function of transducer is to convert',NULL,NULL),(324,'B','121','Electrical signal into non electrical quantity','Non electrical quantity into electrical signal','Electrical signal into mechanical quantity','All of these',NULL,NULL,'2019-02-15 19:34:26',NULL,'2019-02-15 19:34:26',NULL,'Function of transducer is to convert',NULL,NULL),(325,'B','121','Electrical signal into non electrical quantity','Non electrical quantity into electrical signal','Electrical signal into mechanical quantity','All of these',NULL,NULL,'2019-02-15 19:34:26',NULL,'2019-02-15 19:34:26',NULL,'Function of transducer is to convert',NULL,NULL),(326,'B','121','Electrical signal into non electrical quantity','Non electrical quantity into electrical signal','Electrical signal into mechanical quantity','All of these',NULL,NULL,'2019-02-15 19:34:26',NULL,'2019-02-15 19:34:26',NULL,'Function of transducer is to convert',NULL,NULL),(327,'B','121','Hi','Non electrical quantity into electrical signal','Electrical signal into mechanical quantity','All of these',NULL,NULL,'2019-02-15 19:34:26',NULL,'2019-02-15 19:34:26',NULL,'Function of transducer is to convert',NULL,NULL),(328,'B','121','Electrical signal into non electrical quantity','Non electrical quantity into electrical signal','Electrical signal into mechanical quantity','All of these',NULL,NULL,'2019-02-15 19:34:26',NULL,'2019-02-15 19:34:26',NULL,'Function of transducer is to convert',NULL,NULL),(329,'B','121','Electrical signal into non electrical quantity','Non electrical quantity into electrical signal','Electrical signal into mechanical quantity','All of these',NULL,NULL,'2019-02-15 19:34:26',NULL,'2019-02-15 19:34:26',NULL,'Function of transducer is to convert',NULL,NULL),(330,'B','121','Santhosh','Non electrical quantity into electrical signal','Electrical signal into mechanical quantity','All of these',NULL,NULL,'2019-02-15 19:34:26',NULL,'2019-02-15 19:34:26',NULL,'Function of transducer is to convert',NULL,NULL),(331,'B','121','Vidhya','Non electrical quantity into electrical signal','Electrical signal into mechanical quantity','All of these',NULL,NULL,'2019-02-15 19:34:26',NULL,'2019-02-15 19:34:26',NULL,'Function of transducer is to convert',NULL,NULL),(332,'B','121','Electrical signal into non electrical quantity','Non electrical quantity into electrical signal','Electrical signal into mechanical quantity','All of these',NULL,NULL,'2019-02-15 19:34:26',NULL,'2019-02-15 19:34:26',NULL,'Function of transducer is to convert',NULL,NULL),(333,'B','121','Electrical signal into non electrical quantity','Non electrical quantity into electrical signal','Electrical signal into mechanical quantity','All of these',NULL,NULL,'2019-02-15 19:34:26',NULL,'2019-02-15 19:34:26',NULL,'Function of transducer is to convert',NULL,NULL),(334,'B','121','Priya','Non electrical quantity into electrical signal','Electrical signal into mechanical quantity','All of these',NULL,NULL,'2019-02-15 19:34:26',NULL,'2019-02-15 19:34:26',NULL,'Function of transducer is to convert',NULL,NULL),(335,'B','121','Electrical signal into non electrical quantity','Non electrical quantity into electrical signal','Electrical signal into mechanical quantity','All of these',NULL,NULL,'2019-02-15 19:34:26',NULL,'2019-02-15 19:34:26',NULL,'Function of transducer is to convert',NULL,NULL),(336,'B','121','darshini','Non electrical quantity into electrical signal','Electrical signal into mechanical quantity','All of these',NULL,NULL,'2019-02-15 19:34:26',NULL,'2019-02-15 19:34:26',NULL,'Function of transducer is to convert',NULL,NULL),(337,'B','121','Selva','Non electrical quantity into electrical signal','Electrical signal into mechanical quantity','All of these',NULL,NULL,'2019-02-15 19:34:26',NULL,'2019-02-15 19:34:26',NULL,'Function of transducer is to convert',NULL,NULL),(338,'B','121','Electrical signal into non electrical quantity','Non electrical quantity into electrical signal','Electrical signal into mechanical quantity','All of these',NULL,NULL,'2019-02-15 19:34:26',NULL,'2019-02-15 19:34:26',NULL,'Function of transducer is to convert',NULL,NULL),(339,'B','121','Electrical signal into non electrical quantity','Non electrical quantity into electrical signal','Electrical signal into mechanical quantity','All of these',NULL,NULL,'2019-02-15 19:34:26',NULL,'2019-02-15 19:34:26',NULL,'Function of transducer is to convert',NULL,NULL),(340,'B','121','Electrical signal into non electrical quantity','Non electrical quantity into electrical signal','Electrical signal into mechanical quantity','All of these',NULL,NULL,'2019-02-15 19:34:26',NULL,'2019-02-15 19:34:26',NULL,'Function of transducer is to convert',NULL,NULL),(341,'B','121','Electrical signal into non electrical quantity','Non electrical quantity into electrical signal','Electrical signal into mechanical quantity','All of these',NULL,NULL,'2019-02-15 19:34:26',NULL,'2019-02-15 19:34:26',NULL,'Function of transducer is to convert',NULL,NULL),(342,'B','121','Electrical signal into non electrical quantity','Non electrical quantity into electrical signal','Electrical signal into mechanical quantity','All of these',NULL,NULL,'2019-02-15 19:34:26',NULL,'2019-02-15 19:34:26',NULL,'Function of transducer is to convert',NULL,NULL),(343,'B','121','Electrical signal into non electrical quantity','Non electrical quantity into electrical signal','Electrical signal into mechanical quantity','All of these',NULL,NULL,'2019-02-15 19:34:26',NULL,'2019-02-15 19:34:26',NULL,'Function of transducer is to convert',NULL,NULL),(344,'B','121','Electrical signal into non electrical quantity','Non electrical quantity into electrical signal','Electrical signal into mechanical quantity','All of these',NULL,NULL,'2019-02-15 19:34:26',NULL,'2019-02-15 19:34:26',NULL,'Function of transducer is to convert',NULL,NULL),(345,'B','121','Electrical signal into non electrical quantity','Non electrical quantity into electrical signal','Electrical signal into mechanical quantity','All of these',NULL,NULL,'2019-02-15 19:34:26',NULL,'2019-02-15 19:34:26',NULL,'Function of transducer is to convert',NULL,NULL),(346,'B','121','Electrical signal into non electrical quantity','Non electrical quantity into electrical signal','Electrical signal into mechanical quantity','All of these',NULL,NULL,'2019-02-15 19:34:26',NULL,'2019-02-15 19:34:26',NULL,'Function of transducer is to convert',NULL,NULL),(347,'B','121','Electrical signal into non electrical quantity','Non electrical quantity into electrical signal','Electrical signal into mechanical quantity','All of these',NULL,NULL,'2019-02-15 19:34:26',NULL,'2019-02-15 19:34:26',NULL,'Function of transducer is to convert',NULL,NULL),(348,'B','121','Electrical signal into non electrical quantity','Non electrical quantity into electrical signal','Electrical signal into mechanical quantity','All of these',NULL,NULL,'2019-02-15 19:34:26',NULL,'2019-02-15 19:34:26',NULL,'Function of transducer is to convert',NULL,NULL),(349,'B','121','Electrical signal into non electrical quantity','Non electrical quantity into electrical signal','Electrical signal into mechanical quantity','All of these',NULL,NULL,'2019-02-15 19:34:26',NULL,'2019-02-15 19:34:26',NULL,'Function of transducer is to convert',NULL,NULL),(350,'B','121','Electrical signal into non electrical quantity','Non electrical quantity into electrical signal','Electrical signal into mechanical quantity','All of these',NULL,NULL,'2019-02-15 19:34:26',NULL,'2019-02-15 19:34:26',NULL,'Function of transducer is to convert',NULL,NULL),(351,'B','121','Electrical signal into non electrical quantity','Non electrical quantity into electrical signal','Electrical signal into mechanical quantity','All of these',NULL,NULL,'2019-02-15 19:34:26',NULL,'2019-02-15 19:34:26',NULL,'Function of transducer is to convert',NULL,NULL),(352,'B','121','Electrical signal into non electrical quantity','Non electrical quantity into electrical signal','Electrical signal into mechanical quantity','All of these',NULL,NULL,'2019-02-15 19:34:26',NULL,'2019-02-15 19:34:26',NULL,'Function of transducer is to convert',NULL,NULL),(353,'B','121','Electrical signal into non electrical quantity','Non electrical quantity into electrical signal','Electrical signal into mechanical quantity','All of these',NULL,NULL,'2019-02-15 19:34:26',NULL,'2019-02-15 19:34:26',NULL,'Function of transducer is to convert',NULL,NULL),(354,'B','121','Electrical signal into non electrical quantity','Non electrical quantity into electrical signal','Electrical signal into mechanical quantity','All of these',NULL,NULL,'2019-02-15 19:34:26',NULL,'2019-02-15 19:34:26',NULL,'Function of transducer is to convert',NULL,NULL),(355,'B','121','Electrical signal into non electrical quantity','Non electrical quantity into electrical signal','Electrical signal into mechanical quantity','All of these',NULL,NULL,'2019-02-15 19:34:26',NULL,'2019-02-15 19:34:26',NULL,'Function of transducer is to convert',NULL,NULL),(356,'B','121','Electrical signal into non electrical quantity','Non electrical quantity into electrical signal','Electrical signal into mechanical quantity','All of these',NULL,NULL,'2019-02-15 19:34:26',NULL,'2019-02-15 19:34:26',NULL,'Function of transducer is to convert',NULL,NULL),(357,'B','121','Electrical signal into non electrical quantity','Non electrical quantity into electrical signal','Electrical signal into mechanical quantity','All of these',NULL,NULL,'2019-02-15 19:34:26',NULL,'2019-02-15 19:34:26',NULL,'Function of transducer is to convert',NULL,NULL),(358,'B','121','Electrical signal into non electrical quantity','Non electrical quantity into electrical signal','Electrical signal into mechanical quantity','All of these',NULL,NULL,'2019-02-15 19:34:26',NULL,'2019-02-15 19:34:26',NULL,'Function of transducer is to convert',NULL,NULL),(359,'B','121','Electrical signal into non electrical quantity','Non electrical quantity into electrical signal','Electrical signal into mechanical quantity','All of these',NULL,NULL,'2019-02-15 19:34:26',NULL,'2019-02-15 19:34:26',NULL,'Function of transducer is to convert',NULL,NULL),(360,'B','121','Electrical signal into non electrical quantity','Non electrical quantity into electrical signal','Electrical signal into mechanical quantity','All of these',NULL,NULL,'2019-02-15 19:34:26',NULL,'2019-02-15 19:34:26',NULL,'Function of transducer is to convert',NULL,NULL),(361,'B','121','Electrical signal into non electrical quantity','Non electrical quantity into electrical signal','Electrical signal into mechanical quantity','All of these',NULL,NULL,'2019-02-15 19:34:26',NULL,'2019-02-15 19:34:26',NULL,'Function of transducer is to convert',NULL,NULL),(362,'B','121','Electrical signal into non electrical quantity','Non electrical quantity into electrical signal','Electrical signal into mechanical quantity','All of these',NULL,NULL,'2019-02-15 19:34:26',NULL,'2019-02-15 19:34:26',NULL,'Function of transducer is to convert',NULL,NULL),(363,'B','121','Electrical signal into non electrical quantity','Non electrical quantity into electrical signal','Electrical signal into mechanical quantity','All of these',NULL,NULL,'2019-02-15 19:34:26',NULL,'2019-02-15 19:34:26',NULL,'Function of transducer is to convert',NULL,NULL),(364,'B','121','Electrical signal into non electrical quantity','Non electrical quantity into electrical signal','Electrical signal into mechanical quantity','All of these',NULL,NULL,'2019-02-15 19:34:26',NULL,'2019-02-15 19:34:26',NULL,'Function of transducer is to convert',NULL,NULL),(365,'B','121','Electrical signal into non electrical quantity','Non electrical quantity into electrical signal','Electrical signal into mechanical quantity','All of these',NULL,NULL,'2019-02-15 19:34:26',NULL,'2019-02-15 19:34:26',NULL,'Function of transducer is to convert',NULL,NULL),(366,'B','121','Electrical signal into non electrical quantity','Non electrical quantity into electrical signal','Electrical signal into mechanical quantity','All of these',NULL,NULL,'2019-02-15 19:34:26',NULL,'2019-02-15 19:34:26',NULL,'Function of transducer is to convert',NULL,NULL),(367,'B','121','Electrical signal into non electrical quantity','Non electrical quantity into electrical signal','Electrical signal into mechanical quantity','All of these',NULL,NULL,'2019-02-15 19:34:26',NULL,'2019-02-15 19:34:26',NULL,'Function of transducer is to convert',NULL,NULL),(368,'B','121','Electrical signal into non electrical quantity','Non electrical quantity into electrical signal','Electrical signal into mechanical quantity','All of these',NULL,NULL,'2019-02-15 19:34:26',NULL,'2019-02-15 19:34:26',NULL,'Function of transducer is to convert',NULL,NULL),(369,'B','121','Electrical signal into non electrical quantity','Non electrical quantity into electrical signal','Electrical signal into mechanical quantity','All of these',NULL,NULL,'2019-02-15 19:34:26',NULL,'2019-02-15 19:34:26',NULL,'Function of transducer is to convert',NULL,NULL),(370,'B','121','Electrical signal into non electrical quantity','Non electrical quantity into electrical signal','Electrical signal into mechanical quantity','All of these',NULL,NULL,'2019-02-15 19:34:26',NULL,'2019-02-15 19:34:26',NULL,'Function of transducer is to convert',NULL,NULL),(371,'B','121','Electrical signal into non electrical quantity','Non electrical quantity into electrical signal','Electrical signal into mechanical quantity','All of these',NULL,NULL,'2019-02-15 19:34:26',NULL,'2019-02-15 19:34:26',NULL,'Function of transducer is to convert',NULL,NULL),(372,'B','121','Electrical signal into non electrical quantity','Non electrical quantity into electrical signal','Electrical signal into mechanical quantity','All of these',NULL,NULL,'2019-02-15 19:34:26',NULL,'2019-02-15 19:34:26',NULL,'Function of transducer is to convert',NULL,NULL),(373,'B','121','Electrical signal into non electrical quantity','Non electrical quantity into electrical signal','Electrical signal into mechanical quantity','All of these',NULL,NULL,'2019-02-15 19:34:26',NULL,'2019-02-15 19:34:26',NULL,'Function of transducer is to convert',NULL,NULL);
/*!40000 ALTER TABLE `t_question_bank_option` ENABLE KEYS */;
UNLOCK TABLES;

--
-- Table structure for table `t_sale_good`
--

DROP TABLE IF EXISTS `t_sale_good`;
/*!40101 SET @saved_cs_client     = @@character_set_client */;
/*!40101 SET character_set_client = utf8 */;
CREATE TABLE `t_sale_good` (
  `id` int(11) NOT NULL AUTO_INCREMENT,
  `created_by` varchar(255) DEFAULT NULL,
  `created_dt` datetime(6) DEFAULT NULL,
  `good_additional_notes` varchar(255) DEFAULT NULL,
  `good_due_on` varchar(255) DEFAULT NULL,
  `good_qty` varchar(255) DEFAULT NULL,
  `good_unit_price` varchar(255) DEFAULT NULL,
  `goods_name` varchar(255) DEFAULT NULL,
  `hsn_code` varchar(255) DEFAULT NULL,
  `is_enabled` varchar(255) DEFAULT NULL,
  `modified_by` varchar(255) DEFAULT NULL,
  `modified_dt` datetime(6) DEFAULT NULL,
  `t_sale_order_id` varchar(255) DEFAULT NULL,
  `material_id` varchar(45) DEFAULT NULL,
  PRIMARY KEY (`id`)
) ENGINE=InnoDB AUTO_INCREMENT=61 DEFAULT CHARSET=latin1;
/*!40101 SET character_set_client = @saved_cs_client */;

--
-- Dumping data for table `t_sale_good`
--

LOCK TABLES `t_sale_good` WRITE;
/*!40000 ALTER TABLE `t_sale_good` DISABLE KEYS */;
INSERT INTO `t_sale_good` VALUES (2,NULL,'2018-12-07 14:29:11.281000','AFSF','2018-12-01','2','34','gg','GAn-06',NULL,NULL,'2018-12-07 14:29:11.281000','5','3'),(5,NULL,'2019-01-04 13:25:30.038000','AFSF','2018-12-26','1','20',NULL,'GAn-01',NULL,NULL,'2019-01-04 13:25:30.038000','8','3'),(6,NULL,'2019-01-04 13:26:26.625000','AFSF','2018-12-26','1','20',NULL,'GAn-01',NULL,NULL,'2019-01-04 13:26:26.626000','9','4'),(9,NULL,'2019-02-02 15:04:58.270000','AFSF',NULL,'2','20',NULL,'GAn-03',NULL,NULL,'2019-02-02 15:04:58.270000','12','3'),(21,NULL,'2019-03-08 15:20:06.892000','AFSF',NULL,'1','20',NULL,'GAn-01',NULL,NULL,'2019-03-08 15:20:06.892000','23','4'),(22,NULL,'2019-03-08 15:22:40.179000','AFSF',NULL,'2','20',NULL,'GAn-03',NULL,NULL,'2019-03-08 15:22:40.179000','24','3'),(23,NULL,'2019-03-08 15:23:33.612000','AFSF',NULL,'3','20',NULL,'GAn-06',NULL,NULL,'2019-03-08 15:23:33.612000','25','3'),(24,NULL,'2019-03-08 15:24:19.223000','AFSF',NULL,'1','20',NULL,'GAn-01',NULL,NULL,'2019-03-08 15:24:19.223000','26','4'),(25,NULL,'2019-03-08 15:24:42.916000','AFSF',NULL,'3','20',NULL,'GAn-06',NULL,NULL,'2019-03-08 15:24:42.916000','27','4'),(26,NULL,'2019-03-08 15:25:55.026000','AFSF',NULL,'1','20',NULL,'GAn-02',NULL,NULL,'2019-03-08 15:25:55.026000','28','3'),(33,NULL,'2019-03-15 13:41:39.931000','AFSF',NULL,'3','20',NULL,'GAn-06',NULL,NULL,'2019-03-15 13:41:39.931000','35','4'),(34,NULL,'2019-03-20 12:57:53.881000','AFSF','2019-03-21','1','12',NULL,'GAn-02',NULL,NULL,'2019-03-20 12:57:53.881000','36','3'),(40,NULL,'2019-03-20 14:27:07.660000','AFSF','2019-03-27','3','10',NULL,'GAn-02',NULL,NULL,'2019-03-20 14:27:07.661000',NULL,'3'),(44,NULL,'2019-03-26 12:01:42.320000','AFSF','2019-03-30','10','10',NULL,'GAn-02',NULL,NULL,'2019-03-26 12:01:42.320000','44','4'),(45,NULL,'2019-03-26 12:01:42.321000','AFSF','2019-03-29','5','10',NULL,'GAn-03',NULL,NULL,'2019-03-26 12:01:42.321000','44','3'),(51,NULL,'2019-04-29 13:28:54.948000','AFSF',NULL,NULL,NULL,NULL,'GAn-02',NULL,NULL,'2019-04-29 13:28:54.948000','53','4'),(52,NULL,'2019-04-30 15:42:05.658000','AFSF','2019-04-30','1','200',NULL,'GAn-03',NULL,NULL,'2019-04-30 15:42:05.658000','54','3'),(53,NULL,'2019-05-02 13:06:45.076000',NULL,NULL,NULL,NULL,NULL,NULL,NULL,NULL,'2019-05-02 13:06:45.076000','55',NULL),(55,NULL,'2019-05-02 18:44:15.814000',NULL,NULL,NULL,NULL,NULL,NULL,NULL,NULL,'2019-05-02 18:44:15.814000','57',NULL),(57,NULL,'2019-05-07 11:43:35.150000','new','2019-05-07','1','1',NULL,'ss2',NULL,NULL,'2019-05-07 11:43:35.150000','59','4'),(58,NULL,'2019-08-28 19:04:04.914000',NULL,NULL,NULL,NULL,NULL,NULL,NULL,NULL,'2019-08-28 19:04:04.914000','60',NULL),(59,NULL,'2019-08-30 17:21:50.859000','bbvb  v',NULL,'12','1500',NULL,'5646',NULL,NULL,'2019-08-30 17:21:50.859000','61','4'),(60,NULL,'2019-09-03 12:53:46.139000',NULL,NULL,NULL,NULL,NULL,NULL,NULL,NULL,'2019-09-03 12:53:46.139000','62',NULL);
/*!40000 ALTER TABLE `t_sale_good` ENABLE KEYS */;
UNLOCK TABLES;

--
-- Table structure for table `t_sale_order`
--

DROP TABLE IF EXISTS `t_sale_order`;
/*!40101 SET @saved_cs_client     = @@character_set_client */;
/*!40101 SET character_set_client = utf8 */;
CREATE TABLE `t_sale_order` (
  `id` int(11) NOT NULL AUTO_INCREMENT,
  `approved_dt` datetime(6) DEFAULT NULL,
  `approved_remarks` varchar(255) DEFAULT NULL,
  `cancelled_dt` datetime(6) DEFAULT NULL,
  `cancelled_remarks` varchar(255) DEFAULT NULL,
  `created_by` varchar(255) DEFAULT NULL,
  `created_dt` datetime(6) DEFAULT NULL,
  `deleivery_schedule` varchar(255) DEFAULT NULL,
  `deleivery_terms` varchar(255) DEFAULT NULL,
  `delivery_schedule` varchar(255) DEFAULT NULL,
  `delivery_terms` varchar(255) DEFAULT NULL,
  `division_id` varchar(255) DEFAULT NULL,
  `gst_no` varchar(255) DEFAULT NULL,
  `internal_remarks` varchar(255) DEFAULT NULL,
  `is_enabled` varchar(255) DEFAULT NULL,
  `location_id` varchar(255) DEFAULT NULL,
  `m_2_approved_dt` datetime(6) DEFAULT NULL,
  `m_2_approved_remarks` varchar(255) DEFAULT NULL,
  `m_2_rejected_dt` datetime(6) DEFAULT NULL,
  `m_2_rejected_remarks` varchar(255) DEFAULT NULL,
  `manager_2_emp_id` varchar(255) DEFAULT NULL,
  `manager_emp_id` varchar(255) DEFAULT NULL,
  `modified_by` varchar(255) DEFAULT NULL,
  `modified_dt` datetime(6) DEFAULT NULL,
  `needs_goods` varchar(255) DEFAULT NULL,
  `needs_services` varchar(255) DEFAULT NULL,
  `notification_content` varchar(255) DEFAULT NULL,
  `notification_dt` datetime(6) DEFAULT NULL,
  `notification_status` varchar(255) DEFAULT NULL,
  `partner_id` varchar(255) DEFAULT NULL,
  `payment_terms` varchar(255) DEFAULT NULL,
  `purchase_order_id` varchar(255) DEFAULT NULL,
  `rejected_dt` datetime(6) DEFAULT NULL,
  `rejected_remarks` varchar(255) DEFAULT NULL,
  `sale_order_code` varchar(255) DEFAULT NULL,
  `sale_order_status` varchar(255) DEFAULT NULL,
  `shipping_address` varchar(255) DEFAULT NULL,
  `status` varchar(255) DEFAULT NULL,
  `submitted_dt` datetime(6) DEFAULT NULL,
  `project_id` varchar(100) DEFAULT NULL,
  `virtual_po_num` varchar(100) DEFAULT NULL,
  `email_id` varchar(100) DEFAULT NULL,
  `is_virtual_po` varchar(100) DEFAULT NULL,
  PRIMARY KEY (`id`)
) ENGINE=InnoDB AUTO_INCREMENT=63 DEFAULT CHARSET=latin1;
/*!40101 SET character_set_client = @saved_cs_client */;

--
-- Dumping data for table `t_sale_order`
--

LOCK TABLES `t_sale_order` WRITE;
/*!40000 ALTER TABLE `t_sale_order` DISABLE KEYS */;
INSERT INTO `t_sale_order` VALUES (5,NULL,NULL,NULL,NULL,'3','2018-12-07 14:29:11.278000','chennai','cash on deleivery','chennai',NULL,'1','6798',NULL,'Y','18',NULL,NULL,NULL,NULL,NULL,NULL,NULL,'2018-12-07 14:29:11.278000','true','true','sent',NULL,'NOT SENT','3','after delivery','NP4',NULL,NULL,'SO-4',NULL,'chennai','PENDING-APPROVAL',NULL,'2',NULL,'sarfaraz@sidsync.com',NULL),(7,NULL,NULL,NULL,NULL,'33','2019-05-02 13:06:45.000000','COD','shipping',NULL,NULL,'3','6798','good','Y','22',NULL,NULL,NULL,NULL,NULL,NULL,'33','2019-05-02 16:46:31.000000',NULL,'true',NULL,NULL,NULL,'3','cash',NULL,NULL,NULL,'SO-5','CREATED','ch','PENDING-APPROVAL',NULL,'1','123432','sarfaraz@sidsync.com','true'),(8,NULL,NULL,NULL,NULL,'24','2018-12-17 10:46:24.342000','chennai','cash on deleivery','chennai',NULL,'1','4356',NULL,'Y','30',NULL,NULL,NULL,NULL,NULL,NULL,'33','2019-04-25 18:12:56.988000','true',NULL,'sent',NULL,'NOT SENT','106','cash','ES1234',NULL,NULL,'SO-7',NULL,'chennai','PENDING-APPROVAL',NULL,'18','23423','test@sidsync.com','true'),(9,NULL,NULL,NULL,NULL,'24','2018-12-17 10:46:26.596000','chennai','cash on deleivery','chennai',NULL,'1','1234',NULL,'Y','18',NULL,NULL,NULL,NULL,NULL,NULL,'24','2018-12-17 18:11:41.449000','true',NULL,'not sent',NULL,'SENT','16','after delivery','ES1234',NULL,NULL,'SO-8',NULL,'chennai','APPROVED',NULL,'8',NULL,'test@sidsync.com',NULL),(12,NULL,NULL,NULL,NULL,'33','2019-02-02 15:04:58.266000','chennai','shipping','chennai',NULL,'1','6798','test ','Y','30',NULL,NULL,NULL,NULL,NULL,NULL,'33','2019-03-08 16:39:16.655000','false','false','sent',NULL,'SENT','3','cash','NP1',NULL,NULL,'SO-11',NULL,'chennai','PENDING-APPROVAL',NULL,'2',NULL,'sarfaraz@sidsync.com',NULL),(35,NULL,NULL,NULL,NULL,'24','2019-03-15 13:41:39.927000','chennai','cash on deleivery','chennai',NULL,'3','6798','chennai','Y','30',NULL,NULL,NULL,NULL,NULL,NULL,'33','2019-05-02 16:56:35.643000','true','true','sent',NULL,'NOT SENT','3','cash','NP1',NULL,NULL,'SO-34','CREATED','chennai','PENDING-APPROVAL',NULL,'2',NULL,'sarfaraz@sidsync.com',NULL),(36,NULL,NULL,NULL,NULL,'33','2019-03-20 12:57:53.875000','chennai','shipping','chennai',NULL,'1','1234',NULL,'Y','19',NULL,NULL,NULL,NULL,NULL,NULL,'33','2019-05-02 16:57:33.830000','true','true','not sent',NULL,'SENT','16','cash','OM5',NULL,NULL,'SO-35','CREATED','chennai','APPROVED',NULL,'18','','test@sidsync.com',NULL),(38,NULL,NULL,NULL,NULL,'33','2019-03-26 12:01:42.000000','chennai','shipping','chennai',NULL,'3','4356',NULL,'Y','18',NULL,NULL,NULL,NULL,NULL,NULL,'33','2019-08-02 18:07:48.947000','true','true','sent',NULL,'SENT','106','cash','PO-24',NULL,NULL,'SO-2','CREATED','chennai','PENDING-APPROVAL',NULL,'21','124332','priyadarshini.s@sidsync.com','true'),(44,NULL,NULL,NULL,NULL,'33','2019-03-26 12:01:42.317000','chennai','shipping','chennai',NULL,'3','4356',NULL,'Y','18',NULL,NULL,NULL,NULL,NULL,NULL,'262','2019-06-11 16:23:04.800000','true','true','sent',NULL,'NOT SENT','106','cash','PO-24',NULL,NULL,'SO-43','CREATED','chennai','APPROVED',NULL,'21','124332','test@sidsync.com','true'),(54,NULL,NULL,NULL,NULL,'33','2019-04-30 15:42:05.654000','cash','cash on delever',NULL,NULL,'1','1234','note','Y','18',NULL,NULL,NULL,NULL,NULL,NULL,'262','2019-06-11 16:22:34.644000','true','true','sent',NULL,'SENT','16','cash','ne4',NULL,NULL,'SO-51','CREATED','chennai','APPROVED',NULL,'18',NULL,'test@sidsync.com',NULL),(55,NULL,NULL,NULL,NULL,'33','2019-05-02 13:06:45.055000','COD','shipping',NULL,NULL,'3','6798','good','Y','22',NULL,NULL,NULL,NULL,NULL,NULL,'33','2019-05-03 10:45:08.927000',NULL,'true',NULL,NULL,NULL,'3','cash',NULL,NULL,NULL,'SO-52','CREATED','ch','APPROVED',NULL,'1','123432','sarfaraz@sidsync.com','true'),(59,NULL,NULL,NULL,NULL,'34','2019-05-07 11:43:35.141000',NULL,'ch',NULL,NULL,'3','1234',NULL,'Y','30',NULL,NULL,NULL,NULL,NULL,NULL,'34','2019-05-07 12:42:48.271000','true',NULL,NULL,NULL,NULL,'16','ch','ES1234',NULL,NULL,'SO-55','CREATED',NULL,'APPROVED',NULL,'1',NULL,'test@sidsync.com',NULL),(60,NULL,NULL,NULL,NULL,'262','2019-08-28 19:04:04.912000','df','cv',NULL,NULL,'1','6798','vcc','Y',NULL,NULL,NULL,NULL,NULL,NULL,NULL,NULL,'2019-08-28 19:04:04.912000',NULL,'true',NULL,NULL,NULL,'3','df',NULL,NULL,NULL,'SO-56','CREATED','cvcv',NULL,NULL,'2',NULL,NULL,NULL),(61,NULL,NULL,NULL,NULL,'324','2019-08-30 17:21:50.858000','sfdgdf','hhh',NULL,NULL,'1','6798','gdf','Y','19',NULL,NULL,NULL,NULL,NULL,NULL,NULL,'2019-08-30 17:21:50.858000','true','true',NULL,NULL,NULL,'3','s',NULL,NULL,NULL,'VS-6','CREATED','s',NULL,NULL,'11','34235667','sarfaraz@sidsync.com','true'),(62,NULL,NULL,NULL,NULL,'324','2019-09-03 12:53:46.138000','fg','fg',NULL,NULL,NULL,NULL,'fg','Y',NULL,NULL,NULL,NULL,NULL,NULL,NULL,NULL,'2019-09-03 12:53:46.138000',NULL,NULL,NULL,NULL,NULL,NULL,'fg',NULL,NULL,NULL,'SO-57','CREATED','fg',NULL,NULL,NULL,NULL,NULL,NULL);
/*!40000 ALTER TABLE `t_sale_order` ENABLE KEYS */;
UNLOCK TABLES;

--
-- Table structure for table `t_sale_service`
--

DROP TABLE IF EXISTS `t_sale_service`;
/*!40101 SET @saved_cs_client     = @@character_set_client */;
/*!40101 SET character_set_client = utf8 */;
CREATE TABLE `t_sale_service` (
  `id` int(11) NOT NULL AUTO_INCREMENT,
  `created_by` varchar(255) DEFAULT NULL,
  `created_dt` datetime(6) DEFAULT NULL,
  `head_count` varchar(255) DEFAULT NULL,
  `internal_remarks` varchar(255) DEFAULT NULL,
  `is_enabled` varchar(255) DEFAULT NULL,
  `modified_by` varchar(255) DEFAULT NULL,
  `modified_dt` datetime(6) DEFAULT NULL,
  `sac_code` varchar(255) DEFAULT NULL,
  `service_additional_notes` varchar(255) DEFAULT NULL,
  `service_description` varchar(255) DEFAULT NULL,
  `service_name` varchar(255) DEFAULT NULL,
  `t_sale_order_id` varchar(255) DEFAULT NULL,
  PRIMARY KEY (`id`)
) ENGINE=InnoDB AUTO_INCREMENT=59 DEFAULT CHARSET=latin1;
/*!40101 SET character_set_client = @saved_cs_client */;

--
-- Dumping data for table `t_sale_service`
--

LOCK TABLES `t_sale_service` WRITE;
/*!40000 ALTER TABLE `t_sale_service` DISABLE KEYS */;
INSERT INTO `t_sale_service` VALUES (2,NULL,'2018-12-07 14:29:11.283000','2','RARC',NULL,NULL,'2018-12-07 14:29:11.283000','TS-001','Checked','Verified','fitting','5'),(5,NULL,'2018-12-17 10:46:24.353000','1','RARC',NULL,NULL,'2018-12-17 10:46:24.353000','TS-002','Checked','Verified','Electrical Foreman','8'),(6,NULL,'2018-12-17 10:46:26.598000','1','RARC',NULL,NULL,'2018-12-17 10:46:26.598000','TS-003','Checked','Verified','Field Service Technician','9'),(9,NULL,'2019-02-02 15:04:58.272000','1','RARC',NULL,NULL,'2019-02-02 15:04:58.272000','TS-024','Checked','Verified','Electrical Foreman','12'),(19,NULL,'2019-03-08 15:20:06.896000','1','RARC',NULL,NULL,'2019-03-08 15:20:06.896000','TS-003','Checked','Verified','Field Service Technician','23'),(20,NULL,'2019-03-08 15:22:40.180000','1','RARC',NULL,NULL,'2019-03-08 15:22:40.180000','TS-011','Checked','Verified','Electrical Foreman','24'),(21,NULL,'2019-03-08 15:23:33.615000','1','RARC',NULL,NULL,'2019-03-08 15:23:33.615000','TS-003','Checked','Verified','Field Service Technician','25'),(22,NULL,'2019-03-08 15:24:19.224000','1','RARC',NULL,NULL,'2019-03-08 15:24:19.224000','TS-011','Checked','Verified','Electrical Foreman','26'),(23,NULL,'2019-03-08 15:24:42.917000','1','RARC',NULL,NULL,'2019-03-08 15:24:42.917000','TS-024','Checked','Verified','Field Service Technician','27'),(24,NULL,'2019-03-08 15:25:55.027000','1','RARC',NULL,NULL,'2019-03-08 15:25:55.027000','TS-011','Checked','Verified','Electrical Foreman','28'),(31,NULL,'2019-03-15 13:41:39.935000','1','RARC',NULL,NULL,'2019-03-15 13:41:39.935000','TS-024','Checked','Verified','Field Service Technician','35'),(32,NULL,'2019-03-20 12:57:53.885000','1','RARC',NULL,NULL,'2019-03-20 12:57:53.885000','TS-003','Checked','Verified','Electrical Foreman','36'),(38,NULL,'2019-03-20 14:26:28.006000','1','RARC',NULL,NULL,'2019-03-20 14:26:28.006000','TS-024','Checked','Verified','Field Service Technician','7'),(42,NULL,'2019-03-26 12:01:42.323000','1','RARC',NULL,NULL,'2019-03-26 12:01:42.323000','TS-003','Checked','Verified','Testing Head','44'),(49,NULL,'2019-04-29 13:28:54.957000','1','RARC',NULL,NULL,'2019-04-29 13:28:54.957000','TS-024','Checked','Verified','Field Service Technician','53'),(50,NULL,'2019-04-30 15:42:05.663000','1','RARC',NULL,NULL,'2019-04-30 15:42:05.663000','TS-011','Checked','Verified','fitting','54'),(51,NULL,'2019-05-02 13:06:45.080000','1','test',NULL,NULL,'2019-05-02 13:06:45.080000','ss-012','general','general service','service','55'),(53,NULL,'2019-05-02 18:44:15.817000',NULL,NULL,NULL,NULL,'2019-05-02 18:44:15.817000',NULL,NULL,NULL,NULL,'57'),(55,NULL,'2019-05-07 11:43:35.152000',NULL,NULL,NULL,NULL,'2019-05-07 11:43:35.152000',NULL,NULL,NULL,NULL,'59'),(56,NULL,'2019-08-28 19:04:04.915000','cv','cv',NULL,NULL,'2019-08-28 19:04:04.915000','cxv','cv','cv','cv','60'),(57,NULL,'2019-08-30 17:21:50.860000','fsd','gf',NULL,NULL,'2019-08-30 17:21:50.860000','jg','jg','ghj','jghj','61'),(58,NULL,'2019-09-03 12:53:46.140000',NULL,NULL,NULL,NULL,'2019-09-03 12:53:46.140000',NULL,NULL,NULL,NULL,'62');
/*!40000 ALTER TABLE `t_sale_service` ENABLE KEYS */;
UNLOCK TABLES;

--
-- Table structure for table `t_subtask`
--

DROP TABLE IF EXISTS `t_subtask`;
/*!40101 SET @saved_cs_client     = @@character_set_client */;
/*!40101 SET character_set_client = utf8 */;
CREATE TABLE `t_subtask` (
  `id` int(11) NOT NULL AUTO_INCREMENT,
  `assigned_on_dt` datetime(6) DEFAULT NULL,
  `assigned_to_user_id` varchar(255) DEFAULT NULL,
  `completed_dt` datetime(6) DEFAULT NULL,
  `created_by` varchar(255) DEFAULT NULL,
  `created_dt` datetime(6) DEFAULT NULL,
  `is_enabled` varchar(255) DEFAULT NULL,
  `modified_by` varchar(255) DEFAULT NULL,
  `modified_dt` datetime(6) DEFAULT NULL,
  `sub_task_desc` varchar(255) DEFAULT NULL,
  `subtask_name` varchar(255) DEFAULT NULL,
  `task_id` int(11) DEFAULT NULL,
  `task_status` varchar(255) DEFAULT NULL,
  PRIMARY KEY (`id`),
  KEY `FKfgm1nbpoq8npoghjykbc8o3e` (`task_id`)
) ENGINE=InnoDB AUTO_INCREMENT=4 DEFAULT CHARSET=latin1;
/*!40101 SET character_set_client = @saved_cs_client */;

--
-- Dumping data for table `t_subtask`
--

LOCK TABLES `t_subtask` WRITE;
/*!40000 ALTER TABLE `t_subtask` DISABLE KEYS */;
INSERT INTO `t_subtask` VALUES (1,NULL,NULL,'2018-12-10 09:36:11.530000','3','2018-12-10 09:24:59.643000','Y','262','2019-05-06 18:15:05.794000',NULL,'Retro1',2,'COMPLETED'),(2,NULL,NULL,'2018-12-11 14:36:04.793000','3','2018-12-11 14:35:45.614000','Y','3','2018-12-11 14:36:04.794000',NULL,NULL,1,'COMPLETED'),(3,NULL,NULL,'2018-12-11 14:36:02.740000','3','2018-12-11 14:35:57.681000','Y','3','2018-12-11 14:36:02.741000',NULL,NULL,1,'COMPLETED');
/*!40000 ALTER TABLE `t_subtask` ENABLE KEYS */;
UNLOCK TABLES;

--
-- Table structure for table `t_task`
--

DROP TABLE IF EXISTS `t_task`;
/*!40101 SET @saved_cs_client     = @@character_set_client */;
/*!40101 SET character_set_client = utf8 */;
CREATE TABLE `t_task` (
  `id` int(11) NOT NULL AUTO_INCREMENT,
  `assigned_on_dt` datetime(6) DEFAULT NULL,
  `assigned_to_user_id` varchar(255) DEFAULT NULL,
  `blocked_dt` datetime(6) DEFAULT NULL,
  `completed_dt` datetime(6) DEFAULT NULL,
  `created_by` varchar(255) DEFAULT NULL,
  `created_dt` datetime(6) DEFAULT NULL,
  `delayed_dt` datetime(6) DEFAULT NULL,
  `end_client_id` int(11) DEFAULT NULL,
  `is_blocked` varchar(255) DEFAULT NULL,
  `is_delayed` varchar(255) DEFAULT NULL,
  `is_enabled` varchar(255) DEFAULT NULL,
  `job_id` int(11) DEFAULT NULL,
  `milestone_id` int(11) DEFAULT NULL,
  `modified_by` varchar(255) DEFAULT NULL,
  `modified_dt` datetime(6) DEFAULT NULL,
  `partner_id` int(11) DEFAULT NULL,
  `task_desc` varchar(255) DEFAULT NULL,
  `task_list_id` int(11) DEFAULT NULL,
  `task_name` varchar(255) DEFAULT NULL,
  `task_status` varchar(255) DEFAULT NULL,
  `task_type_id` int(11) DEFAULT NULL,
  PRIMARY KEY (`id`),
  KEY `FKj5aer1qw135a351hfb1j5a2cb` (`task_list_id`),
  CONSTRAINT `FKj5aer1qw135a351hfb1j5a2cb` FOREIGN KEY (`task_list_id`) REFERENCES `t_job_task_list` (`id`)
) ENGINE=InnoDB AUTO_INCREMENT=29 DEFAULT CHARSET=latin1;
/*!40101 SET character_set_client = @saved_cs_client */;

--
-- Dumping data for table `t_task`
--

LOCK TABLES `t_task` WRITE;
/*!40000 ALTER TABLE `t_task` DISABLE KEYS */;
INSERT INTO `t_task` VALUES (2,'2018-12-10 09:35:46.491000','3',NULL,'2018-12-10 09:36:19.331000','3','2018-12-10 09:24:42.131000',NULL,NULL,NULL,NULL,'Y',3,4,'262','2019-05-06 18:14:57.647000',NULL,'Retrofit',4,'sub Task-1','COMPLETED',NULL),(3,'2018-12-10 09:35:51.591000','3',NULL,NULL,'3','2018-12-10 09:25:30.058000',NULL,NULL,NULL,NULL,'Y',3,4,'34','2019-05-06 18:15:52.647000',NULL,'Retrofit',4,'sub task 2','CREATED',NULL),(17,NULL,NULL,NULL,NULL,'33','2019-03-20 14:33:29.865000',NULL,NULL,NULL,NULL,'Y',49,19,NULL,'2019-03-20 14:33:29.865000',NULL,NULL,20,'s','CREATED',NULL),(18,NULL,NULL,NULL,NULL,'33','2019-03-20 14:33:38.560000',NULL,NULL,NULL,NULL,'Y',49,19,NULL,'2019-03-20 14:33:38.560000',NULL,NULL,20,'check','CREATED',NULL),(19,NULL,NULL,NULL,NULL,'33','2019-03-20 14:33:45.577000',NULL,NULL,NULL,NULL,'Y',49,20,NULL,'2019-03-20 14:33:45.577000',NULL,NULL,21,'okay','CREATED',NULL),(20,NULL,NULL,NULL,NULL,'33','2019-03-20 14:33:56.546000',NULL,NULL,NULL,NULL,'Y',49,20,NULL,'2019-03-20 14:33:56.546000',NULL,NULL,22,'master','CREATED',NULL),(21,NULL,NULL,NULL,NULL,'33','2019-03-26 19:26:20.490000',NULL,NULL,NULL,NULL,'Y',53,22,NULL,'2019-03-26 19:26:20.490000',NULL,NULL,24,'subTask','CREATED',NULL),(22,NULL,NULL,NULL,NULL,'33','2019-03-26 19:26:30.613000',NULL,NULL,NULL,NULL,'Y',53,23,NULL,'2019-03-26 19:26:30.613000',NULL,NULL,25,'subTask2','CREATED',NULL),(23,NULL,NULL,NULL,NULL,'33','2019-03-26 19:26:39.436000',NULL,NULL,NULL,NULL,'Y',53,23,NULL,'2019-03-26 19:26:39.436000',NULL,NULL,25,'subTask3','CREATED',NULL),(25,NULL,NULL,NULL,NULL,'33','2019-05-03 11:09:30.732000',NULL,NULL,NULL,NULL,'Y',47,30,'34','2019-05-06 18:17:09.817000',NULL,'Retrofit',31,'FITTING','CREATED',NULL),(26,NULL,NULL,NULL,NULL,'33','2019-05-03 11:09:38.174000',NULL,NULL,NULL,NULL,'Y',47,29,'34','2019-05-06 18:17:00.135000',NULL,'Retrofit',30,'ASSMBLE','CREATED',NULL),(27,NULL,NULL,NULL,NULL,'33','2019-05-03 11:09:48.401000',NULL,NULL,NULL,NULL,'Y',47,30,'34','2019-05-06 18:17:14.508000',NULL,'Retrofit',32,'RETRO FIT','CREATED',NULL),(28,NULL,NULL,NULL,NULL,'33','2019-05-03 11:09:58.740000',NULL,NULL,NULL,NULL,'Y',47,31,'34','2019-05-06 18:17:19.747000',NULL,'Retrofit',33,'checking','CREATED',NULL);
/*!40000 ALTER TABLE `t_task` ENABLE KEYS */;
UNLOCK TABLES;

--
-- Table structure for table `t_task_history`
--

DROP TABLE IF EXISTS `t_task_history`;
/*!40101 SET @saved_cs_client     = @@character_set_client */;
/*!40101 SET character_set_client = utf8 */;
CREATE TABLE `t_task_history` (
  `id` int(11) NOT NULL AUTO_INCREMENT,
  `activity` varchar(255) DEFAULT NULL,
  `assigned_to_user_id` varchar(255) DEFAULT NULL,
  `created_by` varchar(255) DEFAULT NULL,
  `created_dt` datetime(6) DEFAULT NULL,
  `is_enabled` varchar(255) DEFAULT NULL,
  `log_dt` datetime(6) DEFAULT NULL,
  `modified_by` varchar(255) DEFAULT NULL,
  `modified_dt` datetime(6) DEFAULT NULL,
  `sub_task_id` int(11) DEFAULT NULL,
  `task_desc` varchar(255) DEFAULT NULL,
  `task_id` int(11) DEFAULT NULL,
  `task_name` varchar(255) DEFAULT NULL,
  `user_id` varchar(255) DEFAULT NULL,
  PRIMARY KEY (`id`)
) ENGINE=InnoDB AUTO_INCREMENT=25 DEFAULT CHARSET=latin1;
/*!40101 SET character_set_client = @saved_cs_client */;

--
-- Dumping data for table `t_task_history`
--

LOCK TABLES `t_task_history` WRITE;
/*!40000 ALTER TABLE `t_task_history` DISABLE KEYS */;
INSERT INTO `t_task_history` VALUES (1,NULL,NULL,NULL,'2018-12-08 14:47:54.507000',NULL,'2018-12-08 14:47:54.500000',NULL,'2018-12-08 14:47:54.507000',NULL,NULL,NULL,NULL,NULL),(2,NULL,NULL,NULL,'2018-12-10 09:24:42.200000',NULL,'2018-12-10 09:24:42.195000',NULL,'2018-12-10 09:24:42.200000',NULL,NULL,NULL,NULL,NULL),(3,NULL,NULL,NULL,'2018-12-10 09:25:30.062000',NULL,'2018-12-10 09:25:30.061000',NULL,'2018-12-10 09:25:30.062000',NULL,NULL,NULL,NULL,NULL),(4,NULL,NULL,NULL,'2019-03-19 11:33:08.381000',NULL,'2019-03-19 11:33:08.375000',NULL,'2019-03-19 11:33:08.381000',NULL,NULL,NULL,NULL,NULL),(5,NULL,NULL,NULL,'2019-03-19 11:33:16.881000',NULL,'2019-03-19 11:33:16.880000',NULL,'2019-03-19 11:33:16.881000',NULL,NULL,NULL,NULL,NULL),(6,NULL,NULL,NULL,'2019-03-19 11:33:26.604000',NULL,'2019-03-19 11:33:26.602000',NULL,'2019-03-19 11:33:26.604000',NULL,NULL,NULL,NULL,NULL),(7,NULL,NULL,NULL,'2019-03-19 11:37:46.645000',NULL,'2019-03-19 11:37:46.644000',NULL,'2019-03-19 11:37:46.645000',NULL,NULL,NULL,NULL,NULL),(8,NULL,NULL,NULL,'2019-03-19 11:37:57.627000',NULL,'2019-03-19 11:37:57.620000',NULL,'2019-03-19 11:37:57.627000',NULL,NULL,NULL,NULL,NULL),(9,NULL,NULL,NULL,'2019-03-19 18:33:43.768000',NULL,'2019-03-19 18:33:43.763000',NULL,'2019-03-19 18:33:43.768000',NULL,NULL,NULL,NULL,NULL),(10,NULL,NULL,NULL,'2019-03-19 18:34:15.365000',NULL,'2019-03-19 18:34:15.364000',NULL,'2019-03-19 18:34:15.365000',NULL,NULL,NULL,NULL,NULL),(11,NULL,NULL,NULL,'2019-03-19 18:34:21.189000',NULL,'2019-03-19 18:34:21.188000',NULL,'2019-03-19 18:34:21.189000',NULL,NULL,NULL,NULL,NULL),(12,NULL,NULL,NULL,'2019-03-19 18:34:25.651000',NULL,'2019-03-19 18:34:25.650000',NULL,'2019-03-19 18:34:25.651000',NULL,NULL,NULL,NULL,NULL),(13,NULL,NULL,NULL,'2019-03-20 14:33:29.875000',NULL,'2019-03-20 14:33:29.869000',NULL,'2019-03-20 14:33:29.875000',NULL,NULL,NULL,NULL,NULL),(14,NULL,NULL,NULL,'2019-03-20 14:33:38.564000',NULL,'2019-03-20 14:33:38.563000',NULL,'2019-03-20 14:33:38.564000',NULL,NULL,NULL,NULL,NULL),(15,NULL,NULL,NULL,'2019-03-20 14:33:45.581000',NULL,'2019-03-20 14:33:45.581000',NULL,'2019-03-20 14:33:45.581000',NULL,NULL,NULL,NULL,NULL),(16,NULL,NULL,NULL,'2019-03-20 14:33:56.552000',NULL,'2019-03-20 14:33:56.551000',NULL,'2019-03-20 14:33:56.552000',NULL,NULL,NULL,NULL,NULL),(17,NULL,NULL,NULL,'2019-03-26 19:26:20.516000',NULL,'2019-03-26 19:26:20.499000',NULL,'2019-03-26 19:26:20.516000',NULL,NULL,NULL,NULL,NULL),(18,NULL,NULL,NULL,'2019-03-26 19:26:30.620000',NULL,'2019-03-26 19:26:30.619000',NULL,'2019-03-26 19:26:30.620000',NULL,NULL,NULL,NULL,NULL),(19,NULL,NULL,NULL,'2019-03-26 19:26:39.442000',NULL,'2019-03-26 19:26:39.441000',NULL,'2019-03-26 19:26:39.442000',NULL,NULL,NULL,NULL,NULL),(20,NULL,NULL,NULL,'2019-03-27 13:47:09.411000',NULL,'2019-03-27 13:47:09.408000',NULL,'2019-03-27 13:47:09.411000',NULL,NULL,NULL,NULL,NULL),(21,NULL,NULL,NULL,'2019-05-03 11:09:30.743000',NULL,'2019-05-03 11:09:30.737000',NULL,'2019-05-03 11:09:30.743000',NULL,NULL,NULL,NULL,NULL),(22,NULL,NULL,NULL,'2019-05-03 11:09:38.181000',NULL,'2019-05-03 11:09:38.180000',NULL,'2019-05-03 11:09:38.181000',NULL,NULL,NULL,NULL,NULL),(23,NULL,NULL,NULL,'2019-05-03 11:09:48.415000',NULL,'2019-05-03 11:09:48.415000',NULL,'2019-05-03 11:09:48.415000',NULL,NULL,NULL,NULL,NULL),(24,NULL,NULL,NULL,'2019-05-03 11:09:58.744000',NULL,'2019-05-03 11:09:58.743000',NULL,'2019-05-03 11:09:58.744000',NULL,NULL,NULL,NULL,NULL);
/*!40000 ALTER TABLE `t_task_history` ENABLE KEYS */;
UNLOCK TABLES;

--
-- Table structure for table `t_test`
--

DROP TABLE IF EXISTS `t_test`;
/*!40101 SET @saved_cs_client     = @@character_set_client */;
/*!40101 SET character_set_client = utf8 */;
CREATE TABLE `t_test` (
  `id` int(11) NOT NULL AUTO_INCREMENT,
  `created_by` varchar(255) DEFAULT NULL,
  `created_dt` datetime(6) DEFAULT NULL,
  `end_time` varchar(255) DEFAULT NULL,
  `invigilator_comments` varchar(255) DEFAULT NULL,
  `invigilator_id` varchar(255) DEFAULT NULL,
  `is_enabled` varchar(255) DEFAULT NULL,
  `modified_by` varchar(255) DEFAULT NULL,
  `modified_dt` datetime(6) DEFAULT NULL,
  `no_of_questions` varchar(255) DEFAULT NULL,
  `participant_comment` varchar(255) DEFAULT NULL,
  `participant_id` varchar(255) DEFAULT NULL,
  `start_time` varchar(255) DEFAULT NULL,
  `test_date` date DEFAULT NULL,
  `test_prep_id` varchar(255) DEFAULT NULL,
  `test_status` varchar(255) DEFAULT NULL,
  `total_correct` varchar(255) DEFAULT NULL,
  `total_un_attended` varchar(255) DEFAULT NULL,
  `total_wrong` varchar(255) DEFAULT NULL,
  `test_result` varchar(100) DEFAULT NULL,
  `score` varchar(255) DEFAULT NULL,
  PRIMARY KEY (`id`)
) ENGINE=InnoDB AUTO_INCREMENT=199 DEFAULT CHARSET=latin1;
/*!40101 SET character_set_client = @saved_cs_client */;

--
-- Dumping data for table `t_test`
--

LOCK TABLES `t_test` WRITE;
/*!40000 ALTER TABLE `t_test` DISABLE KEYS */;
INSERT INTO `t_test` VALUES (122,'2','2019-02-27 11:47:08.655000',NULL,NULL,'2',NULL,NULL,'2019-02-27 11:47:08.655000','10',NULL,'darshni',NULL,'2019-02-27','6','Created','4','0','6',NULL,NULL),(128,'4','2019-03-01 11:42:28.061000',NULL,NULL,'4',NULL,NULL,'2019-03-01 12:19:14.742000','10',NULL,'7530098184',NULL,'2019-03-01','6','Test Taken By4. Only once Test can be Taken. Better luck Next Time :)','4','0','6','FAIL','40'),(164,'4','2019-03-06 12:01:53.985000',NULL,NULL,'4',NULL,NULL,'2019-03-06 12:01:53.985000','10',NULL,'test',NULL,'2019-03-06','4','Test Taken By4. Only once Test can be Taken. Better luck Next Time :)','4','0','6','FAIL',NULL),(165,'4','2019-03-06 15:10:38.133000',NULL,NULL,'4',NULL,NULL,'2019-03-06 15:10:38.133000','10',NULL,'Priya',NULL,'2019-03-06','4','Test Taken By4. Only once Test can be Taken. Better luck Next Time :)','4','0','6','PASS',NULL),(166,'23','2019-04-01 18:53:57.526000',NULL,NULL,'23',NULL,NULL,'2019-04-01 18:53:57.526000','10',NULL,'sample',NULL,'2019-04-01','9','Test Taken By4. Only once Test can be Taken. Better luck Next Time :)','4','0','6','FAIL',NULL),(167,'2','2019-04-25 14:01:08.473000',NULL,NULL,'2',NULL,NULL,'2019-04-25 14:01:08.473000','10',NULL,'joshua',NULL,'2019-04-25','9','Test Taken By4. Only once Test can be Taken. Better luck Next Time :)','4','0','6','PASS',NULL),(168,'2','2019-04-25 14:01:08.673000',NULL,NULL,'2',NULL,NULL,'2019-04-25 14:01:08.673000','10',NULL,'jhon',NULL,'2019-04-25','6','Test Taken By4. Only once Test can be Taken. Better luck Next Time :)','4','0','6','FAIL',NULL),(187,'23','2019-04-29 17:45:23.498000',NULL,NULL,'23',NULL,NULL,'2019-04-29 17:45:23.498000','10',NULL,'darshini',NULL,'2019-04-29','3','Test Taken By4. Only once Test can be Taken. Better luck Next Time :)','4','0','6','PASS',NULL),(188,'23','2019-04-29 17:45:23.679000',NULL,NULL,'23',NULL,NULL,'2019-04-29 17:45:23.679000','10',NULL,'Sam',NULL,'2019-04-29','3','Test Taken By4. Only once Test can be Taken. Better luck Next Time :)','4','0','6',NULL,NULL),(189,'4','2019-05-03 16:34:32.949000',NULL,NULL,'4',NULL,NULL,'2019-05-03 16:34:32.949000','10',NULL,'4',NULL,'2019-05-03',NULL,'employee test created','4','0','6',NULL,NULL);
/*!40000 ALTER TABLE `t_test` ENABLE KEYS */;
UNLOCK TABLES;

--
-- Table structure for table `t_test_question`
--

DROP TABLE IF EXISTS `t_test_question`;
/*!40101 SET @saved_cs_client     = @@character_set_client */;
/*!40101 SET character_set_client = utf8 */;
CREATE TABLE `t_test_question` (
  `id` int(11) NOT NULL AUTO_INCREMENT,
  `created_by` varchar(255) DEFAULT NULL,
  `created_dt` datetime(6) DEFAULT NULL,
  `has_multiple_answers` varchar(255) DEFAULT NULL,
  `is_enabled` varchar(255) DEFAULT NULL,
  `mark_per_question` varchar(255) DEFAULT NULL,
  `marks_awarded` varchar(255) DEFAULT NULL,
  `modified_by` varchar(255) DEFAULT NULL,
  `modified_dt` datetime(6) DEFAULT NULL,
  `negative_marks` varchar(255) DEFAULT NULL,
  `options_correct` varchar(255) DEFAULT NULL,
  `question_description` varchar(255) DEFAULT NULL,
  `question_status` varchar(255) DEFAULT NULL,
  `test_section_id` varchar(255) DEFAULT NULL,
  `qb_id` int(11) DEFAULT NULL,
  `test_id` int(11) DEFAULT NULL,
  PRIMARY KEY (`id`)
) ENGINE=InnoDB AUTO_INCREMENT=1803 DEFAULT CHARSET=latin1;
/*!40101 SET character_set_client = @saved_cs_client */;

--
-- Dumping data for table `t_test_question`
--

LOCK TABLES `t_test_question` WRITE;
/*!40000 ALTER TABLE `t_test_question` DISABLE KEYS */;
INSERT INTO `t_test_question` VALUES (1224,'4',NULL,NULL,'Y','10','100',NULL,'2019-03-01 12:08:27.325000','0','B','What kind of a process does a Steam Power Plant undergoes?',NULL,'6',231,128),(1225,'4','2019-03-01 11:42:28.110000',NULL,'Y','10','100',NULL,'2019-03-01 11:42:28.110000','0','A','What is the effect of temperature rise on the over head lines?',NULL,'6',302,128),(1226,'4','2019-03-01 11:42:28.121000',NULL,'Y','10','100',NULL,'2019-03-01 11:42:28.121000','0','B','Function of transducer is to convert',NULL,'6',307,128),(1227,'4','2019-03-01 11:42:28.141000',NULL,'Y','10','100',NULL,'2019-03-01 11:42:28.141000','0','C','How can the direction of the DC motor be changed?',NULL,'6',233,128),(1228,'4','2019-03-01 11:42:28.165000',NULL,'Y','10','100',NULL,'2019-03-01 11:42:28.165000','0','C','In indicating instruments, the controlling and restoring torque can be obtained by using',NULL,'6',306,128),(1229,'4','2019-03-01 11:42:28.178000',NULL,'Y','10','100',NULL,'2019-03-01 11:42:28.178000','0','A','A sine wave voltage is applied across an inductor. When the frequency of the voltage is decreased, the current will',NULL,'6',230,128),(1230,'4','2019-03-01 11:42:28.190000',NULL,'Y','10','100',NULL,'2019-03-01 11:42:28.190000','0','D','A full wave rectifier with resistive load produces',NULL,'6',304,128),(1231,'4','2019-03-01 11:42:28.205000',NULL,'Y','10','100',NULL,'2019-03-01 11:42:28.205000','0','A','AC power in a load can be controlled by using',NULL,'6',305,128),(1232,'4','2019-03-01 11:42:28.218000',NULL,'Y','10','100',NULL,'2019-03-01 11:42:28.218000','0','C','What is OPTO isolator?',NULL,'6',232,128),(1233,'4','2019-03-01 11:42:28.230000',NULL,'Y','10','100',NULL,'2019-03-01 11:42:28.230000','0','A','How an embedded system communicate with the outside world?',NULL,'6',301,128),(1260,'25','2019-03-01 16:15:42.879000',NULL,'Y','10','100',NULL,'2019-03-01 16:15:42.879000','0','C','What is OPTO isolator?',NULL,'6',232,134),(1261,'25','2019-03-01 16:15:44.978000',NULL,'Y','10','100',NULL,'2019-03-01 16:15:44.978000','0','D','What is the major drawback of using SF6 circuit breakers?',NULL,'6',303,134),(1262,'25','2019-03-01 16:15:47.057000',NULL,'Y','10','100',NULL,'2019-03-01 16:15:47.057000','0','B','The maximum power drawn from a source depends on __________',NULL,'6',285,134),(1263,'25','2019-03-01 16:15:49.615000',NULL,'Y','10','100',NULL,'2019-03-01 16:15:49.616000','0','A','AC power in a load can be controlled by using',NULL,'6',305,134),(1264,'25','2019-03-01 16:15:52.446000',NULL,'Y','10','100',NULL,'2019-03-01 16:15:52.447000','0','A','How an embedded system communicate with the outside world?',NULL,'6',301,134),(1265,'25','2019-03-01 16:15:54.547000',NULL,'Y','10','100',NULL,'2019-03-01 16:15:54.548000','0','C','How can the direction of the DC motor be changed?',NULL,'6',233,134),(1266,'25','2019-03-01 16:15:56.628000',NULL,'Y','10','100',NULL,'2019-03-01 16:15:56.628000','0','B','Function of transducer is to convert',NULL,'6',307,134),(1267,'25','2019-03-01 16:15:58.728000',NULL,'Y','10','100',NULL,'2019-03-01 16:15:58.728000','0','D','Transformer oil used in an electrical transformer must be free from ________',NULL,'6',234,134),(1268,'25','2019-03-01 16:16:00.817000',NULL,'Y','10','100',NULL,'2019-03-01 16:16:00.817000','0','A','A sine wave voltage is applied across an inductor. When the frequency of the voltage is decreased, the current will',NULL,'6',230,134),(1269,'25','2019-03-01 16:16:02.908000',NULL,'Y','10','100',NULL,'2019-03-01 16:16:02.908000','0','C','In indicating instruments, the controlling and restoring torque can be obtained by using',NULL,'6',306,134),(1270,'25','2019-03-01 16:16:07.097000',NULL,'Y','10','100',NULL,'2019-03-01 16:16:07.097000','0','D','A full wave rectifier with resistive load produces',NULL,'6',304,135),(1271,'25','2019-03-01 16:16:09.177000',NULL,'Y','10','100',NULL,'2019-03-01 16:16:09.177000','0','A','What is the effect of temperature rise on the over head lines?',NULL,'6',302,135),(1272,'25','2019-03-01 16:16:11.267000',NULL,'Y','10','100',NULL,'2019-03-01 16:16:11.267000','0','B','What kind of a process does a Steam Power Plant undergoes?',NULL,'6',231,135),(1293,'25','2019-03-02 11:47:21.697000',NULL,'Y','10','100',NULL,'2019-03-02 11:47:21.697000','0','B','Function of transducer is to convert',NULL,'6',338,139),(1294,'25','2019-03-02 11:47:24.355000',NULL,'Y','10','100',NULL,'2019-03-02 11:47:24.355000','0','B','Function of transducer is to convert',NULL,'6',332,139),(1295,'25','2019-03-02 11:47:26.988000',NULL,'Y','10','100',NULL,'2019-03-02 11:47:26.988000','0','B','Function of transducer is to convert',NULL,'6',343,139),(1296,'25','2019-03-02 11:47:29.629000',NULL,'Y','10','100',NULL,'2019-03-02 11:47:29.629000','0','B','Function of transducer is to convert',NULL,'6',326,139),(1297,'25','2019-03-02 11:47:32.248000',NULL,'Y','10','100',NULL,'2019-03-02 11:47:32.248000','0','B','Function of transducer is to convert',NULL,'6',340,139),(1298,'25','2019-03-02 11:47:34.859000',NULL,'Y','10','100',NULL,'2019-03-02 11:47:34.859000','0','B','Function of transducer is to convert',NULL,'6',336,139),(1299,'25','2019-03-02 11:47:37.477000',NULL,'Y','10','100',NULL,'2019-03-02 11:47:37.477000','0','B','Function of transducer is to convert',NULL,'6',323,139),(1300,'25','2019-03-02 11:47:40.089000',NULL,'Y','10','100',NULL,'2019-03-02 11:47:40.089000','0','B','Function of transducer is to convert',NULL,'6',321,139),(1301,'25','2019-03-02 11:47:42.697000',NULL,'Y','10','100',NULL,'2019-03-02 11:47:42.697000','0','B','Function of transducer is to convert',NULL,'6',318,139),(1302,'25','2019-03-02 11:47:45.307000',NULL,'Y','10','100',NULL,'2019-03-02 11:47:45.307000','0','B','Function of transducer is to convert',NULL,'6',329,139),(1443,'4','2019-03-06 12:01:53.886000',NULL,'Y','10','100',NULL,'2019-03-06 12:01:53.886000','0','B','Function of transducer is to convert',NULL,'9',350,163),(1444,'4','2019-03-06 12:01:53.906000',NULL,'Y','10','100',NULL,'2019-03-06 12:01:53.906000','0','B','Function of transducer is to convert',NULL,'9',337,163),(1445,'4','2019-03-06 12:01:53.914000',NULL,'Y','10','100',NULL,'2019-03-06 12:01:53.914000','0','B','Function of transducer is to convert',NULL,'9',328,163),(1446,'4','2019-03-06 12:01:53.921000',NULL,'Y','10','100',NULL,'2019-03-06 12:01:53.921000','0','B','Function of transducer is to convert',NULL,'9',343,163),(1447,'4','2019-03-06 12:01:53.928000',NULL,'Y','10','100',NULL,'2019-03-06 12:01:53.928000','0','B','Function of transducer is to convert',NULL,'9',354,163),(1448,'4','2019-03-06 12:01:53.938000',NULL,'Y','10','100',NULL,'2019-03-06 12:01:53.938000','0','B','Function of transducer is to convert',NULL,'9',343,163),(1449,'4','2019-03-06 12:01:53.945000',NULL,'Y','10','100',NULL,'2019-03-06 12:01:53.945000','0','B','Function of transducer is to convert',NULL,'9',320,163),(1450,'4','2019-03-06 12:01:53.955000',NULL,'Y','10','100',NULL,'2019-03-06 12:01:53.955000','0','B','Function of transducer is to convert',NULL,'9',332,163),(1451,'4','2019-03-06 12:01:53.968000',NULL,'Y','10','100',NULL,'2019-03-06 12:01:53.968000','0','B','Function of transducer is to convert',NULL,'9',324,163),(1452,'4','2019-03-06 12:01:53.978000',NULL,'Y','10','100',NULL,'2019-03-06 12:01:53.978000','0','B','Function of transducer is to convert',NULL,'9',337,163),(1453,'4','2019-03-06 12:01:53.989000',NULL,'Y','10','100',NULL,'2019-03-06 12:01:53.989000','0','B','Function of transducer is to convert',NULL,'9',342,164),(1454,'4','2019-03-06 12:01:53.995000',NULL,'Y','10','100',NULL,'2019-03-06 12:01:53.995000','0','B','Function of transducer is to convert',NULL,'9',356,164),(1455,'4','2019-03-06 12:01:54.003000',NULL,'Y','10','100',NULL,'2019-03-06 12:01:54.003000','0','B','Function of transducer is to convert',NULL,'9',366,164),(1456,'4','2019-03-06 12:01:54.010000',NULL,'Y','10','100',NULL,'2019-03-06 12:01:54.010000','0','B','Function of transducer is to convert',NULL,'9',322,164),(1457,'4','2019-03-06 12:01:54.018000',NULL,'Y','10','100',NULL,'2019-03-06 12:01:54.018000','0','B','Function of transducer is to convert',NULL,'9',366,164),(1458,'4','2019-03-06 12:01:54.028000',NULL,'Y','10','100',NULL,'2019-03-06 12:01:54.028000','0','B','Function of transducer is to convert',NULL,'9',323,164),(1459,'4','2019-03-06 12:01:54.036000',NULL,'Y','10','100',NULL,'2019-03-06 12:01:54.036000','0','B','Function of transducer is to convert',NULL,'9',366,164),(1460,'4','2019-03-06 12:01:54.044000',NULL,'Y','10','100',NULL,'2019-03-06 12:01:54.044000','0','B','Function of transducer is to convert',NULL,'9',370,164),(1461,'4','2019-03-06 12:01:54.052000',NULL,'Y','10','100',NULL,'2019-03-06 12:01:54.052000','0','B','Function of transducer is to convert',NULL,'9',359,164),(1462,'4','2019-03-06 12:01:54.061000',NULL,'Y','10','100',NULL,'2019-03-06 12:01:54.061000','0','B','Function of transducer is to convert',NULL,'9',369,164),(1463,'4','2019-03-06 15:10:38.239000',NULL,'Y','10','100',NULL,'2019-03-06 15:10:38.239000','0','B','Function of transducer is to convert',NULL,'9',315,165),(1464,'4','2019-03-06 15:10:38.289000',NULL,'Y','10','100',NULL,'2019-03-06 15:10:38.289000','0','B','Function of transducer is to convert',NULL,'9',347,165),(1465,'4','2019-03-06 15:10:38.313000',NULL,'Y','10','100',NULL,'2019-03-06 15:10:38.313000','0','B','Function of transducer is to convert',NULL,'9',341,165),(1466,'4','2019-03-06 15:10:38.337000',NULL,'Y','10','100',NULL,'2019-03-06 15:10:38.337000','0','B','Function of transducer is to convert',NULL,'9',321,165),(1467,'4','2019-03-06 15:10:38.370000',NULL,'Y','10','100',NULL,'2019-03-06 15:10:38.370000','0','B','Function of transducer is to convert',NULL,'9',362,165),(1468,'4','2019-03-06 15:10:38.407000',NULL,'Y','10','100',NULL,'2019-03-06 15:10:38.407000','0','B','Function of transducer is to convert',NULL,'9',337,165),(1469,'4','2019-03-06 15:10:38.428000',NULL,'Y','10','100',NULL,'2019-03-06 15:10:38.428000','0','B','Function of transducer is to convert',NULL,'9',369,165),(1470,'4','2019-03-06 15:10:38.445000',NULL,'Y','10','100',NULL,'2019-03-06 15:10:38.445000','0','B','Function of transducer is to convert',NULL,'9',331,165),(1471,'4','2019-03-06 15:10:38.466000',NULL,'Y','10','100',NULL,'2019-03-06 15:10:38.466000','0','B','Function of transducer is to convert',NULL,'9',346,165),(1472,'4','2019-03-06 15:10:38.484000',NULL,'Y','10','100',NULL,'2019-03-06 15:10:38.485000','0','B','Function of transducer is to convert',NULL,'9',349,165),(1473,'23','2019-04-01 18:53:57.545000',NULL,'Y','10','100',NULL,'2019-04-01 18:53:57.545000','0','B','Function of transducer is to convert',NULL,'6',335,166),(1474,'23','2019-04-01 18:53:57.575000',NULL,'Y','10','100',NULL,'2019-04-01 18:53:57.575000','0','B','Function of transducer is to convert',NULL,'6',348,166),(1475,'23','2019-04-01 18:53:57.591000',NULL,'Y','10','100',NULL,'2019-04-01 18:53:57.591000','0','B','Function of transducer is to convert',NULL,'6',371,166),(1476,'23','2019-04-01 18:53:57.604000',NULL,'Y','10','100',NULL,'2019-04-01 18:53:57.604000','0','B','Function of transducer is to convert',NULL,'6',351,166),(1477,'23','2019-04-01 18:53:57.614000',NULL,'Y','10','100',NULL,'2019-04-01 18:53:57.614000','0','A','What is the effect of temperature rise on the over head lines?',NULL,'6',302,166),(1478,'23','2019-04-01 18:53:57.626000',NULL,'Y','10','100',NULL,'2019-04-01 18:53:57.626000','0','B','Function of transducer is to convert',NULL,'6',342,166),(1479,'23','2019-04-01 18:53:57.641000',NULL,'Y','10','100',NULL,'2019-04-01 18:53:57.641000','0','B','Function of transducer is to convert',NULL,'6',317,166),(1480,'23','2019-04-01 18:53:57.657000',NULL,'Y','10','100',NULL,'2019-04-01 18:53:57.657000','0','B','Function of transducer is to convert',NULL,'6',367,166),(1481,'23','2019-04-01 18:53:57.668000',NULL,'Y','10','100',NULL,'2019-04-01 18:53:57.668000','0','B','Function of transducer is to convert',NULL,'6',349,166),(1482,'23','2019-04-01 18:53:57.678000',NULL,'Y','10','100',NULL,'2019-04-01 18:53:57.678000','0','B','Function of transducer is to convert',NULL,'6',321,166),(1483,'2','2019-04-25 14:01:08.487000',NULL,'Y','70','100',NULL,'2019-04-25 14:01:08.487000','0','C','In indicating instruments, the controlling and restoring torque can be obtained by using',NULL,'3',306,167),(1484,'2','2019-04-25 14:01:08.516000',NULL,'Y','70','100',NULL,'2019-04-25 14:01:08.516000','0','D','A full wave rectifier with resistive load produces',NULL,'3',304,167),(1485,'2','2019-04-25 14:01:08.527000',NULL,'Y','70','100',NULL,'2019-04-25 14:01:08.527000','0','A','AC power in a load can be controlled by using',NULL,'3',305,167),(1486,'2','2019-04-25 14:01:08.543000',NULL,'Y','70','100',NULL,'2019-04-25 14:01:08.543000','0','C','How can the direction of the DC motor be changed?',NULL,'3',233,167),(1487,'2','2019-04-25 14:01:08.556000',NULL,'Y','70','100',NULL,'2019-04-25 14:01:08.556000','0','D','What is the major drawback of using SF6 circuit breakers?',NULL,'3',303,167),(1488,'2','2019-04-25 14:01:08.570000',NULL,'Y','70','100',NULL,'2019-04-25 14:01:08.570000','0','C','What is OPTO isolator?',NULL,'3',232,167),(1489,'2','2019-04-25 14:01:08.590000',NULL,'Y','70','100',NULL,'2019-04-25 14:01:08.590000','0','D','Transformer oil used in an electrical transformer must be free from ________',NULL,'3',234,167),(1490,'2','2019-04-25 14:01:08.602000',NULL,'Y','70','100',NULL,'2019-04-25 14:01:08.602000','0','A','How an embedded system communicate with the outside world?',NULL,'3',301,167),(1491,'2','2019-04-25 14:01:08.622000',NULL,'Y','70','100',NULL,'2019-04-25 14:01:08.622000','0','C','How can the direction of the DC motor be changed?',NULL,'3',233,167),(1492,'2','2019-04-25 14:01:08.645000',NULL,'Y','70','100',NULL,'2019-04-25 14:01:08.645000','0','D','Transformer oil used in an electrical transformer must be free from ________',NULL,'3',234,167),(1493,'2','2019-04-25 14:01:08.692000',NULL,'Y','70','100',NULL,'2019-04-25 14:01:08.692000','0','D','What is the major drawback of using SF6 circuit breakers?',NULL,'3',303,168),(1494,'2','2019-04-25 14:01:08.705000',NULL,'Y','70','100',NULL,'2019-04-25 14:01:08.705000','0','A','How an embedded system communicate with the outside world?',NULL,'3',301,168),(1495,'2','2019-04-25 14:01:08.717000',NULL,'Y','70','100',NULL,'2019-04-25 14:01:08.717000','0','D','Transformer oil used in an electrical transformer must be free from ________',NULL,'3',234,168),(1496,'2','2019-04-25 14:01:08.730000',NULL,'Y','70','100',NULL,'2019-04-25 14:01:08.730000','0','A','A sine wave voltage is applied across an inductor. When the frequency of the voltage is decreased, the current will',NULL,'3',230,168),(1497,'2','2019-04-25 14:01:08.741000',NULL,'Y','70','100',NULL,'2019-04-25 14:01:08.741000','0','D','A full wave rectifier with resistive load produces',NULL,'3',304,168),(1498,'2','2019-04-25 14:01:08.753000',NULL,'Y','70','100',NULL,'2019-04-25 14:01:08.753000','0','C','What is OPTO isolator?',NULL,'3',232,168),(1499,'2','2019-04-25 14:01:08.766000',NULL,'Y','70','100',NULL,'2019-04-25 14:01:08.766000','0','D','What is the major drawback of using SF6 circuit breakers?',NULL,'3',303,168),(1500,'2','2019-04-25 14:01:08.786000',NULL,'Y','70','100',NULL,'2019-04-25 14:01:08.786000','0','A','AC power in a load can be controlled by using',NULL,'3',305,168),(1501,'2','2019-04-25 14:01:08.807000',NULL,'Y','70','100',NULL,'2019-04-25 14:01:08.807000','0','A','How an embedded system communicate with the outside world?',NULL,'3',301,168),(1502,'2','2019-04-25 14:01:08.816000',NULL,'Y','70','100',NULL,'2019-04-25 14:01:08.816000','0','C','How can the direction of the DC motor be changed?',NULL,'3',233,168),(1503,'2','2019-04-25 14:01:08.854000',NULL,'Y','70','100',NULL,'2019-04-25 14:01:08.854000','0','B','What kind of a process does a Steam Power Plant undergoes?',NULL,'3',231,169),(1504,'2','2019-04-25 14:01:08.865000',NULL,'Y','70','100',NULL,'2019-04-25 14:01:08.865000','0','A','A sine wave voltage is applied across an inductor. When the frequency of the voltage is decreased, the current will',NULL,'3',230,169),(1505,'2','2019-04-25 14:01:08.876000',NULL,'Y','70','100',NULL,'2019-04-25 14:01:08.876000','0','C','In indicating instruments, the controlling and restoring torque can be obtained by using',NULL,'3',306,169),(1506,'2','2019-04-25 14:01:08.887000',NULL,'Y','70','100',NULL,'2019-04-25 14:01:08.887000','0','B','The maximum power drawn from a source depends on __________',NULL,'3',285,169),(1507,'2','2019-04-25 14:01:08.900000',NULL,'Y','70','100',NULL,'2019-04-25 14:01:08.900000','0','A','What is the effect of temperature rise on the over head lines?',NULL,'3',302,169),(1508,'2','2019-04-25 14:01:08.911000',NULL,'Y','70','100',NULL,'2019-04-25 14:01:08.911000','0','A','What is the effect of temperature rise on the over head lines?',NULL,'3',302,169),(1509,'2','2019-04-25 14:01:08.922000',NULL,'Y','70','100',NULL,'2019-04-25 14:01:08.922000','0','D','Transformer oil used in an electrical transformer must be free from ________',NULL,'3',234,169),(1510,'2','2019-04-25 14:01:08.937000',NULL,'Y','70','100',NULL,'2019-04-25 14:01:08.937000','0','D','Transformer oil used in an electrical transformer must be free from ________',NULL,'3',234,169),(1511,'2','2019-04-25 14:01:08.949000',NULL,'Y','70','100',NULL,'2019-04-25 14:01:08.949000','0','D','Transformer oil used in an electrical transformer must be free from ________',NULL,'3',234,169),(1512,'2','2019-04-25 14:01:08.957000',NULL,'Y','70','100',NULL,'2019-04-25 14:01:08.957000','0','A','What is the effect of temperature rise on the over head lines?',NULL,'3',302,169),(1513,'2','2019-04-25 14:01:08.982000',NULL,'Y','70','100',NULL,'2019-04-25 14:01:08.982000','0','C','What is OPTO isolator?',NULL,'3',232,170),(1514,'2','2019-04-25 14:01:08.989000',NULL,'Y','70','100',NULL,'2019-04-25 14:01:08.989000','0','A','A sine wave voltage is applied across an inductor. When the frequency of the voltage is decreased, the current will',NULL,'3',230,170),(1515,'2','2019-04-25 14:01:08.997000',NULL,'Y','70','100',NULL,'2019-04-25 14:01:08.997000','0','D','Transformer oil used in an electrical transformer must be free from ________',NULL,'3',234,170),(1516,'2','2019-04-25 14:01:09.008000',NULL,'Y','70','100',NULL,'2019-04-25 14:01:09.008000','0','C','In indicating instruments, the controlling and restoring torque can be obtained by using',NULL,'3',306,170),(1517,'2','2019-04-25 14:01:09.016000',NULL,'Y','70','100',NULL,'2019-04-25 14:01:09.016000','0','A','A sine wave voltage is applied across an inductor. When the frequency of the voltage is decreased, the current will',NULL,'3',230,170),(1518,'2','2019-04-25 14:01:09.024000',NULL,'Y','70','100',NULL,'2019-04-25 14:01:09.024000','0','B','What kind of a process does a Steam Power Plant undergoes?',NULL,'3',231,170),(1519,'2','2019-04-25 14:01:09.037000',NULL,'Y','70','100',NULL,'2019-04-25 14:01:09.037000','0','C','In indicating instruments, the controlling and restoring torque can be obtained by using',NULL,'3',306,170),(1520,'2','2019-04-25 14:01:09.048000',NULL,'Y','70','100',NULL,'2019-04-25 14:01:09.048000','0','B','The maximum power drawn from a source depends on __________',NULL,'3',285,170),(1521,'2','2019-04-25 14:01:09.059000',NULL,'Y','70','100',NULL,'2019-04-25 14:01:09.059000','0','D','A full wave rectifier with resistive load produces',NULL,'3',304,170),(1522,'2','2019-04-25 14:01:09.070000',NULL,'Y','70','100',NULL,'2019-04-25 14:01:09.070000','0','A','AC power in a load can be controlled by using',NULL,'3',305,170),(1523,'2','2019-04-25 14:01:09.091000',NULL,'Y','70','100',NULL,'2019-04-25 14:01:09.091000','0','B','What kind of a process does a Steam Power Plant undergoes?',NULL,'3',231,171),(1524,'2','2019-04-25 14:01:09.102000',NULL,'Y','70','100',NULL,'2019-04-25 14:01:09.102000','0','C','How can the direction of the DC motor be changed?',NULL,'3',233,171),(1525,'2','2019-04-25 14:01:09.111000',NULL,'Y','70','100',NULL,'2019-04-25 14:01:09.111000','0','A','What is the effect of temperature rise on the over head lines?',NULL,'3',302,171),(1526,'2','2019-04-25 14:01:09.120000',NULL,'Y','70','100',NULL,'2019-04-25 14:01:09.120000','0','A','How an embedded system communicate with the outside world?',NULL,'3',301,171),(1527,'2','2019-04-25 14:01:09.129000',NULL,'Y','70','100',NULL,'2019-04-25 14:01:09.129000','0','D','What is the major drawback of using SF6 circuit breakers?',NULL,'3',303,171),(1528,'2','2019-04-25 14:01:09.139000',NULL,'Y','70','100',NULL,'2019-04-25 14:01:09.139000','0','A','A sine wave voltage is applied across an inductor. When the frequency of the voltage is decreased, the current will',NULL,'3',230,171),(1529,'2','2019-04-25 14:01:09.147000',NULL,'Y','70','100',NULL,'2019-04-25 14:01:09.147000','0','D','Transformer oil used in an electrical transformer must be free from ________',NULL,'3',234,171),(1530,'2','2019-04-25 14:01:09.155000',NULL,'Y','70','100',NULL,'2019-04-25 14:01:09.155000','0','A','How an embedded system communicate with the outside world?',NULL,'3',301,171),(1531,'2','2019-04-25 14:01:09.164000',NULL,'Y','70','100',NULL,'2019-04-25 14:01:09.164000','0','B','The maximum power drawn from a source depends on __________',NULL,'3',285,171),(1532,'2','2019-04-25 14:01:09.175000',NULL,'Y','70','100',NULL,'2019-04-25 14:01:09.175000','0','D','A full wave rectifier with resistive load produces',NULL,'3',304,171),(1533,'2','2019-04-25 14:01:09.191000',NULL,'Y','70','100',NULL,'2019-04-25 14:01:09.191000','0','D','What is the major drawback of using SF6 circuit breakers?',NULL,'3',303,172),(1534,'2','2019-04-25 14:01:09.202000',NULL,'Y','70','100',NULL,'2019-04-25 14:01:09.202000','0','C','In indicating instruments, the controlling and restoring torque can be obtained by using',NULL,'3',306,172),(1535,'2','2019-04-25 14:01:09.211000',NULL,'Y','70','100',NULL,'2019-04-25 14:01:09.211000','0','B','The maximum power drawn from a source depends on __________',NULL,'3',285,172),(1536,'2','2019-04-25 14:01:09.223000',NULL,'Y','70','100',NULL,'2019-04-25 14:01:09.223000','0','B','The maximum power drawn from a source depends on __________',NULL,'3',285,172),(1537,'2','2019-04-25 14:01:09.234000',NULL,'Y','70','100',NULL,'2019-04-25 14:01:09.234000','0','A','What is the effect of temperature rise on the over head lines?',NULL,'3',302,172),(1538,'2','2019-04-25 14:01:09.243000',NULL,'Y','70','100',NULL,'2019-04-25 14:01:09.243000','0','B','The maximum power drawn from a source depends on __________',NULL,'3',285,172),(1539,'2','2019-04-25 14:01:09.252000',NULL,'Y','70','100',NULL,'2019-04-25 14:01:09.252000','0','A','What is the effect of temperature rise on the over head lines?',NULL,'3',302,172),(1540,'2','2019-04-25 14:01:09.260000',NULL,'Y','70','100',NULL,'2019-04-25 14:01:09.260000','0','D','A full wave rectifier with resistive load produces',NULL,'3',304,172),(1541,'2','2019-04-25 14:01:09.273000',NULL,'Y','70','100',NULL,'2019-04-25 14:01:09.273000','0','A','A sine wave voltage is applied across an inductor. When the frequency of the voltage is decreased, the current will',NULL,'3',230,172),(1542,'2','2019-04-25 14:01:09.282000',NULL,'Y','70','100',NULL,'2019-04-25 14:01:09.282000','0','B','What kind of a process does a Steam Power Plant undergoes?',NULL,'3',231,172),(1543,'2','2019-04-25 14:01:09.298000',NULL,'Y','70','100',NULL,'2019-04-25 14:01:09.298000','0','C','In indicating instruments, the controlling and restoring torque can be obtained by using',NULL,'3',306,173),(1544,'2','2019-04-25 14:01:09.306000',NULL,'Y','70','100',NULL,'2019-04-25 14:01:09.306000','0','A','AC power in a load can be controlled by using',NULL,'3',305,173),(1545,'2','2019-04-25 14:01:09.314000',NULL,'Y','70','100',NULL,'2019-04-25 14:01:09.314000','0','C','In indicating instruments, the controlling and restoring torque can be obtained by using',NULL,'3',306,173),(1546,'2','2019-04-25 14:01:09.327000',NULL,'Y','70','100',NULL,'2019-04-25 14:01:09.327000','0','A','A sine wave voltage is applied across an inductor. When the frequency of the voltage is decreased, the current will',NULL,'3',230,173),(1547,'2','2019-04-25 14:01:09.334000',NULL,'Y','70','100',NULL,'2019-04-25 14:01:09.334000','0','A','AC power in a load can be controlled by using',NULL,'3',305,173),(1548,'2','2019-04-25 14:01:09.341000',NULL,'Y','70','100',NULL,'2019-04-25 14:01:09.341000','0','D','A full wave rectifier with resistive load produces',NULL,'3',304,173),(1549,'2','2019-04-25 14:01:09.348000',NULL,'Y','70','100',NULL,'2019-04-25 14:01:09.348000','0','A','A sine wave voltage is applied across an inductor. When the frequency of the voltage is decreased, the current will',NULL,'3',230,173),(1550,'2','2019-04-25 14:01:09.354000',NULL,'Y','70','100',NULL,'2019-04-25 14:01:09.354000','0','A','AC power in a load can be controlled by using',NULL,'3',305,173),(1551,'2','2019-04-25 14:01:09.362000',NULL,'Y','70','100',NULL,'2019-04-25 14:01:09.362000','0','A','AC power in a load can be controlled by using',NULL,'3',305,173),(1552,'2','2019-04-25 14:01:09.369000',NULL,'Y','70','100',NULL,'2019-04-25 14:01:09.369000','0','B','The maximum power drawn from a source depends on __________',NULL,'3',285,173),(1553,'2','2019-04-25 14:01:09.380000',NULL,'Y','70','100',NULL,'2019-04-25 14:01:09.380000','0','A','What is the effect of temperature rise on the over head lines?',NULL,'3',302,174),(1554,'2','2019-04-25 14:01:09.387000',NULL,'Y','70','100',NULL,'2019-04-25 14:01:09.387000','0','C','In indicating instruments, the controlling and restoring torque can be obtained by using',NULL,'3',306,174),(1555,'2','2019-04-25 14:01:09.392000',NULL,'Y','70','100',NULL,'2019-04-25 14:01:09.392000','0','C','In indicating instruments, the controlling and restoring torque can be obtained by using',NULL,'3',306,174),(1556,'2','2019-04-25 14:01:09.398000',NULL,'Y','70','100',NULL,'2019-04-25 14:01:09.398000','0','D','A full wave rectifier with resistive load produces',NULL,'3',304,174),(1557,'2','2019-04-25 14:01:09.405000',NULL,'Y','70','100',NULL,'2019-04-25 14:01:09.405000','0','D','A full wave rectifier with resistive load produces',NULL,'3',304,174),(1558,'2','2019-04-25 14:01:09.412000',NULL,'Y','70','100',NULL,'2019-04-25 14:01:09.412000','0','C','What is OPTO isolator?',NULL,'3',232,174),(1559,'2','2019-04-25 14:01:09.419000',NULL,'Y','70','100',NULL,'2019-04-25 14:01:09.419000','0','C','How can the direction of the DC motor be changed?',NULL,'3',233,174),(1560,'2','2019-04-25 14:01:09.426000',NULL,'Y','70','100',NULL,'2019-04-25 14:01:09.426000','0','D','A full wave rectifier with resistive load produces',NULL,'3',304,174),(1561,'2','2019-04-25 14:01:09.434000',NULL,'Y','70','100',NULL,'2019-04-25 14:01:09.434000','0','A','AC power in a load can be controlled by using',NULL,'3',305,174),(1562,'2','2019-04-25 14:01:09.441000',NULL,'Y','70','100',NULL,'2019-04-25 14:01:09.441000','0','D','Transformer oil used in an electrical transformer must be free from ________',NULL,'3',234,174),(1563,'2','2019-04-25 14:01:09.452000',NULL,'Y','70','100',NULL,'2019-04-25 14:01:09.452000','0','D','A full wave rectifier with resistive load produces',NULL,'3',304,175),(1564,'2','2019-04-25 14:01:09.459000',NULL,'Y','70','100',NULL,'2019-04-25 14:01:09.459000','0','C','How can the direction of the DC motor be changed?',NULL,'3',233,175),(1565,'2','2019-04-25 14:01:09.466000',NULL,'Y','70','100',NULL,'2019-04-25 14:01:09.466000','0','A','AC power in a load can be controlled by using',NULL,'3',305,175),(1566,'2','2019-04-25 14:01:09.473000',NULL,'Y','70','100',NULL,'2019-04-25 14:01:09.473000','0','A','A sine wave voltage is applied across an inductor. When the frequency of the voltage is decreased, the current will',NULL,'3',230,175),(1567,'2','2019-04-25 14:01:09.480000',NULL,'Y','70','100',NULL,'2019-04-25 14:01:09.480000','0','B','The maximum power drawn from a source depends on __________',NULL,'3',285,175),(1568,'2','2019-04-25 14:01:09.488000',NULL,'Y','70','100',NULL,'2019-04-25 14:01:09.488000','0','D','Transformer oil used in an electrical transformer must be free from ________',NULL,'3',234,175),(1569,'2','2019-04-25 14:01:09.497000',NULL,'Y','70','100',NULL,'2019-04-25 14:01:09.497000','0','C','In indicating instruments, the controlling and restoring torque can be obtained by using',NULL,'3',306,175),(1570,'2','2019-04-25 14:01:09.505000',NULL,'Y','70','100',NULL,'2019-04-25 14:01:09.505000','0','B','What kind of a process does a Steam Power Plant undergoes?',NULL,'3',231,175),(1571,'2','2019-04-25 14:01:09.514000',NULL,'Y','70','100',NULL,'2019-04-25 14:01:09.514000','0','D','A full wave rectifier with resistive load produces',NULL,'3',304,175),(1572,'2','2019-04-25 14:01:09.523000',NULL,'Y','70','100',NULL,'2019-04-25 14:01:09.523000','0','A','What is the effect of temperature rise on the over head lines?',NULL,'3',302,175),(1573,'2','2019-04-25 14:01:09.537000',NULL,'Y','70','100',NULL,'2019-04-25 14:01:09.537000','0','D','A full wave rectifier with resistive load produces',NULL,'3',304,176),(1574,'2','2019-04-25 14:01:09.545000',NULL,'Y','70','100',NULL,'2019-04-25 14:01:09.545000','0','A','A sine wave voltage is applied across an inductor. When the frequency of the voltage is decreased, the current will',NULL,'3',230,176),(1575,'2','2019-04-25 14:01:09.554000',NULL,'Y','70','100',NULL,'2019-04-25 14:01:09.554000','0','A','A sine wave voltage is applied across an inductor. When the frequency of the voltage is decreased, the current will',NULL,'3',230,176),(1576,'2','2019-04-25 14:01:09.562000',NULL,'Y','70','100',NULL,'2019-04-25 14:01:09.562000','0','C','How can the direction of the DC motor be changed?',NULL,'3',233,176),(1577,'2','2019-04-25 14:01:09.569000',NULL,'Y','70','100',NULL,'2019-04-25 14:01:09.569000','0','D','A full wave rectifier with resistive load produces',NULL,'3',304,176),(1578,'2','2019-04-25 14:01:09.577000',NULL,'Y','70','100',NULL,'2019-04-25 14:01:09.577000','0','C','How can the direction of the DC motor be changed?',NULL,'3',233,176),(1579,'2','2019-04-25 14:01:09.585000',NULL,'Y','70','100',NULL,'2019-04-25 14:01:09.585000','0','C','What is OPTO isolator?',NULL,'3',232,176),(1580,'2','2019-04-25 14:01:09.594000',NULL,'Y','70','100',NULL,'2019-04-25 14:01:09.594000','0','C','How can the direction of the DC motor be changed?',NULL,'3',233,176),(1581,'2','2019-04-25 14:01:09.602000',NULL,'Y','70','100',NULL,'2019-04-25 14:01:09.602000','0','C','What is OPTO isolator?',NULL,'3',232,176),(1582,'2','2019-04-25 14:01:09.614000',NULL,'Y','70','100',NULL,'2019-04-25 14:01:09.614000','0','C','How can the direction of the DC motor be changed?',NULL,'3',233,176),(1583,'2','2019-04-25 14:04:22.197000',NULL,'Y','2','100',NULL,'2019-04-25 14:04:22.197000','0','A','How an embedded system communicate with the outside world?',NULL,'3',301,177),(1584,'2','2019-04-25 14:04:22.205000',NULL,'Y','2','100',NULL,'2019-04-25 14:04:22.205000','0','D','A full wave rectifier with resistive load produces',NULL,'3',304,177),(1585,'2','2019-04-25 14:04:22.211000',NULL,'Y','2','100',NULL,'2019-04-25 14:04:22.211000','0','A','A sine wave voltage is applied across an inductor. When the frequency of the voltage is decreased, the current will',NULL,'3',230,177),(1586,'2','2019-04-25 14:04:22.218000',NULL,'Y','2','100',NULL,'2019-04-25 14:04:22.218000','0','C','In indicating instruments, the controlling and restoring torque can be obtained by using',NULL,'3',306,177),(1587,'2','2019-04-25 14:04:22.224000',NULL,'Y','2','100',NULL,'2019-04-25 14:04:22.224000','0','A','A sine wave voltage is applied across an inductor. When the frequency of the voltage is decreased, the current will',NULL,'3',230,177),(1588,'2','2019-04-25 14:04:22.231000',NULL,'Y','2','100',NULL,'2019-04-25 14:04:22.231000','0','B','The maximum power drawn from a source depends on __________',NULL,'3',285,177),(1589,'2','2019-04-25 14:04:22.237000',NULL,'Y','2','100',NULL,'2019-04-25 14:04:22.237000','0','C','In indicating instruments, the controlling and restoring torque can be obtained by using',NULL,'3',306,177),(1590,'2','2019-04-25 14:04:22.244000',NULL,'Y','2','100',NULL,'2019-04-25 14:04:22.244000','0','C','What is OPTO isolator?',NULL,'3',232,177),(1591,'2','2019-04-25 14:04:22.250000',NULL,'Y','2','100',NULL,'2019-04-25 14:04:22.250000','0','D','A full wave rectifier with resistive load produces',NULL,'3',304,177),(1592,'2','2019-04-25 14:04:22.256000',NULL,'Y','2','100',NULL,'2019-04-25 14:04:22.256000','0','D','A full wave rectifier with resistive load produces',NULL,'3',304,177),(1593,'2','2019-04-25 14:04:22.271000',NULL,'Y','2','100',NULL,'2019-04-25 14:04:22.271000','0','D','A full wave rectifier with resistive load produces',NULL,'3',304,178),(1594,'2','2019-04-25 14:04:22.283000',NULL,'Y','2','100',NULL,'2019-04-25 14:04:22.283000','0','D','Transformer oil used in an electrical transformer must be free from ________',NULL,'3',234,178),(1595,'2','2019-04-25 14:04:22.290000',NULL,'Y','2','100',NULL,'2019-04-25 14:04:22.290000','0','A','How an embedded system communicate with the outside world?',NULL,'3',301,178),(1596,'2','2019-04-25 14:04:22.296000',NULL,'Y','2','100',NULL,'2019-04-25 14:04:22.296000','0','A','A sine wave voltage is applied across an inductor. When the frequency of the voltage is decreased, the current will',NULL,'3',230,178),(1597,'2','2019-04-25 14:04:22.302000',NULL,'Y','2','100',NULL,'2019-04-25 14:04:22.302000','0','D','What is the major drawback of using SF6 circuit breakers?',NULL,'3',303,178),(1598,'2','2019-04-25 14:04:22.308000',NULL,'Y','2','100',NULL,'2019-04-25 14:04:22.308000','0','D','What is the major drawback of using SF6 circuit breakers?',NULL,'3',303,178),(1599,'2','2019-04-25 14:04:22.315000',NULL,'Y','2','100',NULL,'2019-04-25 14:04:22.315000','0','A','A sine wave voltage is applied across an inductor. When the frequency of the voltage is decreased, the current will',NULL,'3',230,178),(1600,'2','2019-04-25 14:04:22.327000',NULL,'Y','2','100',NULL,'2019-04-25 14:04:22.327000','0','D','A full wave rectifier with resistive load produces',NULL,'3',304,178),(1601,'2','2019-04-25 14:04:22.335000',NULL,'Y','2','100',NULL,'2019-04-25 14:04:22.335000','0','D','Transformer oil used in an electrical transformer must be free from ________',NULL,'3',234,178),(1602,'2','2019-04-25 14:04:22.342000',NULL,'Y','2','100',NULL,'2019-04-25 14:04:22.342000','0','D','A full wave rectifier with resistive load produces',NULL,'3',304,178),(1603,'2','2019-04-25 14:04:22.352000',NULL,'Y','2','100',NULL,'2019-04-25 14:04:22.352000','0','A','AC power in a load can be controlled by using',NULL,'3',305,179),(1604,'2','2019-04-25 14:04:22.360000',NULL,'Y','2','100',NULL,'2019-04-25 14:04:22.360000','0','A','A sine wave voltage is applied across an inductor. When the frequency of the voltage is decreased, the current will',NULL,'3',230,179),(1605,'2','2019-04-25 14:04:22.369000',NULL,'Y','2','100',NULL,'2019-04-25 14:04:22.369000','0','D','Transformer oil used in an electrical transformer must be free from ________',NULL,'3',234,179),(1606,'2','2019-04-25 14:04:22.375000',NULL,'Y','2','100',NULL,'2019-04-25 14:04:22.375000','0','A','How an embedded system communicate with the outside world?',NULL,'3',301,179),(1607,'2','2019-04-25 14:04:22.381000',NULL,'Y','2','100',NULL,'2019-04-25 14:04:22.381000','0','D','What is the major drawback of using SF6 circuit breakers?',NULL,'3',303,179),(1608,'2','2019-04-25 14:04:22.388000',NULL,'Y','2','100',NULL,'2019-04-25 14:04:22.388000','0','A','AC power in a load can be controlled by using',NULL,'3',305,179),(1609,'2','2019-04-25 14:04:22.395000',NULL,'Y','2','100',NULL,'2019-04-25 14:04:22.395000','0','C','In indicating instruments, the controlling and restoring torque can be obtained by using',NULL,'3',306,179),(1610,'2','2019-04-25 14:04:22.402000',NULL,'Y','2','100',NULL,'2019-04-25 14:04:22.402000','0','D','Transformer oil used in an electrical transformer must be free from ________',NULL,'3',234,179),(1611,'2','2019-04-25 14:04:22.408000',NULL,'Y','2','100',NULL,'2019-04-25 14:04:22.408000','0','D','Transformer oil used in an electrical transformer must be free from ________',NULL,'3',234,179),(1612,'2','2019-04-25 14:04:22.416000',NULL,'Y','2','100',NULL,'2019-04-25 14:04:22.416000','0','A','A sine wave voltage is applied across an inductor. When the frequency of the voltage is decreased, the current will',NULL,'3',230,179),(1613,'2','2019-04-25 14:04:22.428000',NULL,'Y','2','100',NULL,'2019-04-25 14:04:22.428000','0','C','In indicating instruments, the controlling and restoring torque can be obtained by using',NULL,'3',306,180),(1614,'2','2019-04-25 14:04:22.434000',NULL,'Y','2','100',NULL,'2019-04-25 14:04:22.434000','0','C','In indicating instruments, the controlling and restoring torque can be obtained by using',NULL,'3',306,180),(1615,'2','2019-04-25 14:04:22.440000',NULL,'Y','2','100',NULL,'2019-04-25 14:04:22.440000','0','B','What kind of a process does a Steam Power Plant undergoes?',NULL,'3',231,180),(1616,'2','2019-04-25 14:04:22.446000',NULL,'Y','2','100',NULL,'2019-04-25 14:04:22.446000','0','C','In indicating instruments, the controlling and restoring torque can be obtained by using',NULL,'3',306,180),(1617,'2','2019-04-25 14:04:22.453000',NULL,'Y','2','100',NULL,'2019-04-25 14:04:22.453000','0','A','AC power in a load can be controlled by using',NULL,'3',305,180),(1618,'2','2019-04-25 14:04:22.459000',NULL,'Y','2','100',NULL,'2019-04-25 14:04:22.459000','0','D','Transformer oil used in an electrical transformer must be free from ________',NULL,'3',234,180),(1619,'2','2019-04-25 14:04:22.466000',NULL,'Y','2','100',NULL,'2019-04-25 14:04:22.466000','0','D','Transformer oil used in an electrical transformer must be free from ________',NULL,'3',234,180),(1620,'2','2019-04-25 14:04:22.474000',NULL,'Y','2','100',NULL,'2019-04-25 14:04:22.474000','0','B','The maximum power drawn from a source depends on __________',NULL,'3',285,180),(1621,'2','2019-04-25 14:04:22.480000',NULL,'Y','2','100',NULL,'2019-04-25 14:04:22.480000','0','C','What is OPTO isolator?',NULL,'3',232,180),(1622,'2','2019-04-25 14:04:22.486000',NULL,'Y','2','100',NULL,'2019-04-25 14:04:22.486000','0','C','In indicating instruments, the controlling and restoring torque can be obtained by using',NULL,'3',306,180),(1623,'2','2019-04-25 14:04:22.496000',NULL,'Y','2','100',NULL,'2019-04-25 14:04:22.496000','0','C','What is OPTO isolator?',NULL,'3',232,181),(1624,'2','2019-04-25 14:04:22.502000',NULL,'Y','2','100',NULL,'2019-04-25 14:04:22.502000','0','A','A sine wave voltage is applied across an inductor. When the frequency of the voltage is decreased, the current will',NULL,'3',230,181),(1625,'2','2019-04-25 14:04:22.508000',NULL,'Y','2','100',NULL,'2019-04-25 14:04:22.508000','0','C','In indicating instruments, the controlling and restoring torque can be obtained by using',NULL,'3',306,181),(1626,'2','2019-04-25 14:04:22.514000',NULL,'Y','2','100',NULL,'2019-04-25 14:04:22.514000','0','D','Transformer oil used in an electrical transformer must be free from ________',NULL,'3',234,181),(1627,'2','2019-04-25 14:04:22.520000',NULL,'Y','2','100',NULL,'2019-04-25 14:04:22.520000','0','A','AC power in a load can be controlled by using',NULL,'3',305,181),(1628,'2','2019-04-25 14:04:22.526000',NULL,'Y','2','100',NULL,'2019-04-25 14:04:22.526000','0','D','What is the major drawback of using SF6 circuit breakers?',NULL,'3',303,181),(1629,'2','2019-04-25 14:04:22.533000',NULL,'Y','2','100',NULL,'2019-04-25 14:04:22.533000','0','D','Transformer oil used in an electrical transformer must be free from ________',NULL,'3',234,181),(1630,'2','2019-04-25 14:04:22.540000',NULL,'Y','2','100',NULL,'2019-04-25 14:04:22.540000','0','D','Transformer oil used in an electrical transformer must be free from ________',NULL,'3',234,181),(1631,'2','2019-04-25 14:04:22.549000',NULL,'Y','2','100',NULL,'2019-04-25 14:04:22.549000','0','D','What is the major drawback of using SF6 circuit breakers?',NULL,'3',303,181),(1632,'2','2019-04-25 14:04:22.555000',NULL,'Y','2','100',NULL,'2019-04-25 14:04:22.555000','0','B','What kind of a process does a Steam Power Plant undergoes?',NULL,'3',231,181),(1633,'2','2019-04-25 14:04:22.566000',NULL,'Y','2','100',NULL,'2019-04-25 14:04:22.566000','0','A','AC power in a load can be controlled by using',NULL,'3',305,182),(1634,'2','2019-04-25 14:04:22.573000',NULL,'Y','2','100',NULL,'2019-04-25 14:04:22.573000','0','D','A full wave rectifier with resistive load produces',NULL,'3',304,182),(1635,'2','2019-04-25 14:04:22.579000',NULL,'Y','2','100',NULL,'2019-04-25 14:04:22.579000','0','A','AC power in a load can be controlled by using',NULL,'3',305,182),(1636,'2','2019-04-25 14:04:22.586000',NULL,'Y','2','100',NULL,'2019-04-25 14:04:22.586000','0','D','A full wave rectifier with resistive load produces',NULL,'3',304,182),(1637,'2','2019-04-25 14:04:22.593000',NULL,'Y','2','100',NULL,'2019-04-25 14:04:22.593000','0','D','A full wave rectifier with resistive load produces',NULL,'3',304,182),(1638,'2','2019-04-25 14:04:22.600000',NULL,'Y','2','100',NULL,'2019-04-25 14:04:22.600000','0','C','In indicating instruments, the controlling and restoring torque can be obtained by using',NULL,'3',306,182),(1639,'2','2019-04-25 14:04:22.606000',NULL,'Y','2','100',NULL,'2019-04-25 14:04:22.606000','0','B','What kind of a process does a Steam Power Plant undergoes?',NULL,'3',231,182),(1640,'2','2019-04-25 14:04:22.615000',NULL,'Y','2','100',NULL,'2019-04-25 14:04:22.615000','0','D','A full wave rectifier with resistive load produces',NULL,'3',304,182),(1641,'2','2019-04-25 14:04:22.621000',NULL,'Y','2','100',NULL,'2019-04-25 14:04:22.621000','0','B','The maximum power drawn from a source depends on __________',NULL,'3',285,182),(1642,'2','2019-04-25 14:04:22.628000',NULL,'Y','2','100',NULL,'2019-04-25 14:04:22.628000','0','A','A sine wave voltage is applied across an inductor. When the frequency of the voltage is decreased, the current will',NULL,'3',230,182),(1643,'2','2019-04-25 14:04:22.639000',NULL,'Y','2','100',NULL,'2019-04-25 14:04:22.639000','0','A','How an embedded system communicate with the outside world?',NULL,'3',301,183),(1644,'2','2019-04-25 14:04:22.645000',NULL,'Y','2','100',NULL,'2019-04-25 14:04:22.645000','0','A','AC power in a load can be controlled by using',NULL,'3',305,183),(1645,'2','2019-04-25 14:04:22.652000',NULL,'Y','2','100',NULL,'2019-04-25 14:04:22.652000','0','C','In indicating instruments, the controlling and restoring torque can be obtained by using',NULL,'3',306,183),(1646,'2','2019-04-25 14:04:22.659000',NULL,'Y','2','100',NULL,'2019-04-25 14:04:22.659000','0','B','What kind of a process does a Steam Power Plant undergoes?',NULL,'3',231,183),(1647,'2','2019-04-25 14:04:22.666000',NULL,'Y','2','100',NULL,'2019-04-25 14:04:22.666000','0','D','Transformer oil used in an electrical transformer must be free from ________',NULL,'3',234,183),(1648,'2','2019-04-25 14:04:22.672000',NULL,'Y','2','100',NULL,'2019-04-25 14:04:22.672000','0','A','AC power in a load can be controlled by using',NULL,'3',305,183),(1649,'2','2019-04-25 14:04:22.679000',NULL,'Y','2','100',NULL,'2019-04-25 14:04:22.679000','0','D','A full wave rectifier with resistive load produces',NULL,'3',304,183),(1650,'2','2019-04-25 14:04:22.685000',NULL,'Y','2','100',NULL,'2019-04-25 14:04:22.685000','0','A','What is the effect of temperature rise on the over head lines?',NULL,'3',302,183),(1651,'2','2019-04-25 14:04:22.692000',NULL,'Y','2','100',NULL,'2019-04-25 14:04:22.692000','0','A','AC power in a load can be controlled by using',NULL,'3',305,183),(1652,'2','2019-04-25 14:04:22.699000',NULL,'Y','2','100',NULL,'2019-04-25 14:04:22.699000','0','A','A sine wave voltage is applied across an inductor. When the frequency of the voltage is decreased, the current will',NULL,'3',230,183),(1653,'2','2019-04-25 14:04:22.710000',NULL,'Y','2','100',NULL,'2019-04-25 14:04:22.710000','0','A','What is the effect of temperature rise on the over head lines?',NULL,'3',302,184),(1654,'2','2019-04-25 14:04:22.717000',NULL,'Y','2','100',NULL,'2019-04-25 14:04:22.717000','0','A','How an embedded system communicate with the outside world?',NULL,'3',301,184),(1655,'2','2019-04-25 14:04:22.731000',NULL,'Y','2','100',NULL,'2019-04-25 14:04:22.731000','0','D','Transformer oil used in an electrical transformer must be free from ________',NULL,'3',234,184),(1656,'2','2019-04-25 14:04:22.746000',NULL,'Y','2','100',NULL,'2019-04-25 14:04:22.746000','0','C','What is OPTO isolator?',NULL,'3',232,184),(1657,'2','2019-04-25 14:04:22.755000',NULL,'Y','2','100',NULL,'2019-04-25 14:04:22.755000','0','D','What is the major drawback of using SF6 circuit breakers?',NULL,'3',303,184),(1658,'2','2019-04-25 14:04:22.764000',NULL,'Y','2','100',NULL,'2019-04-25 14:04:22.764000','0','B','The maximum power drawn from a source depends on __________',NULL,'3',285,184),(1659,'2','2019-04-25 14:04:22.774000',NULL,'Y','2','100',NULL,'2019-04-25 14:04:22.774000','0','D','Transformer oil used in an electrical transformer must be free from ________',NULL,'3',234,184),(1660,'2','2019-04-25 14:04:22.781000',NULL,'Y','2','100',NULL,'2019-04-25 14:04:22.781000','0','A','A sine wave voltage is applied across an inductor. When the frequency of the voltage is decreased, the current will',NULL,'3',230,184),(1661,'2','2019-04-25 14:04:22.792000',NULL,'Y','2','100',NULL,'2019-04-25 14:04:22.792000','0','B','What kind of a process does a Steam Power Plant undergoes?',NULL,'3',231,184),(1662,'2','2019-04-25 14:04:22.800000',NULL,'Y','2','100',NULL,'2019-04-25 14:04:22.800000','0','A','How an embedded system communicate with the outside world?',NULL,'3',301,184),(1663,'2','2019-04-25 14:04:22.812000',NULL,'Y','2','100',NULL,'2019-04-25 14:04:22.812000','0','D','What is the major drawback of using SF6 circuit breakers?',NULL,'3',303,185),(1664,'2','2019-04-25 14:04:22.819000',NULL,'Y','2','100',NULL,'2019-04-25 14:04:22.819000','0','B','The maximum power drawn from a source depends on __________',NULL,'3',285,185),(1665,'2','2019-04-25 14:04:22.826000',NULL,'Y','2','100',NULL,'2019-04-25 14:04:22.826000','0','A','What is the effect of temperature rise on the over head lines?',NULL,'3',302,185),(1666,'2','2019-04-25 14:04:22.834000',NULL,'Y','2','100',NULL,'2019-04-25 14:04:22.834000','0','A','How an embedded system communicate with the outside world?',NULL,'3',301,185),(1667,'2','2019-04-25 14:04:22.850000',NULL,'Y','2','100',NULL,'2019-04-25 14:04:22.850000','0','C','How can the direction of the DC motor be changed?',NULL,'3',233,185),(1668,'2','2019-04-25 14:04:22.858000',NULL,'Y','2','100',NULL,'2019-04-25 14:04:22.858000','0','A','A sine wave voltage is applied across an inductor. When the frequency of the voltage is decreased, the current will',NULL,'3',230,185),(1669,'2','2019-04-25 14:04:22.869000',NULL,'Y','2','100',NULL,'2019-04-25 14:04:22.869000','0','D','A full wave rectifier with resistive load produces',NULL,'3',304,185),(1670,'2','2019-04-25 14:04:22.877000',NULL,'Y','2','100',NULL,'2019-04-25 14:04:22.877000','0','C','In indicating instruments, the controlling and restoring torque can be obtained by using',NULL,'3',306,185),(1671,'2','2019-04-25 14:04:22.884000',NULL,'Y','2','100',NULL,'2019-04-25 14:04:22.884000','0','B','What kind of a process does a Steam Power Plant undergoes?',NULL,'3',231,185),(1672,'2','2019-04-25 14:04:22.891000',NULL,'Y','2','100',NULL,'2019-04-25 14:04:22.891000','0','C','How can the direction of the DC motor be changed?',NULL,'3',233,185),(1673,'2','2019-04-25 14:04:22.902000',NULL,'Y','2','100',NULL,'2019-04-25 14:04:22.902000','0','A','A sine wave voltage is applied across an inductor. When the frequency of the voltage is decreased, the current will',NULL,'3',230,186),(1674,'2','2019-04-25 14:04:22.910000',NULL,'Y','2','100',NULL,'2019-04-25 14:04:22.910000','0','D','What is the major drawback of using SF6 circuit breakers?',NULL,'3',303,186),(1675,'2','2019-04-25 14:04:22.917000',NULL,'Y','2','100',NULL,'2019-04-25 14:04:22.917000','0','C','How can the direction of the DC motor be changed?',NULL,'3',233,186),(1676,'2','2019-04-25 14:04:22.925000',NULL,'Y','2','100',NULL,'2019-04-25 14:04:22.925000','0','C','What is OPTO isolator?',NULL,'3',232,186),(1677,'2','2019-04-25 14:04:22.933000',NULL,'Y','2','100',NULL,'2019-04-25 14:04:22.933000','0','D','What is the major drawback of using SF6 circuit breakers?',NULL,'3',303,186),(1678,'2','2019-04-25 14:04:22.940000',NULL,'Y','2','100',NULL,'2019-04-25 14:04:22.940000','0','D','What is the major drawback of using SF6 circuit breakers?',NULL,'3',303,186),(1679,'2','2019-04-25 14:04:22.946000',NULL,'Y','2','100',NULL,'2019-04-25 14:04:22.946000','0','A','A sine wave voltage is applied across an inductor. When the frequency of the voltage is decreased, the current will',NULL,'3',230,186),(1680,'2','2019-04-25 14:04:22.953000',NULL,'Y','2','100',NULL,'2019-04-25 14:04:22.953000','0','C','In indicating instruments, the controlling and restoring torque can be obtained by using',NULL,'3',306,186),(1681,'2','2019-04-25 14:04:22.960000',NULL,'Y','2','100',NULL,'2019-04-25 14:04:22.960000','0','D','What is the major drawback of using SF6 circuit breakers?',NULL,'3',303,186),(1682,'2','2019-04-25 14:04:22.967000',NULL,'Y','2','100',NULL,'2019-04-25 14:04:22.967000','0','A','A sine wave voltage is applied across an inductor. When the frequency of the voltage is decreased, the current will',NULL,'3',230,186),(1683,'23','2019-04-29 17:45:23.518000',NULL,'Y','10','100',NULL,'2019-04-29 17:45:23.518000','0','D','What is the major drawback of using SF6 circuit breakers?',NULL,'3',303,187),(1684,'23','2019-04-29 17:45:23.540000',NULL,'Y','10','100',NULL,'2019-04-29 17:45:23.540000','0','B','Function of transducer is to convert',NULL,'3',327,187),(1685,'23','2019-04-29 17:45:23.555000',NULL,'Y','10','100',NULL,'2019-04-29 17:45:23.555000','0','B','Function of transducer is to convert',NULL,'3',346,187),(1686,'23','2019-04-29 17:45:23.579000',NULL,'Y','10','100',NULL,'2019-04-29 17:45:23.579000','0','B','Function of transducer is to convert',NULL,'3',318,187),(1687,'23','2019-04-29 17:45:23.604000',NULL,'Y','10','100',NULL,'2019-04-29 17:45:23.604000','0','B','Function of transducer is to convert',NULL,'3',337,187),(1688,'23','2019-04-29 17:45:23.619000',NULL,'Y','10','100',NULL,'2019-04-29 17:45:23.620000','0','B','Function of transducer is to convert',NULL,'3',362,187),(1689,'23','2019-04-29 17:45:23.630000',NULL,'Y','10','100',NULL,'2019-04-29 17:45:23.630000','0','B','Function of transducer is to convert',NULL,'3',372,187),(1690,'23','2019-04-29 17:45:23.640000',NULL,'Y','10','100',NULL,'2019-04-29 17:45:23.640000','0','B','Function of transducer is to convert',NULL,'3',336,187),(1691,'23','2019-04-29 17:45:23.650000',NULL,'Y','10','100',NULL,'2019-04-29 17:45:23.650000','0','B','Function of transducer is to convert',NULL,'3',333,187),(1692,'23','2019-04-29 17:45:23.665000',NULL,'Y','10','100',NULL,'2019-04-29 17:45:23.665000','0','B','Function of transducer is to convert',NULL,'3',324,187),(1693,'23','2019-04-29 17:45:23.687000',NULL,'Y','10','100',NULL,'2019-04-29 17:45:23.687000','0','A','What is the effect of temperature rise on the over head lines?',NULL,'3',302,188),(1694,'23','2019-04-29 17:45:23.698000',NULL,'Y','10','100',NULL,'2019-04-29 17:45:23.698000','0','B','Function of transducer is to convert',NULL,'3',321,188),(1695,'23','2019-04-29 17:45:23.708000',NULL,'Y','10','100',NULL,'2019-04-29 17:45:23.708000','0','A','AC power in a load can be controlled by using',NULL,'3',305,188),(1696,'23','2019-04-29 17:45:23.717000',NULL,'Y','10','100',NULL,'2019-04-29 17:45:23.717000','0','B','Function of transducer is to convert',NULL,'3',366,188),(1697,'23','2019-04-29 17:45:23.728000',NULL,'Y','10','100',NULL,'2019-04-29 17:45:23.728000','0','B','Function of transducer is to convert',NULL,'3',369,188),(1698,'23','2019-04-29 17:45:23.738000',NULL,'Y','10','100',NULL,'2019-04-29 17:45:23.738000','0','B','Function of transducer is to convert',NULL,'3',365,188),(1699,'23','2019-04-29 17:45:23.747000',NULL,'Y','10','100',NULL,'2019-04-29 17:45:23.747000','0','B','Function of transducer is to convert',NULL,'3',352,188),(1700,'23','2019-04-29 17:45:23.756000',NULL,'Y','10','100',NULL,'2019-04-29 17:45:23.756000','0','B','Function of transducer is to convert',NULL,'3',326,188),(1701,'23','2019-04-29 17:45:23.767000',NULL,'Y','10','100',NULL,'2019-04-29 17:45:23.767000','0','B','Function of transducer is to convert',NULL,'3',332,188),(1702,'23','2019-04-29 17:45:23.777000',NULL,'Y','10','100',NULL,'2019-04-29 17:45:23.777000','0','B','What kind of a process does a Steam Power Plant undergoes?',NULL,'3',231,188),(1703,'4','2019-05-03 16:34:32.975000',NULL,'Y','2','100',NULL,'2019-05-03 16:34:32.975000','0','D','What is the major drawback of using SF6 circuit breakers?',NULL,'3',303,189),(1704,'4','2019-05-03 16:34:32.993000',NULL,'Y','2','100',NULL,'2019-05-03 16:34:32.993000','0','B','What kind of a process does a Steam Power Plant undergoes?',NULL,'3',231,189),(1705,'4','2019-05-03 16:34:33.007000',NULL,'Y','2','100',NULL,'2019-05-03 16:34:33.007000','0','B','The maximum power drawn from a source depends on __________',NULL,'3',285,189),(1706,'4','2019-05-03 16:34:33.020000',NULL,'Y','2','100',NULL,'2019-05-03 16:34:33.021000','0','A','How an embedded system communicate with the outside world?',NULL,'3',301,189),(1707,'4','2019-05-03 16:34:33.033000',NULL,'Y','2','100',NULL,'2019-05-03 16:34:33.033000','0','A','What is the effect of temperature rise on the over head lines?',NULL,'3',302,189),(1708,'4','2019-05-03 16:34:33.045000',NULL,'Y','2','100',NULL,'2019-05-03 16:34:33.045000','0','D','What is the major drawback of using SF6 circuit breakers?',NULL,'3',303,189),(1709,'4','2019-05-03 16:34:33.056000',NULL,'Y','2','100',NULL,'2019-05-03 16:34:33.056000','0','C','What is OPTO isolator?',NULL,'3',232,189),(1710,'4','2019-05-03 16:34:33.069000',NULL,'Y','2','100',NULL,'2019-05-03 16:34:33.069000','0','D','A full wave rectifier with resistive load produces',NULL,'3',304,189),(1711,'4','2019-05-03 16:34:33.084000',NULL,'Y','2','100',NULL,'2019-05-03 16:34:33.084000','0','A','How an embedded system communicate with the outside world?',NULL,'3',301,189),(1712,'4','2019-05-03 16:34:33.096000',NULL,'Y','2','100',NULL,'2019-05-03 16:34:33.096000','0','D','What is the major drawback of using SF6 circuit breakers?',NULL,'3',303,189),(1713,'4','2019-05-03 16:34:33.120000',NULL,'Y','2','100',NULL,'2019-05-03 16:34:33.120000','0','A','What is the effect of temperature rise on the over head lines?',NULL,'3',302,190),(1714,'4','2019-05-03 16:34:33.131000',NULL,'Y','2','100',NULL,'2019-05-03 16:34:33.131000','0','B','The maximum power drawn from a source depends on __________',NULL,'3',285,190),(1715,'4','2019-05-03 16:34:33.145000',NULL,'Y','2','100',NULL,'2019-05-03 16:34:33.145000','0','C','What is OPTO isolator?',NULL,'3',232,190),(1716,'4','2019-05-03 16:34:33.159000',NULL,'Y','2','100',NULL,'2019-05-03 16:34:33.159000','0','A','What is the effect of temperature rise on the over head lines?',NULL,'3',302,190),(1717,'4','2019-05-03 16:34:33.171000',NULL,'Y','2','100',NULL,'2019-05-03 16:34:33.171000','0','C','What is OPTO isolator?',NULL,'3',232,190),(1718,'4','2019-05-03 16:34:33.184000',NULL,'Y','2','100',NULL,'2019-05-03 16:34:33.184000','0','D','What is the major drawback of using SF6 circuit breakers?',NULL,'3',303,190),(1719,'4','2019-05-03 16:34:33.228000',NULL,'Y','2','100',NULL,'2019-05-03 16:34:33.228000','0','D','A full wave rectifier with resistive load produces',NULL,'3',304,190),(1720,'4','2019-05-03 16:34:33.240000',NULL,'Y','2','100',NULL,'2019-05-03 16:34:33.240000','0','A','What is the effect of temperature rise on the over head lines?',NULL,'3',302,190),(1721,'4','2019-05-03 16:34:33.254000',NULL,'Y','2','100',NULL,'2019-05-03 16:34:33.254000','0','C','In indicating instruments, the controlling and restoring torque can be obtained by using',NULL,'3',306,190),(1722,'4','2019-05-03 16:34:33.266000',NULL,'Y','2','100',NULL,'2019-05-03 16:34:33.266000','0','C','What is OPTO isolator?',NULL,'3',232,190),(1723,'4','2019-05-03 16:34:33.289000',NULL,'Y','2','100',NULL,'2019-05-03 16:34:33.289000','0','D','What is the major drawback of using SF6 circuit breakers?',NULL,'3',303,191),(1724,'4','2019-05-03 16:34:33.306000',NULL,'Y','2','100',NULL,'2019-05-03 16:34:33.306000','0','C','In indicating instruments, the controlling and restoring torque can be obtained by using',NULL,'3',306,191),(1725,'4','2019-05-03 16:34:33.319000',NULL,'Y','2','100',NULL,'2019-05-03 16:34:33.319000','0','D','What is the major drawback of using SF6 circuit breakers?',NULL,'3',303,191),(1726,'4','2019-05-03 16:34:33.330000',NULL,'Y','2','100',NULL,'2019-05-03 16:34:33.330000','0','A','How an embedded system communicate with the outside world?',NULL,'3',301,191),(1727,'4','2019-05-03 16:34:33.342000',NULL,'Y','2','100',NULL,'2019-05-03 16:34:33.342000','0','A','What is the effect of temperature rise on the over head lines?',NULL,'3',302,191),(1728,'4','2019-05-03 16:34:33.353000',NULL,'Y','2','100',NULL,'2019-05-03 16:34:33.353000','0','A','A sine wave voltage is applied across an inductor. When the frequency of the voltage is decreased, the current will',NULL,'3',230,191),(1729,'4','2019-05-03 16:34:33.365000',NULL,'Y','2','100',NULL,'2019-05-03 16:34:33.365000','0','A','What is the effect of temperature rise on the over head lines?',NULL,'3',302,191),(1730,'4','2019-05-03 16:34:33.377000',NULL,'Y','2','100',NULL,'2019-05-03 16:34:33.377000','0','A','How an embedded system communicate with the outside world?',NULL,'3',301,191),(1731,'4','2019-05-03 16:34:33.388000',NULL,'Y','2','100',NULL,'2019-05-03 16:34:33.388000','0','D','Transformer oil used in an electrical transformer must be free from ________',NULL,'3',234,191),(1732,'4','2019-05-03 16:34:33.405000',NULL,'Y','2','100',NULL,'2019-05-03 16:34:33.405000','0','A','How an embedded system communicate with the outside world?',NULL,'3',301,191),(1733,'4','2019-05-03 16:34:33.422000',NULL,'Y','2','100',NULL,'2019-05-03 16:34:33.422000','0','D','A full wave rectifier with resistive load produces',NULL,'3',304,192),(1734,'4','2019-05-03 16:34:33.433000',NULL,'Y','2','100',NULL,'2019-05-03 16:34:33.433000','0','B','The maximum power drawn from a source depends on __________',NULL,'3',285,192),(1735,'4','2019-05-03 16:34:33.444000',NULL,'Y','2','100',NULL,'2019-05-03 16:34:33.444000','0','D','What is the major drawback of using SF6 circuit breakers?',NULL,'3',303,192),(1736,'4','2019-05-03 16:34:33.457000',NULL,'Y','2','100',NULL,'2019-05-03 16:34:33.457000','0','A','AC power in a load can be controlled by using',NULL,'3',305,192),(1737,'4','2019-05-03 16:34:33.466000',NULL,'Y','2','100',NULL,'2019-05-03 16:34:33.466000','0','B','What kind of a process does a Steam Power Plant undergoes?',NULL,'3',231,192),(1738,'4','2019-05-03 16:34:33.483000',NULL,'Y','2','100',NULL,'2019-05-03 16:34:33.483000','0','D','Transformer oil used in an electrical transformer must be free from ________',NULL,'3',234,192),(1739,'4','2019-05-03 16:34:33.493000',NULL,'Y','2','100',NULL,'2019-05-03 16:34:33.493000','0','D','A full wave rectifier with resistive load produces',NULL,'3',304,192),(1740,'4','2019-05-03 16:34:33.503000',NULL,'Y','2','100',NULL,'2019-05-03 16:34:33.503000','0','B','What kind of a process does a Steam Power Plant undergoes?',NULL,'3',231,192),(1741,'4','2019-05-03 16:34:33.516000',NULL,'Y','2','100',NULL,'2019-05-03 16:34:33.516000','0','A','What is the effect of temperature rise on the over head lines?',NULL,'3',302,192),(1742,'4','2019-05-03 16:34:33.532000',NULL,'Y','2','100',NULL,'2019-05-03 16:34:33.532000','0','A','What is the effect of temperature rise on the over head lines?',NULL,'3',302,192),(1743,'4','2019-05-03 16:34:33.555000',NULL,'Y','2','100',NULL,'2019-05-03 16:34:33.555000','0','C','What is OPTO isolator?',NULL,'3',232,193),(1744,'4','2019-05-03 16:34:33.567000',NULL,'Y','2','100',NULL,'2019-05-03 16:34:33.567000','0','A','What is the effect of temperature rise on the over head lines?',NULL,'3',302,193),(1745,'4','2019-05-03 16:34:33.579000',NULL,'Y','2','100',NULL,'2019-05-03 16:34:33.579000','0','B','What kind of a process does a Steam Power Plant undergoes?',NULL,'3',231,193),(1746,'4','2019-05-03 16:34:33.632000',NULL,'Y','2','100',NULL,'2019-05-03 16:34:33.632000','0','C','What is OPTO isolator?',NULL,'3',232,193),(1747,'4','2019-05-03 16:34:33.643000',NULL,'Y','2','100',NULL,'2019-05-03 16:34:33.643000','0','C','How can the direction of the DC motor be changed?',NULL,'3',233,193),(1748,'4','2019-05-03 16:34:33.654000',NULL,'Y','2','100',NULL,'2019-05-03 16:34:33.654000','0','D','What is the major drawback of using SF6 circuit breakers?',NULL,'3',303,193),(1749,'4','2019-05-03 16:34:33.669000',NULL,'Y','2','100',NULL,'2019-05-03 16:34:33.669000','0','D','Transformer oil used in an electrical transformer must be free from ________',NULL,'3',234,193),(1750,'4','2019-05-03 16:34:33.683000',NULL,'Y','2','100',NULL,'2019-05-03 16:34:33.683000','0','D','Transformer oil used in an electrical transformer must be free from ________',NULL,'3',234,193),(1751,'4','2019-05-03 16:34:33.695000',NULL,'Y','2','100',NULL,'2019-05-03 16:34:33.695000','0','B','What kind of a process does a Steam Power Plant undergoes?',NULL,'3',231,193),(1752,'4','2019-05-03 16:34:33.706000',NULL,'Y','2','100',NULL,'2019-05-03 16:34:33.706000','0','C','What is OPTO isolator?',NULL,'3',232,193),(1753,'4','2019-05-03 16:34:33.728000',NULL,'Y','2','100',NULL,'2019-05-03 16:34:33.728000','0','A','AC power in a load can be controlled by using',NULL,'3',305,194),(1754,'4','2019-05-03 16:34:33.739000',NULL,'Y','2','100',NULL,'2019-05-03 16:34:33.739000','0','A','How an embedded system communicate with the outside world?',NULL,'3',301,194),(1755,'4','2019-05-03 16:34:33.750000',NULL,'Y','2','100',NULL,'2019-05-03 16:34:33.750000','0','A','What is the effect of temperature rise on the over head lines?',NULL,'3',302,194),(1756,'4','2019-05-03 16:34:33.764000',NULL,'Y','2','100',NULL,'2019-05-03 16:34:33.764000','0','B','The maximum power drawn from a source depends on __________',NULL,'3',285,194),(1757,'4','2019-05-03 16:34:33.776000',NULL,'Y','2','100',NULL,'2019-05-03 16:34:33.776000','0','D','Transformer oil used in an electrical transformer must be free from ________',NULL,'3',234,194),(1758,'4','2019-05-03 16:34:33.786000',NULL,'Y','2','100',NULL,'2019-05-03 16:34:33.786000','0','A','AC power in a load can be controlled by using',NULL,'3',305,194),(1759,'4','2019-05-03 16:34:33.795000',NULL,'Y','2','100',NULL,'2019-05-03 16:34:33.795000','0','A','AC power in a load can be controlled by using',NULL,'3',305,194),(1760,'4','2019-05-03 16:34:33.807000',NULL,'Y','2','100',NULL,'2019-05-03 16:34:33.807000','0','D','A full wave rectifier with resistive load produces',NULL,'3',304,194),(1761,'4','2019-05-03 16:34:33.817000',NULL,'Y','2','100',NULL,'2019-05-03 16:34:33.817000','0','D','What is the major drawback of using SF6 circuit breakers?',NULL,'3',303,194),(1762,'4','2019-05-03 16:34:33.828000',NULL,'Y','2','100',NULL,'2019-05-03 16:34:33.828000','0','A','How an embedded system communicate with the outside world?',NULL,'3',301,194),(1763,'4','2019-05-03 16:34:33.844000',NULL,'Y','2','100',NULL,'2019-05-03 16:34:33.844000','0','A','How an embedded system communicate with the outside world?',NULL,'3',301,195),(1764,'4','2019-05-03 16:34:33.858000',NULL,'Y','2','100',NULL,'2019-05-03 16:34:33.858000','0','D','What is the major drawback of using SF6 circuit breakers?',NULL,'3',303,195),(1765,'4','2019-05-03 16:34:33.868000',NULL,'Y','2','100',NULL,'2019-05-03 16:34:33.868000','0','A','How an embedded system communicate with the outside world?',NULL,'3',301,195),(1766,'4','2019-05-03 16:34:33.878000',NULL,'Y','2','100',NULL,'2019-05-03 16:34:33.878000','0','C','How can the direction of the DC motor be changed?',NULL,'3',233,195),(1767,'4','2019-05-03 16:34:33.888000',NULL,'Y','2','100',NULL,'2019-05-03 16:34:33.888000','0','A','AC power in a load can be controlled by using',NULL,'3',305,195),(1768,'4','2019-05-03 16:34:33.899000',NULL,'Y','2','100',NULL,'2019-05-03 16:34:33.899000','0','B','The maximum power drawn from a source depends on __________',NULL,'3',285,195),(1769,'4','2019-05-03 16:34:33.908000',NULL,'Y','2','100',NULL,'2019-05-03 16:34:33.908000','0','A','A sine wave voltage is applied across an inductor. When the frequency of the voltage is decreased, the current will',NULL,'3',230,195),(1770,'4','2019-05-03 16:34:33.916000',NULL,'Y','2','100',NULL,'2019-05-03 16:34:33.916000','0','D','What is the major drawback of using SF6 circuit breakers?',NULL,'3',303,195),(1771,'4','2019-05-03 16:34:33.923000',NULL,'Y','2','100',NULL,'2019-05-03 16:34:33.923000','0','C','What is OPTO isolator?',NULL,'3',232,195),(1772,'4','2019-05-03 16:34:33.932000',NULL,'Y','2','100',NULL,'2019-05-03 16:34:33.932000','0','C','In indicating instruments, the controlling and restoring torque can be obtained by using',NULL,'3',306,195),(1773,'4','2019-05-03 16:34:33.948000',NULL,'Y','2','100',NULL,'2019-05-03 16:34:33.948000','0','D','What is the major drawback of using SF6 circuit breakers?',NULL,'3',303,196),(1774,'4','2019-05-03 16:34:33.958000',NULL,'Y','2','100',NULL,'2019-05-03 16:34:33.958000','0','C','What is OPTO isolator?',NULL,'3',232,196),(1775,'4','2019-05-03 16:34:33.968000',NULL,'Y','2','100',NULL,'2019-05-03 16:34:33.968000','0','B','The maximum power drawn from a source depends on __________',NULL,'3',285,196),(1776,'4','2019-05-03 16:34:33.978000',NULL,'Y','2','100',NULL,'2019-05-03 16:34:33.978000','0','A','A sine wave voltage is applied across an inductor. When the frequency of the voltage is decreased, the current will',NULL,'3',230,196),(1777,'4','2019-05-03 16:34:33.987000',NULL,'Y','2','100',NULL,'2019-05-03 16:34:33.987000','0','B','What kind of a process does a Steam Power Plant undergoes?',NULL,'3',231,196),(1778,'4','2019-05-03 16:34:33.996000',NULL,'Y','2','100',NULL,'2019-05-03 16:34:33.996000','0','D','Transformer oil used in an electrical transformer must be free from ________',NULL,'3',234,196),(1779,'4','2019-05-03 16:34:34.005000',NULL,'Y','2','100',NULL,'2019-05-03 16:34:34.005000','0','C','In indicating instruments, the controlling and restoring torque can be obtained by using',NULL,'3',306,196),(1780,'4','2019-05-03 16:34:34.015000',NULL,'Y','2','100',NULL,'2019-05-03 16:34:34.015000','0','A','How an embedded system communicate with the outside world?',NULL,'3',301,196),(1781,'4','2019-05-03 16:34:34.024000',NULL,'Y','2','100',NULL,'2019-05-03 16:34:34.024000','0','B','The maximum power drawn from a source depends on __________',NULL,'3',285,196),(1782,'4','2019-05-03 16:34:34.033000',NULL,'Y','2','100',NULL,'2019-05-03 16:34:34.033000','0','D','Transformer oil used in an electrical transformer must be free from ________',NULL,'3',234,196),(1783,'4','2019-05-03 16:34:34.050000',NULL,'Y','2','100',NULL,'2019-05-03 16:34:34.050000','0','D','Transformer oil used in an electrical transformer must be free from ________',NULL,'3',234,197),(1784,'4','2019-05-03 16:34:34.059000',NULL,'Y','2','100',NULL,'2019-05-03 16:34:34.059000','0','B','What kind of a process does a Steam Power Plant undergoes?',NULL,'3',231,197),(1785,'4','2019-05-03 16:34:34.070000',NULL,'Y','2','100',NULL,'2019-05-03 16:34:34.070000','0','A','How an embedded system communicate with the outside world?',NULL,'3',301,197),(1786,'4','2019-05-03 16:34:34.082000',NULL,'Y','2','100',NULL,'2019-05-03 16:34:34.082000','0','D','A full wave rectifier with resistive load produces',NULL,'3',304,197),(1787,'4','2019-05-03 16:34:34.092000',NULL,'Y','2','100',NULL,'2019-05-03 16:34:34.092000','0','A','AC power in a load can be controlled by using',NULL,'3',305,197),(1788,'4','2019-05-03 16:34:34.101000',NULL,'Y','2','100',NULL,'2019-05-03 16:34:34.101000','0','B','The maximum power drawn from a source depends on __________',NULL,'3',285,197),(1789,'4','2019-05-03 16:34:34.112000',NULL,'Y','2','100',NULL,'2019-05-03 16:34:34.112000','0','B','The maximum power drawn from a source depends on __________',NULL,'3',285,197),(1790,'4','2019-05-03 16:34:34.122000',NULL,'Y','2','100',NULL,'2019-05-03 16:34:34.122000','0','A','A sine wave voltage is applied across an inductor. When the frequency of the voltage is decreased, the current will',NULL,'3',230,197),(1791,'4','2019-05-03 16:34:34.133000',NULL,'Y','2','100',NULL,'2019-05-03 16:34:34.133000','0','C','How can the direction of the DC motor be changed?',NULL,'3',233,197),(1792,'4','2019-05-03 16:34:34.144000',NULL,'Y','2','100',NULL,'2019-05-03 16:34:34.144000','0','A','AC power in a load can be controlled by using',NULL,'3',305,197),(1793,'4','2019-05-03 16:34:34.163000',NULL,'Y','2','100',NULL,'2019-05-03 16:34:34.163000','0','B','What kind of a process does a Steam Power Plant undergoes?',NULL,'3',231,198),(1794,'4','2019-05-03 16:34:34.177000',NULL,'Y','2','100',NULL,'2019-05-03 16:34:34.177000','0','A','What is the effect of temperature rise on the over head lines?',NULL,'3',302,198),(1795,'4','2019-05-03 16:34:34.189000',NULL,'Y','2','100',NULL,'2019-05-03 16:34:34.189000','0','C','In indicating instruments, the controlling and restoring torque can be obtained by using',NULL,'3',306,198),(1796,'4','2019-05-03 16:34:34.200000',NULL,'Y','2','100',NULL,'2019-05-03 16:34:34.200000','0','B','The maximum power drawn from a source depends on __________',NULL,'3',285,198),(1797,'4','2019-05-03 16:34:34.212000',NULL,'Y','2','100',NULL,'2019-05-03 16:34:34.212000','0','C','How can the direction of the DC motor be changed?',NULL,'3',233,198),(1798,'4','2019-05-03 16:34:34.222000',NULL,'Y','2','100',NULL,'2019-05-03 16:34:34.222000','0','C','How can the direction of the DC motor be changed?',NULL,'3',233,198),(1799,'4','2019-05-03 16:34:34.232000',NULL,'Y','2','100',NULL,'2019-05-03 16:34:34.232000','0','D','Transformer oil used in an electrical transformer must be free from ________',NULL,'3',234,198),(1800,'4','2019-05-03 16:34:34.242000',NULL,'Y','2','100',NULL,'2019-05-03 16:34:34.242000','0','B','The maximum power drawn from a source depends on __________',NULL,'3',285,198),(1801,'4','2019-05-03 16:34:34.254000',NULL,'Y','2','100',NULL,'2019-05-03 16:34:34.254000','0','A','AC power in a load can be controlled by using',NULL,'3',305,198),(1802,'4','2019-05-03 16:34:34.265000',NULL,'Y','2','100',NULL,'2019-05-03 16:34:34.265000','0','D','Transformer oil used in an electrical transformer must be free from ________',NULL,'3',234,198);
/*!40000 ALTER TABLE `t_test_question` ENABLE KEYS */;
UNLOCK TABLES;

--
-- Table structure for table `t_test_question_option`
--

DROP TABLE IF EXISTS `t_test_question_option`;
/*!40101 SET @saved_cs_client     = @@character_set_client */;
/*!40101 SET character_set_client = utf8 */;
CREATE TABLE `t_test_question_option` (
  `id` int(11) NOT NULL AUTO_INCREMENT,
  `created_by` varchar(255) DEFAULT NULL,
  `created_dt` datetime(6) DEFAULT NULL,
  `is_correct` varchar(255) DEFAULT NULL,
  `is_enabled` varchar(255) DEFAULT NULL,
  `modified_by` varchar(255) DEFAULT NULL,
  `modified_dt` datetime(6) DEFAULT NULL,
  `qb_id` varchar(255) DEFAULT NULL,
  `same_as_master` varchar(255) DEFAULT NULL,
  `test_qn_id` varchar(255) DEFAULT NULL,
  `user_picked` varchar(255) DEFAULT NULL,
  `option_1` varchar(255) DEFAULT NULL,
  `option_2` varchar(255) DEFAULT NULL,
  `option_3` varchar(255) DEFAULT NULL,
  `option_4` varchar(255) DEFAULT NULL,
  PRIMARY KEY (`id`)
) ENGINE=InnoDB AUTO_INCREMENT=1636 DEFAULT CHARSET=latin1;
/*!40101 SET character_set_client = @saved_cs_client */;

--
-- Dumping data for table `t_test_question_option`
--

LOCK TABLES `t_test_question_option` WRITE;
/*!40000 ALTER TABLE `t_test_question_option` DISABLE KEYS */;
INSERT INTO `t_test_question_option` VALUES (1057,'4','2019-03-01 11:42:28.092000','Cyclic',NULL,NULL,'2019-03-01 12:54:53.942000','231',NULL,'1224','Adiabatic','Adiabatic','Cyclic','Irreversible','Expansion'),(1058,'4','2019-03-01 11:42:28.116000','Increase the sag and decrease the tension',NULL,NULL,'2019-03-01 12:54:53.943000','302',NULL,'1225','Increase the sag and decrease the tension','Increase the sag and decrease the tension','Both increases','Decrease the sag and increase the tension','Both decreases'),(1059,'4','2019-03-01 11:42:28.126000','Non electrical quantity into electrical signal',NULL,NULL,'2019-03-01 12:54:53.943000','307',NULL,'1226','Electrical signal into non electrical quantity','Electrical signal into non electrical quantity','Non electrical quantity into electrical signal','Electrical signal into mechanical quantity','All of these'),(1060,'4','2019-03-01 11:42:28.151000','by changing the polarity of voltages connected to the leads',NULL,NULL,'2019-03-01 12:54:53.943000','233',NULL,'1227','by changing the torque','by changing the torque','by changing the switching speed','by changing the polarity of voltages connected to the leads','by changing the RPM rating'),(1061,'4','2019-03-01 11:42:28.172000','Either by spring or by gravity',NULL,NULL,'2019-03-01 12:54:53.943000','306',NULL,'1228','Spring','Spring','Gravity','Either by spring or by gravity',' Neither by spring nor by gravity'),(1062,'4','2019-03-01 11:42:28.185000','Increase',NULL,NULL,'2019-03-01 12:54:53.944000','230',NULL,'1229','Increase','Increase','Decrease','No change','Momentarily goes to zero'),(1063,'4','2019-03-01 11:42:28.199000','Do not produce harmonics',NULL,NULL,'2019-03-01 12:54:53.945000','304',NULL,'1230','Second harmonic','Second harmonic','Third harmonic','Fifth harmonic','Do not produce harmonics'),(1064,'4','2019-03-01 11:42:28.212000','Two SCRs in parallel opposition',NULL,NULL,'2019-03-01 12:54:53.945000','305',NULL,'1231','Two SCRs in parallel opposition','Two SCRs in parallel opposition','Two SCRs in series','Three SCRs in series','four SCRs in series'),(1065,'4','2019-03-01 11:42:28.224000','it is a device that can be used as an electromagnetic relay without a driver',NULL,NULL,'2019-03-01 12:54:53.945000','232',NULL,'1232','it is a thing isolated from the entire world','it is a driver','it is a thing isolated from the entire world','it is a device that can be used as an electromagnetic relay without a driver',' none of the mentioned'),(1066,'4','2019-03-01 11:42:28.235000','Peripherals',NULL,NULL,'2019-03-01 12:54:53.945000','301',NULL,'1233','Peripherals','Peripherals','Memory','Input','Output'),(1093,'25','2019-03-01 16:15:43.918000','C',NULL,NULL,'2019-03-01 16:15:43.918000','232',NULL,'1260',NULL,'it is a driver','it is a thing isolated from the entire world','it is a device that can be used as an electromagnetic relay without a driver',' none of the mentioned'),(1094,'25','2019-03-01 16:15:46.016000','D',NULL,NULL,'2019-03-01 16:15:46.017000','303',NULL,'1261',NULL,'Sealing problems of the gas.','Ingress of moisture in the gas system  dangerous.','Deterioration of SF6 gas with time.',' Both (a) and (b)'),(1095,'25','2019-03-01 16:15:48.161000','B',NULL,NULL,'2019-03-01 16:15:48.161000','285',NULL,'1262',NULL,'Value of source resistance','Value of load resistance','Both source and load resistance','Neither source or load resistance'),(1096,'25','2019-03-01 16:15:51.064000','A',NULL,NULL,'2019-03-01 16:15:51.064000','305',NULL,'1263',NULL,'Two SCRs in parallel opposition','Two SCRs in series','Three SCRs in series','four SCRs in series'),(1097,'25','2019-03-01 16:15:53.497000','A',NULL,NULL,'2019-03-01 16:15:53.498000','301',NULL,'1264',NULL,'Peripherals','Memory','Input','Output'),(1098,'25','2019-03-01 16:15:55.588000','C',NULL,NULL,'2019-03-01 16:15:55.588000','233',NULL,'1265',NULL,'by changing the torque','by changing the switching speed','by changing the polarity of voltages connected to the leads','by changing the RPM rating'),(1099,'25','2019-03-01 16:15:57.678000','B',NULL,NULL,'2019-03-01 16:15:57.678000','307',NULL,'1266',NULL,'Electrical signal into non electrical quantity','Non electrical quantity into electrical signal','Electrical signal into mechanical quantity','All of these'),(1100,'25','2019-03-01 16:15:59.778000','D',NULL,NULL,'2019-03-01 16:15:59.778000','234',NULL,'1267',NULL,'Gases','Odor','Sludge','Moisture'),(1101,'25','2019-03-01 16:16:01.858000','A',NULL,NULL,'2019-03-01 16:16:01.858000','230',NULL,'1268',NULL,'Increase','Decrease','No change','Momentarily goes to zero'),(1102,'25','2019-03-01 16:16:03.950000','C',NULL,NULL,'2019-03-01 16:16:03.950000','306',NULL,'1269',NULL,'Spring','Gravity','Either by spring or by gravity',' Neither by spring nor by gravity'),(1103,'25','2019-03-01 16:16:08.138000','D',NULL,NULL,'2019-03-01 16:16:08.138000','304',NULL,'1270',NULL,'Second harmonic','Third harmonic','Fifth harmonic','Do not produce harmonics'),(1104,'25','2019-03-01 16:16:10.227000','A',NULL,NULL,'2019-03-01 16:16:10.227000','302',NULL,'1271',NULL,'Increase the sag and decrease the tension','Both increases','Decrease the sag and increase the tension','Both decreases'),(1105,'25','2019-03-01 16:16:12.317000','B',NULL,NULL,'2019-03-01 16:16:12.317000','231',NULL,'1272',NULL,'Adiabatic','Cyclic','Irreversible','Expansion'),(1126,'25','2019-03-02 11:47:22.941000','B',NULL,NULL,'2019-03-02 11:47:22.941000','338',NULL,'1293',NULL,'Electrical signal into non electrical quantity','Non electrical quantity into electrical signal','Electrical signal into mechanical quantity','All of these'),(1127,'25','2019-03-02 11:47:25.948000','B',NULL,NULL,'2019-03-02 11:47:25.948000','332',NULL,'1294',NULL,'Electrical signal into non electrical quantity','Non electrical quantity into electrical signal','Electrical signal into mechanical quantity','All of these'),(1128,'25','2019-03-02 11:47:28.568000','B',NULL,NULL,'2019-03-02 11:47:28.568000','343',NULL,'1295',NULL,'Electrical signal into non electrical quantity','Non electrical quantity into electrical signal','Electrical signal into mechanical quantity','All of these'),(1129,'25','2019-03-02 11:47:31.187000','B',NULL,NULL,'2019-03-02 11:47:31.187000','326',NULL,'1296',NULL,'Electrical signal into non electrical quantity','Non electrical quantity into electrical signal','Electrical signal into mechanical quantity','All of these'),(1130,'25','2019-03-02 11:47:33.816000','B',NULL,NULL,'2019-03-02 11:47:33.816000','340',NULL,'1297',NULL,'Electrical signal into non electrical quantity','Non electrical quantity into electrical signal','Electrical signal into mechanical quantity','All of these'),(1131,'25','2019-03-02 11:47:36.439000','B',NULL,NULL,'2019-03-02 11:47:36.439000','336',NULL,'1298',NULL,'Electrical signal into non electrical quantity','Non electrical quantity into electrical signal','Electrical signal into mechanical quantity','All of these'),(1132,'25','2019-03-02 11:47:39.048000','B',NULL,NULL,'2019-03-02 11:47:39.048000','323',NULL,'1299',NULL,'Electrical signal into non electrical quantity','Non electrical quantity into electrical signal','Electrical signal into mechanical quantity','All of these'),(1133,'25','2019-03-02 11:47:41.660000','B',NULL,NULL,'2019-03-02 11:47:41.660000','321',NULL,'1300',NULL,'Electrical signal into non electrical quantity','Non electrical quantity into electrical signal','Electrical signal into mechanical quantity','All of these'),(1134,'25','2019-03-02 11:47:44.269000','B',NULL,NULL,'2019-03-02 11:47:44.269000','318',NULL,'1301',NULL,'Electrical signal into non electrical quantity','Non electrical quantity into electrical signal','Electrical signal into mechanical quantity','All of these'),(1135,'25','2019-03-02 11:47:46.879000','B',NULL,NULL,'2019-03-02 11:47:46.879000','329',NULL,'1302',NULL,'Electrical signal into non electrical quantity','Non electrical quantity into electrical signal','Electrical signal into mechanical quantity','All of these'),(1136,'25','2019-03-05 11:30:13.642000','B',NULL,NULL,'2019-03-05 11:30:13.642000','331',NULL,'1303',NULL,'Electrical signal into non electrical quantity','Non electrical quantity into electrical signal','Electrical signal into mechanical quantity','All of these'),(1137,'25','2019-03-05 11:30:16.460000','B',NULL,NULL,'2019-03-05 11:30:16.460000','325',NULL,'1304',NULL,'Electrical signal into non electrical quantity','Non electrical quantity into electrical signal','Electrical signal into mechanical quantity','All of these'),(1138,'25','2019-03-05 11:30:19.079000','B',NULL,NULL,'2019-03-05 11:30:19.079000','307',NULL,'1305',NULL,'Electrical signal into non electrical quantity','Non electrical quantity into electrical signal','Electrical signal into mechanical quantity','All of these'),(1139,'25','2019-03-05 11:30:21.718000','B',NULL,NULL,'2019-03-05 11:30:21.718000','320',NULL,'1306',NULL,'Electrical signal into non electrical quantity','Non electrical quantity into electrical signal','Electrical signal into mechanical quantity','All of these'),(1140,'25','2019-03-05 11:30:24.340000','B',NULL,NULL,'2019-03-05 11:30:24.340000','322',NULL,'1307',NULL,'Electrical signal into non electrical quantity','Non electrical quantity into electrical signal','Electrical signal into mechanical quantity','All of these'),(1141,'25','2019-03-05 11:30:26.949000','B',NULL,NULL,'2019-03-05 11:30:26.949000','336',NULL,'1308',NULL,'Electrical signal into non electrical quantity','Non electrical quantity into electrical signal','Electrical signal into mechanical quantity','All of these'),(1142,'25','2019-03-05 11:30:29.569000','B',NULL,NULL,'2019-03-05 11:30:29.569000','324',NULL,'1309',NULL,'Electrical signal into non electrical quantity','Non electrical quantity into electrical signal','Electrical signal into mechanical quantity','All of these'),(1206,'25','2019-03-05 12:45:07.935000','B',NULL,NULL,'2019-03-05 12:45:07.935000','337',NULL,'1373',NULL,'Selva','Non electrical quantity into electrical signal','Electrical signal into mechanical quantity','All of these'),(1207,'25','2019-03-05 12:45:10.545000','B',NULL,NULL,'2019-03-05 12:45:10.545000','322',NULL,'1374',NULL,'Four','Non electrical quantity into electrical signal','Electrical signal into mechanical quantity','All of these'),(1208,'25','2019-03-05 12:45:13.155000','B',NULL,NULL,'2019-03-05 12:45:13.155000','321',NULL,'1375',NULL,'Electrical signal into non electrical quantity','Non electrical quantity into electrical signal','Electrical signal into mechanical quantity','All of these'),(1209,'25','2019-03-05 12:45:15.806000','B',NULL,NULL,'2019-03-05 12:45:15.806000','329',NULL,'1376',NULL,'Electrical signal into non electrical quantity','Non electrical quantity into electrical signal','Electrical signal into mechanical quantity','All of these'),(1210,'25','2019-03-05 12:45:18.459000','B',NULL,NULL,'2019-03-05 12:45:18.459000','334',NULL,'1377',NULL,'Priya','Non electrical quantity into electrical signal','Electrical signal into mechanical quantity','All of these'),(1211,'25','2019-03-05 12:45:21.080000','B',NULL,NULL,'2019-03-05 12:45:21.080000','332',NULL,'1378',NULL,'Electrical signal into non electrical quantity','Non electrical quantity into electrical signal','Electrical signal into mechanical quantity','All of these'),(1212,'25','2019-03-05 12:45:23.726000','B',NULL,NULL,'2019-03-05 12:45:23.726000','328',NULL,'1379',NULL,'Electrical signal into non electrical quantity','Non electrical quantity into electrical signal','Electrical signal into mechanical quantity','All of these'),(1213,'25','2019-03-05 12:45:26.437000','B',NULL,NULL,'2019-03-05 12:45:26.437000','315',NULL,'1380',NULL,'Electrical signal into non electrical quantity','Non electrical quantity into electrical signal','Electrical signal into mechanical quantity','All of these'),(1214,'25','2019-03-05 12:45:29.047000','B',NULL,NULL,'2019-03-05 12:45:29.047000','333',NULL,'1381',NULL,'Electrical signal into non electrical quantity','Non electrical quantity into electrical signal','Electrical signal into mechanical quantity','All of these'),(1215,'25','2019-03-05 12:45:31.677000','B',NULL,NULL,'2019-03-05 12:45:31.677000','326',NULL,'1382',NULL,'Electrical signal into non electrical quantity','Non electrical quantity into electrical signal','Electrical signal into mechanical quantity','All of these'),(1216,'25','2019-03-05 12:53:52.370000','B',NULL,NULL,'2019-03-05 12:53:52.370000','322',NULL,'1383',NULL,'Four','Non electrical quantity into electrical signal','Electrical signal into mechanical quantity','All of these'),(1217,'25','2019-03-05 12:53:54.478000','B',NULL,NULL,'2019-03-05 12:53:54.479000','323',NULL,'1384',NULL,'Hello','Non electrical quantity into electrical signal','Electrical signal into mechanical quantity','All of these'),(1218,'25','2019-03-05 12:53:56.747000','B',NULL,NULL,'2019-03-05 12:53:56.747000','342',NULL,'1385',NULL,'Electrical signal into non electrical quantity','Non electrical quantity into electrical signal','Electrical signal into mechanical quantity','All of these'),(1219,'25','2019-03-05 12:53:58.848000','B',NULL,NULL,'2019-03-05 12:53:58.848000','328',NULL,'1386',NULL,'Electrical signal into non electrical quantity','Non electrical quantity into electrical signal','Electrical signal into mechanical quantity','All of these'),(1220,'25','2019-03-05 12:54:00.947000','B',NULL,NULL,'2019-03-05 12:54:00.948000','338',NULL,'1387',NULL,'Electrical signal into non electrical quantity','Non electrical quantity into electrical signal','Electrical signal into mechanical quantity','All of these'),(1221,'25','2019-03-05 12:54:03.040000','B',NULL,NULL,'2019-03-05 12:54:03.040000','342',NULL,'1388',NULL,'Electrical signal into non electrical quantity','Non electrical quantity into electrical signal','Electrical signal into mechanical quantity','All of these'),(1222,'25','2019-03-05 12:54:05.170000','B',NULL,NULL,'2019-03-05 12:54:05.170000','340',NULL,'1389',NULL,'Electrical signal into non electrical quantity','Non electrical quantity into electrical signal','Electrical signal into mechanical quantity','All of these'),(1223,'25','2019-03-05 12:54:07.301000','B',NULL,NULL,'2019-03-05 12:54:07.302000','326',NULL,'1390',NULL,'Electrical signal into non electrical quantity','Non electrical quantity into electrical signal','Electrical signal into mechanical quantity','All of these'),(1224,'25','2019-03-05 12:54:09.826000','B',NULL,NULL,'2019-03-05 12:54:09.826000','329',NULL,'1391',NULL,'Electrical signal into non electrical quantity','Non electrical quantity into electrical signal','Electrical signal into mechanical quantity','All of these'),(1225,'25','2019-03-05 12:54:12.707000','B',NULL,NULL,'2019-03-05 12:54:12.707000','327',NULL,'1392',NULL,'Hi','Non electrical quantity into electrical signal','Electrical signal into mechanical quantity','All of these'),(1226,'25','2019-03-05 12:57:58.519000','B',NULL,NULL,'2019-03-05 12:57:58.519000','336',NULL,'1393',NULL,'darshini','Non electrical quantity into electrical signal','Electrical signal into mechanical quantity','All of these'),(1227,'25','2019-03-05 12:58:00.611000','B',NULL,NULL,'2019-03-05 12:58:00.611000','336',NULL,'1394',NULL,'darshini','Non electrical quantity into electrical signal','Electrical signal into mechanical quantity','All of these'),(1228,'25','2019-03-05 12:58:02.701000','B',NULL,NULL,'2019-03-05 12:58:02.701000','317',NULL,'1395',NULL,'Electrical signal into non electrical quantity','Non electrical quantity into electrical signal','Electrical signal into mechanical quantity','All of these'),(1229,'25','2019-03-05 12:58:04.802000','B',NULL,NULL,'2019-03-05 12:58:04.802000','325',NULL,'1396',NULL,'Electrical signal into non electrical quantity','Non electrical quantity into electrical signal','Electrical signal into mechanical quantity','All of these'),(1230,'25','2019-03-05 12:58:06.934000','B',NULL,NULL,'2019-03-05 12:58:06.934000','338',NULL,'1397',NULL,'Electrical signal into non electrical quantity','Non electrical quantity into electrical signal','Electrical signal into mechanical quantity','All of these'),(1231,'25','2019-03-05 12:58:09.104000','B',NULL,NULL,'2019-03-05 12:58:09.104000','323',NULL,'1398',NULL,'Hello','Non electrical quantity into electrical signal','Electrical signal into mechanical quantity','All of these'),(1232,'25','2019-03-05 12:58:12.367000','B',NULL,NULL,'2019-03-05 12:58:12.367000','317',NULL,'1399',NULL,'Electrical signal into non electrical quantity','Non electrical quantity into electrical signal','Electrical signal into mechanical quantity','All of these'),(1233,'25','2019-03-05 12:58:14.682000','B',NULL,NULL,'2019-03-05 12:58:14.683000','320',NULL,'1400',NULL,'Electrical signal into non electrical quantity','Non electrical quantity into electrical signal','Electrical signal into mechanical quantity','All of these'),(1234,'25','2019-03-05 12:58:16.872000','B',NULL,NULL,'2019-03-05 12:58:16.872000','324',NULL,'1401',NULL,'Electrical signal into non electrical quantity','Non electrical quantity into electrical signal','Electrical signal into mechanical quantity','All of these'),(1235,'25','2019-03-05 12:58:18.953000','B',NULL,NULL,'2019-03-05 12:58:18.953000','325',NULL,'1402',NULL,'Electrical signal into non electrical quantity','Non electrical quantity into electrical signal','Electrical signal into mechanical quantity','All of these'),(1236,'25','2019-03-05 15:45:59.705000','B',NULL,NULL,'2019-03-05 15:45:59.705000','328',NULL,'1403',NULL,'Electrical signal into non electrical quantity','Non electrical quantity into electrical signal','Electrical signal into mechanical quantity','All of these'),(1237,'25','2019-03-05 15:46:01.860000','B',NULL,NULL,'2019-03-05 15:46:01.860000','323',NULL,'1404',NULL,'Hello','Non electrical quantity into electrical signal','Electrical signal into mechanical quantity','All of these'),(1238,'25','2019-03-05 15:46:03.939000','B',NULL,NULL,'2019-03-05 15:46:03.940000','340',NULL,'1405',NULL,'Electrical signal into non electrical quantity','Non electrical quantity into electrical signal','Electrical signal into mechanical quantity','All of these'),(1239,'25','2019-03-05 15:46:06.030000','B',NULL,NULL,'2019-03-05 15:46:06.031000','322',NULL,'1406',NULL,'Four','Non electrical quantity into electrical signal','Electrical signal into mechanical quantity','All of these'),(1240,'25','2019-03-05 15:46:08.131000','B',NULL,NULL,'2019-03-05 15:46:08.131000','325',NULL,'1407',NULL,'Electrical signal into non electrical quantity','Non electrical quantity into electrical signal','Electrical signal into mechanical quantity','All of these'),(1241,'25','2019-03-05 15:46:10.506000','B',NULL,NULL,'2019-03-05 15:46:10.506000','340',NULL,'1408',NULL,'Electrical signal into non electrical quantity','Non electrical quantity into electrical signal','Electrical signal into mechanical quantity','All of these'),(1242,'25','2019-03-05 15:46:13.357000','B',NULL,NULL,'2019-03-05 15:46:13.357000','332',NULL,'1409',NULL,'Electrical signal into non electrical quantity','Non electrical quantity into electrical signal','Electrical signal into mechanical quantity','All of these'),(1243,'25','2019-03-05 15:46:15.752000','B',NULL,NULL,'2019-03-05 15:46:15.752000','338',NULL,'1410',NULL,'Electrical signal into non electrical quantity','Non electrical quantity into electrical signal','Electrical signal into mechanical quantity','All of these'),(1244,'25','2019-03-05 15:46:17.858000','B',NULL,NULL,'2019-03-05 15:46:17.858000','339',NULL,'1411',NULL,'Electrical signal into non electrical quantity','Non electrical quantity into electrical signal','Electrical signal into mechanical quantity','All of these'),(1245,'25','2019-03-05 15:46:20.041000','B',NULL,NULL,'2019-03-05 15:46:20.042000','342',NULL,'1412',NULL,'Electrical signal into non electrical quantity','Non electrical quantity into electrical signal','Electrical signal into mechanical quantity','All of these'),(1246,'4','2019-03-05 16:03:58.416000','B',NULL,NULL,'2019-03-05 16:03:58.416000','330',NULL,'1413',NULL,'Santhosh','Non electrical quantity into electrical signal','Electrical signal into mechanical quantity','All of these'),(1247,'4','2019-03-05 16:03:58.442000','B',NULL,NULL,'2019-03-05 16:03:58.442000','336',NULL,'1414',NULL,'darshini','Non electrical quantity into electrical signal','Electrical signal into mechanical quantity','All of these'),(1248,'4','2019-03-05 16:03:58.454000','B',NULL,NULL,'2019-03-05 16:03:58.454000','321',NULL,'1415',NULL,'Electrical signal into non electrical quantity','Non electrical quantity into electrical signal','Electrical signal into mechanical quantity','All of these'),(1249,'4','2019-03-05 16:03:58.467000','B',NULL,NULL,'2019-03-05 16:03:58.467000','336',NULL,'1416',NULL,'darshini','Non electrical quantity into electrical signal','Electrical signal into mechanical quantity','All of these'),(1250,'4','2019-03-05 16:03:58.478000','B',NULL,NULL,'2019-03-05 16:03:58.478000','328',NULL,'1417',NULL,'Electrical signal into non electrical quantity','Non electrical quantity into electrical signal','Electrical signal into mechanical quantity','All of these'),(1251,'4','2019-03-05 16:03:58.493000','B',NULL,NULL,'2019-03-05 16:03:58.493000','320',NULL,'1418',NULL,'Electrical signal into non electrical quantity','Non electrical quantity into electrical signal','Electrical signal into mechanical quantity','All of these'),(1252,'4','2019-03-05 16:03:58.502000','B',NULL,NULL,'2019-03-05 16:03:58.502000','341',NULL,'1419',NULL,'Electrical signal into non electrical quantity','Non electrical quantity into electrical signal','Electrical signal into mechanical quantity','All of these'),(1253,'4','2019-03-05 16:03:58.518000','B',NULL,NULL,'2019-03-05 16:03:58.518000','334',NULL,'1420',NULL,'Priya','Non electrical quantity into electrical signal','Electrical signal into mechanical quantity','All of these'),(1254,'4','2019-03-05 16:03:58.542000','B',NULL,NULL,'2019-03-05 16:03:58.542000','336',NULL,'1421',NULL,'darshini','Non electrical quantity into electrical signal','Electrical signal into mechanical quantity','All of these'),(1255,'4','2019-03-05 16:03:58.554000','B',NULL,NULL,'2019-03-05 16:03:58.554000','334',NULL,'1422',NULL,'Priya','Non electrical quantity into electrical signal','Electrical signal into mechanical quantity','All of these'),(1256,'4','2019-03-05 16:31:47.978000','B',NULL,NULL,'2019-03-05 16:31:47.978000','315',NULL,'1423',NULL,'Electrical signal into non electrical quantity','Non electrical quantity into electrical signal','Electrical signal into mechanical quantity','All of these'),(1257,'4','2019-03-05 16:31:47.985000','B',NULL,NULL,'2019-03-05 16:31:47.985000','320',NULL,'1424',NULL,'Electrical signal into non electrical quantity','Non electrical quantity into electrical signal','Electrical signal into mechanical quantity','All of these'),(1258,'4','2019-03-05 16:31:47.998000','B',NULL,NULL,'2019-03-05 16:31:47.998000','316',NULL,'1425',NULL,'Electrical signal into non electrical quantity','Non electrical quantity into electrical signal','Electrical signal into mechanical quantity','All of these'),(1259,'4','2019-03-05 16:31:48.018000','B',NULL,NULL,'2019-03-05 16:31:48.018000','330',NULL,'1426',NULL,'Santhosh','Non electrical quantity into electrical signal','Electrical signal into mechanical quantity','All of these'),(1260,'4','2019-03-05 16:31:48.026000','B',NULL,NULL,'2019-03-05 16:31:48.026000','315',NULL,'1427',NULL,'Electrical signal into non electrical quantity','Non electrical quantity into electrical signal','Electrical signal into mechanical quantity','All of these'),(1261,'4','2019-03-05 16:31:48.038000','B',NULL,NULL,'2019-03-05 16:31:48.038000','331',NULL,'1428',NULL,'Vidhya','Non electrical quantity into electrical signal','Electrical signal into mechanical quantity','All of these'),(1262,'4','2019-03-05 16:31:48.048000','B',NULL,NULL,'2019-03-05 16:31:48.048000','329',NULL,'1429',NULL,'Electrical signal into non electrical quantity','Non electrical quantity into electrical signal','Electrical signal into mechanical quantity','All of these'),(1263,'4','2019-03-05 16:31:48.060000','B',NULL,NULL,'2019-03-05 16:31:48.060000','324',NULL,'1430',NULL,'Electrical signal into non electrical quantity','Non electrical quantity into electrical signal','Electrical signal into mechanical quantity','All of these'),(1264,'4','2019-03-05 16:31:48.067000','B',NULL,NULL,'2019-03-05 16:31:48.067000','307',NULL,'1431',NULL,'Electrical signal into non electrical quantity','Non electrical quantity into electrical signal','Electrical signal into mechanical quantity','All of these'),(1265,'4','2019-03-05 16:31:48.076000','B',NULL,NULL,'2019-03-05 16:31:48.077000','321',NULL,'1432',NULL,'Electrical signal into non electrical quantity','Non electrical quantity into electrical signal','Electrical signal into mechanical quantity','All of these'),(1266,'4','2019-03-05 16:32:32.448000','B',NULL,NULL,'2019-03-05 16:32:32.448000','325',NULL,'1433',NULL,'Electrical signal into non electrical quantity','Non electrical quantity into electrical signal','Electrical signal into mechanical quantity','All of these'),(1267,'4','2019-03-05 16:32:32.456000','B',NULL,NULL,'2019-03-05 16:32:32.456000','341',NULL,'1434',NULL,'Electrical signal into non electrical quantity','Non electrical quantity into electrical signal','Electrical signal into mechanical quantity','All of these'),(1268,'4','2019-03-05 16:32:32.466000','B',NULL,NULL,'2019-03-05 16:32:32.466000','328',NULL,'1435',NULL,'Electrical signal into non electrical quantity','Non electrical quantity into electrical signal','Electrical signal into mechanical quantity','All of these'),(1269,'4','2019-03-05 16:32:32.479000','B',NULL,NULL,'2019-03-05 16:32:32.479000','331',NULL,'1436',NULL,'Vidhya','Non electrical quantity into electrical signal','Electrical signal into mechanical quantity','All of these'),(1270,'4','2019-03-05 16:32:32.485000','B',NULL,NULL,'2019-03-05 16:32:32.485000','329',NULL,'1437',NULL,'Electrical signal into non electrical quantity','Non electrical quantity into electrical signal','Electrical signal into mechanical quantity','All of these'),(1271,'4','2019-03-05 16:32:32.492000','B',NULL,NULL,'2019-03-05 16:32:32.492000','328',NULL,'1438',NULL,'Electrical signal into non electrical quantity','Non electrical quantity into electrical signal','Electrical signal into mechanical quantity','All of these'),(1272,'4','2019-03-05 16:32:32.499000','B',NULL,NULL,'2019-03-05 16:32:32.499000','341',NULL,'1439',NULL,'Electrical signal into non electrical quantity','Non electrical quantity into electrical signal','Electrical signal into mechanical quantity','All of these'),(1273,'4','2019-03-05 16:32:32.506000','B',NULL,NULL,'2019-03-05 16:32:32.506000','339',NULL,'1440',NULL,'Electrical signal into non electrical quantity','Non electrical quantity into electrical signal','Electrical signal into mechanical quantity','All of these'),(1274,'4','2019-03-05 16:32:32.518000','B',NULL,NULL,'2019-03-05 16:32:32.518000','318',NULL,'1441',NULL,'Three','Non electrical quantity into electrical signal','Electrical signal into mechanical quantity','All of these'),(1275,'4','2019-03-05 16:32:32.526000','B',NULL,NULL,'2019-03-05 16:32:32.526000','332',NULL,'1442',NULL,'Electrical signal into non electrical quantity','Non electrical quantity into electrical signal','Electrical signal into mechanical quantity','All of these'),(1276,'4','2019-03-06 12:01:53.902000','B',NULL,NULL,'2019-03-06 12:01:53.902000','350',NULL,'1443',NULL,'Electrical signal into non electrical quantity','Non electrical quantity into electrical signal','Electrical signal into mechanical quantity','All of these'),(1277,'4','2019-03-06 12:01:53.909000','B',NULL,NULL,'2019-03-06 12:01:53.909000','337',NULL,'1444',NULL,'Selva','Non electrical quantity into electrical signal','Electrical signal into mechanical quantity','All of these'),(1278,'4','2019-03-06 12:01:53.918000','B',NULL,NULL,'2019-03-06 12:01:53.918000','328',NULL,'1445',NULL,'Electrical signal into non electrical quantity','Non electrical quantity into electrical signal','Electrical signal into mechanical quantity','All of these'),(1279,'4','2019-03-06 12:01:53.924000','B',NULL,NULL,'2019-03-06 12:01:53.924000','343',NULL,'1446',NULL,'Electrical signal into non electrical quantity','Non electrical quantity into electrical signal','Electrical signal into mechanical quantity','All of these'),(1280,'4','2019-03-06 12:01:53.933000','B',NULL,NULL,'2019-03-06 12:01:53.933000','354',NULL,'1447',NULL,'Electrical signal into non electrical quantity','Non electrical quantity into electrical signal','Electrical signal into mechanical quantity','All of these'),(1281,'4','2019-03-06 12:01:53.942000','B',NULL,NULL,'2019-03-06 12:01:53.942000','343',NULL,'1448',NULL,'Electrical signal into non electrical quantity','Non electrical quantity into electrical signal','Electrical signal into mechanical quantity','All of these'),(1282,'4','2019-03-06 12:01:53.948000','B',NULL,NULL,'2019-03-06 12:01:53.948000','320',NULL,'1449',NULL,'Electrical signal into non electrical quantity','Non electrical quantity into electrical signal','Electrical signal into mechanical quantity','All of these'),(1283,'4','2019-03-06 12:01:53.960000','B',NULL,NULL,'2019-03-06 12:01:53.960000','332',NULL,'1450',NULL,'Electrical signal into non electrical quantity','Non electrical quantity into electrical signal','Electrical signal into mechanical quantity','All of these'),(1284,'4','2019-03-06 12:01:53.973000','B',NULL,NULL,'2019-03-06 12:01:53.973000','324',NULL,'1451',NULL,'Electrical signal into non electrical quantity','Non electrical quantity into electrical signal','Electrical signal into mechanical quantity','All of these'),(1285,'4','2019-03-06 12:01:53.981000','B',NULL,NULL,'2019-03-06 12:01:53.981000','337',NULL,'1452',NULL,'Selva','Non electrical quantity into electrical signal','Electrical signal into mechanical quantity','All of these'),(1286,'4','2019-03-06 12:01:53.992000','B',NULL,NULL,'2019-03-06 12:01:53.992000','342',NULL,'1453',NULL,'Electrical signal into non electrical quantity','Non electrical quantity into electrical signal','Electrical signal into mechanical quantity','All of these'),(1287,'4','2019-03-06 12:01:53.999000','B',NULL,NULL,'2019-03-06 12:01:53.999000','356',NULL,'1454',NULL,'Electrical signal into non electrical quantity','Non electrical quantity into electrical signal','Electrical signal into mechanical quantity','All of these'),(1288,'4','2019-03-06 12:01:54.007000','B',NULL,NULL,'2019-03-06 12:01:54.007000','366',NULL,'1455',NULL,'Electrical signal into non electrical quantity','Non electrical quantity into electrical signal','Electrical signal into mechanical quantity','All of these'),(1289,'4','2019-03-06 12:01:54.014000','B',NULL,NULL,'2019-03-06 12:01:54.014000','322',NULL,'1456',NULL,'Four','Non electrical quantity into electrical signal','Electrical signal into mechanical quantity','All of these'),(1290,'4','2019-03-06 12:01:54.023000','B',NULL,NULL,'2019-03-06 12:01:54.023000','366',NULL,'1457',NULL,'Electrical signal into non electrical quantity','Non electrical quantity into electrical signal','Electrical signal into mechanical quantity','All of these'),(1291,'4','2019-03-06 12:01:54.033000','B',NULL,NULL,'2019-03-06 12:01:54.033000','323',NULL,'1458',NULL,'Hello','Non electrical quantity into electrical signal','Electrical signal into mechanical quantity','All of these'),(1292,'4','2019-03-06 12:01:54.040000','B',NULL,NULL,'2019-03-06 12:01:54.040000','366',NULL,'1459',NULL,'Electrical signal into non electrical quantity','Non electrical quantity into electrical signal','Electrical signal into mechanical quantity','All of these'),(1293,'4','2019-03-06 12:01:54.049000','B',NULL,NULL,'2019-03-06 12:01:54.049000','370',NULL,'1460',NULL,'Electrical signal into non electrical quantity','Non electrical quantity into electrical signal','Electrical signal into mechanical quantity','All of these'),(1294,'4','2019-03-06 12:01:54.057000','B',NULL,NULL,'2019-03-06 12:01:54.057000','359',NULL,'1461',NULL,'Electrical signal into non electrical quantity','Non electrical quantity into electrical signal','Electrical signal into mechanical quantity','All of these'),(1295,'4','2019-03-06 12:01:54.064000','B',NULL,NULL,'2019-03-06 12:01:54.064000','369',NULL,'1462',NULL,'Electrical signal into non electrical quantity','Non electrical quantity into electrical signal','Electrical signal into mechanical quantity','All of these'),(1296,'4','2019-03-06 15:10:38.273000','B',NULL,NULL,'2019-03-06 15:10:38.273000','315',NULL,'1463',NULL,'Electrical signal into non electrical quantity','Non electrical quantity into electrical signal','Electrical signal into mechanical quantity','All of these'),(1297,'4','2019-03-06 15:10:38.302000','B',NULL,NULL,'2019-03-06 15:10:38.302000','347',NULL,'1464',NULL,'Electrical signal into non electrical quantity','Non electrical quantity into electrical signal','Electrical signal into mechanical quantity','All of these'),(1298,'4','2019-03-06 15:10:38.323000','B',NULL,NULL,'2019-03-06 15:10:38.323000','341',NULL,'1465',NULL,'Electrical signal into non electrical quantity','Non electrical quantity into electrical signal','Electrical signal into mechanical quantity','All of these'),(1299,'4','2019-03-06 15:10:38.352000','B',NULL,NULL,'2019-03-06 15:10:38.352000','321',NULL,'1466',NULL,'Electrical signal into non electrical quantity','Non electrical quantity into electrical signal','Electrical signal into mechanical quantity','All of these'),(1300,'4','2019-03-06 15:10:38.388000','B',NULL,NULL,'2019-03-06 15:10:38.388000','362',NULL,'1467',NULL,'Electrical signal into non electrical quantity','Non electrical quantity into electrical signal','Electrical signal into mechanical quantity','All of these'),(1301,'4','2019-03-06 15:10:38.416000','B',NULL,NULL,'2019-03-06 15:10:38.417000','337',NULL,'1468',NULL,'Selva','Non electrical quantity into electrical signal','Electrical signal into mechanical quantity','All of these'),(1302,'4','2019-03-06 15:10:38.438000','B',NULL,NULL,'2019-03-06 15:10:38.438000','369',NULL,'1469',NULL,'Electrical signal into non electrical quantity','Non electrical quantity into electrical signal','Electrical signal into mechanical quantity','All of these'),(1303,'4','2019-03-06 15:10:38.457000','B',NULL,NULL,'2019-03-06 15:10:38.457000','331',NULL,'1470',NULL,'Vidhya','Non electrical quantity into electrical signal','Electrical signal into mechanical quantity','All of these'),(1304,'4','2019-03-06 15:10:38.474000','B',NULL,NULL,'2019-03-06 15:10:38.474000','346',NULL,'1471',NULL,'Electrical signal into non electrical quantity','Non electrical quantity into electrical signal','Electrical signal into mechanical quantity','All of these'),(1305,'4','2019-03-06 15:10:38.492000','B',NULL,NULL,'2019-03-06 15:10:38.492000','349',NULL,'1472',NULL,'Electrical signal into non electrical quantity','Non electrical quantity into electrical signal','Electrical signal into mechanical quantity','All of these'),(1306,'23','2019-04-01 18:53:57.563000','B',NULL,NULL,'2019-04-01 18:53:57.563000','335',NULL,'1473',NULL,'Electrical signal into non electrical quantity','Non electrical quantity into electrical signal','Electrical signal into mechanical quantity','All of these'),(1307,'23','2019-04-01 18:53:57.585000','B',NULL,NULL,'2019-04-01 18:53:57.585000','348',NULL,'1474',NULL,'Electrical signal into non electrical quantity','Non electrical quantity into electrical signal','Electrical signal into mechanical quantity','All of these'),(1308,'23','2019-04-01 18:53:57.596000','B',NULL,NULL,'2019-04-01 18:53:57.596000','371',NULL,'1475',NULL,'Electrical signal into non electrical quantity','Non electrical quantity into electrical signal','Electrical signal into mechanical quantity','All of these'),(1309,'23','2019-04-01 18:53:57.608000','B',NULL,NULL,'2019-04-01 18:53:57.608000','351',NULL,'1476',NULL,'Electrical signal into non electrical quantity','Non electrical quantity into electrical signal','Electrical signal into mechanical quantity','All of these'),(1310,'23','2019-04-01 18:53:57.619000','A',NULL,NULL,'2019-04-01 18:53:57.619000','302',NULL,'1477',NULL,'Increase the sag and decrease the tension','Both increases','Decrease the sag and increase the tension','Both decreases'),(1311,'23','2019-04-01 18:53:57.634000','B',NULL,NULL,'2019-04-01 18:53:57.634000','342',NULL,'1478',NULL,'Electrical signal into non electrical quantity','Non electrical quantity into electrical signal','Electrical signal into mechanical quantity','All of these'),(1312,'23','2019-04-01 18:53:57.652000','B',NULL,NULL,'2019-04-01 18:53:57.652000','317',NULL,'1479',NULL,'Electrical signal into non electrical quantity','Non electrical quantity into electrical signal','Electrical signal into mechanical quantity','All of these'),(1313,'23','2019-04-01 18:53:57.663000','B',NULL,NULL,'2019-04-01 18:53:57.663000','367',NULL,'1480',NULL,'Electrical signal into non electrical quantity','Non electrical quantity into electrical signal','Electrical signal into mechanical quantity','All of these'),(1314,'23','2019-04-01 18:53:57.672000','B',NULL,NULL,'2019-04-01 18:53:57.672000','349',NULL,'1481',NULL,'Electrical signal into non electrical quantity','Non electrical quantity into electrical signal','Electrical signal into mechanical quantity','All of these'),(1315,'23','2019-04-01 18:53:57.683000','B',NULL,NULL,'2019-04-01 18:53:57.683000','321',NULL,'1482',NULL,'Electrical signal into non electrical quantity','Non electrical quantity into electrical signal','Electrical signal into mechanical quantity','All of these'),(1316,'2','2019-04-25 14:01:08.506000','C',NULL,NULL,'2019-04-25 14:01:08.506000','306',NULL,'1483',NULL,'Spring','Gravity','Either by spring or by gravity',' Neither by spring nor by gravity'),(1317,'2','2019-04-25 14:01:08.521000','D',NULL,NULL,'2019-04-25 14:01:08.521000','304',NULL,'1484',NULL,'Second harmonic','Third harmonic','Fifth harmonic','Do not produce harmonics'),(1318,'2','2019-04-25 14:01:08.534000','A',NULL,NULL,'2019-04-25 14:01:08.534000','305',NULL,'1485',NULL,'Two SCRs in parallel opposition','Two SCRs in series','Three SCRs in series','four SCRs in series'),(1319,'2','2019-04-25 14:01:08.550000','C',NULL,NULL,'2019-04-25 14:01:08.551000','233',NULL,'1486',NULL,'by changing the torque','by changing the switching speed','by changing the polarity of voltages connected to the leads','by changing the RPM rating'),(1320,'2','2019-04-25 14:01:08.563000','D',NULL,NULL,'2019-04-25 14:01:08.563000','303',NULL,'1487',NULL,'Sealing problems of the gas.','Ingress of moisture in the gas system  dangerous.','Deterioration of SF6 gas with time.',' Both (a) and (b)'),(1321,'2','2019-04-25 14:01:08.581000','C',NULL,NULL,'2019-04-25 14:01:08.581000','232',NULL,'1488',NULL,'it is a driver','it is a thing isolated from the entire world','it is a device that can be used as an electromagnetic relay without a driver',' none of the mentioned'),(1322,'2','2019-04-25 14:01:08.596000','D',NULL,NULL,'2019-04-25 14:01:08.596000','234',NULL,'1489',NULL,'Gases','Odor','Sludge','Moisture'),(1323,'2','2019-04-25 14:01:08.608000','A',NULL,NULL,'2019-04-25 14:01:08.608000','301',NULL,'1490',NULL,'Peripherals','Memory','Input','Output'),(1324,'2','2019-04-25 14:01:08.636000','C',NULL,NULL,'2019-04-25 14:01:08.636000','233',NULL,'1491',NULL,'by changing the torque','by changing the switching speed','by changing the polarity of voltages connected to the leads','by changing the RPM rating'),(1325,'2','2019-04-25 14:01:08.654000','D',NULL,NULL,'2019-04-25 14:01:08.654000','234',NULL,'1492',NULL,'Gases','Odor','Sludge','Moisture'),(1326,'2','2019-04-25 14:01:08.698000','D',NULL,NULL,'2019-04-25 14:01:08.698000','303',NULL,'1493',NULL,'Sealing problems of the gas.','Ingress of moisture in the gas system  dangerous.','Deterioration of SF6 gas with time.',' Both (a) and (b)'),(1327,'2','2019-04-25 14:01:08.710000','A',NULL,NULL,'2019-04-25 14:01:08.710000','301',NULL,'1494',NULL,'Peripherals','Memory','Input','Output'),(1328,'2','2019-04-25 14:01:08.722000','D',NULL,NULL,'2019-04-25 14:01:08.722000','234',NULL,'1495',NULL,'Gases','Odor','Sludge','Moisture'),(1329,'2','2019-04-25 14:01:08.734000','A',NULL,NULL,'2019-04-25 14:01:08.734000','230',NULL,'1496',NULL,'Increase','Decrease','No change','Momentarily goes to zero'),(1330,'2','2019-04-25 14:01:08.746000','D',NULL,NULL,'2019-04-25 14:01:08.746000','304',NULL,'1497',NULL,'Second harmonic','Third harmonic','Fifth harmonic','Do not produce harmonics'),(1331,'2','2019-04-25 14:01:08.757000','C',NULL,NULL,'2019-04-25 14:01:08.757000','232',NULL,'1498',NULL,'it is a driver','it is a thing isolated from the entire world','it is a device that can be used as an electromagnetic relay without a driver',' none of the mentioned'),(1332,'2','2019-04-25 14:01:08.777000','D',NULL,NULL,'2019-04-25 14:01:08.777000','303',NULL,'1499',NULL,'Sealing problems of the gas.','Ingress of moisture in the gas system  dangerous.','Deterioration of SF6 gas with time.',' Both (a) and (b)'),(1333,'2','2019-04-25 14:01:08.801000','A',NULL,NULL,'2019-04-25 14:01:08.801000','305',NULL,'1500',NULL,'Two SCRs in parallel opposition','Two SCRs in series','Three SCRs in series','four SCRs in series'),(1334,'2','2019-04-25 14:01:08.812000','A',NULL,NULL,'2019-04-25 14:01:08.812000','301',NULL,'1501',NULL,'Peripherals','Memory','Input','Output'),(1335,'2','2019-04-25 14:01:08.841000','C',NULL,NULL,'2019-04-25 14:01:08.841000','233',NULL,'1502',NULL,'by changing the torque','by changing the switching speed','by changing the polarity of voltages connected to the leads','by changing the RPM rating'),(1336,'2','2019-04-25 14:01:08.861000','B',NULL,NULL,'2019-04-25 14:01:08.861000','231',NULL,'1503',NULL,'Adiabatic','Cyclic','Irreversible','Expansion'),(1337,'2','2019-04-25 14:01:08.870000','A',NULL,NULL,'2019-04-25 14:01:08.870000','230',NULL,'1504',NULL,'Increase','Decrease','No change','Momentarily goes to zero'),(1338,'2','2019-04-25 14:01:08.880000','C',NULL,NULL,'2019-04-25 14:01:08.880000','306',NULL,'1505',NULL,'Spring','Gravity','Either by spring or by gravity',' Neither by spring nor by gravity'),(1339,'2','2019-04-25 14:01:08.895000','B',NULL,NULL,'2019-04-25 14:01:08.895000','285',NULL,'1506',NULL,'Value of source resistance','Value of load resistance','Both source and load resistance','Neither source or load resistance'),(1340,'2','2019-04-25 14:01:08.906000','A',NULL,NULL,'2019-04-25 14:01:08.906000','302',NULL,'1507',NULL,'Increase the sag and decrease the tension','Both increases','Decrease the sag and increase the tension','Both decreases'),(1341,'2','2019-04-25 14:01:08.915000','A',NULL,NULL,'2019-04-25 14:01:08.915000','302',NULL,'1508',NULL,'Increase the sag and decrease the tension','Both increases','Decrease the sag and increase the tension','Both decreases'),(1342,'2','2019-04-25 14:01:08.931000','D',NULL,NULL,'2019-04-25 14:01:08.931000','234',NULL,'1509',NULL,'Gases','Odor','Sludge','Moisture'),(1343,'2','2019-04-25 14:01:08.942000','D',NULL,NULL,'2019-04-25 14:01:08.942000','234',NULL,'1510',NULL,'Gases','Odor','Sludge','Moisture'),(1344,'2','2019-04-25 14:01:08.953000','D',NULL,NULL,'2019-04-25 14:01:08.953000','234',NULL,'1511',NULL,'Gases','Odor','Sludge','Moisture'),(1345,'2','2019-04-25 14:01:08.962000','A',NULL,NULL,'2019-04-25 14:01:08.962000','302',NULL,'1512',NULL,'Increase the sag and decrease the tension','Both increases','Decrease the sag and increase the tension','Both decreases'),(1346,'2','2019-04-25 14:01:08.986000','C',NULL,NULL,'2019-04-25 14:01:08.986000','232',NULL,'1513',NULL,'it is a driver','it is a thing isolated from the entire world','it is a device that can be used as an electromagnetic relay without a driver',' none of the mentioned'),(1347,'2','2019-04-25 14:01:08.993000','A',NULL,NULL,'2019-04-25 14:01:08.993000','230',NULL,'1514',NULL,'Increase','Decrease','No change','Momentarily goes to zero'),(1348,'2','2019-04-25 14:01:09.001000','D',NULL,NULL,'2019-04-25 14:01:09.001000','234',NULL,'1515',NULL,'Gases','Odor','Sludge','Moisture'),(1349,'2','2019-04-25 14:01:09.012000','C',NULL,NULL,'2019-04-25 14:01:09.012000','306',NULL,'1516',NULL,'Spring','Gravity','Either by spring or by gravity',' Neither by spring nor by gravity'),(1350,'2','2019-04-25 14:01:09.020000','A',NULL,NULL,'2019-04-25 14:01:09.020000','230',NULL,'1517',NULL,'Increase','Decrease','No change','Momentarily goes to zero'),(1351,'2','2019-04-25 14:01:09.031000','B',NULL,NULL,'2019-04-25 14:01:09.031000','231',NULL,'1518',NULL,'Adiabatic','Cyclic','Irreversible','Expansion'),(1352,'2','2019-04-25 14:01:09.043000','C',NULL,NULL,'2019-04-25 14:01:09.043000','306',NULL,'1519',NULL,'Spring','Gravity','Either by spring or by gravity',' Neither by spring nor by gravity'),(1353,'2','2019-04-25 14:01:09.053000','B',NULL,NULL,'2019-04-25 14:01:09.053000','285',NULL,'1520',NULL,'Value of source resistance','Value of load resistance','Both source and load resistance','Neither source or load resistance'),(1354,'2','2019-04-25 14:01:09.065000','D',NULL,NULL,'2019-04-25 14:01:09.065000','304',NULL,'1521',NULL,'Second harmonic','Third harmonic','Fifth harmonic','Do not produce harmonics'),(1355,'2','2019-04-25 14:01:09.080000','A',NULL,NULL,'2019-04-25 14:01:09.080000','305',NULL,'1522',NULL,'Two SCRs in parallel opposition','Two SCRs in series','Three SCRs in series','four SCRs in series'),(1356,'2','2019-04-25 14:01:09.097000','B',NULL,NULL,'2019-04-25 14:01:09.097000','231',NULL,'1523',NULL,'Adiabatic','Cyclic','Irreversible','Expansion'),(1357,'2','2019-04-25 14:01:09.107000','C',NULL,NULL,'2019-04-25 14:01:09.107000','233',NULL,'1524',NULL,'by changing the torque','by changing the switching speed','by changing the polarity of voltages connected to the leads','by changing the RPM rating'),(1358,'2','2019-04-25 14:01:09.116000','A',NULL,NULL,'2019-04-25 14:01:09.116000','302',NULL,'1525',NULL,'Increase the sag and decrease the tension','Both increases','Decrease the sag and increase the tension','Both decreases'),(1359,'2','2019-04-25 14:01:09.125000','A',NULL,NULL,'2019-04-25 14:01:09.125000','301',NULL,'1526',NULL,'Peripherals','Memory','Input','Output'),(1360,'2','2019-04-25 14:01:09.135000','D',NULL,NULL,'2019-04-25 14:01:09.135000','303',NULL,'1527',NULL,'Sealing problems of the gas.','Ingress of moisture in the gas system  dangerous.','Deterioration of SF6 gas with time.',' Both (a) and (b)'),(1361,'2','2019-04-25 14:01:09.143000','A',NULL,NULL,'2019-04-25 14:01:09.143000','230',NULL,'1528',NULL,'Increase','Decrease','No change','Momentarily goes to zero'),(1362,'2','2019-04-25 14:01:09.151000','D',NULL,NULL,'2019-04-25 14:01:09.151000','234',NULL,'1529',NULL,'Gases','Odor','Sludge','Moisture'),(1363,'2','2019-04-25 14:01:09.160000','A',NULL,NULL,'2019-04-25 14:01:09.160000','301',NULL,'1530',NULL,'Peripherals','Memory','Input','Output'),(1364,'2','2019-04-25 14:01:09.170000','B',NULL,NULL,'2019-04-25 14:01:09.170000','285',NULL,'1531',NULL,'Value of source resistance','Value of load resistance','Both source and load resistance','Neither source or load resistance'),(1365,'2','2019-04-25 14:01:09.179000','D',NULL,NULL,'2019-04-25 14:01:09.179000','304',NULL,'1532',NULL,'Second harmonic','Third harmonic','Fifth harmonic','Do not produce harmonics'),(1366,'2','2019-04-25 14:01:09.197000','D',NULL,NULL,'2019-04-25 14:01:09.197000','303',NULL,'1533',NULL,'Sealing problems of the gas.','Ingress of moisture in the gas system  dangerous.','Deterioration of SF6 gas with time.',' Both (a) and (b)'),(1367,'2','2019-04-25 14:01:09.206000','C',NULL,NULL,'2019-04-25 14:01:09.206000','306',NULL,'1534',NULL,'Spring','Gravity','Either by spring or by gravity',' Neither by spring nor by gravity'),(1368,'2','2019-04-25 14:01:09.215000','B',NULL,NULL,'2019-04-25 14:01:09.215000','285',NULL,'1535',NULL,'Value of source resistance','Value of load resistance','Both source and load resistance','Neither source or load resistance'),(1369,'2','2019-04-25 14:01:09.230000','B',NULL,NULL,'2019-04-25 14:01:09.230000','285',NULL,'1536',NULL,'Value of source resistance','Value of load resistance','Both source and load resistance','Neither source or load resistance'),(1370,'2','2019-04-25 14:01:09.239000','A',NULL,NULL,'2019-04-25 14:01:09.239000','302',NULL,'1537',NULL,'Increase the sag and decrease the tension','Both increases','Decrease the sag and increase the tension','Both decreases'),(1371,'2','2019-04-25 14:01:09.247000','B',NULL,NULL,'2019-04-25 14:01:09.247000','285',NULL,'1538',NULL,'Value of source resistance','Value of load resistance','Both source and load resistance','Neither source or load resistance'),(1372,'2','2019-04-25 14:01:09.256000','A',NULL,NULL,'2019-04-25 14:01:09.256000','302',NULL,'1539',NULL,'Increase the sag and decrease the tension','Both increases','Decrease the sag and increase the tension','Both decreases'),(1373,'2','2019-04-25 14:01:09.268000','D',NULL,NULL,'2019-04-25 14:01:09.269000','304',NULL,'1540',NULL,'Second harmonic','Third harmonic','Fifth harmonic','Do not produce harmonics'),(1374,'2','2019-04-25 14:01:09.277000','A',NULL,NULL,'2019-04-25 14:01:09.277000','230',NULL,'1541',NULL,'Increase','Decrease','No change','Momentarily goes to zero'),(1375,'2','2019-04-25 14:01:09.287000','B',NULL,NULL,'2019-04-25 14:01:09.287000','231',NULL,'1542',NULL,'Adiabatic','Cyclic','Irreversible','Expansion'),(1376,'2','2019-04-25 14:01:09.303000','C',NULL,NULL,'2019-04-25 14:01:09.303000','306',NULL,'1543',NULL,'Spring','Gravity','Either by spring or by gravity',' Neither by spring nor by gravity'),(1377,'2','2019-04-25 14:01:09.310000','A',NULL,NULL,'2019-04-25 14:01:09.310000','305',NULL,'1544',NULL,'Two SCRs in parallel opposition','Two SCRs in series','Three SCRs in series','four SCRs in series'),(1378,'2','2019-04-25 14:01:09.322000','C',NULL,NULL,'2019-04-25 14:01:09.322000','306',NULL,'1545',NULL,'Spring','Gravity','Either by spring or by gravity',' Neither by spring nor by gravity'),(1379,'2','2019-04-25 14:01:09.330000','A',NULL,NULL,'2019-04-25 14:01:09.330000','230',NULL,'1546',NULL,'Increase','Decrease','No change','Momentarily goes to zero'),(1380,'2','2019-04-25 14:01:09.337000','A',NULL,NULL,'2019-04-25 14:01:09.337000','305',NULL,'1547',NULL,'Two SCRs in parallel opposition','Two SCRs in series','Three SCRs in series','four SCRs in series'),(1381,'2','2019-04-25 14:01:09.344000','D',NULL,NULL,'2019-04-25 14:01:09.344000','304',NULL,'1548',NULL,'Second harmonic','Third harmonic','Fifth harmonic','Do not produce harmonics'),(1382,'2','2019-04-25 14:01:09.351000','A',NULL,NULL,'2019-04-25 14:01:09.351000','230',NULL,'1549',NULL,'Increase','Decrease','No change','Momentarily goes to zero'),(1383,'2','2019-04-25 14:01:09.358000','A',NULL,NULL,'2019-04-25 14:01:09.358000','305',NULL,'1550',NULL,'Two SCRs in parallel opposition','Two SCRs in series','Three SCRs in series','four SCRs in series'),(1384,'2','2019-04-25 14:01:09.365000','A',NULL,NULL,'2019-04-25 14:01:09.365000','305',NULL,'1551',NULL,'Two SCRs in parallel opposition','Two SCRs in series','Three SCRs in series','four SCRs in series'),(1385,'2','2019-04-25 14:01:09.372000','B',NULL,NULL,'2019-04-25 14:01:09.372000','285',NULL,'1552',NULL,'Value of source resistance','Value of load resistance','Both source and load resistance','Neither source or load resistance'),(1386,'2','2019-04-25 14:01:09.383000','A',NULL,NULL,'2019-04-25 14:01:09.383000','302',NULL,'1553',NULL,'Increase the sag and decrease the tension','Both increases','Decrease the sag and increase the tension','Both decreases'),(1387,'2','2019-04-25 14:01:09.389000','C',NULL,NULL,'2019-04-25 14:01:09.389000','306',NULL,'1554',NULL,'Spring','Gravity','Either by spring or by gravity',' Neither by spring nor by gravity'),(1388,'2','2019-04-25 14:01:09.395000','C',NULL,NULL,'2019-04-25 14:01:09.395000','306',NULL,'1555',NULL,'Spring','Gravity','Either by spring or by gravity',' Neither by spring nor by gravity'),(1389,'2','2019-04-25 14:01:09.402000','D',NULL,NULL,'2019-04-25 14:01:09.402000','304',NULL,'1556',NULL,'Second harmonic','Third harmonic','Fifth harmonic','Do not produce harmonics'),(1390,'2','2019-04-25 14:01:09.408000','D',NULL,NULL,'2019-04-25 14:01:09.408000','304',NULL,'1557',NULL,'Second harmonic','Third harmonic','Fifth harmonic','Do not produce harmonics'),(1391,'2','2019-04-25 14:01:09.416000','C',NULL,NULL,'2019-04-25 14:01:09.416000','232',NULL,'1558',NULL,'it is a driver','it is a thing isolated from the entire world','it is a device that can be used as an electromagnetic relay without a driver',' none of the mentioned'),(1392,'2','2019-04-25 14:01:09.423000','C',NULL,NULL,'2019-04-25 14:01:09.423000','233',NULL,'1559',NULL,'by changing the torque','by changing the switching speed','by changing the polarity of voltages connected to the leads','by changing the RPM rating'),(1393,'2','2019-04-25 14:01:09.430000','D',NULL,NULL,'2019-04-25 14:01:09.430000','304',NULL,'1560',NULL,'Second harmonic','Third harmonic','Fifth harmonic','Do not produce harmonics'),(1394,'2','2019-04-25 14:01:09.437000','A',NULL,NULL,'2019-04-25 14:01:09.437000','305',NULL,'1561',NULL,'Two SCRs in parallel opposition','Two SCRs in series','Three SCRs in series','four SCRs in series'),(1395,'2','2019-04-25 14:01:09.444000','D',NULL,NULL,'2019-04-25 14:01:09.444000','234',NULL,'1562',NULL,'Gases','Odor','Sludge','Moisture'),(1396,'2','2019-04-25 14:01:09.455000','D',NULL,NULL,'2019-04-25 14:01:09.456000','304',NULL,'1563',NULL,'Second harmonic','Third harmonic','Fifth harmonic','Do not produce harmonics'),(1397,'2','2019-04-25 14:01:09.463000','C',NULL,NULL,'2019-04-25 14:01:09.463000','233',NULL,'1564',NULL,'by changing the torque','by changing the switching speed','by changing the polarity of voltages connected to the leads','by changing the RPM rating'),(1398,'2','2019-04-25 14:01:09.470000','A',NULL,NULL,'2019-04-25 14:01:09.470000','305',NULL,'1565',NULL,'Two SCRs in parallel opposition','Two SCRs in series','Three SCRs in series','four SCRs in series'),(1399,'2','2019-04-25 14:01:09.477000','A',NULL,NULL,'2019-04-25 14:01:09.477000','230',NULL,'1566',NULL,'Increase','Decrease','No change','Momentarily goes to zero'),(1400,'2','2019-04-25 14:01:09.484000','B',NULL,NULL,'2019-04-25 14:01:09.484000','285',NULL,'1567',NULL,'Value of source resistance','Value of load resistance','Both source and load resistance','Neither source or load resistance'),(1401,'2','2019-04-25 14:01:09.492000','D',NULL,NULL,'2019-04-25 14:01:09.492000','234',NULL,'1568',NULL,'Gases','Odor','Sludge','Moisture'),(1402,'2','2019-04-25 14:01:09.501000','C',NULL,NULL,'2019-04-25 14:01:09.501000','306',NULL,'1569',NULL,'Spring','Gravity','Either by spring or by gravity',' Neither by spring nor by gravity'),(1403,'2','2019-04-25 14:01:09.508000','B',NULL,NULL,'2019-04-25 14:01:09.508000','231',NULL,'1570',NULL,'Adiabatic','Cyclic','Irreversible','Expansion'),(1404,'2','2019-04-25 14:01:09.518000','D',NULL,NULL,'2019-04-25 14:01:09.518000','304',NULL,'1571',NULL,'Second harmonic','Third harmonic','Fifth harmonic','Do not produce harmonics'),(1405,'2','2019-04-25 14:01:09.528000','A',NULL,NULL,'2019-04-25 14:01:09.528000','302',NULL,'1572',NULL,'Increase the sag and decrease the tension','Both increases','Decrease the sag and increase the tension','Both decreases'),(1406,'2','2019-04-25 14:01:09.540000','D',NULL,NULL,'2019-04-25 14:01:09.540000','304',NULL,'1573',NULL,'Second harmonic','Third harmonic','Fifth harmonic','Do not produce harmonics'),(1407,'2','2019-04-25 14:01:09.549000','A',NULL,NULL,'2019-04-25 14:01:09.549000','230',NULL,'1574',NULL,'Increase','Decrease','No change','Momentarily goes to zero'),(1408,'2','2019-04-25 14:01:09.558000','A',NULL,NULL,'2019-04-25 14:01:09.558000','230',NULL,'1575',NULL,'Increase','Decrease','No change','Momentarily goes to zero'),(1409,'2','2019-04-25 14:01:09.565000','C',NULL,NULL,'2019-04-25 14:01:09.565000','233',NULL,'1576',NULL,'by changing the torque','by changing the switching speed','by changing the polarity of voltages connected to the leads','by changing the RPM rating'),(1410,'2','2019-04-25 14:01:09.573000','D',NULL,NULL,'2019-04-25 14:01:09.573000','304',NULL,'1577',NULL,'Second harmonic','Third harmonic','Fifth harmonic','Do not produce harmonics'),(1411,'2','2019-04-25 14:01:09.581000','C',NULL,NULL,'2019-04-25 14:01:09.581000','233',NULL,'1578',NULL,'by changing the torque','by changing the switching speed','by changing the polarity of voltages connected to the leads','by changing the RPM rating'),(1412,'2','2019-04-25 14:01:09.589000','C',NULL,NULL,'2019-04-25 14:01:09.589000','232',NULL,'1579',NULL,'it is a driver','it is a thing isolated from the entire world','it is a device that can be used as an electromagnetic relay without a driver',' none of the mentioned'),(1413,'2','2019-04-25 14:01:09.598000','C',NULL,NULL,'2019-04-25 14:01:09.598000','233',NULL,'1580',NULL,'by changing the torque','by changing the switching speed','by changing the polarity of voltages connected to the leads','by changing the RPM rating'),(1414,'2','2019-04-25 14:01:09.607000','C',NULL,NULL,'2019-04-25 14:01:09.607000','232',NULL,'1581',NULL,'it is a driver','it is a thing isolated from the entire world','it is a device that can be used as an electromagnetic relay without a driver',' none of the mentioned'),(1415,'2','2019-04-25 14:01:09.618000','C',NULL,NULL,'2019-04-25 14:01:09.618000','233',NULL,'1582',NULL,'by changing the torque','by changing the switching speed','by changing the polarity of voltages connected to the leads','by changing the RPM rating'),(1416,'2','2019-04-25 14:04:22.201000','A',NULL,NULL,'2019-04-25 14:04:22.201000','301',NULL,'1583',NULL,'Peripherals','Memory','Input','Output'),(1417,'2','2019-04-25 14:04:22.208000','D',NULL,NULL,'2019-04-25 14:04:22.208000','304',NULL,'1584',NULL,'Second harmonic','Third harmonic','Fifth harmonic','Do not produce harmonics'),(1418,'2','2019-04-25 14:04:22.215000','A',NULL,NULL,'2019-04-25 14:04:22.215000','230',NULL,'1585',NULL,'Increase','Decrease','No change','Momentarily goes to zero'),(1419,'2','2019-04-25 14:04:22.221000','C',NULL,NULL,'2019-04-25 14:04:22.221000','306',NULL,'1586',NULL,'Spring','Gravity','Either by spring or by gravity',' Neither by spring nor by gravity'),(1420,'2','2019-04-25 14:04:22.228000','A',NULL,NULL,'2019-04-25 14:04:22.228000','230',NULL,'1587',NULL,'Increase','Decrease','No change','Momentarily goes to zero'),(1421,'2','2019-04-25 14:04:22.234000','B',NULL,NULL,'2019-04-25 14:04:22.234000','285',NULL,'1588',NULL,'Value of source resistance','Value of load resistance','Both source and load resistance','Neither source or load resistance'),(1422,'2','2019-04-25 14:04:22.240000','C',NULL,NULL,'2019-04-25 14:04:22.240000','306',NULL,'1589',NULL,'Spring','Gravity','Either by spring or by gravity',' Neither by spring nor by gravity'),(1423,'2','2019-04-25 14:04:22.247000','C',NULL,NULL,'2019-04-25 14:04:22.247000','232',NULL,'1590',NULL,'it is a driver','it is a thing isolated from the entire world','it is a device that can be used as an electromagnetic relay without a driver',' none of the mentioned'),(1424,'2','2019-04-25 14:04:22.253000','D',NULL,NULL,'2019-04-25 14:04:22.253000','304',NULL,'1591',NULL,'Second harmonic','Third harmonic','Fifth harmonic','Do not produce harmonics'),(1425,'2','2019-04-25 14:04:22.262000','D',NULL,NULL,'2019-04-25 14:04:22.263000','304',NULL,'1592',NULL,'Second harmonic','Third harmonic','Fifth harmonic','Do not produce harmonics'),(1426,'2','2019-04-25 14:04:22.280000','D',NULL,NULL,'2019-04-25 14:04:22.280000','304',NULL,'1593',NULL,'Second harmonic','Third harmonic','Fifth harmonic','Do not produce harmonics'),(1427,'2','2019-04-25 14:04:22.286000','D',NULL,NULL,'2019-04-25 14:04:22.286000','234',NULL,'1594',NULL,'Gases','Odor','Sludge','Moisture'),(1428,'2','2019-04-25 14:04:22.292000','A',NULL,NULL,'2019-04-25 14:04:22.292000','301',NULL,'1595',NULL,'Peripherals','Memory','Input','Output'),(1429,'2','2019-04-25 14:04:22.299000','A',NULL,NULL,'2019-04-25 14:04:22.299000','230',NULL,'1596',NULL,'Increase','Decrease','No change','Momentarily goes to zero'),(1430,'2','2019-04-25 14:04:22.305000','D',NULL,NULL,'2019-04-25 14:04:22.305000','303',NULL,'1597',NULL,'Sealing problems of the gas.','Ingress of moisture in the gas system  dangerous.','Deterioration of SF6 gas with time.',' Both (a) and (b)'),(1431,'2','2019-04-25 14:04:22.311000','D',NULL,NULL,'2019-04-25 14:04:22.311000','303',NULL,'1598',NULL,'Sealing problems of the gas.','Ingress of moisture in the gas system  dangerous.','Deterioration of SF6 gas with time.',' Both (a) and (b)'),(1432,'2','2019-04-25 14:04:22.319000','A',NULL,NULL,'2019-04-25 14:04:22.319000','230',NULL,'1599',NULL,'Increase','Decrease','No change','Momentarily goes to zero'),(1433,'2','2019-04-25 14:04:22.331000','D',NULL,NULL,'2019-04-25 14:04:22.331000','304',NULL,'1600',NULL,'Second harmonic','Third harmonic','Fifth harmonic','Do not produce harmonics'),(1434,'2','2019-04-25 14:04:22.339000','D',NULL,NULL,'2019-04-25 14:04:22.339000','234',NULL,'1601',NULL,'Gases','Odor','Sludge','Moisture'),(1435,'2','2019-04-25 14:04:22.345000','D',NULL,NULL,'2019-04-25 14:04:22.345000','304',NULL,'1602',NULL,'Second harmonic','Third harmonic','Fifth harmonic','Do not produce harmonics'),(1436,'2','2019-04-25 14:04:22.357000','A',NULL,NULL,'2019-04-25 14:04:22.357000','305',NULL,'1603',NULL,'Two SCRs in parallel opposition','Two SCRs in series','Three SCRs in series','four SCRs in series'),(1437,'2','2019-04-25 14:04:22.364000','A',NULL,NULL,'2019-04-25 14:04:22.364000','230',NULL,'1604',NULL,'Increase','Decrease','No change','Momentarily goes to zero'),(1438,'2','2019-04-25 14:04:22.372000','D',NULL,NULL,'2019-04-25 14:04:22.372000','234',NULL,'1605',NULL,'Gases','Odor','Sludge','Moisture'),(1439,'2','2019-04-25 14:04:22.378000','A',NULL,NULL,'2019-04-25 14:04:22.378000','301',NULL,'1606',NULL,'Peripherals','Memory','Input','Output'),(1440,'2','2019-04-25 14:04:22.384000','D',NULL,NULL,'2019-04-25 14:04:22.384000','303',NULL,'1607',NULL,'Sealing problems of the gas.','Ingress of moisture in the gas system  dangerous.','Deterioration of SF6 gas with time.',' Both (a) and (b)'),(1441,'2','2019-04-25 14:04:22.392000','A',NULL,NULL,'2019-04-25 14:04:22.392000','305',NULL,'1608',NULL,'Two SCRs in parallel opposition','Two SCRs in series','Three SCRs in series','four SCRs in series'),(1442,'2','2019-04-25 14:04:22.399000','C',NULL,NULL,'2019-04-25 14:04:22.399000','306',NULL,'1609',NULL,'Spring','Gravity','Either by spring or by gravity',' Neither by spring nor by gravity'),(1443,'2','2019-04-25 14:04:22.405000','D',NULL,NULL,'2019-04-25 14:04:22.405000','234',NULL,'1610',NULL,'Gases','Odor','Sludge','Moisture'),(1444,'2','2019-04-25 14:04:22.411000','D',NULL,NULL,'2019-04-25 14:04:22.411000','234',NULL,'1611',NULL,'Gases','Odor','Sludge','Moisture'),(1445,'2','2019-04-25 14:04:22.419000','A',NULL,NULL,'2019-04-25 14:04:22.419000','230',NULL,'1612',NULL,'Increase','Decrease','No change','Momentarily goes to zero'),(1446,'2','2019-04-25 14:04:22.431000','C',NULL,NULL,'2019-04-25 14:04:22.431000','306',NULL,'1613',NULL,'Spring','Gravity','Either by spring or by gravity',' Neither by spring nor by gravity'),(1447,'2','2019-04-25 14:04:22.437000','C',NULL,NULL,'2019-04-25 14:04:22.437000','306',NULL,'1614',NULL,'Spring','Gravity','Either by spring or by gravity',' Neither by spring nor by gravity'),(1448,'2','2019-04-25 14:04:22.443000','B',NULL,NULL,'2019-04-25 14:04:22.443000','231',NULL,'1615',NULL,'Adiabatic','Cyclic','Irreversible','Expansion'),(1449,'2','2019-04-25 14:04:22.450000','C',NULL,NULL,'2019-04-25 14:04:22.450000','306',NULL,'1616',NULL,'Spring','Gravity','Either by spring or by gravity',' Neither by spring nor by gravity'),(1450,'2','2019-04-25 14:04:22.456000','A',NULL,NULL,'2019-04-25 14:04:22.456000','305',NULL,'1617',NULL,'Two SCRs in parallel opposition','Two SCRs in series','Three SCRs in series','four SCRs in series'),(1451,'2','2019-04-25 14:04:22.462000','D',NULL,NULL,'2019-04-25 14:04:22.462000','234',NULL,'1618',NULL,'Gases','Odor','Sludge','Moisture'),(1452,'2','2019-04-25 14:04:22.471000','D',NULL,NULL,'2019-04-25 14:04:22.471000','234',NULL,'1619',NULL,'Gases','Odor','Sludge','Moisture'),(1453,'2','2019-04-25 14:04:22.477000','B',NULL,NULL,'2019-04-25 14:04:22.477000','285',NULL,'1620',NULL,'Value of source resistance','Value of load resistance','Both source and load resistance','Neither source or load resistance'),(1454,'2','2019-04-25 14:04:22.483000','C',NULL,NULL,'2019-04-25 14:04:22.483000','232',NULL,'1621',NULL,'it is a driver','it is a thing isolated from the entire world','it is a device that can be used as an electromagnetic relay without a driver',' none of the mentioned'),(1455,'2','2019-04-25 14:04:22.489000','C',NULL,NULL,'2019-04-25 14:04:22.489000','306',NULL,'1622',NULL,'Spring','Gravity','Either by spring or by gravity',' Neither by spring nor by gravity'),(1456,'2','2019-04-25 14:04:22.499000','C',NULL,NULL,'2019-04-25 14:04:22.499000','232',NULL,'1623',NULL,'it is a driver','it is a thing isolated from the entire world','it is a device that can be used as an electromagnetic relay without a driver',' none of the mentioned'),(1457,'2','2019-04-25 14:04:22.505000','A',NULL,NULL,'2019-04-25 14:04:22.505000','230',NULL,'1624',NULL,'Increase','Decrease','No change','Momentarily goes to zero'),(1458,'2','2019-04-25 14:04:22.511000','C',NULL,NULL,'2019-04-25 14:04:22.511000','306',NULL,'1625',NULL,'Spring','Gravity','Either by spring or by gravity',' Neither by spring nor by gravity'),(1459,'2','2019-04-25 14:04:22.517000','D',NULL,NULL,'2019-04-25 14:04:22.517000','234',NULL,'1626',NULL,'Gases','Odor','Sludge','Moisture'),(1460,'2','2019-04-25 14:04:22.523000','A',NULL,NULL,'2019-04-25 14:04:22.523000','305',NULL,'1627',NULL,'Two SCRs in parallel opposition','Two SCRs in series','Three SCRs in series','four SCRs in series'),(1461,'2','2019-04-25 14:04:22.530000','D',NULL,NULL,'2019-04-25 14:04:22.530000','303',NULL,'1628',NULL,'Sealing problems of the gas.','Ingress of moisture in the gas system  dangerous.','Deterioration of SF6 gas with time.',' Both (a) and (b)'),(1462,'2','2019-04-25 14:04:22.537000','D',NULL,NULL,'2019-04-25 14:04:22.537000','234',NULL,'1629',NULL,'Gases','Odor','Sludge','Moisture'),(1463,'2','2019-04-25 14:04:22.544000','D',NULL,NULL,'2019-04-25 14:04:22.544000','234',NULL,'1630',NULL,'Gases','Odor','Sludge','Moisture'),(1464,'2','2019-04-25 14:04:22.552000','D',NULL,NULL,'2019-04-25 14:04:22.552000','303',NULL,'1631',NULL,'Sealing problems of the gas.','Ingress of moisture in the gas system  dangerous.','Deterioration of SF6 gas with time.',' Both (a) and (b)'),(1465,'2','2019-04-25 14:04:22.558000','B',NULL,NULL,'2019-04-25 14:04:22.558000','231',NULL,'1632',NULL,'Adiabatic','Cyclic','Irreversible','Expansion'),(1466,'2','2019-04-25 14:04:22.569000','A',NULL,NULL,'2019-04-25 14:04:22.569000','305',NULL,'1633',NULL,'Two SCRs in parallel opposition','Two SCRs in series','Three SCRs in series','four SCRs in series'),(1467,'2','2019-04-25 14:04:22.576000','D',NULL,NULL,'2019-04-25 14:04:22.576000','304',NULL,'1634',NULL,'Second harmonic','Third harmonic','Fifth harmonic','Do not produce harmonics'),(1468,'2','2019-04-25 14:04:22.583000','A',NULL,NULL,'2019-04-25 14:04:22.583000','305',NULL,'1635',NULL,'Two SCRs in parallel opposition','Two SCRs in series','Three SCRs in series','four SCRs in series'),(1469,'2','2019-04-25 14:04:22.590000','D',NULL,NULL,'2019-04-25 14:04:22.590000','304',NULL,'1636',NULL,'Second harmonic','Third harmonic','Fifth harmonic','Do not produce harmonics'),(1470,'2','2019-04-25 14:04:22.596000','D',NULL,NULL,'2019-04-25 14:04:22.596000','304',NULL,'1637',NULL,'Second harmonic','Third harmonic','Fifth harmonic','Do not produce harmonics'),(1471,'2','2019-04-25 14:04:22.603000','C',NULL,NULL,'2019-04-25 14:04:22.603000','306',NULL,'1638',NULL,'Spring','Gravity','Either by spring or by gravity',' Neither by spring nor by gravity'),(1472,'2','2019-04-25 14:04:22.612000','B',NULL,NULL,'2019-04-25 14:04:22.612000','231',NULL,'1639',NULL,'Adiabatic','Cyclic','Irreversible','Expansion'),(1473,'2','2019-04-25 14:04:22.618000','D',NULL,NULL,'2019-04-25 14:04:22.618000','304',NULL,'1640',NULL,'Second harmonic','Third harmonic','Fifth harmonic','Do not produce harmonics'),(1474,'2','2019-04-25 14:04:22.624000','B',NULL,NULL,'2019-04-25 14:04:22.624000','285',NULL,'1641',NULL,'Value of source resistance','Value of load resistance','Both source and load resistance','Neither source or load resistance'),(1475,'2','2019-04-25 14:04:22.631000','A',NULL,NULL,'2019-04-25 14:04:22.631000','230',NULL,'1642',NULL,'Increase','Decrease','No change','Momentarily goes to zero'),(1476,'2','2019-04-25 14:04:22.642000','A',NULL,NULL,'2019-04-25 14:04:22.642000','301',NULL,'1643',NULL,'Peripherals','Memory','Input','Output'),(1477,'2','2019-04-25 14:04:22.648000','A',NULL,NULL,'2019-04-25 14:04:22.648000','305',NULL,'1644',NULL,'Two SCRs in parallel opposition','Two SCRs in series','Three SCRs in series','four SCRs in series'),(1478,'2','2019-04-25 14:04:22.656000','C',NULL,NULL,'2019-04-25 14:04:22.656000','306',NULL,'1645',NULL,'Spring','Gravity','Either by spring or by gravity',' Neither by spring nor by gravity'),(1479,'2','2019-04-25 14:04:22.662000','B',NULL,NULL,'2019-04-25 14:04:22.662000','231',NULL,'1646',NULL,'Adiabatic','Cyclic','Irreversible','Expansion'),(1480,'2','2019-04-25 14:04:22.669000','D',NULL,NULL,'2019-04-25 14:04:22.669000','234',NULL,'1647',NULL,'Gases','Odor','Sludge','Moisture'),(1481,'2','2019-04-25 14:04:22.676000','A',NULL,NULL,'2019-04-25 14:04:22.676000','305',NULL,'1648',NULL,'Two SCRs in parallel opposition','Two SCRs in series','Three SCRs in series','four SCRs in series'),(1482,'2','2019-04-25 14:04:22.682000','D',NULL,NULL,'2019-04-25 14:04:22.682000','304',NULL,'1649',NULL,'Second harmonic','Third harmonic','Fifth harmonic','Do not produce harmonics'),(1483,'2','2019-04-25 14:04:22.689000','A',NULL,NULL,'2019-04-25 14:04:22.689000','302',NULL,'1650',NULL,'Increase the sag and decrease the tension','Both increases','Decrease the sag and increase the tension','Both decreases'),(1484,'2','2019-04-25 14:04:22.696000','A',NULL,NULL,'2019-04-25 14:04:22.696000','305',NULL,'1651',NULL,'Two SCRs in parallel opposition','Two SCRs in series','Three SCRs in series','four SCRs in series'),(1485,'2','2019-04-25 14:04:22.703000','A',NULL,NULL,'2019-04-25 14:04:22.703000','230',NULL,'1652',NULL,'Increase','Decrease','No change','Momentarily goes to zero'),(1486,'2','2019-04-25 14:04:22.714000','A',NULL,NULL,'2019-04-25 14:04:22.714000','302',NULL,'1653',NULL,'Increase the sag and decrease the tension','Both increases','Decrease the sag and increase the tension','Both decreases'),(1487,'2','2019-04-25 14:04:22.721000','A',NULL,NULL,'2019-04-25 14:04:22.721000','301',NULL,'1654',NULL,'Peripherals','Memory','Input','Output'),(1488,'2','2019-04-25 14:04:22.739000','D',NULL,NULL,'2019-04-25 14:04:22.739000','234',NULL,'1655',NULL,'Gases','Odor','Sludge','Moisture'),(1489,'2','2019-04-25 14:04:22.750000','C',NULL,NULL,'2019-04-25 14:04:22.750000','232',NULL,'1656',NULL,'it is a driver','it is a thing isolated from the entire world','it is a device that can be used as an electromagnetic relay without a driver',' none of the mentioned'),(1490,'2','2019-04-25 14:04:22.760000','D',NULL,NULL,'2019-04-25 14:04:22.760000','303',NULL,'1657',NULL,'Sealing problems of the gas.','Ingress of moisture in the gas system  dangerous.','Deterioration of SF6 gas with time.',' Both (a) and (b)'),(1491,'2','2019-04-25 14:04:22.770000','B',NULL,NULL,'2019-04-25 14:04:22.770000','285',NULL,'1658',NULL,'Value of source resistance','Value of load resistance','Both source and load resistance','Neither source or load resistance'),(1492,'2','2019-04-25 14:04:22.777000','D',NULL,NULL,'2019-04-25 14:04:22.777000','234',NULL,'1659',NULL,'Gases','Odor','Sludge','Moisture'),(1493,'2','2019-04-25 14:04:22.784000','A',NULL,NULL,'2019-04-25 14:04:22.784000','230',NULL,'1660',NULL,'Increase','Decrease','No change','Momentarily goes to zero'),(1494,'2','2019-04-25 14:04:22.796000','B',NULL,NULL,'2019-04-25 14:04:22.796000','231',NULL,'1661',NULL,'Adiabatic','Cyclic','Irreversible','Expansion'),(1495,'2','2019-04-25 14:04:22.803000','A',NULL,NULL,'2019-04-25 14:04:22.803000','301',NULL,'1662',NULL,'Peripherals','Memory','Input','Output'),(1496,'2','2019-04-25 14:04:22.816000','D',NULL,NULL,'2019-04-25 14:04:22.816000','303',NULL,'1663',NULL,'Sealing problems of the gas.','Ingress of moisture in the gas system  dangerous.','Deterioration of SF6 gas with time.',' Both (a) and (b)'),(1497,'2','2019-04-25 14:04:22.822000','B',NULL,NULL,'2019-04-25 14:04:22.822000','285',NULL,'1664',NULL,'Value of source resistance','Value of load resistance','Both source and load resistance','Neither source or load resistance'),(1498,'2','2019-04-25 14:04:22.829000','A',NULL,NULL,'2019-04-25 14:04:22.829000','302',NULL,'1665',NULL,'Increase the sag and decrease the tension','Both increases','Decrease the sag and increase the tension','Both decreases'),(1499,'2','2019-04-25 14:04:22.838000','A',NULL,NULL,'2019-04-25 14:04:22.838000','301',NULL,'1666',NULL,'Peripherals','Memory','Input','Output'),(1500,'2','2019-04-25 14:04:22.854000','C',NULL,NULL,'2019-04-25 14:04:22.854000','233',NULL,'1667',NULL,'by changing the torque','by changing the switching speed','by changing the polarity of voltages connected to the leads','by changing the RPM rating'),(1501,'2','2019-04-25 14:04:22.864000','A',NULL,NULL,'2019-04-25 14:04:22.864000','230',NULL,'1668',NULL,'Increase','Decrease','No change','Momentarily goes to zero'),(1502,'2','2019-04-25 14:04:22.873000','D',NULL,NULL,'2019-04-25 14:04:22.873000','304',NULL,'1669',NULL,'Second harmonic','Third harmonic','Fifth harmonic','Do not produce harmonics'),(1503,'2','2019-04-25 14:04:22.881000','C',NULL,NULL,'2019-04-25 14:04:22.881000','306',NULL,'1670',NULL,'Spring','Gravity','Either by spring or by gravity',' Neither by spring nor by gravity'),(1504,'2','2019-04-25 14:04:22.888000','B',NULL,NULL,'2019-04-25 14:04:22.888000','231',NULL,'1671',NULL,'Adiabatic','Cyclic','Irreversible','Expansion'),(1505,'2','2019-04-25 14:04:22.894000','C',NULL,NULL,'2019-04-25 14:04:22.894000','233',NULL,'1672',NULL,'by changing the torque','by changing the switching speed','by changing the polarity of voltages connected to the leads','by changing the RPM rating'),(1506,'2','2019-04-25 14:04:22.906000','A',NULL,NULL,'2019-04-25 14:04:22.906000','230',NULL,'1673',NULL,'Increase','Decrease','No change','Momentarily goes to zero'),(1507,'2','2019-04-25 14:04:22.913000','D',NULL,NULL,'2019-04-25 14:04:22.913000','303',NULL,'1674',NULL,'Sealing problems of the gas.','Ingress of moisture in the gas system  dangerous.','Deterioration of SF6 gas with time.',' Both (a) and (b)'),(1508,'2','2019-04-25 14:04:22.922000','C',NULL,NULL,'2019-04-25 14:04:22.922000','233',NULL,'1675',NULL,'by changing the torque','by changing the switching speed','by changing the polarity of voltages connected to the leads','by changing the RPM rating'),(1509,'2','2019-04-25 14:04:22.929000','C',NULL,NULL,'2019-04-25 14:04:22.929000','232',NULL,'1676',NULL,'it is a driver','it is a thing isolated from the entire world','it is a device that can be used as an electromagnetic relay without a driver',' none of the mentioned'),(1510,'2','2019-04-25 14:04:22.936000','D',NULL,NULL,'2019-04-25 14:04:22.936000','303',NULL,'1677',NULL,'Sealing problems of the gas.','Ingress of moisture in the gas system  dangerous.','Deterioration of SF6 gas with time.',' Both (a) and (b)'),(1511,'2','2019-04-25 14:04:22.943000','D',NULL,NULL,'2019-04-25 14:04:22.943000','303',NULL,'1678',NULL,'Sealing problems of the gas.','Ingress of moisture in the gas system  dangerous.','Deterioration of SF6 gas with time.',' Both (a) and (b)'),(1512,'2','2019-04-25 14:04:22.949000','A',NULL,NULL,'2019-04-25 14:04:22.949000','230',NULL,'1679',NULL,'Increase','Decrease','No change','Momentarily goes to zero'),(1513,'2','2019-04-25 14:04:22.957000','C',NULL,NULL,'2019-04-25 14:04:22.957000','306',NULL,'1680',NULL,'Spring','Gravity','Either by spring or by gravity',' Neither by spring nor by gravity'),(1514,'2','2019-04-25 14:04:22.964000','D',NULL,NULL,'2019-04-25 14:04:22.964000','303',NULL,'1681',NULL,'Sealing problems of the gas.','Ingress of moisture in the gas system  dangerous.','Deterioration of SF6 gas with time.',' Both (a) and (b)'),(1515,'2','2019-04-25 14:04:22.970000','A',NULL,NULL,'2019-04-25 14:04:22.970000','230',NULL,'1682',NULL,'Increase','Decrease','No change','Momentarily goes to zero'),(1516,'23','2019-04-29 17:45:23.530000','D',NULL,NULL,'2019-04-29 17:45:23.530000','303',NULL,'1683',NULL,'Sealing problems of the gas.','Ingress of moisture in the gas system  dangerous.','Deterioration of SF6 gas with time.',' Both (a) and (b)'),(1517,'23','2019-04-29 17:45:23.549000','B',NULL,NULL,'2019-04-29 17:45:23.549000','327',NULL,'1684',NULL,'Hi','Non electrical quantity into electrical signal','Electrical signal into mechanical quantity','All of these'),(1518,'23','2019-04-29 17:45:23.568000','B',NULL,NULL,'2019-04-29 17:45:23.568000','346',NULL,'1685',NULL,'Electrical signal into non electrical quantity','Non electrical quantity into electrical signal','Electrical signal into mechanical quantity','All of these'),(1519,'23','2019-04-29 17:45:23.596000','B',NULL,NULL,'2019-04-29 17:45:23.596000','318',NULL,'1686',NULL,'Three','Non electrical quantity into electrical signal','Electrical signal into mechanical quantity','All of these'),(1520,'23','2019-04-29 17:45:23.609000','B',NULL,NULL,'2019-04-29 17:45:23.610000','337',NULL,'1687',NULL,'Selva','Non electrical quantity into electrical signal','Electrical signal into mechanical quantity','All of these'),(1521,'23','2019-04-29 17:45:23.625000','B',NULL,NULL,'2019-04-29 17:45:23.625000','362',NULL,'1688',NULL,'Electrical signal into non electrical quantity','Non electrical quantity into electrical signal','Electrical signal into mechanical quantity','All of these'),(1522,'23','2019-04-29 17:45:23.635000','B',NULL,NULL,'2019-04-29 17:45:23.635000','372',NULL,'1689',NULL,'Electrical signal into non electrical quantity','Non electrical quantity into electrical signal','Electrical signal into mechanical quantity','All of these'),(1523,'23','2019-04-29 17:45:23.645000','B',NULL,NULL,'2019-04-29 17:45:23.645000','336',NULL,'1690',NULL,'darshini','Non electrical quantity into electrical signal','Electrical signal into mechanical quantity','All of these'),(1524,'23','2019-04-29 17:45:23.657000','B',NULL,NULL,'2019-04-29 17:45:23.657000','333',NULL,'1691',NULL,'Electrical signal into non electrical quantity','Non electrical quantity into electrical signal','Electrical signal into mechanical quantity','All of these'),(1525,'23','2019-04-29 17:45:23.670000','B',NULL,NULL,'2019-04-29 17:45:23.670000','324',NULL,'1692',NULL,'Electrical signal into non electrical quantity','Non electrical quantity into electrical signal','Electrical signal into mechanical quantity','All of these'),(1526,'23','2019-04-29 17:45:23.692000','A',NULL,NULL,'2019-04-29 17:45:23.692000','302',NULL,'1693',NULL,'Increase the sag and decrease the tension','Both increases','Decrease the sag and increase the tension','Both decreases'),(1527,'23','2019-04-29 17:45:23.703000','B',NULL,NULL,'2019-04-29 17:45:23.703000','321',NULL,'1694',NULL,'Electrical signal into non electrical quantity','Non electrical quantity into electrical signal','Electrical signal into mechanical quantity','All of these'),(1528,'23','2019-04-29 17:45:23.713000','A',NULL,NULL,'2019-04-29 17:45:23.713000','305',NULL,'1695',NULL,'Two SCRs in parallel opposition','Two SCRs in series','Three SCRs in series','four SCRs in series'),(1529,'23','2019-04-29 17:45:23.721000','B',NULL,NULL,'2019-04-29 17:45:23.721000','366',NULL,'1696',NULL,'Electrical signal into non electrical quantity','Non electrical quantity into electrical signal','Electrical signal into mechanical quantity','All of these'),(1530,'23','2019-04-29 17:45:23.733000','B',NULL,NULL,'2019-04-29 17:45:23.733000','369',NULL,'1697',NULL,'Electrical signal into non electrical quantity','Non electrical quantity into electrical signal','Electrical signal into mechanical quantity','All of these'),(1531,'23','2019-04-29 17:45:23.742000','B',NULL,NULL,'2019-04-29 17:45:23.742000','365',NULL,'1698',NULL,'Electrical signal into non electrical quantity','Non electrical quantity into electrical signal','Electrical signal into mechanical quantity','All of these'),(1532,'23','2019-04-29 17:45:23.752000','B',NULL,NULL,'2019-04-29 17:45:23.752000','352',NULL,'1699',NULL,'Electrical signal into non electrical quantity','Non electrical quantity into electrical signal','Electrical signal into mechanical quantity','All of these'),(1533,'23','2019-04-29 17:45:23.762000','B',NULL,NULL,'2019-04-29 17:45:23.762000','326',NULL,'1700',NULL,'Electrical signal into non electrical quantity','Non electrical quantity into electrical signal','Electrical signal into mechanical quantity','All of these'),(1534,'23','2019-04-29 17:45:23.772000','B',NULL,NULL,'2019-04-29 17:45:23.773000','332',NULL,'1701',NULL,'Electrical signal into non electrical quantity','Non electrical quantity into electrical signal','Electrical signal into mechanical quantity','All of these'),(1535,'23','2019-04-29 17:45:23.783000','B',NULL,NULL,'2019-04-29 17:45:23.783000','231',NULL,'1702',NULL,'Adiabatic','Cyclic','Irreversible','Expansion'),(1536,'4','2019-05-03 16:34:32.986000','D',NULL,NULL,'2019-05-03 16:34:32.986000','303',NULL,'1703',NULL,'Sealing problems of the gas.','Ingress of moisture in the gas system  dangerous.','Deterioration of SF6 gas with time.',' Both (a) and (b)'),(1537,'4','2019-05-03 16:34:33.000000','B',NULL,NULL,'2019-05-03 16:34:33.000000','231',NULL,'1704',NULL,'Adiabatic','Cyclic','Irreversible','Expansion'),(1538,'4','2019-05-03 16:34:33.013000','B',NULL,NULL,'2019-05-03 16:34:33.013000','285',NULL,'1705',NULL,'Value of source resistance','Value of load resistance','Both source and load resistance','Neither source or load resistance'),(1539,'4','2019-05-03 16:34:33.027000','A',NULL,NULL,'2019-05-03 16:34:33.027000','301',NULL,'1706',NULL,'Peripherals','Memory','Input','Output'),(1540,'4','2019-05-03 16:34:33.039000','A',NULL,NULL,'2019-05-03 16:34:33.039000','302',NULL,'1707',NULL,'Increase the sag and decrease the tension','Both increases','Decrease the sag and increase the tension','Both decreases'),(1541,'4','2019-05-03 16:34:33.050000','D',NULL,NULL,'2019-05-03 16:34:33.050000','303',NULL,'1708',NULL,'Sealing problems of the gas.','Ingress of moisture in the gas system  dangerous.','Deterioration of SF6 gas with time.',' Both (a) and (b)'),(1542,'4','2019-05-03 16:34:33.063000','C',NULL,NULL,'2019-05-03 16:34:33.063000','232',NULL,'1709',NULL,'it is a driver','it is a thing isolated from the entire world','it is a device that can be used as an electromagnetic relay without a driver',' none of the mentioned'),(1543,'4','2019-05-03 16:34:33.077000','D',NULL,NULL,'2019-05-03 16:34:33.077000','304',NULL,'1710',NULL,'Second harmonic','Third harmonic','Fifth harmonic','Do not produce harmonics'),(1544,'4','2019-05-03 16:34:33.090000','A',NULL,NULL,'2019-05-03 16:34:33.090000','301',NULL,'1711',NULL,'Peripherals','Memory','Input','Output'),(1545,'4','2019-05-03 16:34:33.107000','D',NULL,NULL,'2019-05-03 16:34:33.107000','303',NULL,'1712',NULL,'Sealing problems of the gas.','Ingress of moisture in the gas system  dangerous.','Deterioration of SF6 gas with time.',' Both (a) and (b)'),(1546,'4','2019-05-03 16:34:33.125000','A',NULL,NULL,'2019-05-03 16:34:33.125000','302',NULL,'1713',NULL,'Increase the sag and decrease the tension','Both increases','Decrease the sag and increase the tension','Both decreases'),(1547,'4','2019-05-03 16:34:33.137000','B',NULL,NULL,'2019-05-03 16:34:33.137000','285',NULL,'1714',NULL,'Value of source resistance','Value of load resistance','Both source and load resistance','Neither source or load resistance'),(1548,'4','2019-05-03 16:34:33.152000','C',NULL,NULL,'2019-05-03 16:34:33.152000','232',NULL,'1715',NULL,'it is a driver','it is a thing isolated from the entire world','it is a device that can be used as an electromagnetic relay without a driver',' none of the mentioned'),(1549,'4','2019-05-03 16:34:33.166000','A',NULL,NULL,'2019-05-03 16:34:33.166000','302',NULL,'1716',NULL,'Increase the sag and decrease the tension','Both increases','Decrease the sag and increase the tension','Both decreases'),(1550,'4','2019-05-03 16:34:33.178000','C',NULL,NULL,'2019-05-03 16:34:33.178000','232',NULL,'1717',NULL,'it is a driver','it is a thing isolated from the entire world','it is a device that can be used as an electromagnetic relay without a driver',' none of the mentioned'),(1551,'4','2019-05-03 16:34:33.209000','D',NULL,NULL,'2019-05-03 16:34:33.209000','303',NULL,'1718',NULL,'Sealing problems of the gas.','Ingress of moisture in the gas system  dangerous.','Deterioration of SF6 gas with time.',' Both (a) and (b)'),(1552,'4','2019-05-03 16:34:33.234000','D',NULL,NULL,'2019-05-03 16:34:33.234000','304',NULL,'1719',NULL,'Second harmonic','Third harmonic','Fifth harmonic','Do not produce harmonics'),(1553,'4','2019-05-03 16:34:33.247000','A',NULL,NULL,'2019-05-03 16:34:33.247000','302',NULL,'1720',NULL,'Increase the sag and decrease the tension','Both increases','Decrease the sag and increase the tension','Both decreases'),(1554,'4','2019-05-03 16:34:33.260000','C',NULL,NULL,'2019-05-03 16:34:33.260000','306',NULL,'1721',NULL,'Spring','Gravity','Either by spring or by gravity',' Neither by spring nor by gravity'),(1555,'4','2019-05-03 16:34:33.276000','C',NULL,NULL,'2019-05-03 16:34:33.276000','232',NULL,'1722',NULL,'it is a driver','it is a thing isolated from the entire world','it is a device that can be used as an electromagnetic relay without a driver',' none of the mentioned'),(1556,'4','2019-05-03 16:34:33.299000','D',NULL,NULL,'2019-05-03 16:34:33.299000','303',NULL,'1723',NULL,'Sealing problems of the gas.','Ingress of moisture in the gas system  dangerous.','Deterioration of SF6 gas with time.',' Both (a) and (b)'),(1557,'4','2019-05-03 16:34:33.313000','C',NULL,NULL,'2019-05-03 16:34:33.313000','306',NULL,'1724',NULL,'Spring','Gravity','Either by spring or by gravity',' Neither by spring nor by gravity'),(1558,'4','2019-05-03 16:34:33.324000','D',NULL,NULL,'2019-05-03 16:34:33.324000','303',NULL,'1725',NULL,'Sealing problems of the gas.','Ingress of moisture in the gas system  dangerous.','Deterioration of SF6 gas with time.',' Both (a) and (b)'),(1559,'4','2019-05-03 16:34:33.336000','A',NULL,NULL,'2019-05-03 16:34:33.336000','301',NULL,'1726',NULL,'Peripherals','Memory','Input','Output'),(1560,'4','2019-05-03 16:34:33.347000','A',NULL,NULL,'2019-05-03 16:34:33.347000','302',NULL,'1727',NULL,'Increase the sag and decrease the tension','Both increases','Decrease the sag and increase the tension','Both decreases'),(1561,'4','2019-05-03 16:34:33.359000','A',NULL,NULL,'2019-05-03 16:34:33.359000','230',NULL,'1728',NULL,'Increase','Decrease','No change','Momentarily goes to zero'),(1562,'4','2019-05-03 16:34:33.372000','A',NULL,NULL,'2019-05-03 16:34:33.372000','302',NULL,'1729',NULL,'Increase the sag and decrease the tension','Both increases','Decrease the sag and increase the tension','Both decreases'),(1563,'4','2019-05-03 16:34:33.382000','A',NULL,NULL,'2019-05-03 16:34:33.382000','301',NULL,'1730',NULL,'Peripherals','Memory','Input','Output'),(1564,'4','2019-05-03 16:34:33.399000','D',NULL,NULL,'2019-05-03 16:34:33.399000','234',NULL,'1731',NULL,'Gases','Odor','Sludge','Moisture'),(1565,'4','2019-05-03 16:34:33.410000','A',NULL,NULL,'2019-05-03 16:34:33.410000','301',NULL,'1732',NULL,'Peripherals','Memory','Input','Output'),(1566,'4','2019-05-03 16:34:33.427000','D',NULL,NULL,'2019-05-03 16:34:33.427000','304',NULL,'1733',NULL,'Second harmonic','Third harmonic','Fifth harmonic','Do not produce harmonics'),(1567,'4','2019-05-03 16:34:33.439000','B',NULL,NULL,'2019-05-03 16:34:33.439000','285',NULL,'1734',NULL,'Value of source resistance','Value of load resistance','Both source and load resistance','Neither source or load resistance'),(1568,'4','2019-05-03 16:34:33.451000','D',NULL,NULL,'2019-05-03 16:34:33.451000','303',NULL,'1735',NULL,'Sealing problems of the gas.','Ingress of moisture in the gas system  dangerous.','Deterioration of SF6 gas with time.',' Both (a) and (b)'),(1569,'4','2019-05-03 16:34:33.462000','A',NULL,NULL,'2019-05-03 16:34:33.462000','305',NULL,'1736',NULL,'Two SCRs in parallel opposition','Two SCRs in series','Three SCRs in series','four SCRs in series'),(1570,'4','2019-05-03 16:34:33.477000','B',NULL,NULL,'2019-05-03 16:34:33.477000','231',NULL,'1737',NULL,'Adiabatic','Cyclic','Irreversible','Expansion'),(1571,'4','2019-05-03 16:34:33.488000','D',NULL,NULL,'2019-05-03 16:34:33.488000','234',NULL,'1738',NULL,'Gases','Odor','Sludge','Moisture'),(1572,'4','2019-05-03 16:34:33.498000','D',NULL,NULL,'2019-05-03 16:34:33.498000','304',NULL,'1739',NULL,'Second harmonic','Third harmonic','Fifth harmonic','Do not produce harmonics'),(1573,'4','2019-05-03 16:34:33.512000','B',NULL,NULL,'2019-05-03 16:34:33.512000','231',NULL,'1740',NULL,'Adiabatic','Cyclic','Irreversible','Expansion'),(1574,'4','2019-05-03 16:34:33.525000','A',NULL,NULL,'2019-05-03 16:34:33.525000','302',NULL,'1741',NULL,'Increase the sag and decrease the tension','Both increases','Decrease the sag and increase the tension','Both decreases'),(1575,'4','2019-05-03 16:34:33.537000','A',NULL,NULL,'2019-05-03 16:34:33.537000','302',NULL,'1742',NULL,'Increase the sag and decrease the tension','Both increases','Decrease the sag and increase the tension','Both decreases'),(1576,'4','2019-05-03 16:34:33.562000','C',NULL,NULL,'2019-05-03 16:34:33.562000','232',NULL,'1743',NULL,'it is a driver','it is a thing isolated from the entire world','it is a device that can be used as an electromagnetic relay without a driver',' none of the mentioned'),(1577,'4','2019-05-03 16:34:33.573000','A',NULL,NULL,'2019-05-03 16:34:33.573000','302',NULL,'1744',NULL,'Increase the sag and decrease the tension','Both increases','Decrease the sag and increase the tension','Both decreases'),(1578,'4','2019-05-03 16:34:33.622000','B',NULL,NULL,'2019-05-03 16:34:33.622000','231',NULL,'1745',NULL,'Adiabatic','Cyclic','Irreversible','Expansion'),(1579,'4','2019-05-03 16:34:33.637000','C',NULL,NULL,'2019-05-03 16:34:33.637000','232',NULL,'1746',NULL,'it is a driver','it is a thing isolated from the entire world','it is a device that can be used as an electromagnetic relay without a driver',' none of the mentioned'),(1580,'4','2019-05-03 16:34:33.649000','C',NULL,NULL,'2019-05-03 16:34:33.649000','233',NULL,'1747',NULL,'by changing the torque','by changing the switching speed','by changing the polarity of voltages connected to the leads','by changing the RPM rating'),(1581,'4','2019-05-03 16:34:33.660000','D',NULL,NULL,'2019-05-03 16:34:33.660000','303',NULL,'1748',NULL,'Sealing problems of the gas.','Ingress of moisture in the gas system  dangerous.','Deterioration of SF6 gas with time.',' Both (a) and (b)'),(1582,'4','2019-05-03 16:34:33.677000','D',NULL,NULL,'2019-05-03 16:34:33.677000','234',NULL,'1749',NULL,'Gases','Odor','Sludge','Moisture'),(1583,'4','2019-05-03 16:34:33.690000','D',NULL,NULL,'2019-05-03 16:34:33.690000','234',NULL,'1750',NULL,'Gases','Odor','Sludge','Moisture'),(1584,'4','2019-05-03 16:34:33.701000','B',NULL,NULL,'2019-05-03 16:34:33.701000','231',NULL,'1751',NULL,'Adiabatic','Cyclic','Irreversible','Expansion'),(1585,'4','2019-05-03 16:34:33.712000','C',NULL,NULL,'2019-05-03 16:34:33.712000','232',NULL,'1752',NULL,'it is a driver','it is a thing isolated from the entire world','it is a device that can be used as an electromagnetic relay without a driver',' none of the mentioned'),(1586,'4','2019-05-03 16:34:33.733000','A',NULL,NULL,'2019-05-03 16:34:33.733000','305',NULL,'1753',NULL,'Two SCRs in parallel opposition','Two SCRs in series','Three SCRs in series','four SCRs in series'),(1587,'4','2019-05-03 16:34:33.744000','A',NULL,NULL,'2019-05-03 16:34:33.744000','301',NULL,'1754',NULL,'Peripherals','Memory','Input','Output'),(1588,'4','2019-05-03 16:34:33.758000','A',NULL,NULL,'2019-05-03 16:34:33.758000','302',NULL,'1755',NULL,'Increase the sag and decrease the tension','Both increases','Decrease the sag and increase the tension','Both decreases'),(1589,'4','2019-05-03 16:34:33.770000','B',NULL,NULL,'2019-05-03 16:34:33.770000','285',NULL,'1756',NULL,'Value of source resistance','Value of load resistance','Both source and load resistance','Neither source or load resistance'),(1590,'4','2019-05-03 16:34:33.781000','D',NULL,NULL,'2019-05-03 16:34:33.781000','234',NULL,'1757',NULL,'Gases','Odor','Sludge','Moisture'),(1591,'4','2019-05-03 16:34:33.790000','A',NULL,NULL,'2019-05-03 16:34:33.790000','305',NULL,'1758',NULL,'Two SCRs in parallel opposition','Two SCRs in series','Three SCRs in series','four SCRs in series'),(1592,'4','2019-05-03 16:34:33.800000','A',NULL,NULL,'2019-05-03 16:34:33.800000','305',NULL,'1759',NULL,'Two SCRs in parallel opposition','Two SCRs in series','Three SCRs in series','four SCRs in series'),(1593,'4','2019-05-03 16:34:33.812000','D',NULL,NULL,'2019-05-03 16:34:33.812000','304',NULL,'1760',NULL,'Second harmonic','Third harmonic','Fifth harmonic','Do not produce harmonics'),(1594,'4','2019-05-03 16:34:33.822000','D',NULL,NULL,'2019-05-03 16:34:33.822000','303',NULL,'1761',NULL,'Sealing problems of the gas.','Ingress of moisture in the gas system  dangerous.','Deterioration of SF6 gas with time.',' Both (a) and (b)'),(1595,'4','2019-05-03 16:34:33.834000','A',NULL,NULL,'2019-05-03 16:34:33.834000','301',NULL,'1762',NULL,'Peripherals','Memory','Input','Output'),(1596,'4','2019-05-03 16:34:33.853000','A',NULL,NULL,'2019-05-03 16:34:33.853000','301',NULL,'1763',NULL,'Peripherals','Memory','Input','Output'),(1597,'4','2019-05-03 16:34:33.864000','D',NULL,NULL,'2019-05-03 16:34:33.864000','303',NULL,'1764',NULL,'Sealing problems of the gas.','Ingress of moisture in the gas system  dangerous.','Deterioration of SF6 gas with time.',' Both (a) and (b)'),(1598,'4','2019-05-03 16:34:33.872000','A',NULL,NULL,'2019-05-03 16:34:33.872000','301',NULL,'1765',NULL,'Peripherals','Memory','Input','Output'),(1599,'4','2019-05-03 16:34:33.884000','C',NULL,NULL,'2019-05-03 16:34:33.884000','233',NULL,'1766',NULL,'by changing the torque','by changing the switching speed','by changing the polarity of voltages connected to the leads','by changing the RPM rating'),(1600,'4','2019-05-03 16:34:33.894000','A',NULL,NULL,'2019-05-03 16:34:33.894000','305',NULL,'1767',NULL,'Two SCRs in parallel opposition','Two SCRs in series','Three SCRs in series','four SCRs in series'),(1601,'4','2019-05-03 16:34:33.904000','B',NULL,NULL,'2019-05-03 16:34:33.904000','285',NULL,'1768',NULL,'Value of source resistance','Value of load resistance','Both source and load resistance','Neither source or load resistance'),(1602,'4','2019-05-03 16:34:33.912000','A',NULL,NULL,'2019-05-03 16:34:33.912000','230',NULL,'1769',NULL,'Increase','Decrease','No change','Momentarily goes to zero'),(1603,'4','2019-05-03 16:34:33.920000','D',NULL,NULL,'2019-05-03 16:34:33.920000','303',NULL,'1770',NULL,'Sealing problems of the gas.','Ingress of moisture in the gas system  dangerous.','Deterioration of SF6 gas with time.',' Both (a) and (b)'),(1604,'4','2019-05-03 16:34:33.928000','C',NULL,NULL,'2019-05-03 16:34:33.928000','232',NULL,'1771',NULL,'it is a driver','it is a thing isolated from the entire world','it is a device that can be used as an electromagnetic relay without a driver',' none of the mentioned'),(1605,'4','2019-05-03 16:34:33.937000','C',NULL,NULL,'2019-05-03 16:34:33.937000','306',NULL,'1772',NULL,'Spring','Gravity','Either by spring or by gravity',' Neither by spring nor by gravity'),(1606,'4','2019-05-03 16:34:33.953000','D',NULL,NULL,'2019-05-03 16:34:33.953000','303',NULL,'1773',NULL,'Sealing problems of the gas.','Ingress of moisture in the gas system  dangerous.','Deterioration of SF6 gas with time.',' Both (a) and (b)'),(1607,'4','2019-05-03 16:34:33.963000','C',NULL,NULL,'2019-05-03 16:34:33.963000','232',NULL,'1774',NULL,'it is a driver','it is a thing isolated from the entire world','it is a device that can be used as an electromagnetic relay without a driver',' none of the mentioned'),(1608,'4','2019-05-03 16:34:33.973000','B',NULL,NULL,'2019-05-03 16:34:33.973000','285',NULL,'1775',NULL,'Value of source resistance','Value of load resistance','Both source and load resistance','Neither source or load resistance'),(1609,'4','2019-05-03 16:34:33.982000','A',NULL,NULL,'2019-05-03 16:34:33.982000','230',NULL,'1776',NULL,'Increase','Decrease','No change','Momentarily goes to zero'),(1610,'4','2019-05-03 16:34:33.991000','B',NULL,NULL,'2019-05-03 16:34:33.991000','231',NULL,'1777',NULL,'Adiabatic','Cyclic','Irreversible','Expansion'),(1611,'4','2019-05-03 16:34:34.000000','D',NULL,NULL,'2019-05-03 16:34:34.000000','234',NULL,'1778',NULL,'Gases','Odor','Sludge','Moisture'),(1612,'4','2019-05-03 16:34:34.010000','C',NULL,NULL,'2019-05-03 16:34:34.010000','306',NULL,'1779',NULL,'Spring','Gravity','Either by spring or by gravity',' Neither by spring nor by gravity'),(1613,'4','2019-05-03 16:34:34.019000','A',NULL,NULL,'2019-05-03 16:34:34.019000','301',NULL,'1780',NULL,'Peripherals','Memory','Input','Output'),(1614,'4','2019-05-03 16:34:34.029000','B',NULL,NULL,'2019-05-03 16:34:34.029000','285',NULL,'1781',NULL,'Value of source resistance','Value of load resistance','Both source and load resistance','Neither source or load resistance'),(1615,'4','2019-05-03 16:34:34.039000','D',NULL,NULL,'2019-05-03 16:34:34.039000','234',NULL,'1782',NULL,'Gases','Odor','Sludge','Moisture'),(1616,'4','2019-05-03 16:34:34.054000','D',NULL,NULL,'2019-05-03 16:34:34.055000','234',NULL,'1783',NULL,'Gases','Odor','Sludge','Moisture'),(1617,'4','2019-05-03 16:34:34.065000','B',NULL,NULL,'2019-05-03 16:34:34.065000','231',NULL,'1784',NULL,'Adiabatic','Cyclic','Irreversible','Expansion'),(1618,'4','2019-05-03 16:34:34.077000','A',NULL,NULL,'2019-05-03 16:34:34.077000','301',NULL,'1785',NULL,'Peripherals','Memory','Input','Output'),(1619,'4','2019-05-03 16:34:34.087000','D',NULL,NULL,'2019-05-03 16:34:34.087000','304',NULL,'1786',NULL,'Second harmonic','Third harmonic','Fifth harmonic','Do not produce harmonics'),(1620,'4','2019-05-03 16:34:34.097000','A',NULL,NULL,'2019-05-03 16:34:34.097000','305',NULL,'1787',NULL,'Two SCRs in parallel opposition','Two SCRs in series','Three SCRs in series','four SCRs in series'),(1621,'4','2019-05-03 16:34:34.106000','B',NULL,NULL,'2019-05-03 16:34:34.106000','285',NULL,'1788',NULL,'Value of source resistance','Value of load resistance','Both source and load resistance','Neither source or load resistance'),(1622,'4','2019-05-03 16:34:34.117000','B',NULL,NULL,'2019-05-03 16:34:34.117000','285',NULL,'1789',NULL,'Value of source resistance','Value of load resistance','Both source and load resistance','Neither source or load resistance'),(1623,'4','2019-05-03 16:34:34.127000','A',NULL,NULL,'2019-05-03 16:34:34.127000','230',NULL,'1790',NULL,'Increase','Decrease','No change','Momentarily goes to zero'),(1624,'4','2019-05-03 16:34:34.138000','C',NULL,NULL,'2019-05-03 16:34:34.138000','233',NULL,'1791',NULL,'by changing the torque','by changing the switching speed','by changing the polarity of voltages connected to the leads','by changing the RPM rating'),(1625,'4','2019-05-03 16:34:34.151000','A',NULL,NULL,'2019-05-03 16:34:34.151000','305',NULL,'1792',NULL,'Two SCRs in parallel opposition','Two SCRs in series','Three SCRs in series','four SCRs in series'),(1626,'4','2019-05-03 16:34:34.170000','B',NULL,NULL,'2019-05-03 16:34:34.170000','231',NULL,'1793',NULL,'Adiabatic','Cyclic','Irreversible','Expansion'),(1627,'4','2019-05-03 16:34:34.183000','A',NULL,NULL,'2019-05-03 16:34:34.183000','302',NULL,'1794',NULL,'Increase the sag and decrease the tension','Both increases','Decrease the sag and increase the tension','Both decreases'),(1628,'4','2019-05-03 16:34:34.194000','C',NULL,NULL,'2019-05-03 16:34:34.194000','306',NULL,'1795',NULL,'Spring','Gravity','Either by spring or by gravity',' Neither by spring nor by gravity'),(1629,'4','2019-05-03 16:34:34.206000','B',NULL,NULL,'2019-05-03 16:34:34.206000','285',NULL,'1796',NULL,'Value of source resistance','Value of load resistance','Both source and load resistance','Neither source or load resistance'),(1630,'4','2019-05-03 16:34:34.217000','C',NULL,NULL,'2019-05-03 16:34:34.217000','233',NULL,'1797',NULL,'by changing the torque','by changing the switching speed','by changing the polarity of voltages connected to the leads','by changing the RPM rating'),(1631,'4','2019-05-03 16:34:34.227000','C',NULL,NULL,'2019-05-03 16:34:34.227000','233',NULL,'1798',NULL,'by changing the torque','by changing the switching speed','by changing the polarity of voltages connected to the leads','by changing the RPM rating'),(1632,'4','2019-05-03 16:34:34.237000','D',NULL,NULL,'2019-05-03 16:34:34.237000','234',NULL,'1799',NULL,'Gases','Odor','Sludge','Moisture'),(1633,'4','2019-05-03 16:34:34.248000','B',NULL,NULL,'2019-05-03 16:34:34.248000','285',NULL,'1800',NULL,'Value of source resistance','Value of load resistance','Both source and load resistance','Neither source or load resistance'),(1634,'4','2019-05-03 16:34:34.260000','A',NULL,NULL,'2019-05-03 16:34:34.260000','305',NULL,'1801',NULL,'Two SCRs in parallel opposition','Two SCRs in series','Three SCRs in series','four SCRs in series'),(1635,'4','2019-05-03 16:34:34.269000','D',NULL,NULL,'2019-05-03 16:34:34.269000','234',NULL,'1802',NULL,'Gases','Odor','Sludge','Moisture');
/*!40000 ALTER TABLE `t_test_question_option` ENABLE KEYS */;
UNLOCK TABLES;

--
-- Table structure for table `t_train_attendee`
--

DROP TABLE IF EXISTS `t_train_attendee`;
/*!40101 SET @saved_cs_client     = @@character_set_client */;
/*!40101 SET character_set_client = utf8 */;
CREATE TABLE `t_train_attendee` (
  `id` int(11) NOT NULL AUTO_INCREMENT,
  `attendee_status` varchar(255) DEFAULT NULL,
  `created_by` varchar(255) DEFAULT NULL,
  `created_dt` datetime(6) DEFAULT NULL,
  `end_dt` datetime(6) DEFAULT NULL,
  `is_enabled` varchar(255) DEFAULT NULL,
  `modified_by` varchar(255) DEFAULT NULL,
  `modified_dt` datetime(6) DEFAULT NULL,
  `passed` char(1) NOT NULL,
  `score` int(11) NOT NULL,
  `start_dt` datetime(6) DEFAULT NULL,
  `training_type_id` int(11) DEFAULT NULL,
  PRIMARY KEY (`id`),
  KEY `FKb7370c7r4u0ruaega1aulerxl` (`training_type_id`),
  CONSTRAINT `FKb7370c7r4u0ruaega1aulerxl` FOREIGN KEY (`training_type_id`) REFERENCES `t_training` (`id`)
) ENGINE=InnoDB DEFAULT CHARSET=latin1;
/*!40101 SET character_set_client = @saved_cs_client */;

--
-- Dumping data for table `t_train_attendee`
--

LOCK TABLES `t_train_attendee` WRITE;
/*!40000 ALTER TABLE `t_train_attendee` DISABLE KEYS */;
/*!40000 ALTER TABLE `t_train_attendee` ENABLE KEYS */;
UNLOCK TABLES;

--
-- Table structure for table `t_train_final`
--

DROP TABLE IF EXISTS `t_train_final`;
/*!40101 SET @saved_cs_client     = @@character_set_client */;
/*!40101 SET character_set_client = utf8 */;
CREATE TABLE `t_train_final` (
  `id` int(11) NOT NULL AUTO_INCREMENT,
  `certificate_id` int(11) NOT NULL,
  `created_by` varchar(255) DEFAULT NULL,
  `created_dt` datetime(6) DEFAULT NULL,
  `end_dt` datetime(6) DEFAULT NULL,
  `is_enabled` varchar(255) DEFAULT NULL,
  `modified_by` varchar(255) DEFAULT NULL,
  `modified_dt` datetime(6) DEFAULT NULL,
  `skill_level` varchar(255) DEFAULT NULL,
  `start_dt` datetime(6) DEFAULT NULL,
  `training_type_id` int(11) DEFAULT NULL,
  PRIMARY KEY (`id`),
  KEY `FKldrf2x8t2xy7wqhcjiklwrxmy` (`training_type_id`),
  CONSTRAINT `FKldrf2x8t2xy7wqhcjiklwrxmy` FOREIGN KEY (`training_type_id`) REFERENCES `t_training` (`id`)
) ENGINE=InnoDB DEFAULT CHARSET=latin1;
/*!40101 SET character_set_client = @saved_cs_client */;

--
-- Dumping data for table `t_train_final`
--

LOCK TABLES `t_train_final` WRITE;
/*!40000 ALTER TABLE `t_train_final` DISABLE KEYS */;
/*!40000 ALTER TABLE `t_train_final` ENABLE KEYS */;
UNLOCK TABLES;

--
-- Table structure for table `t_train_skill`
--

DROP TABLE IF EXISTS `t_train_skill`;
/*!40101 SET @saved_cs_client     = @@character_set_client */;
/*!40101 SET character_set_client = utf8 */;
CREATE TABLE `t_train_skill` (
  `id` int(11) NOT NULL AUTO_INCREMENT,
  `created_by` varchar(255) DEFAULT NULL,
  `created_dt` datetime(6) DEFAULT NULL,
  `end_dt` datetime(6) DEFAULT NULL,
  `is_enabled` varchar(255) DEFAULT NULL,
  `modified_by` varchar(255) DEFAULT NULL,
  `modified_dt` datetime(6) DEFAULT NULL,
  `remarks` varchar(255) DEFAULT NULL,
  `skill_level` varchar(255) DEFAULT NULL,
  `skill_type_id` int(11) NOT NULL,
  `start_dt` datetime(6) DEFAULT NULL,
  `training_type_id` int(11) DEFAULT NULL,
  PRIMARY KEY (`id`),
  KEY `FKo5xwvgh1p3c6wy8al3q381ael` (`training_type_id`),
  CONSTRAINT `FKo5xwvgh1p3c6wy8al3q381ael` FOREIGN KEY (`training_type_id`) REFERENCES `t_training` (`id`)
) ENGINE=InnoDB DEFAULT CHARSET=latin1;
/*!40101 SET character_set_client = @saved_cs_client */;

--
-- Dumping data for table `t_train_skill`
--

LOCK TABLES `t_train_skill` WRITE;
/*!40000 ALTER TABLE `t_train_skill` DISABLE KEYS */;
/*!40000 ALTER TABLE `t_train_skill` ENABLE KEYS */;
UNLOCK TABLES;

--
-- Table structure for table `t_training`
--

DROP TABLE IF EXISTS `t_training`;
/*!40101 SET @saved_cs_client     = @@character_set_client */;
/*!40101 SET character_set_client = utf8 */;
CREATE TABLE `t_training` (
  `id` int(11) NOT NULL AUTO_INCREMENT,
  `created_by` varchar(255) DEFAULT NULL,
  `created_dt` datetime(6) DEFAULT NULL,
  `duration` int(11) NOT NULL,
  `end_date` datetime(6) DEFAULT NULL,
  `internal_trainer` varchar(255) DEFAULT NULL,
  `is_enabled` varchar(255) DEFAULT NULL,
  `loc_lat` int(11) NOT NULL,
  `loc_long` int(11) NOT NULL,
  `location` varchar(255) DEFAULT NULL,
  `modified_by` varchar(255) DEFAULT NULL,
  `modified_dt` datetime(6) DEFAULT NULL,
  `start_date` datetime(6) DEFAULT NULL,
  `trainer_cont_details` varchar(255) DEFAULT NULL,
  `trainer_name` varchar(255) DEFAULT NULL,
  `training_status` varchar(255) DEFAULT NULL,
  PRIMARY KEY (`id`)
) ENGINE=InnoDB DEFAULT CHARSET=latin1;
/*!40101 SET character_set_client = @saved_cs_client */;

--
-- Dumping data for table `t_training`
--

LOCK TABLES `t_training` WRITE;
/*!40000 ALTER TABLE `t_training` DISABLE KEYS */;
/*!40000 ALTER TABLE `t_training` ENABLE KEYS */;
UNLOCK TABLES;

--
-- Table structure for table `t_tvl_adv_req`
--

DROP TABLE IF EXISTS `t_tvl_adv_req`;
/*!40101 SET @saved_cs_client     = @@character_set_client */;
/*!40101 SET character_set_client = utf8 */;
CREATE TABLE `t_tvl_adv_req` (
  `id` int(11) NOT NULL AUTO_INCREMENT,
  `tar_code` varchar(100) DEFAULT NULL,
  `m_employee_id` varchar(100) DEFAULT NULL,
  `job_or_cc` varchar(100) DEFAULT NULL,
  `cost_center_id` varchar(100) DEFAULT NULL,
  `job_id` varchar(100) DEFAULT NULL,
  `day_range_id` varchar(100) DEFAULT NULL,
  `req_adv_amt` double(10,2) DEFAULT NULL,
  `is_addl_travel_involved` varchar(100) DEFAULT NULL,
  `emp_remarks` varchar(500) DEFAULT NULL,
  `tar_status` varchar(100) DEFAULT NULL,
  `tar_submitted_dt` datetime DEFAULT NULL,
  `stay_expense_amount` varchar(100) DEFAULT NULL,
  `travel_expense_amount` varchar(100) DEFAULT NULL,
  `n1_ad_amount` varchar(100) DEFAULT NULL,
  `n1_adj_remarks` varchar(500) DEFAULT NULL,
  `n1_employee_id` varchar(100) DEFAULT NULL,
  `n1_decision` varchar(100) DEFAULT NULL,
  `n1_remarks` varchar(500) DEFAULT NULL,
  `n1_is_addl_travel_involved` varchar(100) DEFAULT NULL,
  `n1_decision_dt` datetime DEFAULT NULL,
  `n1_total_adv_amt` varchar(100) DEFAULT NULL,
  `company_to_pay_amt` varchar(100) DEFAULT NULL,
  `emp_to_pay_amt` varchar(100) DEFAULT NULL,
  `acc_emp_adj_amount` varchar(100) DEFAULT NULL,
  `acc2_adj_remarks` varchar(500) DEFAULT NULL,
  `net_advance_amount` varchar(100) DEFAULT NULL,
  `acc2_user_group_id` varchar(100) DEFAULT NULL,
  `acc2_employee_id` varchar(100) DEFAULT NULL,
  `acc2_remarks` varchar(500) DEFAULT NULL,
  `acc2_decision` varchar(100) DEFAULT NULL,
  `acc2_decision_dt` datetime DEFAULT NULL,
  `is_enabled` varchar(100) DEFAULT NULL,
  `created_by` varchar(100) DEFAULT NULL,
  `created_dt` datetime DEFAULT NULL,
  `modified_by` varchar(100) DEFAULT NULL,
  `modified_dt` datetime DEFAULT NULL,
  PRIMARY KEY (`id`)
) ENGINE=InnoDB AUTO_INCREMENT=502 DEFAULT CHARSET=latin1;
/*!40101 SET character_set_client = @saved_cs_client */;

--
-- Dumping data for table `t_tvl_adv_req`
--

LOCK TABLES `t_tvl_adv_req` WRITE;
/*!40000 ALTER TABLE `t_tvl_adv_req` DISABLE KEYS */;
INSERT INTO `t_tvl_adv_req` VALUES (497,'TA-498','323','Y','1','53','223',68.00,'Y','good','N1-APPROVAL-PENDING','2019-09-23 12:14:30','1000.0','500.0',NULL,NULL,NULL,NULL,NULL,NULL,NULL,NULL,'10','10',NULL,NULL,NULL,NULL,NULL,NULL,NULL,NULL,'Y','323','2019-09-23 12:14:30','323','2019-09-23 12:14:30'),(498,'TA-499','323','Y','1','53','223',68.00,'Y','good','N1-APPROVAL-PENDING','2019-09-23 12:16:50','1000.0','500.0',NULL,NULL,NULL,NULL,NULL,NULL,NULL,NULL,'10','10',NULL,NULL,NULL,NULL,NULL,NULL,NULL,NULL,'Y','323','2019-09-23 12:16:50','323','2019-09-23 12:16:50'),(499,'TA-500','323','Y','1','53','223',68.00,'Y','good','N1-APPROVAL-PENDING','2019-09-23 12:17:50','1000.0','500.0',NULL,NULL,NULL,NULL,NULL,NULL,NULL,NULL,'10','10',NULL,NULL,NULL,NULL,NULL,NULL,NULL,NULL,'Y','323','2019-09-23 12:17:50','323','2019-09-23 12:17:50'),(500,'TA-501','323','Y','1','53','223',68.00,'Y','good','N1-APPROVAL-PENDING','2019-09-23 12:19:53','1000.0','500.0',NULL,NULL,NULL,NULL,NULL,NULL,NULL,NULL,'10','10',NULL,NULL,NULL,NULL,NULL,NULL,NULL,NULL,'Y','323','2019-09-23 12:19:53','323','2019-09-23 12:19:53');
/*!40000 ALTER TABLE `t_tvl_adv_req` ENABLE KEYS */;
UNLOCK TABLES;

--
-- Table structure for table `t_upload_payslip_hdr`
--

DROP TABLE IF EXISTS `t_upload_payslip_hdr`;
/*!40101 SET @saved_cs_client     = @@character_set_client */;
/*!40101 SET character_set_client = utf8 */;
CREATE TABLE `t_upload_payslip_hdr` (
  `id` int(11) NOT NULL AUTO_INCREMENT,
  `comp_pay_cycle_line_id` int(11) DEFAULT NULL,
  `created_by` varchar(255) DEFAULT NULL,
  `created_dt` datetime(6) DEFAULT NULL,
  `doc_id` varchar(255) DEFAULT NULL,
  `modified_by` varchar(255) DEFAULT NULL,
  `modified_dt` datetime(6) DEFAULT NULL,
  `pay_month` int(11) DEFAULT NULL,
  `pay_year` int(11) DEFAULT NULL,
  `process_status` varchar(255) DEFAULT NULL,
  `records_uploaded` varchar(255) DEFAULT NULL,
  `remarks` varchar(255) DEFAULT NULL,
  `success_count` int(11) DEFAULT NULL,
  `upload_code` varchar(255) DEFAULT NULL,
  `upload_datetime` datetime(6) DEFAULT NULL,
  PRIMARY KEY (`id`)
) ENGINE=InnoDB AUTO_INCREMENT=2 DEFAULT CHARSET=latin1;
/*!40101 SET character_set_client = @saved_cs_client */;

--
-- Dumping data for table `t_upload_payslip_hdr`
--

LOCK TABLES `t_upload_payslip_hdr` WRITE;
/*!40000 ALTER TABLE `t_upload_payslip_hdr` DISABLE KEYS */;
INSERT INTO `t_upload_payslip_hdr` VALUES (1,NULL,'3','2019-09-17 16:21:25.865000','36fdd6b3-dc96-48a7-a77e-f21e35ae52b8',NULL,'2019-09-17 16:21:26.308000',NULL,NULL,'COMPLETED','1',NULL,1,'1','2019-09-17 16:21:25.865000');
/*!40000 ALTER TABLE `t_upload_payslip_hdr` ENABLE KEYS */;
UNLOCK TABLES;

--
-- Table structure for table `t_upload_payslip_line`
--

DROP TABLE IF EXISTS `t_upload_payslip_line`;
/*!40101 SET @saved_cs_client     = @@character_set_client */;
/*!40101 SET character_set_client = utf8 */;
CREATE TABLE `t_upload_payslip_line` (
  `id` int(11) NOT NULL AUTO_INCREMENT,
  `employee_code` varchar(100) DEFAULT NULL,
  `employee_name` varchar(100) DEFAULT NULL,
  `email` varchar(100) DEFAULT NULL,
  `mobile_no` varchar(100) DEFAULT NULL,
  `dob` varchar(100) DEFAULT NULL,
  `doj` varchar(100) DEFAULT NULL,
  `department` varchar(100) DEFAULT NULL,
  `designation` varchar(100) DEFAULT NULL,
  `grade` varchar(100) DEFAULT NULL,
  `special_designation` varchar(100) DEFAULT NULL,
  `skill` varchar(100) DEFAULT NULL,
  `business` varchar(100) DEFAULT NULL,
  `nature_of_position` varchar(100) DEFAULT NULL,
  `salary_month` varchar(100) DEFAULT NULL,
  `salary_year` varchar(100) DEFAULT NULL,
  `location_of_position` varchar(100) DEFAULT NULL,
  `pf_no` varchar(100) DEFAULT NULL,
  `eps_no` varchar(100) DEFAULT NULL,
  `esi_no` varchar(100) DEFAULT NULL,
  `bank_account_number` varchar(100) DEFAULT NULL,
  `bank` varchar(100) DEFAULT NULL,
  `ifsc_code` varchar(100) DEFAULT NULL,
  `pan_no` varchar(100) DEFAULT NULL,
  `aadhar_no` varchar(100) DEFAULT NULL,
  `uan_no` varchar(100) DEFAULT NULL,
  `currency` varchar(100) DEFAULT NULL,
  `period_days` varchar(100) DEFAULT NULL,
  `period_holidays` varchar(100) DEFAULT NULL,
  `worked_days` varchar(100) DEFAULT NULL,
  `lop_and_lwop` varchar(100) DEFAULT NULL,
  `arrear_days` varchar(100) DEFAULT NULL,
  `late_days_deduction` varchar(100) DEFAULT NULL,
  `overtime_hours` varchar(100) DEFAULT NULL,
  `wage_days` varchar(100) DEFAULT NULL,
  `additional_info_1` varchar(100) DEFAULT NULL,
  `additional_info_2` varchar(100) DEFAULT NULL,
  `additional_info_3` varchar(100) DEFAULT NULL,
  `a11_name` varchar(100) DEFAULT NULL,
  `a11_value_earning_period` varchar(100) DEFAULT NULL,
  `a11_value_arrears` varchar(100) DEFAULT NULL,
  `a11_value_current_period` varchar(100) DEFAULT NULL,
  `a11_value_ytd_earnings` varchar(100) DEFAULT NULL,
  `a12_name` varchar(100) DEFAULT NULL,
  `a12_value_earning_period` varchar(100) DEFAULT NULL,
  `a12_value_arrears` varchar(100) DEFAULT NULL,
  `a12_value_current_period` varchar(100) DEFAULT NULL,
  `a12_value_ytd_earnings` varchar(100) DEFAULT NULL,
  `a13_name` varchar(100) DEFAULT NULL,
  `a13_value_earning_period` varchar(100) DEFAULT NULL,
  `a13_value_arrears` varchar(100) DEFAULT NULL,
  `a13_value_current_period` varchar(100) DEFAULT NULL,
  `a13_value_ytd_earnings` varchar(100) DEFAULT NULL,
  `a14_name` varchar(100) DEFAULT NULL,
  `a14_value_earning_period` varchar(100) DEFAULT NULL,
  `a14_value_arrears` varchar(100) DEFAULT NULL,
  `a14_value_current_period` varchar(100) DEFAULT NULL,
  `a14_value_ytd_earnings` varchar(100) DEFAULT NULL,
  `a15_name` varchar(100) DEFAULT NULL,
  `a15_value_earning_period` varchar(100) DEFAULT NULL,
  `a15_value_arrears` varchar(100) DEFAULT NULL,
  `a15_value_current_period` varchar(100) DEFAULT NULL,
  `a15_value_ytd_earnings` varchar(100) DEFAULT NULL,
  `a16_name` varchar(100) DEFAULT NULL,
  `a16_value_earning_period` varchar(100) DEFAULT NULL,
  `a16_value_arrears` varchar(100) DEFAULT NULL,
  `a16_value_current_period` varchar(100) DEFAULT NULL,
  `a16_value_ytd_earnings` varchar(100) DEFAULT NULL,
  `a17_name` varchar(100) DEFAULT NULL,
  `a17_value_earning_period` varchar(100) DEFAULT NULL,
  `a17_value_arrears` varchar(100) DEFAULT NULL,
  `a17_value_current_period` varchar(100) DEFAULT NULL,
  `a17_value_ytd_earnings` varchar(100) DEFAULT NULL,
  `a18_name` varchar(100) DEFAULT NULL,
  `a18_value_earning_period` varchar(100) DEFAULT NULL,
  `a18_value_arrears` varchar(100) DEFAULT NULL,
  `a18_value_current_period` varchar(100) DEFAULT NULL,
  `a18_value_ytd_earnings` varchar(100) DEFAULT NULL,
  `a19_name` varchar(100) DEFAULT NULL,
  `a19_value_earning_period` varchar(100) DEFAULT NULL,
  `a19_value_arrears` varchar(100) DEFAULT NULL,
  `a19_value_current_period` varchar(100) DEFAULT NULL,
  `a19_value_ytd_earnings` varchar(100) DEFAULT NULL,
  `a21_name` varchar(100) DEFAULT NULL,
  `a21_value_earning_period` varchar(100) DEFAULT NULL,
  `a21_value_arrears` varchar(100) DEFAULT NULL,
  `a21_value_current_period` varchar(100) DEFAULT NULL,
  `a21_value_ytd_earnings` varchar(100) DEFAULT NULL,
  `a22_name` varchar(100) DEFAULT NULL,
  `a22_value_earning_period` varchar(100) DEFAULT NULL,
  `a22_value_arrears` varchar(100) DEFAULT NULL,
  `a22_value_current_period` varchar(100) DEFAULT NULL,
  `a22_value_ytd_earnings` varchar(100) DEFAULT NULL,
  `a23_name` varchar(100) DEFAULT NULL,
  `a23_value_earning_period` varchar(100) DEFAULT NULL,
  `a23_value_arrears` varchar(100) DEFAULT NULL,
  `a23_value_current_period` varchar(100) DEFAULT NULL,
  `a23_value_ytd_earnings` varchar(100) DEFAULT NULL,
  `a24_name` varchar(100) DEFAULT NULL,
  `a24_value_earning_period` varchar(100) DEFAULT NULL,
  `a24_value_arrears` varchar(100) DEFAULT NULL,
  `a24_value_current_period` varchar(100) DEFAULT NULL,
  `a24_value_ytd_earnings` varchar(100) DEFAULT NULL,
  `a25_name` varchar(100) DEFAULT NULL,
  `a25_value_earning_period` varchar(100) DEFAULT NULL,
  `a25_value_arrears` varchar(100) DEFAULT NULL,
  `a25_value_current_period` varchar(100) DEFAULT NULL,
  `a25_value_ytd_earnings` varchar(100) DEFAULT NULL,
  `a26_name` varchar(100) DEFAULT NULL,
  `a26_value_earning_period` varchar(100) DEFAULT NULL,
  `a26_value_arrears` varchar(100) DEFAULT NULL,
  `a26_value_current_period` varchar(100) DEFAULT NULL,
  `a26_value_ytd_earnings` varchar(100) DEFAULT NULL,
  `a27_name` varchar(100) DEFAULT NULL,
  `a27_value_earning_period` varchar(100) DEFAULT NULL,
  `a27_value_arrears` varchar(100) DEFAULT NULL,
  `a27_value_current_period` varchar(100) DEFAULT NULL,
  `a27_value_ytd_earnings` varchar(100) DEFAULT NULL,
  `b11_name` varchar(100) DEFAULT NULL,
  `b11_value_earning_period` varchar(100) DEFAULT NULL,
  `b11_value_arrears` varchar(100) DEFAULT NULL,
  `b11_value_current_period` varchar(100) DEFAULT NULL,
  `b11_value_ytd_earnings` varchar(100) DEFAULT NULL,
  `b12_name` varchar(100) DEFAULT NULL,
  `b12_value_earning_period` varchar(100) DEFAULT NULL,
  `b12_value_arrears` varchar(100) DEFAULT NULL,
  `b12_value_current_period` varchar(100) DEFAULT NULL,
  `b12_value_ytd_earnings` varchar(100) DEFAULT NULL,
  `b13_name` varchar(100) DEFAULT NULL,
  `b13_value_earning_period` varchar(100) DEFAULT NULL,
  `b13_value_arrears` varchar(100) DEFAULT NULL,
  `b13_value_current_period` varchar(100) DEFAULT NULL,
  `b13_value_ytd_earnings` varchar(100) DEFAULT NULL,
  `b14_name` varchar(100) DEFAULT NULL,
  `b14_value_earning_period` varchar(100) DEFAULT NULL,
  `b14_value_arrears` varchar(100) DEFAULT NULL,
  `b14_value_current_period` varchar(100) DEFAULT NULL,
  `b14_value_ytd_earnings` varchar(100) DEFAULT NULL,
  `d11_name` varchar(100) DEFAULT NULL,
  `d11_value_current_period` varchar(100) DEFAULT NULL,
  `d11_value_ytd_deductions` varchar(100) DEFAULT NULL,
  `d12_name` varchar(100) DEFAULT NULL,
  `d12_value_current_period` varchar(100) DEFAULT NULL,
  `d12_value_ytd_deductions` varchar(100) DEFAULT NULL,
  `d13_name` varchar(100) DEFAULT NULL,
  `d13_value_current_period` varchar(100) DEFAULT NULL,
  `d13_value_ytd_deductions` varchar(100) DEFAULT NULL,
  `d14_name` varchar(100) DEFAULT NULL,
  `d14_value_current_period` varchar(100) DEFAULT NULL,
  `d14_value_ytd_deductions` varchar(100) DEFAULT NULL,
  `d15_name` varchar(100) DEFAULT NULL,
  `d15_value_current_period` varchar(100) DEFAULT NULL,
  `d15_value_ytd_deductions` varchar(100) DEFAULT NULL,
  `d16_name` varchar(100) DEFAULT NULL,
  `d16_value_current_period` varchar(100) DEFAULT NULL,
  `d16_value_ytd_deductions` varchar(100) DEFAULT NULL,
  `d17_name` varchar(100) DEFAULT NULL,
  `d17_value_current_period` varchar(100) DEFAULT NULL,
  `d17_value_ytd_deductions` varchar(100) DEFAULT NULL,
  `leave1_name` varchar(100) DEFAULT NULL,
  `leave1_value_opening` varchar(100) DEFAULT NULL,
  `leave1_value_accured` varchar(100) DEFAULT NULL,
  `leave1_availed` varchar(100) DEFAULT NULL,
  `leave1_value_balance` varchar(100) DEFAULT NULL,
  `leave2_name` varchar(100) DEFAULT NULL,
  `leave2_value_opening` varchar(100) DEFAULT NULL,
  `leave2_value_accured` varchar(100) DEFAULT NULL,
  `leave2_availed` varchar(100) DEFAULT NULL,
  `leave2_value_balance` varchar(100) DEFAULT NULL,
  `leave3_name` varchar(100) DEFAULT NULL,
  `leave3_value_opening` varchar(100) DEFAULT NULL,
  `leave3_value_accured` varchar(100) DEFAULT NULL,
  `leave3_availed` varchar(100) DEFAULT NULL,
  `leave3_value_balance` varchar(100) DEFAULT NULL,
  `leave4_name` varchar(100) DEFAULT NULL,
  `leave4_value_opening` varchar(100) DEFAULT NULL,
  `leave4_value_accured` varchar(100) DEFAULT NULL,
  `leave4_availed` varchar(100) DEFAULT NULL,
  `leave4_value_balance` varchar(100) DEFAULT NULL,
  `remarks_name` varchar(100) DEFAULT NULL,
  `remarks_value` varchar(100) DEFAULT NULL,
  `net_pay_period_name` varchar(100) DEFAULT NULL,
  `net_pay_period_value` varchar(100) DEFAULT NULL,
  `net_pay_words_name` varchar(100) DEFAULT NULL,
  `net_pay_words_value` varchar(100) DEFAULT NULL,
  `pf_accumulation_by_employer` varchar(100) DEFAULT NULL,
  `pf_opening_value` varchar(100) DEFAULT NULL,
  `pf_closing_value` varchar(100) DEFAULT NULL,
  `pf_balance_value` varchar(100) DEFAULT NULL,
  `is_clean` varchar(100) DEFAULT NULL,
  `status` varchar(100) DEFAULT NULL,
  `upload_payslip_hdr_id` int(11) DEFAULT NULL,
  `created_by` varchar(100) DEFAULT NULL,
  `modified_by` varchar(100) DEFAULT NULL,
  `created_dt` datetime DEFAULT NULL,
  `modified_dt` datetime DEFAULT NULL,
  `remarks` varchar(100) DEFAULT NULL,
  PRIMARY KEY (`id`)
) ENGINE=InnoDB AUTO_INCREMENT=2 DEFAULT CHARSET=latin1;
/*!40101 SET character_set_client = @saved_cs_client */;

--
-- Dumping data for table `t_upload_payslip_line`
--

LOCK TABLES `t_upload_payslip_line` WRITE;
/*!40000 ALTER TABLE `t_upload_payslip_line` DISABLE KEYS */;
INSERT INTO `t_upload_payslip_line` VALUES (1,'CH88','sundar vijayan','sundarv@sidsync.com','9094348585','1994-03-24','23 02 2000','Electric','Assistant Engineer','0A','Manager','Testing','Testing','Manager','9','2019','Manager','123456','78945612','1258741','111123454','ICICI','345','DFMPF1648','6000000000000','123456','INR','10','10','10','1','1','1','10','10','Remarks','','','Basic','1000','100','1100','','HRA','4326','-','4326','','LocalConvyence','1166','-','1166','','MedicalAllowance','1166','-','1166','','CommunicationAllowance','1399','-','1399','','LeaveTravelAllowance','1399','-','1399','','Special Allowance','','','','','FixedCompensation1','1000','100','1100','','FixedCompensation2','','','','','LeaveWage','1000','100','-','1100','Bonus','100','-','100','','Special Bonus','1000','1000','1000','','Incentives','1000','100','1100','','Special Incentives','1000','100','1100','','AdditionalFixedCompensation1','1000','100','1100','','AdditionalFixedCompensation2','','','','','SiteAllowance','1000','-','1000','','Performance Incentive','1000','-','1000','','AdditionalVariableCompensation1','1000','100','1100','','AdditionalVariableCompensation2','','','','','EPF by Employee','1800','','ESI by Employee','200','','Addi.EPF','100','','Advance Deduction','100','','Income Tax','200','','AdditionalDeduction1','100','','AdditionalDeduction2','','','CL','12','3','2','7','SL','2','0','0','0','PL','1','1','1','0','RH','1','1','1','1','Remarks','Bonus And Incentives are Remark For Your Work','Net Pay for the Period','','Net Pay in words','','Employer Contribution','1000','1500','7500','Y','SUCCESS',1,NULL,NULL,'2019-09-17 16:21:25','2019-09-17 16:21:26','PaySlip Created');
/*!40000 ALTER TABLE `t_upload_payslip_line` ENABLE KEYS */;
UNLOCK TABLES;

--
-- Table structure for table `t_vacancy`
--

DROP TABLE IF EXISTS `t_vacancy`;
/*!40101 SET @saved_cs_client     = @@character_set_client */;
/*!40101 SET character_set_client = utf8 */;
CREATE TABLE `t_vacancy` (
  `id` int(11) NOT NULL AUTO_INCREMENT,
  `created_by` varchar(255) DEFAULT NULL,
  `created_dt` datetime(6) DEFAULT NULL,
  `end_dt` datetime(6) DEFAULT NULL,
  `is_enabled` varchar(255) DEFAULT NULL,
  `job_description` varchar(255) DEFAULT NULL,
  `last_dt_of_application` date DEFAULT NULL,
  `modified_by` varchar(255) DEFAULT NULL,
  `modified_dt` datetime(6) DEFAULT NULL,
  `no_of_vacancies` varchar(255) DEFAULT NULL,
  `position` varchar(255) DEFAULT NULL,
  `start_dt` datetime(6) DEFAULT NULL,
  `status` varchar(255) DEFAULT NULL,
  PRIMARY KEY (`id`)
) ENGINE=InnoDB DEFAULT CHARSET=latin1;
/*!40101 SET character_set_client = @saved_cs_client */;

--
-- Dumping data for table `t_vacancy`
--

LOCK TABLES `t_vacancy` WRITE;
/*!40000 ALTER TABLE `t_vacancy` DISABLE KEYS */;
/*!40000 ALTER TABLE `t_vacancy` ENABLE KEYS */;
UNLOCK TABLES;

--
-- Table structure for table `temp_job`
--

DROP TABLE IF EXISTS `temp_job`;
/*!40101 SET @saved_cs_client     = @@character_set_client */;
/*!40101 SET character_set_client = utf8 */;
CREATE TABLE `temp_job` (
  `job_id` int(11) NOT NULL AUTO_INCREMENT,
  `job_name` varchar(255) DEFAULT NULL,
  `job_code` varchar(255) DEFAULT NULL,
  PRIMARY KEY (`job_id`)
) ENGINE=InnoDB AUTO_INCREMENT=132 DEFAULT CHARSET=latin1;
/*!40101 SET character_set_client = @saved_cs_client */;

--
-- Dumping data for table `temp_job`
--

LOCK TABLES `temp_job` WRITE;
/*!40000 ALTER TABLE `temp_job` DISABLE KEYS */;
INSERT INTO `temp_job` VALUES (123,'two','222'),(124,'three','333'),(125,'eee','123'),(126,'sdfsdf','24234'),(127,'svsfsdf','23342342'),(128,'Three','333'),(129,'Three','333'),(130,'Three','333'),(131,'Three','333');
/*!40000 ALTER TABLE `temp_job` ENABLE KEYS */;
UNLOCK TABLES;

--
-- Table structure for table `temp_job_emp`
--

DROP TABLE IF EXISTS `temp_job_emp`;
/*!40101 SET @saved_cs_client     = @@character_set_client */;
/*!40101 SET character_set_client = utf8 */;
CREATE TABLE `temp_job_emp` (
  `id` int(11) NOT NULL AUTO_INCREMENT,
  `job_id` int(11) DEFAULT NULL,
  `employee_id` int(11) DEFAULT NULL,
  PRIMARY KEY (`id`)
) ENGINE=InnoDB AUTO_INCREMENT=133 DEFAULT CHARSET=latin1;
/*!40101 SET character_set_client = @saved_cs_client */;

--
-- Dumping data for table `temp_job_emp`
--

LOCK TABLES `temp_job_emp` WRITE;
/*!40000 ALTER TABLE `temp_job_emp` DISABLE KEYS */;
INSERT INTO `temp_job_emp` VALUES (123,123,317),(124,124,1),(126,125,320),(127,126,NULL),(128,127,2),(129,128,999),(130,129,999),(131,130,999),(132,131,999);
/*!40000 ALTER TABLE `temp_job_emp` ENABLE KEYS */;
UNLOCK TABLES;

--
-- Temporary table structure for view `v_comp_pay_cycle_line`
--

DROP TABLE IF EXISTS `v_comp_pay_cycle_line`;
/*!50001 DROP VIEW IF EXISTS `v_comp_pay_cycle_line`*/;
SET @saved_cs_client     = @@character_set_client;
SET character_set_client = utf8;
/*!50001 CREATE VIEW `v_comp_pay_cycle_line` AS SELECT 
 1 AS `id`,
 1 AS `m_comp_pay_cycle_id`,
 1 AS `comp_pay_cycle_line_code`,
 1 AS `from_dt`,
 1 AS `to_dt`,
 1 AS `process_date`,
 1 AS `pay_dt`,
 1 AS `processed_date`,
 1 AS `is_enabled`,
 1 AS `pay_cycle_code`,
 1 AS `pay_cycle_type`,
 1 AS `fiscal_year_id`,
 1 AS `pc_is_active`,
 1 AS `pc_is_enabled`,
 1 AS `fiscal_code`,
 1 AS `f_from_dt`,
 1 AS `f_to_dt`,
 1 AS `fy_prefix`,
 1 AS `f_is_enabled`*/;
SET character_set_client = @saved_cs_client;

--
-- Temporary table structure for view `v_config`
--

DROP TABLE IF EXISTS `v_config`;
/*!50001 DROP VIEW IF EXISTS `v_config`*/;
SET @saved_cs_client     = @@character_set_client;
SET character_set_client = utf8;
/*!50001 CREATE VIEW `v_config` AS SELECT 
 1 AS `id`,
 1 AS `config_header_id`,
 1 AS `config_dtl_code`,
 1 AS `config_dtl_name`,
 1 AS `config_dtl_value`,
 1 AS `attrib1`,
 1 AS `attrib2`,
 1 AS `attrib3`,
 1 AS `config_dtl_remarks`,
 1 AS `config_dtl_is_enabled`,
 1 AS `config_header_code`,
 1 AS `config_header_name`,
 1 AS `config_header_remarks`,
 1 AS `config_header_is_enabled`*/;
SET character_set_client = @saved_cs_client;

--
-- Temporary table structure for view `v_emp_ctc_line`
--

DROP TABLE IF EXISTS `v_emp_ctc_line`;
/*!50001 DROP VIEW IF EXISTS `v_emp_ctc_line`*/;
SET @saved_cs_client     = @@character_set_client;
SET character_set_client = utf8;
/*!50001 CREATE VIEW `v_emp_ctc_line` AS SELECT 
 1 AS `id`,
 1 AS `m_emp_ctc_id`,
 1 AS `employee_id`,
 1 AS `valid_from_dt`,
 1 AS `valid_to_dt`,
 1 AS `fixed_benefits`,
 1 AS `process_order`,
 1 AS `s_payout_type_id`,
 1 AS `pay_type_code`,
 1 AS `pay_type_desc`,
 1 AS `pay_type_name`,
 1 AS `is_allowance`,
 1 AS `head`,
 1 AS `pay_cycle_id`,
 1 AS `is_lump_sum`,
 1 AS `unit_cost`,
 1 AS `formula`,
 1 AS `max_limit`,
 1 AS `is_enabled`,
 1 AS `created_by`,
 1 AS `modified_by`,
 1 AS `created_dt`,
 1 AS `modified_dt`*/;
SET character_set_client = @saved_cs_client;

--
-- Temporary table structure for view `v_profile_skill`
--

DROP TABLE IF EXISTS `v_profile_skill`;
/*!50001 DROP VIEW IF EXISTS `v_profile_skill`*/;
SET @saved_cs_client     = @@character_set_client;
SET character_set_client = utf8;
/*!50001 CREATE VIEW `v_profile_skill` AS SELECT 
 1 AS `id`,
 1 AS `profile_id`,
 1 AS `product_id`,
 1 AS `product_code`,
 1 AS `product_name`,
 1 AS `service_id`,
 1 AS `service_code`,
 1 AS `service_name`,
 1 AS `skill_level`*/;
SET character_set_client = @saved_cs_client;

--
-- Dumping events for database 'smart_office'
--

--
-- Dumping routines for database 'smart_office'
--
/*!50003 DROP PROCEDURE IF EXISTS `evalExp` */;
/*!50003 SET @saved_cs_client      = @@character_set_client */ ;
/*!50003 SET @saved_cs_results     = @@character_set_results */ ;
/*!50003 SET @saved_col_connection = @@collation_connection */ ;
/*!50003 SET character_set_client  = utf8 */ ;
/*!50003 SET character_set_results = utf8 */ ;
/*!50003 SET collation_connection  = utf8_general_ci */ ;
/*!50003 SET @saved_sql_mode       = @@sql_mode */ ;
/*!50003 SET sql_mode              = 'STRICT_TRANS_TABLES,ERROR_FOR_DIVISION_BY_ZERO,NO_ENGINE_SUBSTITUTION' */ ;
DELIMITER ;;
CREATE DEFINER=`so_user`@`%` PROCEDURE `evalExp`(IN formulaStr varchar(100),OUT expResult VARCHAR(100))
BEGIN 
	
	set @out1 = '';
	SET @tempSql= CONCAT('SELECT ', formulaStr, ' into @out1 from dual');
 
 	PREPARE StmtStd FROM @tempSql;
	EXECUTE StmtStd;
	DEALLOCATE PREPARE StmtStd;
  	set expResult = @out1;

END ;;
DELIMITER ;
/*!50003 SET sql_mode              = @saved_sql_mode */ ;
/*!50003 SET character_set_client  = @saved_cs_client */ ;
/*!50003 SET character_set_results = @saved_cs_results */ ;
/*!50003 SET collation_connection  = @saved_col_connection */ ;
/*!50003 DROP PROCEDURE IF EXISTS `find_distance` */;
/*!50003 SET @saved_cs_client      = @@character_set_client */ ;
/*!50003 SET @saved_cs_results     = @@character_set_results */ ;
/*!50003 SET @saved_col_connection = @@collation_connection */ ;
/*!50003 SET character_set_client  = utf8 */ ;
/*!50003 SET character_set_results = utf8 */ ;
/*!50003 SET collation_connection  = utf8_general_ci */ ;
/*!50003 SET @saved_sql_mode       = @@sql_mode */ ;
/*!50003 SET sql_mode              = 'STRICT_TRANS_TABLES,ERROR_FOR_DIVISION_BY_ZERO,NO_ENGINE_SUBSTITUTION' */ ;
DELIMITER ;;
CREATE DEFINER=`so_user`@`%` PROCEDURE `find_distance`(in fromLats float(10,6), in fromLongs float(10,6), in toLats float(10,6), in toLongs float(10,6), out resultCode VARCHAR(25))
BEGIN

DECLARE EXIT HANDLER FOR SQLEXCEPTION 
	BEGIN
	
	set resultCode='find_distance - Unknown Error';
	select resultCode;
	END;
if fromLats!=null or fromLats = '' or fromLongs!=null or fromLongs = '' or toLats!=null or toLats = '' or toLongs!=null or toLongs = '' THEN
set resultCode = 
  111.045 * DEGREES(ACOS(COS(RADIANS(fromLats))
 * COS(RADIANS(toLats))
 * COS(RADIANS(toLongs) - RADIANS(fromLongs))
 + SIN(RADIANS(fromLats))
 * SIN(RADIANS(toLats))));
select resultCode;
ELSE
set resultCode='0';

 end if;
END ;;
DELIMITER ;
/*!50003 SET sql_mode              = @saved_sql_mode */ ;
/*!50003 SET character_set_client  = @saved_cs_client */ ;
/*!50003 SET character_set_results = @saved_cs_results */ ;
/*!50003 SET collation_connection  = @saved_col_connection */ ;
/*!50003 DROP PROCEDURE IF EXISTS `match_employee_skill` */;
/*!50003 SET @saved_cs_client      = @@character_set_client */ ;
/*!50003 SET @saved_cs_results     = @@character_set_results */ ;
/*!50003 SET @saved_col_connection = @@collation_connection */ ;
/*!50003 SET character_set_client  = utf8 */ ;
/*!50003 SET character_set_results = utf8 */ ;
/*!50003 SET collation_connection  = utf8_general_ci */ ;
/*!50003 SET @saved_sql_mode       = @@sql_mode */ ;
/*!50003 SET sql_mode              = 'STRICT_TRANS_TABLES,ERROR_FOR_DIVISION_BY_ZERO,NO_ENGINE_SUBSTITUTION' */ ;
DELIMITER ;;
CREATE DEFINER=`so_user`@`%` PROCEDURE `match_employee_skill`(in profileFinderId VARCHAR(100),in profileId VARCHAR(100),in fromDt DATE, in toDt date ,in maplocationId VARCHAR(100),in t_pf_emp_id VARCHAR(100),in employeeId VARCHAR(100), in userId VARCHAR(100), out resultCode VARCHAR(25),out resultDesc VARCHAR(100))
BEGIN
declare successCount int default 0;
declare failureCount int default 0;
declare loopComplete BOOL default false;
declare v_employeeId varchar(100) DEFAULT "";
declare v_employeeId1 varchar(100) DEFAULT "";
declare v_jobId varchar(100) DEFAULT "";
declare empLeave varchar(100);
declare jobId varchar(100);
declare mapLocLats varchar(100);
declare mapLocLongs  varchar(100); 
declare empName  varchar(100); 
declare empCode  varchar(100);
declare desigName  varchar(100);
declare jobLats varchar(100);
declare jobLongs varchar(100);
declare prevLats varchar(100);
declare prevLongs varchar(100);
declare prevMapLocationId varchar(100);
declare prevJobId varchar(100);
declare distanceToLocation varchar(100); 
declare totalNoOfYs int default 0;
declare noOfYsPresent int default 0;
declare matchScore int default 0;

DECLARE CONTINUE HANDLER FOR NOT FOUND SET loopComplete = TRUE;
DECLARE EXIT HANDLER FOR SQLEXCEPTION 
BEGIN
set resultCode='FAILURE';
set resultDesc='match_employee_skill - Unknown Error';
select resultDesc;

GET DIAGNOSTICS CONDITION 1 @sqlstate = RETURNED_SQLSTATE, 
	@errno = MYSQL_ERRNO, @text = MESSAGE_TEXT;
SET @full_error = CONCAT("ERROR ", @errno, " (", @sqlstate, "): ", @text);
SELECT @full_error;
END;

	SET resultCode='START';
	select resultCode;

	
	delete from t_pf_emp_skill where match_employee_id = t_pf_emp_id;
	delete from t_pf_emp_commitment where match_employee_id = t_pf_emp_id;

	insert into t_pf_emp_skill (match_employee_id, m_profile_line_id, m_product_id,product_name, m_service_id, service_name, skill_level,  is_matched,  created_dt,  created_by,  is_enabled )
	select t_pf_emp_id as match_employee_id, p.id profile_line_id, p.product_id,p.product_name, p.service_id, p.service_name,p.skill_level,  CASE WHEN(e.m_product_id is null) then 'N' else 'Y' end matched, CURRENT_TIMESTAMP created_dt, userId created_by, 'Y' is_enabled from (select * from v_profile_skill where profile_id =profileId) p
	left join (select * from m_emp_skill where m_employee_id= employeeId  ) as e on     p.product_id  =  e.m_product_id  and p.service_id  =  e.m_service_id
	;

	

	select emp.emp_name ,emp.emp_code, designation.desig_name  
	into empName, empCode, desigName from m_employee emp
	Left join s_designation designation on designation.id=emp.designation_id
	where emp.id=employeeId;


	select COUNT(is_matched) into totalNoOfYs FROM t_pf_emp_skill skill 
	where skill.match_employee_id=t_pf_emp_id ;

	select COUNT(is_matched) into noOfYsPresent FROM t_pf_emp_skill skill 
	where skill.match_employee_id=t_pf_emp_id AND skill.is_matched='Y';

	set matchScore = (noOfYsPresent/totalNoOfYs) *100;

	
	SELECT location.lats, location.longs  into mapLocLats , mapLocLongs FROM m_map_location location WHERE location.id=maplocationId ;


	SELECT mapLocation.lats,mapLocation.longs  into jobLats,jobLongs FROM t_job_emp emp 
	JOIN m_map_location mapLocation 
	Left join t_job job ON emp.t_job_id=job.id where emp.employee_id= employeeId and mapLocation.id=27 
	and job.start_dt>=fromDt;



	select mapLocation.lats , mapLocation.longs into prevLats, prevLongs FROM t_job  job 
	left join m_map_location mapLocation on mapLocation.id=job.map_location_id
	order by job.start_dt<fromDt DESC LIMIT 1;



	call find_distance(mapLocLats,mapLocLongs,prevLats,prevLongs,@distanceToLocation);

	
	insert into t_pf_emp_commitment (match_employee_id, commitment_type, from_dt,  to_dt,  leave_name,  created_dt,  created_by,  is_enabled)
	select t_pf_emp_id as match_employee_id, 'LEAVE' commitment_type, empAppln.start_dt as from_dt,empAppln.end_dt  as to_dt, leaves.leave_type_name leave_name, CURRENT_TIMESTAMP created_dt, userId created_by, 'Y' is_enabled
	from t_emp_leave_appln empAppln 
	LEFT JOIN s_leave_type leaves ON leaves.id=empAppln.leave_type_id
	where empAppln.employee_id=employeeId 
	and (empAppln.start_dt BETWEEN fromDt and  empAppln.end_dt or empAppln.end_dt BETWEEN fromDt and  empAppln.end_dt);

	
	insert into t_pf_emp_commitment (match_employee_id, commitment_type, from_dt,  to_dt,  leave_name,holiday_name , created_dt,  created_by,  is_enabled)
	select t_pf_emp_id as match_employee_id,'holiday' commitment_type,holiday.holiday_dt AS from_dt,holiday.holiday_dt as to_dt,'',holiday.holiday_name,CURRENT_TIMESTAMP created_dt,userId created_by, 'Y' is_enabled
	FROM s_holiday holiday 
	where holiday.holiday_dt >=fromDt and holiday.holiday_dt <= toDt  ;

	select job.map_location_id, job.id  into prevMapLocationId, prevJobId FROM t_job job 
	order by job.start_dt<fromDt DESC LIMIT 1 ;

	
	insert into t_pf_emp_commitment (match_employee_id, commitment_type, from_dt,  to_dt,  job_name, job_id,lats,longs,distance_to_location, created_dt,  created_by,  is_enabled)
	select t_pf_emp_id as match_employee_id,'JOB' commitment_type, job.start_dt as from_dt,job.end_dt as to_dt,job.job_name,job.id,jobLats,jobLongs,@distanceToLocation,now(),userId created_by,'Y' is_enabled
	FROM t_job_emp emp 
	LEFT JOIN t_job job ON  emp.t_job_id=job.id where emp.employee_id=employeeId 
	and emp.exp_start_dt>=fromDt and emp.exp_end_dt <=toDt 
	;

	
	UPDATE t_pf_emp SET profile_finder_id=profileFinderId, m_employee_id=employeeId, designation_name=desigName, comptability_score=matchScore, distance_to_location=@distanceToLocation,  modified_by=userId, modified_dt=now(), prev_job_id=prevJobId, prev_map_location_id=prevMapLocationId, prev_lats=prevLats, prev_longs=prevLongs WHERE id=t_pf_emp_id;

END ;;
DELIMITER ;
/*!50003 SET sql_mode              = @saved_sql_mode */ ;
/*!50003 SET character_set_client  = @saved_cs_client */ ;
/*!50003 SET character_set_results = @saved_cs_results */ ;
/*!50003 SET collation_connection  = @saved_col_connection */ ;
/*!50003 DROP PROCEDURE IF EXISTS `process_absentees` */;
/*!50003 SET @saved_cs_client      = @@character_set_client */ ;
/*!50003 SET @saved_cs_results     = @@character_set_results */ ;
/*!50003 SET @saved_col_connection = @@collation_connection */ ;
/*!50003 SET character_set_client  = utf8 */ ;
/*!50003 SET character_set_results = utf8 */ ;
/*!50003 SET collation_connection  = utf8_general_ci */ ;
/*!50003 SET @saved_sql_mode       = @@sql_mode */ ;
/*!50003 SET sql_mode              = 'STRICT_TRANS_TABLES,ERROR_FOR_DIVISION_BY_ZERO,NO_ENGINE_SUBSTITUTION' */ ;
DELIMITER ;;
CREATE DEFINER=`so_user`@`%` PROCEDURE `process_absentees`(out resultCode VARCHAR(25), out resultDesc VARCHAR(100))
BEGIN
	 
DECLARE v_employeeId varchar(100) DEFAULT "";

declare firstSession VARCHAR(200) DEFAULT"";
DECLARE secondSession VARCHAR(200) DEFAULT"";
DECLARE attendanceDt  VARCHAR(200) DEFAULT"";
declare leaveStatus VARCHAR(200) DEFAULT"";
declare leaveCode VARCHAR(200) DEFAULT"";
declare leaveApplnDt VARCHAR(200) DEFAULT"";
declare employeeId VARCHAR(200) DEFAULT"";
declare loopComplete BOOL default false;
declare leaveAppliedloop BOOL default false;
DECLARE employeeswithoutattendance cursor for select id v_employeeId from t_attendance where first_session is null and second_session is null and attendance_dt = CURDATE();
DECLARE CONTINUE HANDLER FOR NOT FOUND SET loopComplete = TRUE;	
DECLARE EXIT HANDLER FOR SQLEXCEPTION 
		BEGIN
			set resultCode='FAILURE';
			set resultDesc='process_absentees- Unknown Error';
			select resultDesc;
		 END;

  SET resultCode='START';
	
	OPEN employeeswithoutattendance;
	employees: LOOP
	FETCH NEXT FROM employeeswithoutattendance INTO v_employeeId;
		IF loopComplete THEN 
		LEAVE  employees;
		END IF;
   	
	select employee_id into employeeId from t_attendance where id=v_employeeId;
SELECT employeeId;
    select leave_appln_dt into leaveApplnDt from t_emp_leave_appln where leave_appln_dt=CURDATE();
    select  leave_status into leaveStatus from t_emp_leave_appln WHERE employee_id=employeeId;
   
    if(leaveStatus is not null && leaveStatus='APPROVED'&&leaveApplnDt=CURDATE())THEN 
    	select s.leave_type_code into leaveCode
 		from t_emp_leave_appln l 
		join s_leave_type s  on l.leave_type_id=s.id where employee_id=employeeId;
    	INSERT INTO t_attendance (employee_id, attendance_dt, first_session, second_session, attendance_status, remarks, start_dt, end_dt, is_enabled, created_by, modified_by, created_dt, modified_dt, proxy_employee_id, lats, longs, attendance_month, attendance_year, check_in, check_out, total_time_logged) 
    	VALUES(employeeId, now(), leaveCode, leaveCode, NULL, NULL, NULL, NULL, NULL, NULL, NULL, NULL, NULL, NULL, NULL, NULL, NULL, NULL, NULL, NULL, NULL);
	ELSE
			INSERT INTO t_attendance (employee_id, attendance_dt, first_session, second_session, attendance_status, remarks, start_dt, end_dt, is_enabled, created_by, modified_by, created_dt, modified_dt, proxy_employee_id, lats, longs, attendance_month, attendance_year, check_in, check_out, total_time_logged) 
    		VALUES(employeeId, now(), 'ABS', 'ABS', NULL, NULL, NULL, NULL, NULL, NULL, NULL, NULL, NULL, NULL, NULL, NULL, NULL, NULL, NULL, NULL, NULL);
end if;

END LOOP employees ;



   close employeeswithoutattendance;
	
END ;;
DELIMITER ;
/*!50003 SET sql_mode              = @saved_sql_mode */ ;
/*!50003 SET character_set_client  = @saved_cs_client */ ;
/*!50003 SET character_set_results = @saved_cs_results */ ;
/*!50003 SET collation_connection  = @saved_col_connection */ ;
/*!50003 DROP PROCEDURE IF EXISTS `process_LOPs` */;
/*!50003 SET @saved_cs_client      = @@character_set_client */ ;
/*!50003 SET @saved_cs_results     = @@character_set_results */ ;
/*!50003 SET @saved_col_connection = @@collation_connection */ ;
/*!50003 SET character_set_client  = utf8 */ ;
/*!50003 SET character_set_results = utf8 */ ;
/*!50003 SET collation_connection  = utf8_general_ci */ ;
/*!50003 SET @saved_sql_mode       = @@sql_mode */ ;
/*!50003 SET sql_mode              = 'STRICT_TRANS_TABLES,ERROR_FOR_DIVISION_BY_ZERO,NO_ENGINE_SUBSTITUTION' */ ;
DELIMITER ;;
CREATE DEFINER=`so_user`@`%` PROCEDURE `process_LOPs`(out resultCode VARCHAR(25), out resultDesc VARCHAR(100))
BEGIN
	DECLARE v_employeeId varchar(100) DEFAULT "";
	declare loopComplete BOOL default false;
	declare leaveStatus VARCHAR(200) DEFAULT"";
	declare leaveCode VARCHAR(200) DEFAULT"";
	declare leaveApplnDt VARCHAR(200) DEFAULT"";
	DECLARE absEmp cursor for select employee_id v_employeeId from t_attendance 
	where first_session ='ABS' and second_session='ABS' and attendance_dt = CURDATE();
	DECLARE CONTINUE HANDLER FOR NOT FOUND SET loopComplete = TRUE;	
	DECLARE EXIT HANDLER FOR SQLEXCEPTION 
		BEGIN
			set resultCode='FAILURE';
			set resultDesc='process_LOPs- Unknown Error';
			select resultDesc;
		 END;
    OPEN absEmp;

	employees: LOOP
	FETCH NEXT FROM absEmp INTO v_employeeId;
      IF loopComplete THEN 
		LEAVE  employees;
		END IF;

      select  leave_status into leaveStatus from t_emp_leave_appln WHERE employee_id=v_employeeId;
     select v_employeeId;
	select leave_appln_dt  into leaveApplnDt from t_emp_leave_appln  where employee_id=v_employeeId and leave_appln_dt=CURDATE();

		if(leaveStatus is not null && leaveStatus='APPROVED'&&leaveApplnDt=CURDATE())THEN 
    	select s.leave_type_code into leaveCode
 		from t_emp_leave_appln l 
		join s_leave_type s  on l.leave_type_id=s.id where employee_id=v_employeeId;
    	INSERT INTO t_attendance (employee_id, attendance_dt, first_session, second_session, attendance_status, remarks, start_dt, end_dt, is_enabled, created_by, modified_by, created_dt, modified_dt, proxy_employee_id, lats, longs, attendance_month, attendance_year, check_in, check_out, total_time_logged) 
    	VALUES(v_employeeId, now(), leaveCode, leaveCode, NULL, NULL, NULL, NULL, NULL, NULL, NULL, NULL, NULL, NULL, NULL, NULL, NULL, NULL, NULL, NULL, NULL);
	ELSE	
		INSERT INTO t_attendance (employee_id, attendance_dt, first_session, second_session, attendance_status, remarks, start_dt, end_dt, is_enabled, created_by, modified_by, created_dt, modified_dt, proxy_employee_id, lats, longs, attendance_month, attendance_year, check_in, check_out, total_time_logged) 
    		VALUES(v_employeeId, now(), 'LOP', 'LOP', NULL, NULL, NULL, NULL, NULL, NULL, NULL, NULL, NULL, NULL, NULL, NULL, NULL, NULL, NULL, NULL, NULL);
	end if;
     END LOOP employees ;



   close absEmp;

END ;;
DELIMITER ;
/*!50003 SET sql_mode              = @saved_sql_mode */ ;
/*!50003 SET character_set_client  = @saved_cs_client */ ;
/*!50003 SET character_set_results = @saved_cs_results */ ;
/*!50003 SET collation_connection  = @saved_col_connection */ ;
/*!50003 DROP PROCEDURE IF EXISTS `process_profile_finder_job` */;
/*!50003 SET @saved_cs_client      = @@character_set_client */ ;
/*!50003 SET @saved_cs_results     = @@character_set_results */ ;
/*!50003 SET @saved_col_connection = @@collation_connection */ ;
/*!50003 SET character_set_client  = utf8 */ ;
/*!50003 SET character_set_results = utf8 */ ;
/*!50003 SET collation_connection  = utf8_general_ci */ ;
/*!50003 SET @saved_sql_mode       = @@sql_mode */ ;
/*!50003 SET sql_mode              = 'STRICT_TRANS_TABLES,ERROR_FOR_DIVISION_BY_ZERO,NO_ENGINE_SUBSTITUTION' */ ;
DELIMITER ;;
CREATE DEFINER=`so_user`@`%` PROCEDURE `process_profile_finder_job`(in profileJobId VARCHAR(25) ,in userId VARCHAR(100), out resultCode VARCHAR(25),out resultDesc VARCHAR(100))
BEGIN
declare successCount int default 0;
declare failureCount int default 0;

declare employeeId varchar(100);
declare fromDt DATE;
declare toDt DATE;
declare profileId varchar(100);
declare deptId varchar(100);
declare buId varchar(100);
declare location varchar(100);
declare v_deptId varchar(100) DEFAULT "";
declare v_employeeId1 varchar(100) DEFAULT "";
declare v_pfEmpId varchar(100) DEFAULT "";
declare v_pfEmpEmpId varchar(100) DEFAULT "";
declare loopComplete BOOL default false;

DECLARE cur_empsFromDept cursor for select  e.id  from m_employee e where e.dept_id =  deptId ;
DECLARE cur_pfEmployeesForDel cursor for select tpe.id,tpe.m_employee_id  FROM t_pf_emp tpe where tpe.profile_finder_id=profileJobId;
DECLARE cur_pfEmployees cursor for select tpe.id,tpe.m_employee_id  FROM t_pf_emp tpe where tpe.profile_finder_id=profileJobId;
DECLARE CONTINUE HANDLER FOR NOT FOUND SET loopComplete = TRUE;


DECLARE EXIT HANDLER FOR SQLEXCEPTION 
	BEGIN
	set resultCode='FAILURE';
	set resultDesc='process_profile_finder_job - Unknown Error';
	GET DIAGNOSTICS CONDITION 1 @sqlstate = RETURNED_SQLSTATE, 
	 @errno = MYSQL_ERRNO, @text = MESSAGE_TEXT;
	SET @full_error = CONCAT("ERROR ", @errno, " (", @sqlstate, "): ", @text);
	SELECT @full_error;
	select resultDesc;
	END;

SET resultCode='START';


IF(profileJobId is null or profileJobId = '') THEN
	set resultCode = 'FAILURE';
	set resultDesc = 'Please provide profileJobId to process';

ELSEIF profileJobId is not NULL and profileJobId!='' THEN
	SET resultCode='SUCCESS';
	set resultDesc='Process started for given profile id';
	set successCount = successCount + 1;

	UPDATE t_pf_job job SET job.status='INPROGRESS' where job.id=profileJobId;

	select  job.m_employee_id,job.m_department_id,job.m_profile_id,job.from_dt,job.to_dt,job.map_location_id  
	into employeeId,deptId,profileId,fromDt,toDt,location from t_pf_job job where job.id=profileJobId;

	set loopComplete=false;
	OPEN cur_pfEmployeesForDel;
	existing_emp_loop: LOOP
		FETCH NEXT FROM cur_pfEmployeesForDel INTO v_pfEmpId,v_pfEmpEmpId;
		IF loopComplete THEN 
			LEAVE  existing_emp_loop;
		END IF;
		delete from t_pf_emp_skill where match_employee_id = v_pfEmpId;
		delete from t_pf_emp_commitment where match_employee_id = v_pfEmpId;
		delete from t_pf_emp where id = v_pfEmpId;

	END LOOP existing_emp_loop ;
	CLOSE cur_pfEmployeesForDel;

end if;


 IF deptId is not NULL and deptId!='' THEN
	SET resultCode='SUCCESS';
	set resultDesc='Process started for given deptId ';
	OPEN cur_empsFromDept;

	set loopComplete=false;
	read_loop: LOOP
		FETCH NEXT FROM cur_empsFromDept INTO v_employeeId1;
		IF loopComplete THEN 
			LEAVE  read_loop;
		END IF;
	

		INSERT INTO t_pf_emp ( profile_finder_id, m_employee_id,   is_enabled, created_by,created_dt) 
		VALUES( profileJobId, v_employeeId1, 'Y', userId, now());
	END LOOP read_loop ;

	close cur_empsFromDept;

ELSEIF employeeId is not NULL and employeeId!='' THEN

	SET resultCode='SUCCESS';
	set resultDesc='Process started for given employee id';
	INSERT INTO t_pf_emp ( profile_finder_id, m_employee_id,   is_enabled, created_by,created_dt) 
	VALUES( profileJobId, employeeId, 'Y', userId, now());
	
ELSE
	set resultCode='ERROR';
	set resultDesc='EmployeeId or DepartmentId is mandatory';
end if;

select 'next';
IF resultCode !='ERROR' THEN
	
	set loopComplete=false;
	OPEN cur_pfEmployees;
	match_employee_skill_loop: LOOP
		FETCH NEXT FROM cur_pfEmployees INTO v_pfEmpId,v_pfEmpEmpId;

		IF loopComplete THEN 
		LEAVE  match_employee_skill_loop;
		END IF;
		call match_employee_skill(profileJobId,profileId, fromDt,toDt, 
			location, v_pfEmpId,v_pfEmpEmpId,userId,@exp1,@exp2);

	END LOOP match_employee_skill_loop ;
	CLOSE cur_pfEmployees;

	SET resultCode='COMPLETED';
	set resultDesc='Processed the profile finder job';
END IF;

	UPDATE t_pf_job job SET job.status=resultCode, job.remarks = resultDesc, modified_by=userId, modified_dt=now() where job.id=profileJobId;

END ;;
DELIMITER ;
/*!50003 SET sql_mode              = @saved_sql_mode */ ;
/*!50003 SET character_set_client  = @saved_cs_client */ ;
/*!50003 SET character_set_results = @saved_cs_results */ ;
/*!50003 SET collation_connection  = @saved_col_connection */ ;

--
-- Final view structure for view `v_comp_pay_cycle_line`
--

/*!50001 DROP VIEW IF EXISTS `v_comp_pay_cycle_line`*/;
/*!50001 SET @saved_cs_client          = @@character_set_client */;
/*!50001 SET @saved_cs_results         = @@character_set_results */;
/*!50001 SET @saved_col_connection     = @@collation_connection */;
/*!50001 SET character_set_client      = utf8 */;
/*!50001 SET character_set_results     = utf8 */;
/*!50001 SET collation_connection      = utf8_general_ci */;
/*!50001 CREATE ALGORITHM=UNDEFINED */
/*!50013 DEFINER=`so_user`@`%` SQL SECURITY DEFINER */
/*!50001 VIEW `v_comp_pay_cycle_line` AS select `pcl`.`id` AS `id`,`pcl`.`m_comp_pay_cycle_id` AS `m_comp_pay_cycle_id`,`pcl`.`comp_pay_cycle_line_code` AS `comp_pay_cycle_line_code`,`pcl`.`from_dt` AS `from_dt`,`pcl`.`to_dt` AS `to_dt`,`pcl`.`processed_date` AS `process_date`,`pcl`.`pay_dt` AS `pay_dt`,`pcl`.`processed_date` AS `processed_date`,`pcl`.`is_enabled` AS `is_enabled`,`pc`.`pay_cycle_code` AS `pay_cycle_code`,`pc`.`pay_cycle_type` AS `pay_cycle_type`,`pc`.`fiscal_year_id` AS `fiscal_year_id`,`pc`.`is_active` AS `pc_is_active`,`pc`.`is_enabled` AS `pc_is_enabled`,`f`.`fiscal_code` AS `fiscal_code`,`f`.`from_dt` AS `f_from_dt`,`f`.`to_dt` AS `f_to_dt`,`f`.`fy_prefix` AS `fy_prefix`,`f`.`is_enabled` AS `f_is_enabled` from ((`m_comp_pay_cycle_line` `pcl` join `m_comp_pay_cycle` `pc` on(`pc`.`id` = `pcl`.`m_comp_pay_cycle_id`)) join `s_fiscal_year` `f` on(`f`.`id` = `pc`.`fiscal_year_id`)) */;
/*!50001 SET character_set_client      = @saved_cs_client */;
/*!50001 SET character_set_results     = @saved_cs_results */;
/*!50001 SET collation_connection      = @saved_col_connection */;

--
-- Final view structure for view `v_config`
--

/*!50001 DROP VIEW IF EXISTS `v_config`*/;
/*!50001 SET @saved_cs_client          = @@character_set_client */;
/*!50001 SET @saved_cs_results         = @@character_set_results */;
/*!50001 SET @saved_col_connection     = @@collation_connection */;
/*!50001 SET character_set_client      = utf8 */;
/*!50001 SET character_set_results     = utf8 */;
/*!50001 SET collation_connection      = utf8_general_ci */;
/*!50001 CREATE ALGORITHM=UNDEFINED */
/*!50013 DEFINER=`so_user`@`%` SQL SECURITY DEFINER */
/*!50001 VIEW `v_config` AS select `d`.`id` AS `id`,`d`.`s_config_header_id` AS `config_header_id`,`d`.`config_dtl_code` AS `config_dtl_code`,`d`.`config_dtl_name` AS `config_dtl_name`,`d`.`config_dtl_value` AS `config_dtl_value`,`d`.`attrib1` AS `attrib1`,`d`.`attrib2` AS `attrib2`,`d`.`attrib3` AS `attrib3`,`d`.`remarks` AS `config_dtl_remarks`,`d`.`is_enabled` AS `config_dtl_is_enabled`,`h`.`config_header_code` AS `config_header_code`,`h`.`config_header_name` AS `config_header_name`,`h`.`remarks` AS `config_header_remarks`,`h`.`is_enabled` AS `config_header_is_enabled` from (`s_config_dtl` `d` join `s_config_header` `h` on(`h`.`id` = `d`.`s_config_header_id`)) */;
/*!50001 SET character_set_client      = @saved_cs_client */;
/*!50001 SET character_set_results     = @saved_cs_results */;
/*!50001 SET collation_connection      = @saved_col_connection */;

--
-- Final view structure for view `v_emp_ctc_line`
--

/*!50001 DROP VIEW IF EXISTS `v_emp_ctc_line`*/;
/*!50001 SET @saved_cs_client          = @@character_set_client */;
/*!50001 SET @saved_cs_results         = @@character_set_results */;
/*!50001 SET @saved_col_connection     = @@collation_connection */;
/*!50001 SET character_set_client      = utf8 */;
/*!50001 SET character_set_results     = utf8 */;
/*!50001 SET collation_connection      = utf8_general_ci */;
/*!50001 CREATE ALGORITHM=UNDEFINED */
/*!50013 DEFINER=`so_user`@`%` SQL SECURITY DEFINER */
/*!50001 VIEW `v_emp_ctc_line` AS select `cl`.`id` AS `id`,`cl`.`m_emp_ctc_id` AS `m_emp_ctc_id`,`c`.`employee_id` AS `employee_id`,`c`.`valid_from_dt` AS `valid_from_dt`,`c`.`valid_to_dt` AS `valid_to_dt`,`c`.`fixed_benefits` AS `fixed_benefits`,`cl`.`process_order` AS `process_order`,`cl`.`s_payout_type_id` AS `s_payout_type_id`,`s_payout`.`pay_type_code` AS `pay_type_code`,`s_payout`.`pay_type_desc` AS `pay_type_desc`,`s_payout`.`pay_type_name` AS `pay_type_name`,`s_payout`.`is_allowance` AS `is_allowance`,`cl`.`head` AS `head`,`cl`.`pay_cycle_id` AS `pay_cycle_id`,`cl`.`is_lump_sum` AS `is_lump_sum`,`cl`.`unit_cost` AS `unit_cost`,`cl`.`formula` AS `formula`,`cl`.`max_limit` AS `max_limit`,`cl`.`is_enabled` AS `is_enabled`,`cl`.`created_by` AS `created_by`,`cl`.`modified_by` AS `modified_by`,`cl`.`created_dt` AS `created_dt`,`cl`.`modified_dt` AS `modified_dt` from ((`m_emp_ctc_line` `cl` join `m_emp_ctc` `c` on(`c`.`id` = `cl`.`m_emp_ctc_id`)) join `s_payout_type` `s_payout` on(`s_payout`.`id` = `cl`.`s_payout_type_id`)) */;
/*!50001 SET character_set_client      = @saved_cs_client */;
/*!50001 SET character_set_results     = @saved_cs_results */;
/*!50001 SET collation_connection      = @saved_col_connection */;

--
-- Final view structure for view `v_profile_skill`
--

/*!50001 DROP VIEW IF EXISTS `v_profile_skill`*/;
/*!50001 SET @saved_cs_client          = @@character_set_client */;
/*!50001 SET @saved_cs_results         = @@character_set_results */;
/*!50001 SET @saved_col_connection     = @@collation_connection */;
/*!50001 SET character_set_client      = utf8 */;
/*!50001 SET character_set_results     = utf8 */;
/*!50001 SET collation_connection      = utf8_general_ci */;
/*!50001 CREATE ALGORITHM=UNDEFINED */
/*!50013 DEFINER=`so_user`@`%` SQL SECURITY DEFINER */
/*!50001 VIEW `v_profile_skill` AS select `pl`.`id` AS `id`,`pl`.`profile_id` AS `profile_id`,`pl`.`product_id` AS `product_id`,`p`.`product_code` AS `product_code`,`p`.`product_name` AS `product_name`,`pl`.`service_id` AS `service_id`,`s`.`service_code` AS `service_code`,`s`.`service_name` AS `service_name`,`pl`.`skill_level` AS `skill_level` from ((`m_profile_line` `pl` left join `m_product` `p` on(`p`.`id` = `pl`.`product_id`)) left join `m_service` `s` on(`s`.`id` = `pl`.`service_id`)) */;
/*!50001 SET character_set_client      = @saved_cs_client */;
/*!50001 SET character_set_results     = @saved_cs_results */;
/*!50001 SET collation_connection      = @saved_col_connection */;
/*!40103 SET TIME_ZONE=@OLD_TIME_ZONE */;

/*!40101 SET SQL_MODE=@OLD_SQL_MODE */;
/*!40014 SET FOREIGN_KEY_CHECKS=@OLD_FOREIGN_KEY_CHECKS */;
/*!40014 SET UNIQUE_CHECKS=@OLD_UNIQUE_CHECKS */;
/*!40101 SET CHARACTER_SET_CLIENT=@OLD_CHARACTER_SET_CLIENT */;
/*!40101 SET CHARACTER_SET_RESULTS=@OLD_CHARACTER_SET_RESULTS */;
/*!40101 SET COLLATION_CONNECTION=@OLD_COLLATION_CONNECTION */;
/*!40111 SET SQL_NOTES=@OLD_SQL_NOTES */;

-- Dump completed on 2019-09-23 12:22:39
